"Notes","UCD - Injury Mechanism & All Other Leading Causes","UCD - Injury Mechanism & All Other Leading Causes Code","State","State Code","Year","Year Code",Deaths,Population,Crude Rate,Crude Rate Lower 95% Confidence Interval,Crude Rate Upper 95% Confidence Interval,Crude Rate Standard Error,Age Adjusted Rate,Age Adjusted Rate Lower 95% Confidence Interval,Age Adjusted Rate Upper 95% Confidence Interval,Age Adjusted Rate Standard Error
,"Motor Vehicle Traffic","GRINJ-008","Alabama","01","1999","1999",1140,4430141,25.732815276,24.239020460,27.226610093,0.762140212,25.560180600,24.075335725,27.045025475,0.757573916
,"Motor Vehicle Traffic","GRINJ-008","Alabama","01","2000","2000",1041,4447100,23.408513413,21.986497224,24.830529603,0.725518464,23.309774551,21.892702492,24.726846610,0.722995949
,"Motor Vehicle Traffic","GRINJ-008","Alabama","01","2001","2001",1012,4467634,22.651810779,21.256185780,24.047435779,0.712053571,22.591625633,21.198149817,23.985101449,0.710957049
,"Motor Vehicle Traffic","GRINJ-008","Alabama","01","2002","2002",1090,4480089,24.329873804,22.885489771,25.774257836,0.736930629,24.209074223,22.767652289,25.650496157,0.735419354
,"Motor Vehicle Traffic","GRINJ-008","Alabama","01","2003","2003",1041,4503491,23.115400919,21.711190675,24.519611163,0.716433798,23.023530586,21.620550910,24.426510262,0.715805957
,"Motor Vehicle Traffic","GRINJ-008","Alabama","01","2004","2004",1227,4530729,27.081734529,25.566393903,28.597075154,0.773132972,27.003042859,25.486050582,28.520035137,0.773975652
,"Motor Vehicle Traffic","GRINJ-008","Alabama","01","2005","2005",1162,4569805,25.427780835,23.965733388,26.889828283,0.745942575,25.133439226,23.680123122,26.586755329,0.741487808
,"Motor Vehicle Traffic","GRINJ-008","Alabama","01","2006","2006",1195,4628981,25.815616871,24.351908267,27.279325475,0.746790104,25.822380891,24.349475431,27.295286350,0.751482377
,"Motor Vehicle Traffic","GRINJ-008","Alabama","01","2007","2007",1175,4672840,25.145307779,23.707522297,26.583093260,0.733564021,24.885725499,23.452097818,26.319353180,0.731442695
,"Motor Vehicle Traffic","GRINJ-008","Alabama","01","2008","2008",1027,4718206,21.766747785,20.435483152,23.098012419,0.679216650,21.562572186,20.232790655,22.892353718,0.678459965
,"Motor Vehicle Traffic","GRINJ-008","Alabama","01","2009","2009",873,4757938,18.348284488,17.131133616,19.565435360,0.620995343,18.035349725,16.825945721,19.244753728,0.617042859
,"Motor Vehicle Traffic","GRINJ-008","Alabama","01","2010","2010",900,4779736,18.829491838,17.599298371,20.059685305,0.627649728,18.737251561,17.498451865,19.976051257,0.632040661
,"Motor Vehicle Traffic","GRINJ-008","Alabama","01","2011","2011",930,4802740,19.363946414,18.119407532,20.608485295,0.634968817,19.280333827,18.024422078,20.536245576,0.640771300
,"Motor Vehicle Traffic","GRINJ-008","Alabama","01","2012","2012",832,4822023,17.254169049,16.081734907,18.426603191,0.598180685,17.082995112,15.903695811,18.262294413,0.601683317
,"Motor Vehicle Traffic","GRINJ-008","Alabama","01","2013","2013",878,4833722,18.164056601,16.962562452,19.365550749,0.613007218,18.153430253,16.933218184,19.373642322,0.622557178
,"Motor Vehicle Traffic","GRINJ-008","Alabama","01","2014","2014",865,4849377,17.837342817,16.648626630,19.026059005,0.606487851,17.528820301,16.339173453,18.718467150,0.606962678
,"Motor Vehicle Traffic","GRINJ-008","Alabama","01","2015","2015",929,4858979,19.119242952,17.889770206,20.348715699,0.627282014,18.689268044,17.464094285,19.914441802,0.625088652
,"Motor Vehicle Traffic","GRINJ-008","Alabama","01","2016","2016",1129,4863300,23.214689614,21.860523376,24.568855852,0.690901142,23.276514403,21.891531158,24.661497649,0.706624105
,"Motor Vehicle Traffic","GRINJ-008","Alabama","01","2017","2017",1016,4874747,20.842107293,19.560512174,22.123702412,0.653875061,20.577446647,19.281523011,21.873370283,0.661185529
,"Motor Vehicle Traffic","GRINJ-008","Alabama","01","2018","2018",1030,4887871,21.072569223,19.785639154,22.359499292,0.656596974,20.779138408,19.479077353,22.079199462,0.663296456
,"Motor Vehicle Traffic","GRINJ-008","Alabama","01","2019","2019",981,4903185,20.007403351,18.755380385,21.259426317,0.638787228,19.817026708,18.543478664,21.090574753,0.649769411
,"Motor Vehicle Traffic","GRINJ-008","Alabama","01","2020","2020",952,4921532,19.343570254,18.114789976,20.572350532,0.626928713,19.233890361,17.979931212,20.487849510,0.639775076
"Total","Motor Vehicle Traffic","GRINJ-008","Alabama","01",,,22425,103604166,21.644882504,21.361583480,21.928181528,0.144540318,21.504087478,21.219891667,21.788283289,0.144997863
,"Motor Vehicle Traffic","GRINJ-008","Alaska","02","1999","1999",74,624779,11.844188105,9.300293384,14.869312189,1.376858900,13.036120440,10.082135548,16.585204229,1.609992021
,"Motor Vehicle Traffic","GRINJ-008","Alaska","02","2000","2000",110,626932,17.545762539,14.266833815,20.824691262,1.672922818,20.174687029,15.986853513,24.362520546,2.136649753
,"Motor Vehicle Traffic","GRINJ-008","Alaska","02","2001","2001",86,633714,13.570790609,10.854868284,16.759790694,1.463375986,14.903211337,11.681733174,18.738552775,1.749582247
,"Motor Vehicle Traffic","GRINJ-008","Alaska","02","2002","2002",99,642337,15.412470401,12.526485319,18.764066215,1.549011558,16.814943324,13.449768716,20.766286855,1.812545600
,"Motor Vehicle Traffic","GRINJ-008","Alaska","02","2003","2003",105,648414,16.193357947,13.095950504,19.290765391,1.580309920,17.068580378,13.559198685,20.577962072,1.790500864
,"Motor Vehicle Traffic","GRINJ-008","Alaska","02","2004","2004",102,659286,15.471282569,12.468787495,18.473777644,1.531885242,16.342330439,12.917586124,19.767074754,1.747318528
,"Motor Vehicle Traffic","GRINJ-008","Alaska","02","2005","2005",75,666946,11.245288224,8.845093906,14.096081242,1.298494037,11.806874116,9.186456474,14.942307606,1.424193776
,"Motor Vehicle Traffic","GRINJ-008","Alaska","02","2006","2006",76,675302,11.254224036,8.867090576,14.086349515,1.290948033,11.440057768,8.918097033,14.453826587,1.370874961
,"Motor Vehicle Traffic","GRINJ-008","Alaska","02","2007","2007",87,680300,12.788475673,10.243057475,15.774584742,1.371068507,12.602004535,9.961380505,15.727931760,1.423503097
,"Motor Vehicle Traffic","GRINJ-008","Alaska","02","2008","2008",59,687455,8.582379938,6.533336728,11.070669353,1.117330698,9.035261872,6.787559776,11.789028986,1.224781632
,"Motor Vehicle Traffic","GRINJ-008","Alaska","02","2009","2009",58,698895,8.298814557,6.301621846,10.728126543,1.089687736,8.275054233,6.233929356,10.771141592,1.116667769
,"Motor Vehicle Traffic","GRINJ-008","Alaska","02","2010","2010",59,710231,8.307156404,6.323822812,10.715650260,1.081499646,8.691389903,6.491164549,11.397627977,1.203198791
,"Motor Vehicle Traffic","GRINJ-008","Alaska","02","2011","2011",71,722718,9.824025415,7.672662090,12.391632698,1.165897317,10.126657744,7.798741662,12.931539406,1.269342825
,"Motor Vehicle Traffic","GRINJ-008","Alaska","02","2012","2012",59,731449,8.066180964,6.140380259,10.404808811,1.050127315,8.233945641,6.167801661,10.770165577,1.132634925
,"Motor Vehicle Traffic","GRINJ-008","Alaska","02","2013","2013",50,735132,6.801499595,5.048209029,8.966961036,0.961877297,6.530106472,4.798061031,8.683670286,0.951120502
,"Motor Vehicle Traffic","GRINJ-008","Alaska","02","2014","2014",74,736732,10.044358057,7.887030833,12.609787548,1.167632907,9.496814265,7.403241560,11.998655015,1.131212008
,"Motor Vehicle Traffic","GRINJ-008","Alaska","02","2015","2015",59,738432,7.989902930,6.082313605,10.306415486,1.040196761,8.721294436,6.551698019,11.379370554,1.186808464
,"Motor Vehicle Traffic","GRINJ-008","Alaska","02","2016","2016",86,741894,11.591952489,9.272055037,14.315945405,1.249992384,11.361228191,9.008772282,14.140070994,1.272746897
,"Motor Vehicle Traffic","GRINJ-008","Alaska","02","2017","2017",85,739795,11.489669435,9.177488358,14.207206050,1.246229625,11.814787885,9.368417906,14.704566854,1.320996677
,"Motor Vehicle Traffic","GRINJ-008","Alaska","02","2018","2018",82,737438,11.119578866,8.843734660,13.802288464,1.227952064,10.969554287,8.656952852,13.710078034,1.247040760
,"Motor Vehicle Traffic","GRINJ-008","Alaska","02","2019","2019",72,731545,9.842183324,7.700917920,12.394556726,1.159912428,9.822004607,7.642108905,12.430336151,1.185816764
,"Motor Vehicle Traffic","GRINJ-008","Alaska","02","2020","2020",71,731158,9.710623422,7.584093999,12.248591960,1.152438977,9.554448090,7.419411120,12.112556022,1.162092706
"Total","Motor Vehicle Traffic","GRINJ-008","Alaska","02",,,1699,15300884,11.103933603,10.575930788,11.631936418,0.269389191,11.384900679,10.824017792,11.945783566,0.286164738
,"Motor Vehicle Traffic","GRINJ-008","Arizona","04","1999","1999",922,5023823,18.352557405,17.167915198,19.537199613,0.604409289,18.435348459,17.239516736,19.631180182,0.610118226
,"Motor Vehicle Traffic","GRINJ-008","Arizona","04","2000","2000",983,5130632,19.159432990,17.961694614,20.357171366,0.611091008,19.299542443,18.090239319,20.508845567,0.616991390
,"Motor Vehicle Traffic","GRINJ-008","Arizona","04","2001","2001",996,5273477,18.886969641,17.713994834,20.059944447,0.598456534,18.968268098,17.787181022,20.149355174,0.602595447
,"Motor Vehicle Traffic","GRINJ-008","Arizona","04","2002","2002",1074,5396255,19.902691774,18.712366245,21.093017303,0.607308943,19.980236033,18.781934723,21.178537344,0.611378220
,"Motor Vehicle Traffic","GRINJ-008","Arizona","04","2003","2003",1064,5510364,19.309069238,18.148832542,20.469305933,0.591957498,19.501278884,18.324802356,20.677755412,0.600243127
,"Motor Vehicle Traffic","GRINJ-008","Arizona","04","2004","2004",1080,5652404,19.106914509,17.967360918,20.246468100,0.581404893,18.965430757,17.824885508,20.105976006,0.581910841
,"Motor Vehicle Traffic","GRINJ-008","Arizona","04","2005","2005",1161,5839077,19.883279498,18.739537736,21.027021259,0.583541715,20.012415224,18.856057986,21.168772462,0.589978183
,"Motor Vehicle Traffic","GRINJ-008","Arizona","04","2006","2006",1264,6029141,20.964843914,19.809066594,22.120621233,0.589682306,20.949994944,19.786989480,22.113000409,0.593370135
,"Motor Vehicle Traffic","GRINJ-008","Arizona","04","2007","2007",1016,6167681,16.472966095,15.460032391,17.485899799,0.516802910,16.576152539,15.551306849,17.600998228,0.522880454
,"Motor Vehicle Traffic","GRINJ-008","Arizona","04","2008","2008",878,6280362,13.980085861,13.055347972,14.904823750,0.471805045,13.927495244,12.999887288,14.855103200,0.473269365
,"Motor Vehicle Traffic","GRINJ-008","Arizona","04","2009","2009",745,6343154,11.744945811,10.901554830,12.588336792,0.430301521,11.684937556,10.838278857,12.531596255,0.431968724
,"Motor Vehicle Traffic","GRINJ-008","Arizona","04","2010","2010",744,6392017,11.639518481,10.803136596,12.475900365,0.426725451,11.562714948,10.723375211,12.402054685,0.428234560
,"Motor Vehicle Traffic","GRINJ-008","Arizona","04","2011","2011",817,6482505,12.603152639,11.738932785,13.467372493,0.440928497,12.415143809,11.553813972,13.276473647,0.439453999
,"Motor Vehicle Traffic","GRINJ-008","Arizona","04","2012","2012",774,6553255,11.810924495,10.978836063,12.643012927,0.424534914,11.682209823,10.848913348,12.515506298,0.425151263
,"Motor Vehicle Traffic","GRINJ-008","Arizona","04","2013","2013",820,6626624,12.374325147,11.527349996,13.221300297,0.432130179,12.104128206,11.263329781,12.944926630,0.428978788
,"Motor Vehicle Traffic","GRINJ-008","Arizona","04","2014","2014",813,6731484,12.077574573,11.247359668,12.907789479,0.423579033,11.797521764,10.972862565,12.622180963,0.420744489
,"Motor Vehicle Traffic","GRINJ-008","Arizona","04","2015","2015",869,6828065,12.726885289,11.880694462,13.573076115,0.431730014,12.593708976,11.740657298,13.446760653,0.435230448
,"Motor Vehicle Traffic","GRINJ-008","Arizona","04","2016","2016",934,6931071,13.475550892,12.611321243,14.339780542,0.440933495,13.251028185,12.383492807,14.118563563,0.442620091
,"Motor Vehicle Traffic","GRINJ-008","Arizona","04","2017","2017",989,7016270,14.095808742,13.217296285,14.974321199,0.448220641,13.806113444,12.927084638,14.685142250,0.448484085
,"Motor Vehicle Traffic","GRINJ-008","Arizona","04","2018","2018",1001,7171646,13.957744150,13.093066435,14.822421864,0.441162099,13.458166343,12.603904274,14.312428412,0.435847994
,"Motor Vehicle Traffic","GRINJ-008","Arizona","04","2019","2019",945,7278717,12.983057316,12.155273100,13.810841533,0.422338886,12.572818530,11.750580148,13.395056911,0.419509378
,"Motor Vehicle Traffic","GRINJ-008","Arizona","04","2020","2020",1003,7421401,13.514968400,12.678555660,14.351381141,0.426741194,13.054898372,12.226141464,13.883655281,0.422835157
"Total","Motor Vehicle Traffic","GRINJ-008","Arizona","04",,,20892,138079425,15.130422219,14.925250683,15.335593755,0.104679355,15.037888745,14.831959559,15.243817931,0.105065911
,"Motor Vehicle Traffic","GRINJ-008","Arkansas","05","1999","1999",612,2651860,23.078141380,21.249699375,24.906583385,0.932878574,22.999860906,21.173800447,24.825921365,0.931663499
,"Motor Vehicle Traffic","GRINJ-008","Arkansas","05","2000","2000",662,2673400,24.762474751,22.876129764,26.648819739,0.962420912,24.640643954,22.759952489,26.521335420,0.959536462
,"Motor Vehicle Traffic","GRINJ-008","Arkansas","05","2001","2001",641,2691571,23.815087917,21.971434657,25.658741177,0.940639418,23.633811680,21.800133057,25.467490303,0.935550318
,"Motor Vehicle Traffic","GRINJ-008","Arkansas","05","2002","2002",673,2705927,24.871328753,22.992238987,26.750418520,0.958719269,24.723045310,22.849078262,26.597012359,0.956105637
,"Motor Vehicle Traffic","GRINJ-008","Arkansas","05","2003","2003",695,2724816,25.506309417,23.609990869,27.402627965,0.967509463,25.308369494,23.418945432,27.197793555,0.963991868
,"Motor Vehicle Traffic","GRINJ-008","Arkansas","05","2004","2004",754,2749686,27.421312834,25.464007219,29.378618448,0.998625313,27.450100069,25.481833100,29.418367038,1.004217841
,"Motor Vehicle Traffic","GRINJ-008","Arkansas","05","2005","2005",674,2781097,24.235041065,22.405383216,26.064698913,0.933498903,23.918511492,22.102387877,25.734635108,0.926593681
,"Motor Vehicle Traffic","GRINJ-008","Arkansas","05","2006","2006",701,2821761,24.842642591,23.003587015,26.681698166,0.938293661,24.859043635,23.005969611,26.712117659,0.945445931
,"Motor Vehicle Traffic","GRINJ-008","Arkansas","05","2007","2007",646,2848650,22.677408597,20.928636410,24.426180784,0.892230708,22.492874885,20.744413863,24.241335908,0.892071950
,"Motor Vehicle Traffic","GRINJ-008","Arkansas","05","2008","2008",617,2874554,21.464199316,19.770531707,23.157866925,0.864116127,21.301724186,19.605139211,22.998309161,0.865604579
,"Motor Vehicle Traffic","GRINJ-008","Arkansas","05","2009","2009",606,2896843,20.919324934,19.253737541,22.584912327,0.849789486,20.822480588,19.146202288,22.498758887,0.855244030
,"Motor Vehicle Traffic","GRINJ-008","Arkansas","05","2010","2010",573,2915918,19.650758355,18.041750828,21.259765881,0.820922207,19.505884529,17.891093386,21.120675671,0.823873032
,"Motor Vehicle Traffic","GRINJ-008","Arkansas","05","2011","2011",573,2937979,19.503202712,17.906277067,21.100128356,0.814757982,19.528952571,17.905910183,21.151994958,0.828082851
,"Motor Vehicle Traffic","GRINJ-008","Arkansas","05","2012","2012",584,2949131,19.802443500,18.196358852,21.408528147,0.819430942,19.499120993,17.892862400,21.105379585,0.819519690
,"Motor Vehicle Traffic","GRINJ-008","Arkansas","05","2013","2013",509,2959373,17.199589237,15.705366794,18.693811681,0.762358390,17.397352044,15.863096003,18.931608085,0.782783694
,"Motor Vehicle Traffic","GRINJ-008","Arkansas","05","2014","2014",506,2966369,17.057891314,15.571592416,18.544190213,0.758315764,17.023791917,15.512831229,18.534752605,0.770898310
,"Motor Vehicle Traffic","GRINJ-008","Arkansas","05","2015","2015",572,2978204,19.206206156,17.632224585,20.780187728,0.803051822,18.925881304,17.343299692,20.508462916,0.807439598
,"Motor Vehicle Traffic","GRINJ-008","Arkansas","05","2016","2016",608,2988248,20.346370181,18.729067809,21.963672553,0.825154271,19.960092486,18.339288431,21.580896541,0.826940844
,"Motor Vehicle Traffic","GRINJ-008","Arkansas","05","2017","2017",549,3004279,18.273935277,16.745306675,19.802563879,0.779912552,17.965530532,16.428734617,19.502326447,0.784079548
,"Motor Vehicle Traffic","GRINJ-008","Arkansas","05","2018","2018",535,3013825,17.751528373,16.247295999,19.255760747,0.767465497,17.293565699,15.794429860,18.792701538,0.764865224
,"Motor Vehicle Traffic","GRINJ-008","Arkansas","05","2019","2019",534,3017804,17.694986156,16.194141752,19.195830559,0.765736940,17.468471378,15.948799081,18.988143675,0.775343009
,"Motor Vehicle Traffic","GRINJ-008","Arkansas","05","2020","2020",652,3030522,21.514445366,19.863006779,23.165883954,0.842570708,21.483278044,19.791722781,23.174833306,0.863038399
"Total","Motor Vehicle Traffic","GRINJ-008","Arkansas","05",,,13476,63181817,21.328921262,20.968803568,21.689038957,0.183733518,21.205075980,20.843286963,21.566864996,0.184586233
,"Motor Vehicle Traffic","GRINJ-008","California","06","1999","1999",3501,33499204,10.450994597,10.104802109,10.797187084,0.176628820,10.632870870,10.278156012,10.987585728,0.180976968
,"Motor Vehicle Traffic","GRINJ-008","California","06","2000","2000",3633,33871648,10.725784585,10.377003887,11.074565284,0.177949336,10.948944314,10.590710749,11.307177879,0.182772227
,"Motor Vehicle Traffic","GRINJ-008","California","06","2001","2001",3797,34479458,11.012354080,10.662073598,11.362634563,0.178714532,11.148888530,10.792381810,11.505395249,0.181891183
,"Motor Vehicle Traffic","GRINJ-008","California","06","2002","2002",4146,34871843,11.889248297,11.527342267,12.251154327,0.184645934,12.000930197,11.633993486,12.367866907,0.187212607
,"Motor Vehicle Traffic","GRINJ-008","California","06","2003","2003",4341,35253159,12.313790092,11.947476592,12.680103592,0.186894643,12.427680758,12.056493919,12.798867598,0.189381040
,"Motor Vehicle Traffic","GRINJ-008","California","06","2004","2004",4263,35574576,11.983277046,11.623549243,12.343004849,0.183534593,12.030692049,11.668097321,12.393286776,0.184997310
,"Motor Vehicle Traffic","GRINJ-008","California","06","2005","2005",4266,35827943,11.906907410,11.549597862,12.264216959,0.182300790,11.873852089,11.516115767,12.231588411,0.182518532
,"Motor Vehicle Traffic","GRINJ-008","California","06","2006","2006",4291,36021202,11.912428686,11.555996324,12.268861047,0.181853246,11.852705356,11.496582955,12.208827758,0.181695103
,"Motor Vehicle Traffic","GRINJ-008","California","06","2007","2007",4155,36250311,11.461970630,11.113448910,11.810492350,0.177817204,11.345872848,10.999170816,11.692574880,0.176888792
,"Motor Vehicle Traffic","GRINJ-008","California","06","2008","2008",3450,36604337,9.425112658,9.110603661,9.739621655,0.160463774,9.321360345,9.008716356,9.634004334,0.159512239
,"Motor Vehicle Traffic","GRINJ-008","California","06","2009","2009",3153,36961229,8.530560496,8.232796864,8.828324128,0.151920220,8.433308407,8.137015560,8.729601253,0.151169820
,"Motor Vehicle Traffic","GRINJ-008","California","06","2010","2010",2775,37253956,7.448873349,7.171723167,7.726023531,0.141403154,7.347728157,7.072220491,7.623235824,0.140565136
,"Motor Vehicle Traffic","GRINJ-008","California","06","2011","2011",2913,37691912,7.728448480,7.447790015,8.009106945,0.143193094,7.593886855,7.315847087,7.871926624,0.141857025
,"Motor Vehicle Traffic","GRINJ-008","California","06","2012","2012",3021,38041430,7.941341848,7.658154008,8.224529687,0.144483592,7.796193021,7.515803724,8.076582318,0.143055764
,"Motor Vehicle Traffic","GRINJ-008","California","06","2013","2013",3241,38332521,8.454961780,8.163871165,8.746052396,0.148515620,8.251422183,7.964666124,8.538178242,0.146304112
,"Motor Vehicle Traffic","GRINJ-008","California","06","2014","2014",3301,38802500,8.507183815,8.216969303,8.797398328,0.148068629,8.290539101,8.004949697,8.576128506,0.145708880
,"Motor Vehicle Traffic","GRINJ-008","California","06","2015","2015",3571,39144818,9.122535708,8.823325285,9.421746131,0.152658379,8.819327177,8.526896240,9.111758115,0.149199458
,"Motor Vehicle Traffic","GRINJ-008","California","06","2016","2016",4008,39250017,10.211460545,9.895320087,10.527601004,0.161296152,9.880253972,9.570571026,10.189936918,0.158001503
,"Motor Vehicle Traffic","GRINJ-008","California","06","2017","2017",4050,39536653,10.243659219,9.928170611,10.559147827,0.160963576,9.920345629,9.610739598,10.229951659,0.157962260
,"Motor Vehicle Traffic","GRINJ-008","California","06","2018","2018",4040,39557045,10.213098577,9.898162138,10.528035016,0.160681857,9.801097999,9.494612720,10.107583278,0.156370040
,"Motor Vehicle Traffic","GRINJ-008","California","06","2019","2019",3885,39512223,9.832400470,9.523214258,10.141586682,0.157748067,9.422132252,9.121366530,9.722897974,0.153451899
,"Motor Vehicle Traffic","GRINJ-008","California","06","2020","2020",4331,39368078,11.001299073,10.673652258,11.328945888,0.167166742,10.630632357,10.309207315,10.952057400,0.163992368
"Total","Motor Vehicle Traffic","GRINJ-008","California","06",,,82132,815706063,10.068823039,9.999961206,10.137684872,0.035133588,9.954993549,9.886577857,10.023409240,0.034905965
,"Motor Vehicle Traffic","GRINJ-008","Colorado","08","1999","1999",599,4226018,14.174099590,13.038989092,15.309210087,0.579138009,14.369740781,13.206576390,15.532905173,0.593451220
,"Motor Vehicle Traffic","GRINJ-008","Colorado","08","2000","2000",717,4301261,16.669530168,15.449361545,17.889698791,0.622535012,16.852797074,15.604694071,18.100900076,0.636787246
,"Motor Vehicle Traffic","GRINJ-008","Colorado","08","2001","2001",744,4425687,16.810949351,15.602963512,18.018935190,0.616319306,16.816259587,15.597057702,18.035461472,0.622041778
,"Motor Vehicle Traffic","GRINJ-008","Colorado","08","2002","2002",763,4490406,16.991782035,15.786100164,18.197463906,0.615143812,16.980027809,15.765026287,18.195029331,0.619898736
,"Motor Vehicle Traffic","GRINJ-008","Colorado","08","2003","2003",683,4528732,15.081484177,13.950413347,16.212555007,0.577076954,15.097644152,13.956474991,16.238813313,0.582229164
,"Motor Vehicle Traffic","GRINJ-008","Colorado","08","2004","2004",684,4575013,14.950777189,13.830328972,16.071225406,0.571657253,14.964734213,13.833871842,16.095596583,0.576970597
,"Motor Vehicle Traffic","GRINJ-008","Colorado","08","2005","2005",644,4631888,13.903617704,12.829774296,14.977461112,0.547879290,13.705048939,12.639554281,14.770543597,0.543619723
,"Motor Vehicle Traffic","GRINJ-008","Colorado","08","2006","2006",567,4720423,12.011635398,11.022930506,13.000340290,0.504441271,11.839791983,10.855051607,12.824532359,0.502418559
,"Motor Vehicle Traffic","GRINJ-008","Colorado","08","2007","2007",573,4803868,11.927888110,10.951230548,12.904545672,0.498294674,11.938682816,10.952520448,12.924845183,0.503144065
,"Motor Vehicle Traffic","GRINJ-008","Colorado","08","2008","2008",556,4889730,11.370770983,10.425603900,12.315938066,0.482228104,11.508327850,10.542856803,12.473798897,0.492587269
,"Motor Vehicle Traffic","GRINJ-008","Colorado","08","2009","2009",529,4972195,10.639164393,9.732522558,11.545806228,0.462572365,10.625533584,9.710432684,11.540634483,0.466888214
,"Motor Vehicle Traffic","GRINJ-008","Colorado","08","2010","2010",453,5029196,9.007403967,8.177922645,9.836885288,0.423204756,8.925261211,8.092711134,9.757811288,0.424770447
,"Motor Vehicle Traffic","GRINJ-008","Colorado","08","2011","2011",483,5116796,9.439500813,8.597656981,10.281344644,0.429512159,9.359078314,8.514287639,10.203868989,0.431015650
,"Motor Vehicle Traffic","GRINJ-008","Colorado","08","2012","2012",503,5187582,9.696232272,8.848858360,10.543606183,0.432333629,9.613195121,8.762436139,10.463954103,0.434060705
,"Motor Vehicle Traffic","GRINJ-008","Colorado","08","2013","2013",483,5268367,9.167926228,8.350302257,9.985550200,0.417155088,9.043951404,8.227602666,9.860300141,0.416504458
,"Motor Vehicle Traffic","GRINJ-008","Colorado","08","2014","2014",505,5355866,9.428914017,8.606534930,10.251293104,0.419581167,9.266940582,8.447591563,10.086289600,0.418035214
,"Motor Vehicle Traffic","GRINJ-008","Colorado","08","2015","2015",558,5456574,10.226196877,9.377694387,11.074699368,0.432909434,9.891663951,9.059186358,10.724141544,0.424733466
,"Motor Vehicle Traffic","GRINJ-008","Colorado","08","2016","2016",620,5540545,11.190234896,10.309390025,12.071079766,0.449410648,10.849487770,9.982112308,11.716863231,0.442538501
,"Motor Vehicle Traffic","GRINJ-008","Colorado","08","2017","2017",654,5607154,11.663671089,10.769743252,12.557598926,0.456085631,11.397003140,10.509860972,12.284145307,0.452623555
,"Motor Vehicle Traffic","GRINJ-008","Colorado","08","2018","2018",655,5695564,11.500178033,10.619453721,12.380902345,0.449349139,11.204109036,10.332324630,12.075893442,0.444787962
,"Motor Vehicle Traffic","GRINJ-008","Colorado","08","2019","2019",614,5758736,10.662061953,9.818701780,11.505422125,0.430285802,10.254640736,9.429685911,11.079595561,0.420895319
,"Motor Vehicle Traffic","GRINJ-008","Colorado","08","2020","2020",652,5807719,11.226438469,10.364702395,12.088174543,0.439661262,10.881010844,10.032253455,11.729768232,0.433039484
"Total","Motor Vehicle Traffic","GRINJ-008","Colorado","08",,,13239,110389320,11.993008019,11.788713552,12.197302486,0.104231871,11.911527212,11.707101995,12.115952430,0.104298581
,"Motor Vehicle Traffic","GRINJ-008","Connecticut","09","1999","1999",300,3386401,8.858962657,7.856476660,9.861448654,0.511472447,8.968812425,7.948077754,9.989547096,0.520782996
,"Motor Vehicle Traffic","GRINJ-008","Connecticut","09","2000","2000",332,3405565,9.748749473,8.700086487,10.797412460,0.535032136,9.780274513,8.722588868,10.837960158,0.539635533
,"Motor Vehicle Traffic","GRINJ-008","Connecticut","09","2001","2001",313,3432835,9.117828267,8.107702823,10.127953711,0.515370124,9.279116793,8.245850097,10.312383489,0.527176886
,"Motor Vehicle Traffic","GRINJ-008","Connecticut","09","2002","2002",339,3458749,9.801231601,8.757865136,10.844598066,0.532329829,9.875620219,8.818572152,10.932668286,0.539310238
,"Motor Vehicle Traffic","GRINJ-008","Connecticut","09","2003","2003",277,3484336,7.949864766,7.013649049,8.886080484,0.477661080,8.039205714,7.087457862,8.990953566,0.485585639
,"Motor Vehicle Traffic","GRINJ-008","Connecticut","09","2004","2004",324,3496094,9.267485371,8.258359186,10.276611556,0.514860298,9.309680100,8.289936667,10.329423532,0.520277262
,"Motor Vehicle Traffic","GRINJ-008","Connecticut","09","2005","2005",284,3506956,8.098191138,7.156334237,9.040048039,0.480539235,8.052972316,7.109727165,8.996217467,0.481247526
,"Motor Vehicle Traffic","GRINJ-008","Connecticut","09","2006","2006",355,3517460,10.092509936,9.042626508,11.142393364,0.535654810,9.947765462,8.903126381,10.992404543,0.532979123
,"Motor Vehicle Traffic","GRINJ-008","Connecticut","09","2007","2007",297,3527270,8.420109603,7.462484347,9.377734859,0.488584314,8.350486544,7.391476206,9.309496881,0.489290988
,"Motor Vehicle Traffic","GRINJ-008","Connecticut","09","2008","2008",320,3545579,9.025324214,8.036443529,10.014204898,0.504530961,8.879955740,7.895769125,9.864142354,0.502136028
,"Motor Vehicle Traffic","GRINJ-008","Connecticut","09","2009","2009",254,3561807,7.131211770,6.254205806,8.008217733,0.447452022,7.079183709,6.197402971,7.960964447,0.449888131
,"Motor Vehicle Traffic","GRINJ-008","Connecticut","09","2010","2010",321,3574097,8.981289540,7.998767610,9.963811470,0.501286699,8.808315435,7.830126977,9.786503893,0.499075744
,"Motor Vehicle Traffic","GRINJ-008","Connecticut","09","2011","2011",224,3580709,6.255744323,5.436504505,7.074984142,0.417979499,5.982107343,5.185488995,6.778725692,0.406437933
,"Motor Vehicle Traffic","GRINJ-008","Connecticut","09","2012","2012",279,3590347,7.770836635,6.858990107,8.682683163,0.465227820,7.426416899,6.535647245,8.317186554,0.454474314
,"Motor Vehicle Traffic","GRINJ-008","Connecticut","09","2013","2013",287,3596080,7.980912549,7.057559740,8.904265359,0.471098372,7.939572984,7.003298120,8.875847847,0.477691257
,"Motor Vehicle Traffic","GRINJ-008","Connecticut","09","2014","2014",267,3596677,7.423518987,6.533067498,8.313970476,0.454311984,7.251383272,6.359625466,8.143141078,0.454978473
,"Motor Vehicle Traffic","GRINJ-008","Connecticut","09","2015","2015",276,3590886,7.686125374,6.779330629,8.592920119,0.462650380,7.379041792,6.484360126,8.273723457,0.456470237
,"Motor Vehicle Traffic","GRINJ-008","Connecticut","09","2016","2016",292,3576452,8.164516118,7.228043472,9.100988764,0.477792166,7.772613551,6.853874740,8.691352363,0.468744292
,"Motor Vehicle Traffic","GRINJ-008","Connecticut","09","2017","2017",284,3588184,7.914867242,6.994331754,8.835402730,0.469660963,7.583155721,6.673159959,8.493151482,0.464283552
,"Motor Vehicle Traffic","GRINJ-008","Connecticut","09","2018","2018",294,3572665,8.229151068,7.288480748,9.169821387,0.479933836,8.031115610,7.085459189,8.976772031,0.482477766
,"Motor Vehicle Traffic","GRINJ-008","Connecticut","09","2019","2019",255,3565287,7.152299380,6.274426433,8.030172328,0.447894361,6.613943303,5.773279127,7.454607480,0.428910294
,"Motor Vehicle Traffic","GRINJ-008","Connecticut","09","2020","2020",319,3557006,8.968216528,7.984054023,9.952379033,0.502123727,8.726898525,7.741526853,9.712270197,0.502740649
"Total","Motor Vehicle Traffic","GRINJ-008","Connecticut","09",,,6493,77711442,8.355268971,8.152036169,8.558501773,0.103690205,8.192991630,7.991371749,8.394611512,0.102867286
,"Motor Vehicle Traffic","GRINJ-008","Delaware","10","1999","1999",96,774990,12.387256610,10.033677854,15.126946154,1.264269084,12.429261138,10.067701522,15.178240824,1.270057310
,"Motor Vehicle Traffic","GRINJ-008","Delaware","10","2000","2000",122,783600,15.569167943,12.806418122,18.331917763,1.409566235,15.558611829,12.796648753,18.320574905,1.409164835
,"Motor Vehicle Traffic","GRINJ-008","Delaware","10","2001","2001",122,795699,15.332430982,12.611690150,18.053171814,1.388133078,15.295186432,12.579125630,18.011247235,1.385745307
,"Motor Vehicle Traffic","GRINJ-008","Delaware","10","2002","2002",118,806169,14.637129436,11.996113748,17.278145124,1.347456984,14.554635328,11.925232670,17.184037985,1.341531968
,"Motor Vehicle Traffic","GRINJ-008","Delaware","10","2003","2003",131,818003,16.014611193,13.272173163,18.757049223,1.399203077,15.807846558,13.096987540,18.518705576,1.383091336
,"Motor Vehicle Traffic","GRINJ-008","Delaware","10","2004","2004",138,830803,16.610435928,13.839046484,19.381825372,1.413974206,16.590076571,13.815529944,19.364623199,1.415585014
,"Motor Vehicle Traffic","GRINJ-008","Delaware","10","2005","2005",119,845150,14.080340768,11.550485033,16.610196503,1.290742722,13.847894878,11.350834531,16.344955226,1.274010381
,"Motor Vehicle Traffic","GRINJ-008","Delaware","10","2006","2006",137,859268,15.943803330,13.273948079,18.613658582,1.362171047,16.020541007,13.324457133,18.716624880,1.375552997
,"Motor Vehicle Traffic","GRINJ-008","Delaware","10","2007","2007",116,871749,13.306582514,10.885031581,15.728133447,1.235485170,13.184272910,10.770739919,15.597805901,1.231394383
,"Motor Vehicle Traffic","GRINJ-008","Delaware","10","2008","2008",123,883874,13.916010653,11.456672382,16.375348924,1.254764424,14.118526596,11.602993709,16.634059482,1.283435146
,"Motor Vehicle Traffic","GRINJ-008","Delaware","10","2009","2009",103,891730,11.550581454,9.319880741,13.781282167,1.138112609,11.509145250,9.266875054,13.751415446,1.144015406
,"Motor Vehicle Traffic","GRINJ-008","Delaware","10","2010","2010",107,897934,11.916243287,9.658349317,14.174137258,1.151986720,12.031733479,9.724192377,14.339274580,1.177316889
,"Motor Vehicle Traffic","GRINJ-008","Delaware","10","2011","2011",93,907135,10.252057301,8.274743010,12.559487838,1.063088819,10.342949918,8.327522697,12.698867050,1.086880592
,"Motor Vehicle Traffic","GRINJ-008","Delaware","10","2012","2012",109,917092,11.885394268,9.654102232,14.116686304,1.138414304,12.061960207,9.763141588,14.360778827,1.172866643
,"Motor Vehicle Traffic","GRINJ-008","Delaware","10","2013","2013",113,925749,12.206332386,9.955713072,14.456951700,1.148275160,11.850398315,9.608502165,14.092294466,1.143824566
,"Motor Vehicle Traffic","GRINJ-008","Delaware","10","2014","2014",121,935614,12.932683778,10.628314668,15.237052887,1.175698525,12.671731775,10.365265672,14.978197878,1.176768420
,"Motor Vehicle Traffic","GRINJ-008","Delaware","10","2015","2015",126,945934,13.320168215,10.994324611,15.646011818,1.186654900,12.978183772,10.625661008,15.330706536,1.200266716
,"Motor Vehicle Traffic","GRINJ-008","Delaware","10","2016","2016",114,952065,11.973972365,9.775900451,14.172044280,1.121465263,11.702054106,9.485659274,13.918448937,1.130813690
,"Motor Vehicle Traffic","GRINJ-008","Delaware","10","2017","2017",123,961939,12.786673583,10.526919945,15.046427222,1.152935530,12.525566936,10.245353781,14.805780090,1.163374058
,"Motor Vehicle Traffic","GRINJ-008","Delaware","10","2018","2018",118,967171,12.200531240,9.999157361,14.401905120,1.123149938,11.790201895,9.589464326,13.990939463,1.122825290
,"Motor Vehicle Traffic","GRINJ-008","Delaware","10","2019","2019",131,973764,13.452951639,11.149187549,15.756715730,1.175389842,13.213899553,10.860750537,15.567048570,1.200586233
,"Motor Vehicle Traffic","GRINJ-008","Delaware","10","2020","2020",123,986809,12.464418140,10.261615819,14.667220460,1.123878735,11.944982426,9.750160864,14.139803989,1.119806920
"Total","Motor Vehicle Traffic","GRINJ-008","Delaware","10",,,2603,19532241,13.326683815,12.814717861,13.838649769,0.261207119,13.239623939,12.725353700,13.753894178,0.262382775
,"Motor Vehicle Traffic","GRINJ-008","District of Columbia","11","1999","1999",34,570213,5.962684120,4.129337633,8.332254789,1.022591890,5.814707172,4.002553682,8.166000312,1.004778838
,"Motor Vehicle Traffic","GRINJ-008","District of Columbia","11","2000","2000",55,572059,9.614392921,7.242906763,12.514478402,1.296404477,9.459662690,7.106382403,12.342778685,1.288139108
,"Motor Vehicle Traffic","GRINJ-008","District of Columbia","11","2001","2001",54,574504,9.399412363,7.061120549,12.264165263,1.279098009,9.086351161,6.806313064,11.885129046,1.246961593
,"Motor Vehicle Traffic","GRINJ-008","District of Columbia","11","2002","2002",58,573158,10.119373716,7.684045237,13.081617983,1.328738865,9.364393616,7.073769293,12.160414261,1.249161631
,"Motor Vehicle Traffic","GRINJ-008","District of Columbia","11","2003","2003",64,568502,11.257656086,8.669746105,14.375801668,1.407207011,10.807435088,8.285952407,13.854591411,1.367150746
,"Motor Vehicle Traffic","GRINJ-008","District of Columbia","11","2004","2004",44,567754,7.749835316,5.631030341,10.403766420,1.168331633,7.276825406,5.266238546,9.801811053,1.110889711
,"Motor Vehicle Traffic","GRINJ-008","District of Columbia","11","2005","2005",38,567136,6.700332901,4.741557581,9.196742933,1.086937525,6.454095063,4.544263793,8.896131013,1.058312569
,"Motor Vehicle Traffic","GRINJ-008","District of Columbia","11","2006","2006",40,570681,7.009169746,5.007420959,9.544526627,1.108247045,7.014345796,4.963771946,9.627750752,1.136088029
,"Motor Vehicle Traffic","GRINJ-008","District of Columbia","11","2007","2007",52,574404,9.052861749,6.761129797,11.871651312,1.255406047,8.731944704,6.481023998,11.512021259,1.237528997
,"Motor Vehicle Traffic","GRINJ-008","District of Columbia","11","2008","2008",47,580236,8.100152352,5.951667942,10.771501596,1.181528654,7.755969137,5.657281448,10.378107182,1.153471793
,"Motor Vehicle Traffic","GRINJ-008","District of Columbia","11","2009","2009",37,592228,6.247593832,4.398868341,8.611495910,1.027098099,6.042025499,4.208512441,8.403007382,1.018145025
,"Motor Vehicle Traffic","GRINJ-008","District of Columbia","11","2010","2010",38,601723,6.315198189,4.469013151,8.668114730,1.024460425,5.962073234,4.175776472,8.254013427,0.995191353
,"Motor Vehicle Traffic","GRINJ-008","District of Columbia","11","2011","2011",37,617996,5.987093768,4.215452851,8.252430436,0.984272152,5.412426706,3.769971698,7.527386565,0.913406715
,"Motor Vehicle Traffic","GRINJ-008","District of Columbia","11","2012","2012",43,632323,6.800321987,4.921393022,9.159965714,1.037039381,6.618658287,4.728435667,9.012759363,1.050647174
,"Motor Vehicle Traffic","GRINJ-008","District of Columbia","11","2013","2013",30,646449,4.640737320,3.131105470,6.624930969,0.847278838,4.680631887,3.134712788,6.722183098,0.871768980
,"Motor Vehicle Traffic","GRINJ-008","District of Columbia","11","2014","2014",37,658893,5.615479296,3.953802818,7.740208198,0.923179110,5.242778225,3.630781204,7.326258291,0.894539443
,"Motor Vehicle Traffic","GRINJ-008","District of Columbia","11","2015","2015",42,672228,6.247880184,4.502909727,8.445322123,0.964068843,6.394247527,4.546949416,8.741128197,1.023055997
,"Motor Vehicle Traffic","GRINJ-008","District of Columbia","11","2016","2016",32,681170,4.697799375,3.213294772,6.631883377,0.830461449,4.520173659,3.049761167,6.452819108,0.826588200
,"Motor Vehicle Traffic","GRINJ-008","District of Columbia","11","2017","2017",32,693972,4.611137049,3.154017741,6.509542172,0.815141569,4.518067929,3.048340432,6.449813053,0.822590454
,"Motor Vehicle Traffic","GRINJ-008","District of Columbia","11","2018","2018",41,702455,5.836672812,4.188513143,7.918088703,0.911535150,5.579176242,3.967352226,7.626901299,0.894341276
,"Motor Vehicle Traffic","GRINJ-008","District of Columbia","11","2019","2019",44,705749,6.234511136,4.529995792,8.369519475,0.939887918,6.088258625,4.369056154,8.259392533,0.950019360
,"Motor Vehicle Traffic","GRINJ-008","District of Columbia","11","2020","2020",44,712816,6.172700950,4.485084510,8.286542390,0.930569681,6.077663896,4.380233147,8.215239065,0.942595150
"Total","Motor Vehicle Traffic","GRINJ-008","District of Columbia","11",,,943,13636649,6.915188621,6.473817153,7.356560090,0.225189525,6.697745013,6.260551984,7.134938042,0.223057668
,"Motor Vehicle Traffic","GRINJ-008","Florida","12","1999","1999",2814,15759421,17.855985953,17.196238290,18.515733616,0.336605950,17.528714353,16.872070706,18.185358000,0.335022269
,"Motor Vehicle Traffic","GRINJ-008","Florida","12","2000","2000",3015,15982378,18.864526918,18.191149836,19.537904001,0.343559736,18.650796364,17.976933575,19.324659153,0.343807545
,"Motor Vehicle Traffic","GRINJ-008","Florida","12","2001","2001",3031,16356966,18.530331358,17.870631655,19.190031062,0.336581481,18.198952845,17.542374402,18.855531287,0.334989001
,"Motor Vehicle Traffic","GRINJ-008","Florida","12","2002","2002",3148,16689370,18.862305767,18.203384553,19.521226982,0.336184293,18.547645307,17.891735099,19.203555515,0.334648065
,"Motor Vehicle Traffic","GRINJ-008","Florida","12","2003","2003",3196,17004085,18.795483556,18.143845875,19.447121237,0.332468205,18.469046862,17.821456183,19.116637541,0.330403408
,"Motor Vehicle Traffic","GRINJ-008","Florida","12","2004","2004",3215,17415318,18.460759660,17.822620860,19.098898459,0.325581020,18.108125396,17.474738168,18.741512623,0.323156749
,"Motor Vehicle Traffic","GRINJ-008","Florida","12","2005","2005",3434,17842038,19.246680228,18.602938359,19.890422097,0.328439729,19.011846672,18.368780650,19.654912694,0.328094909
,"Motor Vehicle Traffic","GRINJ-008","Florida","12","2006","2006",3378,18166990,18.594164471,17.967113396,19.221215546,0.319924018,18.335646829,17.709928331,18.961365327,0.319244132
,"Motor Vehicle Traffic","GRINJ-008","Florida","12","2007","2007",3153,18367842,17.165870656,16.566687051,17.765054261,0.305705921,16.952033299,16.352742375,17.551324223,0.305760676
,"Motor Vehicle Traffic","GRINJ-008","Florida","12","2008","2008",2950,18527305,15.922445277,15.347859557,16.497030997,0.293155979,15.634395447,15.061760873,16.207030020,0.292160497
,"Motor Vehicle Traffic","GRINJ-008","Florida","12","2009","2009",2490,18652644,13.349313910,12.824971068,13.873656751,0.267521858,13.016329833,12.495627944,13.537031723,0.265664229
,"Motor Vehicle Traffic","GRINJ-008","Florida","12","2010","2010",2462,18801310,13.094832222,12.577568541,13.612095902,0.263910041,12.592474518,12.084429970,13.100519067,0.259206402
,"Motor Vehicle Traffic","GRINJ-008","Florida","12","2011","2011",2434,19057542,12.771846443,12.264447600,13.279245286,0.258876961,12.317237816,11.816161195,12.818314437,0.255651337
,"Motor Vehicle Traffic","GRINJ-008","Florida","12","2012","2012",2423,19317568,12.542986778,12.043550220,13.042423335,0.254814570,12.061667095,11.569406111,12.553928079,0.251153563
,"Motor Vehicle Traffic","GRINJ-008","Florida","12","2013","2013",2370,19552860,12.120988950,11.632988802,12.608989098,0.248979667,11.653958260,11.171579067,12.136337454,0.246111833
,"Motor Vehicle Traffic","GRINJ-008","Florida","12","2014","2014",2479,19893297,12.461483886,11.970929042,12.952038729,0.250283084,12.068409965,11.579332518,12.557487412,0.249529310
,"Motor Vehicle Traffic","GRINJ-008","Florida","12","2015","2015",2896,20271272,14.286227327,13.765902739,14.806551915,0.265471729,13.880413380,13.358516496,14.402310263,0.266273920
,"Motor Vehicle Traffic","GRINJ-008","Florida","12","2016","2016",3160,20612439,15.330548704,14.796020988,15.865076420,0.272718223,14.831303183,14.296122270,15.366484096,0.273051486
,"Motor Vehicle Traffic","GRINJ-008","Florida","12","2017","2017",3144,20984400,14.982558472,14.458836513,15.506280431,0.267205081,14.414505251,13.892102877,14.936907625,0.266531823
,"Motor Vehicle Traffic","GRINJ-008","Florida","12","2018","2018",3161,21299325,14.840845895,14.323474422,15.358217369,0.263965037,14.281529192,13.764494049,14.798564335,0.263793440
,"Motor Vehicle Traffic","GRINJ-008","Florida","12","2019","2019",3206,21477737,14.927084730,14.410371822,15.443797637,0.263629034,14.339354065,13.822199759,14.856508372,0.263854238
,"Motor Vehicle Traffic","GRINJ-008","Florida","12","2020","2020",3430,21733312,15.782224081,15.254049840,16.310398321,0.269476653,15.373841445,14.838084579,15.909598311,0.273345340
"Total","Motor Vehicle Traffic","GRINJ-008","Florida","12",,,64989,413765419,15.706725844,15.585966205,15.827485484,0.061612061,15.350529675,15.230031630,15.471027721,0.061478595
,"Motor Vehicle Traffic","GRINJ-008","Georgia","13","1999","1999",1491,8045965,18.531027664,17.590402151,19.471653177,0.479910976,18.811010320,17.846066944,19.775953697,0.492318049
,"Motor Vehicle Traffic","GRINJ-008","Georgia","13","2000","2000",1494,8186453,18.249661972,17.324248969,19.175074975,0.472149491,18.610873842,17.656281455,19.565466229,0.487036932
,"Motor Vehicle Traffic","GRINJ-008","Georgia","13","2001","2001",1594,8377038,19.028205435,18.094070220,19.962340650,0.476599600,19.323376732,18.364685620,20.282067844,0.489128118
,"Motor Vehicle Traffic","GRINJ-008","Georgia","13","2002","2002",1487,8508256,17.477142202,16.588818997,18.365465407,0.453226125,17.723503206,16.813848739,18.633157673,0.464109422
,"Motor Vehicle Traffic","GRINJ-008","Georgia","13","2003","2003",1389,8622793,16.108469727,15.261321836,16.955617617,0.432218312,16.340422762,15.473240768,17.207604755,0.442439793
,"Motor Vehicle Traffic","GRINJ-008","Georgia","13","2004","2004",1443,8769252,16.455223319,15.606186183,17.304260455,0.433182212,16.813341055,15.936823145,17.689858964,0.447203015
,"Motor Vehicle Traffic","GRINJ-008","Georgia","13","2005","2005",1635,8925922,18.317435442,17.429539927,19.205330958,0.453007916,18.537361944,17.630620298,19.444103591,0.462623289
,"Motor Vehicle Traffic","GRINJ-008","Georgia","13","2006","2006",1686,9155813,18.414530747,17.535532634,19.293528859,0.448468425,18.632866997,17.735685978,19.530048016,0.457745418
,"Motor Vehicle Traffic","GRINJ-008","Georgia","13","2007","2007",1683,9349988,18.000023102,17.140045627,18.860000576,0.438764018,18.097204051,17.225886800,18.968521301,0.444549617
,"Motor Vehicle Traffic","GRINJ-008","Georgia","13","2008","2008",1459,9504843,15.350069433,14.562409472,16.137729394,0.401867327,15.506885579,14.703810531,16.309960626,0.409732167
,"Motor Vehicle Traffic","GRINJ-008","Georgia","13","2009","2009",1311,9620846,13.626660275,12.889020793,14.364299757,0.376346674,13.717001331,12.966908748,14.467093915,0.382700298
,"Motor Vehicle Traffic","GRINJ-008","Georgia","13","2010","2010",1261,9687653,13.016568616,12.298121112,13.735016119,0.366554849,13.154988884,12.421102290,13.888875478,0.374431936
,"Motor Vehicle Traffic","GRINJ-008","Georgia","13","2011","2011",1243,9815210,12.664018396,11.959986979,13.368049813,0.359199703,12.676491887,11.964313132,13.388670642,0.363356508
,"Motor Vehicle Traffic","GRINJ-008","Georgia","13","2012","2012",1243,9919945,12.530311408,11.833713170,13.226909646,0.355407264,12.548864224,11.844194372,13.253534077,0.359525435
,"Motor Vehicle Traffic","GRINJ-008","Georgia","13","2013","2013",1222,9992167,12.229579430,11.543882838,12.915276021,0.349845200,12.216806081,11.524688839,12.908923324,0.353121042
,"Motor Vehicle Traffic","GRINJ-008","Georgia","13","2014","2014",1230,10097343,12.181422380,11.500650642,12.862194118,0.347332519,12.102606587,11.418981042,12.786232132,0.348788543
,"Motor Vehicle Traffic","GRINJ-008","Georgia","13","2015","2015",1407,10214860,13.774050746,13.054318930,14.493782562,0.367210110,13.655079513,12.933068586,14.377090440,0.368372922
,"Motor Vehicle Traffic","GRINJ-008","Georgia","13","2016","2016",1573,10310371,15.256483011,14.502526771,16.010439251,0.384671551,15.000407505,14.249761977,15.751053033,0.382982412
,"Motor Vehicle Traffic","GRINJ-008","Georgia","13","2017","2017",1512,10429379,14.497507474,13.766749577,15.228265370,0.372835662,14.178529297,13.454450776,14.902607818,0.369427817
,"Motor Vehicle Traffic","GRINJ-008","Georgia","13","2018","2018",1474,10519475,14.012106118,13.296769021,14.727443214,0.364967906,13.680257509,12.971931738,14.388583280,0.361390700
,"Motor Vehicle Traffic","GRINJ-008","Georgia","13","2019","2019",1492,10617423,14.052374102,13.339321839,14.765426366,0.363802175,13.767381559,13.058791236,14.475971882,0.361525675
,"Motor Vehicle Traffic","GRINJ-008","Georgia","13","2020","2020",1736,10710017,16.209124598,15.446622977,16.971626219,0.389031440,15.797924396,15.043410623,16.552438169,0.384956007
"Total","Motor Vehicle Traffic","GRINJ-008","Georgia","13",,,32065,209381012,15.314187134,15.146563829,15.481810439,0.085522094,15.332127692,15.163119493,15.501135890,0.086228673
,"Motor Vehicle Traffic","GRINJ-008","Hawaii","15","1999","1999",87,1210300,7.188300421,5.757541105,8.866768570,0.770666699,7.228125763,5.789439611,8.915893128,0.775879155
,"Motor Vehicle Traffic","GRINJ-008","Hawaii","15","2000","2000",124,1211537,10.234932982,8.433449717,12.036416247,0.919124115,10.157674092,8.368130518,11.947217666,0.913032436
,"Motor Vehicle Traffic","GRINJ-008","Hawaii","15","2001","2001",122,1225948,9.951482445,8.185591265,11.717373624,0.900964887,9.815507002,8.071841241,11.559172763,0.889625388
,"Motor Vehicle Traffic","GRINJ-008","Hawaii","15","2002","2002",118,1239613,9.519099913,7.801543727,11.236656098,0.876304177,9.322109530,7.637249623,11.006969438,0.859622402
,"Motor Vehicle Traffic","GRINJ-008","Hawaii","15","2003","2003",140,1251154,11.189669697,9.336098294,13.043241100,0.945699695,10.961470153,9.140255401,12.782684904,0.929191200
,"Motor Vehicle Traffic","GRINJ-008","Hawaii","15","2004","2004",138,1273569,10.835690881,9.027796166,12.643585596,0.922395263,10.788456003,8.980994985,12.595917021,0.922173989
,"Motor Vehicle Traffic","GRINJ-008","Hawaii","15","2005","2005",136,1292729,10.520379755,8.752234117,12.288525393,0.902115122,10.387996277,8.631333416,12.144659138,0.896256562
,"Motor Vehicle Traffic","GRINJ-008","Hawaii","15","2006","2006",150,1309731,11.452733424,9.619914358,13.285552490,0.935111768,11.180720044,9.378217060,12.983223028,0.919644379
,"Motor Vehicle Traffic","GRINJ-008","Hawaii","15","2007","2007",125,1315675,9.500826572,7.835258238,11.166394906,0.849779762,9.261202798,7.624882492,10.897523104,0.834857299
,"Motor Vehicle Traffic","GRINJ-008","Hawaii","15","2008","2008",105,1332213,7.881622533,6.374054036,9.389191030,0.769167600,7.631394198,6.155761852,9.107026545,0.752873646
,"Motor Vehicle Traffic","GRINJ-008","Hawaii","15","2009","2009",117,1346717,8.687794095,7.113547872,10.262040317,0.803186848,8.575177021,7.003353273,10.147000769,0.801950892
,"Motor Vehicle Traffic","GRINJ-008","Hawaii","15","2010","2010",119,1360301,8.748063848,7.176273799,10.319853896,0.801933698,8.666569300,7.094066695,10.239071906,0.802297248
,"Motor Vehicle Traffic","GRINJ-008","Hawaii","15","2011","2011",105,1374810,7.637418989,6.176560870,9.098277107,0.745335775,7.475257186,6.023826846,8.926687526,0.740525684
,"Motor Vehicle Traffic","GRINJ-008","Hawaii","15","2012","2012",130,1392313,9.336980981,7.731922468,10.942039493,0.818907404,9.004012477,7.422757415,10.585267539,0.806762787
,"Motor Vehicle Traffic","GRINJ-008","Hawaii","15","2013","2013",106,1404054,7.549567182,6.112340759,8.986793605,0.733278787,7.469358883,6.027480060,8.911237706,0.735652461
,"Motor Vehicle Traffic","GRINJ-008","Hawaii","15","2014","2014",99,1419561,6.973987028,5.668107957,8.490550248,0.700912069,6.617032157,5.347223686,8.097593102,0.682596910
,"Motor Vehicle Traffic","GRINJ-008","Hawaii","15","2015","2015",99,1431603,6.915324989,5.620430385,8.419131561,0.695016312,6.507075077,5.258367370,7.963033126,0.671000854
,"Motor Vehicle Traffic","GRINJ-008","Hawaii","15","2016","2016",132,1428557,9.240093325,7.663769414,10.816417236,0.804246893,8.932457816,7.373057243,10.491858390,0.795612538
,"Motor Vehicle Traffic","GRINJ-008","Hawaii","15","2017","2017",103,1427538,7.215219490,5.821783555,8.608655424,0.710936701,6.997337059,5.606703766,8.387970353,0.709506782
,"Motor Vehicle Traffic","GRINJ-008","Hawaii","15","2018","2018",111,1420491,7.814199456,6.360485117,9.267913796,0.741690989,7.638663205,6.178010670,9.099315741,0.745230886
,"Motor Vehicle Traffic","GRINJ-008","Hawaii","15","2019","2019",118,1415872,8.334086697,6.830345557,9.837827838,0.767214868,8.249569428,6.717157082,9.781981773,0.781843033
,"Motor Vehicle Traffic","GRINJ-008","Hawaii","15","2020","2020",86,1407006,6.112269599,4.889021085,7.548591833,0.659102982,5.691694406,4.513172162,7.083825941,0.635537010
"Total","Motor Vehicle Traffic","GRINJ-008","Hawaii","15",,,2570,29491292,8.714436790,8.377515206,9.051358374,0.171898767,8.502121115,8.169726688,8.834515542,0.169588993
,"Motor Vehicle Traffic","GRINJ-008","Idaho","16","1999","1999",257,1275674,20.146212904,17.683107886,22.609317922,1.256686233,20.248473696,17.760844191,22.736103202,1.269198727
,"Motor Vehicle Traffic","GRINJ-008","Idaho","16","2000","2000",263,1293953,20.325313207,17.868820700,22.781805714,1.253312504,20.524223058,18.034244820,23.014201297,1.270397060
,"Motor Vehicle Traffic","GRINJ-008","Idaho","16","2001","2001",246,1319962,18.636900153,16.307939259,20.965861047,1.188245354,18.611479788,16.273543391,20.949416185,1.192824692
,"Motor Vehicle Traffic","GRINJ-008","Idaho","16","2002","2002",281,1340372,20.964329306,18.513100315,23.415558296,1.250627036,21.200979903,18.709567477,23.692392329,1.271128789
,"Motor Vehicle Traffic","GRINJ-008","Idaho","16","2003","2003",273,1363380,20.023764468,17.648453489,22.399075446,1.211893356,20.146662217,17.743006060,22.550318375,1.226355183
,"Motor Vehicle Traffic","GRINJ-008","Idaho","16","2004","2004",235,1391802,16.884585595,14.725784915,19.043386275,1.101428918,17.074572281,14.879029305,19.270115256,1.120174988
,"Motor Vehicle Traffic","GRINJ-008","Idaho","16","2005","2005",264,1428241,18.484275413,16.254523533,20.714027293,1.137628510,18.737440380,16.461595563,21.013285197,1.161145315
,"Motor Vehicle Traffic","GRINJ-008","Idaho","16","2006","2006",275,1468669,18.724436888,16.511349872,20.937523904,1.129126028,18.833788930,16.590075917,21.077501943,1.144751537
,"Motor Vehicle Traffic","GRINJ-008","Idaho","16","2007","2007",259,1505105,17.208101760,15.112353304,19.303850216,1.069259416,17.430234295,15.291055316,19.569413274,1.091417846
,"Motor Vehicle Traffic","GRINJ-008","Idaho","16","2008","2008",228,1534320,14.860003128,12.931112741,16.788893515,0.984127748,15.189958338,13.198350905,17.181565772,1.016126242
,"Motor Vehicle Traffic","GRINJ-008","Idaho","16","2009","2009",222,1554439,14.281679757,12.402973531,16.160385983,0.958523585,14.543694400,12.609055606,16.478333194,0.987060609
,"Motor Vehicle Traffic","GRINJ-008","Idaho","16","2010","2010",199,1567582,12.694710707,10.930898510,14.458522905,0.899904182,12.811790907,11.012759147,14.610822666,0.917873346
,"Motor Vehicle Traffic","GRINJ-008","Idaho","16","2011","2011",195,1584985,12.302955548,10.576130974,14.029780123,0.881032946,12.060147870,10.347154776,13.773140964,0.873976068
,"Motor Vehicle Traffic","GRINJ-008","Idaho","16","2012","2012",210,1595728,13.160137567,11.380191460,14.940083675,0.908135769,13.227852181,11.414016308,15.041688054,0.925426466
,"Motor Vehicle Traffic","GRINJ-008","Idaho","16","2013","2013",237,1612136,14.700992968,12.829326033,16.572659904,0.954932110,14.557240801,12.678268251,16.436213350,0.958659464
,"Motor Vehicle Traffic","GRINJ-008","Idaho","16","2014","2014",183,1634464,11.196331030,9.574124083,12.818537976,0.827656605,11.163048554,9.520407541,12.805689568,0.838082150
,"Motor Vehicle Traffic","GRINJ-008","Idaho","16","2015","2015",219,1654930,13.233188111,11.480524782,14.985851440,0.894215984,13.428187182,11.617287026,15.239087338,0.923928651
,"Motor Vehicle Traffic","GRINJ-008","Idaho","16","2016","2016",251,1683140,14.912603824,13.067704418,16.757503229,0.941275207,15.036794483,13.142534409,16.931054557,0.966459221
,"Motor Vehicle Traffic","GRINJ-008","Idaho","16","2017","2017",260,1716943,15.143193455,13.302477114,16.983909796,0.939140990,14.855024673,13.012925976,16.697123369,0.939846274
,"Motor Vehicle Traffic","GRINJ-008","Idaho","16","2018","2018",230,1754208,13.111330013,11.416840435,14.805819592,0.864535499,13.158066889,11.423687246,14.892446532,0.884887573
,"Motor Vehicle Traffic","GRINJ-008","Idaho","16","2019","2019",241,1787065,13.485799341,11.783153808,15.188444875,0.868696701,13.507810239,11.770412178,15.245208299,0.886427582
,"Motor Vehicle Traffic","GRINJ-008","Idaho","16","2020","2020",223,1826913,12.206383117,10.604279368,13.808486866,0.817399872,12.111278128,10.487786227,13.734770029,0.828312194
"Total","Motor Vehicle Traffic","GRINJ-008","Idaho","16",,,5251,33894011,15.492412509,15.073373828,15.911451190,0.213795246,15.575761518,15.150932455,16.000590580,0.216749522
,"Motor Vehicle Traffic","GRINJ-008","Illinois","17","1999","1999",1477,12359020,11.950785742,11.341301777,12.560269707,0.310961206,11.987841768,11.375814574,12.599868963,0.312258773
,"Motor Vehicle Traffic","GRINJ-008","Illinois","17","2000","2000",1530,12419293,12.319541861,11.702229585,12.936854137,0.314955243,12.308155877,11.690927334,12.925384420,0.314912522
,"Motor Vehicle Traffic","GRINJ-008","Illinois","17","2001","2001",1551,12488445,12.419480568,11.801387882,13.037573254,0.315353411,12.395043392,11.777802795,13.012283990,0.314918672
,"Motor Vehicle Traffic","GRINJ-008","Illinois","17","2002","2002",1533,12525556,12.238977655,11.626302688,12.851652622,0.312589269,12.216892520,11.604825891,12.828959150,0.312278893
,"Motor Vehicle Traffic","GRINJ-008","Illinois","17","2003","2003",1462,12556006,11.643830052,11.046962124,12.240697980,0.304524453,11.628351253,11.031609164,12.225093341,0.304460249
,"Motor Vehicle Traffic","GRINJ-008","Illinois","17","2004","2004",1462,12589773,11.612600164,11.017333094,12.207867233,0.303707689,11.561651317,10.968010670,12.155291965,0.302877881
,"Motor Vehicle Traffic","GRINJ-008","Illinois","17","2005","2005",1422,12609903,11.276851218,10.690720984,11.862981451,0.299046038,11.211718866,10.627649232,11.795788501,0.297994711
,"Motor Vehicle Traffic","GRINJ-008","Illinois","17","2006","2006",1365,12643955,10.795672715,10.222956531,11.368388898,0.292202135,10.693845748,10.124682053,11.263009443,0.290389640
,"Motor Vehicle Traffic","GRINJ-008","Illinois","17","2007","2007",1322,12695866,10.412838321,9.851519675,10.974156967,0.286387064,10.301164923,9.743552830,10.858777016,0.284495966
,"Motor Vehicle Traffic","GRINJ-008","Illinois","17","2008","2008",1076,12747038,8.441176688,7.936802414,8.945550961,0.257333813,8.353506745,7.851883142,8.855130349,0.255930410
,"Motor Vehicle Traffic","GRINJ-008","Illinois","17","2009","2009",987,12796778,7.712878976,7.231691836,8.194066116,0.245503643,7.685572872,7.202983664,8.168162081,0.246218984
,"Motor Vehicle Traffic","GRINJ-008","Illinois","17","2010","2010",988,12830632,7.700322167,7.220161595,8.180482738,0.244979883,7.535430576,7.062087724,8.008773427,0.241501455
,"Motor Vehicle Traffic","GRINJ-008","Illinois","17","2011","2011",1002,12869257,7.785997280,7.303898027,8.268096533,0.245969007,7.702589998,7.221358535,8.183821461,0.245526257
,"Motor Vehicle Traffic","GRINJ-008","Illinois","17","2012","2012",1072,12875255,8.326048688,7.827626204,8.824471172,0.254297186,8.137558938,7.645354857,8.629763018,0.251124531
,"Motor Vehicle Traffic","GRINJ-008","Illinois","17","2013","2013",1053,12882135,8.174110891,7.680388969,8.667832813,0.251898940,8.037035827,7.546191217,8.527880437,0.250430923
,"Motor Vehicle Traffic","GRINJ-008","Illinois","17","2014","2014",1026,12880580,7.965479815,7.478069931,8.452889700,0.248678513,7.776216400,7.294203669,8.258229131,0.245924863
,"Motor Vehicle Traffic","GRINJ-008","Illinois","17","2015","2015",1058,12859995,8.227063852,7.731319123,8.722808581,0.252930984,7.907357022,7.423719673,8.390994371,0.246753750
,"Motor Vehicle Traffic","GRINJ-008","Illinois","17","2016","2016",1122,12801539,8.764571197,8.251721249,9.277421146,0.261658137,8.509754860,8.004672536,9.014837184,0.257695063
,"Motor Vehicle Traffic","GRINJ-008","Illinois","17","2017","2017",1178,12802023,9.201670705,8.676198059,9.727143351,0.268098289,8.889283063,8.372713056,9.405853070,0.263556126
,"Motor Vehicle Traffic","GRINJ-008","Illinois","17","2018","2018",1151,12741080,9.033771078,8.511870845,9.555671310,0.266275629,8.734345075,8.219845625,9.248844524,0.262499719
,"Motor Vehicle Traffic","GRINJ-008","Illinois","17","2019","2019",1102,12671821,8.696461227,8.182999781,9.209922672,0.261970125,8.384262791,7.879068485,8.889457098,0.257752197
,"Motor Vehicle Traffic","GRINJ-008","Illinois","17","2020","2020",1268,12587530,10.073461592,9.518995262,10.627927923,0.282890985,9.774981210,9.226623503,10.323338917,0.279774340
"Total","Motor Vehicle Traffic","GRINJ-008","Illinois","17",,,27207,279233480,9.743459130,9.627680365,9.859237894,0.059070798,9.617504743,9.502616211,9.732393274,0.058616597
,"Motor Vehicle Traffic","GRINJ-008","Indiana","18","1999","1999",938,6044969,15.517035737,14.524003351,16.510068123,0.506649177,15.476065551,14.485258837,16.466872264,0.505513629
,"Motor Vehicle Traffic","GRINJ-008","Indiana","18","2000","2000",883,6080485,14.521867910,13.564016370,15.479719450,0.488699765,14.471105888,13.516267002,15.425944774,0.487162697
,"Motor Vehicle Traffic","GRINJ-008","Indiana","18","2001","2001",929,6127760,15.160515425,14.185610687,16.135420163,0.497400377,15.107859208,14.135667613,16.080050803,0.496016120
,"Motor Vehicle Traffic","GRINJ-008","Indiana","18","2002","2002",937,6155967,15.221004271,14.246397142,16.195611400,0.497248535,15.105445420,14.137244104,16.073646736,0.493980263
,"Motor Vehicle Traffic","GRINJ-008","Indiana","18","2003","2003",912,6196638,14.717658188,13.762451478,15.672864898,0.487350362,14.606973701,13.657355943,15.556591458,0.484498856
,"Motor Vehicle Traffic","GRINJ-008","Indiana","18","2004","2004",987,6233007,15.835053611,14.847144403,16.822962818,0.504035310,15.741483066,14.757140399,16.725825732,0.502215646
,"Motor Vehicle Traffic","GRINJ-008","Indiana","18","2005","2005",957,6278616,15.242212615,14.276499526,16.207925704,0.492710760,15.120865609,14.159322402,16.082408817,0.490583269
,"Motor Vehicle Traffic","GRINJ-008","Indiana","18","2006","2006",922,6332669,14.559421944,13.619623453,15.499220434,0.479489026,14.475782559,13.537039710,15.414525408,0.478950433
,"Motor Vehicle Traffic","GRINJ-008","Indiana","18","2007","2007",897,6379599,14.060444865,13.140294269,14.980595461,0.469464590,14.020796945,13.098186021,14.943407869,0.470719859
,"Motor Vehicle Traffic","GRINJ-008","Indiana","18","2008","2008",825,6424806,12.840854650,11.964614746,13.717094554,0.447061176,12.764020469,11.887105790,13.640935147,0.447405448
,"Motor Vehicle Traffic","GRINJ-008","Indiana","18","2009","2009",690,6459325,10.682230728,9.885166204,11.479295253,0.406665574,10.685751994,9.880950766,11.490553222,0.410612872
,"Motor Vehicle Traffic","GRINJ-008","Indiana","18","2010","2010",734,6483802,11.320518424,10.501536423,12.139500425,0.417847960,11.340751841,10.512497363,12.169006318,0.422578815
,"Motor Vehicle Traffic","GRINJ-008","Indiana","18","2011","2011",729,6516922,11.186262472,10.374222678,11.998302266,0.414306018,11.037614449,10.227303213,11.847925684,0.413424100
,"Motor Vehicle Traffic","GRINJ-008","Indiana","18","2012","2012",761,6537334,11.640830957,10.813750563,12.467911350,0.421979793,11.522649982,10.693228406,12.352071557,0.423174273
,"Motor Vehicle Traffic","GRINJ-008","Indiana","18","2013","2013",800,6570902,12.174888623,11.331211885,13.018565361,0.430447315,11.997658798,11.154192129,12.841125468,0.430340137
,"Motor Vehicle Traffic","GRINJ-008","Indiana","18","2014","2014",727,6596855,11.020402904,10.219303630,11.821502179,0.408724120,10.836186114,10.036372034,11.636000194,0.408068408
,"Motor Vehicle Traffic","GRINJ-008","Indiana","18","2015","2015",822,6619680,12.417518672,11.568621700,13.266415643,0.433110700,12.116734088,11.273586419,12.959881757,0.430177382
,"Motor Vehicle Traffic","GRINJ-008","Indiana","18","2016","2016",809,6633053,12.196495339,11.356035696,13.036954983,0.428805941,11.925288769,11.088035190,12.762542349,0.427170194
,"Motor Vehicle Traffic","GRINJ-008","Indiana","18","2017","2017",880,6666818,13.199700367,12.327575222,14.071825512,0.444961809,12.947999005,12.075682356,13.820315654,0.445059515
,"Motor Vehicle Traffic","GRINJ-008","Indiana","18","2018","2018",834,6691878,12.462869168,11.617023592,13.308714743,0.431553865,12.334145905,11.479784821,13.188506989,0.435898512
,"Motor Vehicle Traffic","GRINJ-008","Indiana","18","2019","2019",839,6732219,12.462458515,11.619164891,13.305752139,0.430251849,12.080418090,11.244254271,12.916581909,0.426614193
,"Motor Vehicle Traffic","GRINJ-008","Indiana","18","2020","2020",923,6754953,13.664047699,12.782522787,14.545572612,0.449757608,13.439686611,12.553630968,14.325742254,0.452069206
"Total","Motor Vehicle Traffic","GRINJ-008","Indiana","18",,,18735,141518257,13.238574582,13.049004216,13.428144948,0.096719575,13.114504232,12.925345147,13.303663317,0.096509737
,"Motor Vehicle Traffic","GRINJ-008","Iowa","19","1999","1999",483,2917634,16.554509579,15.078127294,18.030891864,0.753256268,16.213191379,14.760995566,17.665387192,0.740916231
,"Motor Vehicle Traffic","GRINJ-008","Iowa","19","2000","2000",457,2926324,15.616862658,14.185031653,17.048693662,0.730526023,15.094320247,13.702444390,16.486196104,0.710140744
,"Motor Vehicle Traffic","GRINJ-008","Iowa","19","2001","2001",432,2931997,14.733985062,13.344562256,16.123407868,0.708889187,14.401926343,13.035277283,15.768575402,0.697269928
,"Motor Vehicle Traffic","GRINJ-008","Iowa","19","2002","2002",408,2934234,13.904821497,12.555574662,15.254068331,0.688391242,13.434281403,12.121096925,14.747465881,0.669992081
,"Motor Vehicle Traffic","GRINJ-008","Iowa","19","2003","2003",445,2941999,15.125769927,13.720390615,16.531149239,0.717030261,14.600843924,13.232835912,15.968851935,0.697963271
,"Motor Vehicle Traffic","GRINJ-008","Iowa","19","2004","2004",393,2953635,13.305638645,11.990124504,14.621152786,0.671180684,12.793959554,11.516777306,14.071141801,0.651623596
,"Motor Vehicle Traffic","GRINJ-008","Iowa","19","2005","2005",442,2964454,14.909996917,13.519972304,16.300021530,0.709196231,14.451216641,13.090171314,15.812261968,0.694410881
,"Motor Vehicle Traffic","GRINJ-008","Iowa","19","2006","2006",431,2982644,14.450266274,13.086018398,15.814514149,0.696044834,13.847056597,12.522534772,15.171578422,0.675776441
,"Motor Vehicle Traffic","GRINJ-008","Iowa","19","2007","2007",435,2999212,14.503809667,13.140816952,15.866802383,0.695404447,14.186269023,12.836070424,15.536467623,0.688876836
,"Motor Vehicle Traffic","GRINJ-008","Iowa","19","2008","2008",416,3016734,13.789747455,12.464595387,15.114899523,0.676097994,13.438881119,12.127248577,14.750513661,0.669200276
,"Motor Vehicle Traffic","GRINJ-008","Iowa","19","2009","2009",361,3032870,11.902917039,10.675037176,13.130796902,0.626469318,11.912773487,10.663011595,13.162535379,0.637633618
,"Motor Vehicle Traffic","GRINJ-008","Iowa","19","2010","2010",376,3046355,12.342619294,11.095036196,13.590202392,0.636521989,11.936886384,10.706291981,13.167480788,0.627854288
,"Motor Vehicle Traffic","GRINJ-008","Iowa","19","2011","2011",379,3062309,12.376282080,11.130257339,13.622306821,0.635726909,12.079000742,10.840148156,13.317853329,0.632067646
,"Motor Vehicle Traffic","GRINJ-008","Iowa","19","2012","2012",342,3074186,11.124896151,9.945827795,12.303964508,0.601565488,10.997829899,9.802868351,12.192791447,0.609674259
,"Motor Vehicle Traffic","GRINJ-008","Iowa","19","2013","2013",323,3090416,10.451667348,9.311836546,11.591498150,0.581546328,10.123502843,8.996043084,11.250962603,0.575234571
,"Motor Vehicle Traffic","GRINJ-008","Iowa","19","2014","2014",315,3107126,10.137986036,9.018412864,11.257559208,0.571210802,9.768933037,8.665639920,10.872226154,0.562904652
,"Motor Vehicle Traffic","GRINJ-008","Iowa","19","2015","2015",333,3123899,10.659755645,9.514819664,11.804691627,0.584151011,10.076254981,8.965922822,11.186587141,0.566495999
,"Motor Vehicle Traffic","GRINJ-008","Iowa","19","2016","2016",403,3134693,12.856123391,11.600921513,14.111325269,0.640409121,12.706407062,11.435318976,13.977495147,0.648514329
,"Motor Vehicle Traffic","GRINJ-008","Iowa","19","2017","2017",371,3145711,11.793836115,10.593717409,12.993954822,0.612305462,11.299598963,10.117823119,12.481374808,0.602946860
,"Motor Vehicle Traffic","GRINJ-008","Iowa","19","2018","2018",341,3156145,10.804319827,9.657549852,11.951089801,0.585086722,10.257990422,9.139753014,11.376227829,0.570529289
,"Motor Vehicle Traffic","GRINJ-008","Iowa","19","2019","2019",351,3155070,11.124951269,9.961091569,12.288810969,0.593805969,10.598221195,9.455539929,11.740902461,0.583000646
,"Motor Vehicle Traffic","GRINJ-008","Iowa","19","2020","2020",340,3163561,10.747382459,9.604979507,11.889785412,0.582858649,10.600349881,9.444881066,11.755818696,0.589524905
"Total","Motor Vehicle Traffic","GRINJ-008","Iowa","19",,,8577,66861208,12.828066164,12.556578839,13.099553488,0.138513941,12.485598989,12.217576255,12.753621722,0.136746293
,"Motor Vehicle Traffic","GRINJ-008","Kansas","20","1999","1999",551,2678338,20.572459488,18.854683658,22.290235318,0.876416240,20.348924156,18.646840715,22.051007596,0.868409919
,"Motor Vehicle Traffic","GRINJ-008","Kansas","20","2000","2000",479,2688418,17.817169800,16.221558756,19.412780844,0.814087267,17.654692695,16.070865461,19.238519928,0.808075119
,"Motor Vehicle Traffic","GRINJ-008","Kansas","20","2001","2001",527,2702162,19.502901751,17.837764652,21.168038849,0.849559744,19.160377797,17.520337192,20.800418401,0.836755410
,"Motor Vehicle Traffic","GRINJ-008","Kansas","20","2002","2002",553,2713535,20.379320702,18.680751640,22.077889763,0.866616868,20.064498028,18.387179991,21.741816065,0.855774509
,"Motor Vehicle Traffic","GRINJ-008","Kansas","20","2003","2003",482,2723004,17.701039000,16.120768943,19.281309057,0.806260233,17.357095242,15.801710582,18.912479902,0.793563602
,"Motor Vehicle Traffic","GRINJ-008","Kansas","20","2004","2004",489,2734373,17.883441652,16.298355967,19.468527337,0.808717186,17.634535337,16.063701990,19.205368683,0.801445585
,"Motor Vehicle Traffic","GRINJ-008","Kansas","20","2005","2005",474,2745299,17.265878872,15.711504631,18.820253112,0.793048082,17.064411665,15.518687574,18.610135757,0.788634741
,"Motor Vehicle Traffic","GRINJ-008","Kansas","20","2006","2006",477,2762931,17.264274786,15.714940179,18.813609393,0.790476840,16.995105208,15.458862913,18.531347504,0.783797090
,"Motor Vehicle Traffic","GRINJ-008","Kansas","20","2007","2007",437,2783785,15.698051394,14.226209707,17.169893082,0.750939636,15.506585283,14.040184586,16.972985980,0.748163621
,"Motor Vehicle Traffic","GRINJ-008","Kansas","20","2008","2008",402,2808076,14.315851850,12.916392654,15.715311046,0.714009794,14.281765264,12.870932786,15.692597741,0.719812488
,"Motor Vehicle Traffic","GRINJ-008","Kansas","20","2009","2009",393,2832704,13.873669822,12.501995051,15.245344593,0.699834067,13.786274173,12.407371705,15.165176641,0.703521667
,"Motor Vehicle Traffic","GRINJ-008","Kansas","20","2010","2010",460,2853118,16.122712064,14.649330425,17.596093704,0.751725326,15.881444497,14.413904089,17.348984906,0.748745106
,"Motor Vehicle Traffic","GRINJ-008","Kansas","20","2011","2011",392,2871238,13.652647395,12.301104257,15.004190532,0.689562825,13.413863138,12.067278845,14.760447432,0.687032803
,"Motor Vehicle Traffic","GRINJ-008","Kansas","20","2012","2012",395,2885905,13.687214236,12.337404400,15.037024072,0.688678488,13.547217331,12.190592757,14.903841905,0.692155395
,"Motor Vehicle Traffic","GRINJ-008","Kansas","20","2013","2013",355,2893957,12.266941078,10.990860278,13.543021877,0.651061632,12.112411378,10.832135213,13.392687543,0.653202125
,"Motor Vehicle Traffic","GRINJ-008","Kansas","20","2014","2014",363,2904021,12.499909608,11.214002398,13.785816818,0.656075107,12.147716369,10.875601619,13.419831119,0.649038138
,"Motor Vehicle Traffic","GRINJ-008","Kansas","20","2015","2015",380,2911641,13.051059523,11.738829278,14.363289768,0.669505227,12.754415993,11.446586213,14.062245773,0.667260092
,"Motor Vehicle Traffic","GRINJ-008","Kansas","20","2016","2016",417,2907289,14.343259305,12.966570142,15.719948468,0.702392430,13.894988224,12.533472290,15.256504158,0.694650987
,"Motor Vehicle Traffic","GRINJ-008","Kansas","20","2017","2017",439,2913123,15.069737872,13.660028753,16.479446992,0.719239347,14.921465228,13.495511215,16.347419240,0.727527557
,"Motor Vehicle Traffic","GRINJ-008","Kansas","20","2018","2018",397,2911505,13.635559616,12.294235341,14.976883891,0.684349120,13.503666359,12.145031628,14.862301091,0.693180985
,"Motor Vehicle Traffic","GRINJ-008","Kansas","20","2019","2019",383,2913314,13.146540332,11.829896944,14.463183720,0.671756831,12.783672903,11.471398283,14.095947523,0.669527867
,"Motor Vehicle Traffic","GRINJ-008","Kansas","20","2020","2020",402,2913805,13.796393376,12.447714318,15.145072433,0.688101560,13.228713745,11.900520207,14.556907282,0.677649764
"Total","Motor Vehicle Traffic","GRINJ-008","Kansas","20",,,9647,62051541,15.546753303,15.236511983,15.856994623,0.158286388,15.343784063,15.034863438,15.652704689,0.157612564
,"Motor Vehicle Traffic","GRINJ-008","Kentucky","21","1999","1999",781,4018053,19.437274720,18.074054788,20.800494652,0.695520373,19.227587690,17.877375717,20.577799663,0.688883660
,"Motor Vehicle Traffic","GRINJ-008","Kentucky","21","2000","2000",794,4041769,19.644863425,18.278409998,21.011316851,0.697170115,19.497887882,18.140872357,20.854903408,0.692354860
,"Motor Vehicle Traffic","GRINJ-008","Kentucky","21","2001","2001",820,4068132,20.156671416,18.777024478,21.536318354,0.703901499,19.999985940,18.629932322,21.370039557,0.699006948
,"Motor Vehicle Traffic","GRINJ-008","Kentucky","21","2002","2002",884,4089875,21.614352517,20.189492601,23.039212433,0.726969345,21.470094182,20.052860628,22.887327736,0.723078344
,"Motor Vehicle Traffic","GRINJ-008","Kentucky","21","2003","2003",886,4117170,21.519636061,20.102622088,22.936650033,0.722966313,21.324596760,19.917221945,22.731971575,0.718048375
,"Motor Vehicle Traffic","GRINJ-008","Kentucky","21","2004","2004",942,4146101,22.720141164,21.269227251,24.171055077,0.740262201,22.616937761,21.168949252,24.064926270,0.738769647
,"Motor Vehicle Traffic","GRINJ-008","Kentucky","21","2005","2005",949,4182742,22.688466083,21.244928483,24.132003682,0.736498775,22.424331056,20.991979210,23.856682903,0.730791758
,"Motor Vehicle Traffic","GRINJ-008","Kentucky","21","2006","2006",888,4219239,21.046449372,19.662155082,22.430743661,0.706272597,20.970949183,19.585361025,22.356537341,0.706932734
,"Motor Vehicle Traffic","GRINJ-008","Kentucky","21","2007","2007",804,4256672,18.887995129,17.582383802,20.193606455,0.666128228,18.827587142,17.518398423,20.136775862,0.667953428
,"Motor Vehicle Traffic","GRINJ-008","Kentucky","21","2008","2008",801,4289878,18.671859666,17.378773731,19.964945601,0.659737722,18.569698662,17.273945967,19.865451357,0.661098314
,"Motor Vehicle Traffic","GRINJ-008","Kentucky","21","2009","2009",771,4317074,17.859318603,16.598670812,19.119966395,0.643187649,17.762415239,16.497146284,19.027684195,0.645545385
,"Motor Vehicle Traffic","GRINJ-008","Kentucky","21","2010","2010",787,4339367,18.136285776,16.869167790,19.403403762,0.646488769,18.045008914,16.771273560,19.318744269,0.649864977
,"Motor Vehicle Traffic","GRINJ-008","Kentucky","21","2011","2011",726,4369356,16.615720944,15.407053148,17.824388740,0.616667243,16.467185686,15.254719863,17.679651510,0.618605012
,"Motor Vehicle Traffic","GRINJ-008","Kentucky","21","2012","2012",779,4380415,17.783703142,16.534855257,19.032551027,0.637167288,17.731523195,16.468832066,18.994214324,0.644230168
,"Motor Vehicle Traffic","GRINJ-008","Kentucky","21","2013","2013",657,4395295,14.947802138,13.804790304,16.090813973,0.583169303,14.450218595,13.326325389,15.574111801,0.573414901
,"Motor Vehicle Traffic","GRINJ-008","Kentucky","21","2014","2014",664,4413457,15.044895645,13.900539486,16.189251804,0.583855183,14.973410803,13.815969490,16.130852117,0.590531283
,"Motor Vehicle Traffic","GRINJ-008","Kentucky","21","2015","2015",793,4425092,17.920531370,16.673232983,19.167829757,0.636376728,17.735401735,16.478719001,18.992084469,0.641164660
,"Motor Vehicle Traffic","GRINJ-008","Kentucky","21","2016","2016",841,4436974,18.954359435,17.673306177,20.235412693,0.653598601,18.482865892,17.208079004,19.757652779,0.650401473
,"Motor Vehicle Traffic","GRINJ-008","Kentucky","21","2017","2017",799,4454189,17.938170114,16.694340708,19.181999519,0.634606840,17.641959355,16.392628524,18.891290187,0.637413689
,"Motor Vehicle Traffic","GRINJ-008","Kentucky","21","2018","2018",734,4468402,16.426454021,15.238083517,17.614824525,0.606311482,16.102640358,14.910297659,17.294983057,0.608338112
,"Motor Vehicle Traffic","GRINJ-008","Kentucky","21","2019","2019",735,4467673,16.451517378,15.262143592,17.640891164,0.606823360,16.080129016,14.888411332,17.271846700,0.608019226
,"Motor Vehicle Traffic","GRINJ-008","Kentucky","21","2020","2020",817,4477251,18.247804289,16.996520962,19.499087615,0.638409860,18.046495532,16.779270523,19.313720541,0.646543372
"Total","Motor Vehicle Traffic","GRINJ-008","Kentucky","21",,,17652,94374176,18.704269270,18.428338674,18.980199865,0.140780916,18.533375589,18.257718003,18.809033175,0.140641625
,"Motor Vehicle Traffic","GRINJ-008","Louisiana","22","1999","1999",948,4460811,21.251740995,19.898901054,22.604580937,0.690224460,21.237093773,19.880815705,22.593371841,0.691978606
,"Motor Vehicle Traffic","GRINJ-008","Louisiana","22","2000","2000",986,4468976,22.063219852,20.686053172,23.440386531,0.702636061,22.017071039,20.639131563,23.395010515,0.703030345
,"Motor Vehicle Traffic","GRINJ-008","Louisiana","22","2001","2001",958,4477875,21.394076431,20.039302411,22.748850452,0.691211235,21.424280429,20.063512942,22.785047916,0.694269126
,"Motor Vehicle Traffic","GRINJ-008","Louisiana","22","2002","2002",927,4497267,20.612518670,19.285590951,21.939446388,0.677003938,20.531306178,19.204780598,21.857831758,0.676798765
,"Motor Vehicle Traffic","GRINJ-008","Louisiana","22","2003","2003",934,4521042,20.658954285,19.334030283,21.983878288,0.675981634,20.590388905,19.264090856,21.916686954,0.676682678
,"Motor Vehicle Traffic","GRINJ-008","Louisiana","22","2004","2004",999,4552238,21.945249787,20.584388512,23.306111062,0.694316977,21.829860909,20.469564942,23.190156875,0.694028555
,"Motor Vehicle Traffic","GRINJ-008","Louisiana","22","2005","2005",996,4576628,21.762747595,20.411172666,23.114322524,0.689579045,21.527244313,20.182950242,22.871538384,0.685864322
,"Motor Vehicle Traffic","GRINJ-008","Louisiana","22","2006","2006",989,4302665,22.985754178,21.553181436,24.418326920,0.730904460,22.898252825,21.462190446,24.334315205,0.732684887
,"Motor Vehicle Traffic","GRINJ-008","Louisiana","22","2007","2007",1008,4375581,23.036940694,21.614773653,24.459107735,0.725595429,22.944476535,21.517062586,24.371890484,0.728272423
,"Motor Vehicle Traffic","GRINJ-008","Louisiana","22","2008","2008",886,4435586,19.974812798,18.659521556,21.290104040,0.671066960,19.953080843,18.628202464,21.277959222,0.675958357
,"Motor Vehicle Traffic","GRINJ-008","Louisiana","22","2009","2009",814,4491648,18.122524294,16.877543764,19.367504824,0.635194148,18.115101314,16.857224585,19.372978043,0.641773841
,"Motor Vehicle Traffic","GRINJ-008","Louisiana","22","2010","2010",701,4533372,15.463103403,14.318398027,16.607808779,0.584033355,15.386286345,14.233879461,16.538693230,0.587962696
,"Motor Vehicle Traffic","GRINJ-008","Louisiana","22","2011","2011",719,4574836,15.716410381,14.567608900,16.865211861,0.586123204,15.615094377,14.458183931,16.772004824,0.590260432
,"Motor Vehicle Traffic","GRINJ-008","Louisiana","22","2012","2012",1022,4601893,22.208252126,20.846666360,23.569837892,0.694686615,21.816084685,20.459045838,23.173123532,0.692366758
,"Motor Vehicle Traffic","GRINJ-008","Louisiana","22","2013","2013",727,4625470,15.717321699,14.574792236,16.859851162,0.582923195,15.696088803,14.537311969,16.854865636,0.591212670
,"Motor Vehicle Traffic","GRINJ-008","Louisiana","22","2014","2014",768,4649676,16.517279914,15.349088553,17.685471274,0.596016000,16.411331177,15.230659334,17.592003021,0.602383594
,"Motor Vehicle Traffic","GRINJ-008","Louisiana","22","2015","2015",782,4670724,16.742586374,15.569107588,17.916065160,0.598713666,16.494213840,15.317969523,17.670458157,0.600124652
,"Motor Vehicle Traffic","GRINJ-008","Louisiana","22","2016","2016",807,4681666,17.237453505,16.048150786,18.426756224,0.606787102,17.157015048,15.952067222,18.361962875,0.614769299
,"Motor Vehicle Traffic","GRINJ-008","Louisiana","22","2017","2017",793,4684333,16.928770862,15.750500634,18.107041091,0.601158280,16.978633386,15.773978387,18.183288384,0.614619897
,"Motor Vehicle Traffic","GRINJ-008","Louisiana","22","2018","2018",788,4659978,16.909951077,15.729262630,18.090639524,0.602392065,16.752051255,15.559700946,17.944401564,0.608341994
,"Motor Vehicle Traffic","GRINJ-008","Louisiana","22","2019","2019",728,4648794,15.659975469,14.522396750,16.797554188,0.580397306,15.849636462,14.675500684,17.023772241,0.599048867
,"Motor Vehicle Traffic","GRINJ-008","Louisiana","22","2020","2020",821,4645318,17.673709313,16.464748566,18.882670061,0.616816708,17.525770728,16.301488257,18.750053199,0.624633914
"Total","Motor Vehicle Traffic","GRINJ-008","Louisiana","22",,,19101,100136377,19.074986106,18.804470547,19.345501665,0.138018142,19.055330798,18.783078649,19.327582947,0.138904158
,"Motor Vehicle Traffic","GRINJ-008","Maine","23","1999","1999",191,1266808,15.077265063,12.938997944,17.215532182,1.090952612,15.180658534,13.018800802,17.342516267,1.102988639
,"Motor Vehicle Traffic","GRINJ-008","Maine","23","2000","2000",166,1274923,13.020394173,11.039660160,15.001128186,1.010578578,12.968764747,10.984325063,14.953204431,1.012469226
,"Motor Vehicle Traffic","GRINJ-008","Maine","23","2001","2001",190,1285692,14.778033930,12.676695853,16.879372008,1.072111264,14.534923968,12.455098742,16.614749194,1.061135319
,"Motor Vehicle Traffic","GRINJ-008","Maine","23","2002","2002",203,1295960,15.664063706,13.509236286,17.818891125,1.099401745,15.360610084,13.232869091,17.488351077,1.085582139
,"Motor Vehicle Traffic","GRINJ-008","Maine","23","2003","2003",191,1306513,14.619066171,12.545781104,16.692351237,1.057798503,14.308431778,12.260349465,16.356514090,1.044939955
,"Motor Vehicle Traffic","GRINJ-008","Maine","23","2004","2004",167,1313688,12.712303073,10.784236284,14.640369863,0.983707546,12.722174981,10.772340960,14.672009002,0.994813276
,"Motor Vehicle Traffic","GRINJ-008","Maine","23","2005","2005",179,1318787,13.573078898,11.584659782,15.561498012,1.014499548,13.353309490,11.372457565,15.334161416,1.010638737
,"Motor Vehicle Traffic","GRINJ-008","Maine","23","2006","2006",182,1323619,13.750180377,11.752487262,15.747873491,1.019231181,13.482871606,11.494619602,15.471123610,1.014414288
,"Motor Vehicle Traffic","GRINJ-008","Maine","23","2007","2007",179,1327040,13.488666506,11.512613576,15.464719435,1.008190270,13.316908488,11.329553191,15.304263785,1.013956784
,"Motor Vehicle Traffic","GRINJ-008","Maine","23","2008","2008",161,1330509,12.100632164,10.231451874,13.969812454,0.953663413,11.551590519,9.724527537,13.378653502,0.932174991
,"Motor Vehicle Traffic","GRINJ-008","Maine","23","2009","2009",154,1329590,11.582517919,9.753159971,13.411875867,0.933345892,11.208870332,9.390346616,13.027394047,0.927818222
,"Motor Vehicle Traffic","GRINJ-008","Maine","23","2010","2010",158,1328361,11.894357031,10.039679125,13.749034937,0.946264238,11.266290119,9.458185499,13.074394739,0.922502357
,"Motor Vehicle Traffic","GRINJ-008","Maine","23","2011","2011",140,1328188,10.540676470,8.794610947,12.286741994,0.890849757,10.143994513,8.406513541,11.881475485,0.886469884
,"Motor Vehicle Traffic","GRINJ-008","Maine","23","2012","2012",156,1329192,11.736453424,9.894703538,13.578203311,0.939668310,11.381472816,9.535429386,13.227516245,0.941858892
,"Motor Vehicle Traffic","GRINJ-008","Maine","23","2013","2013",145,1328302,10.916192252,9.139373021,12.693011482,0.906540424,10.230924486,8.496777453,11.965071520,0.884768895
,"Motor Vehicle Traffic","GRINJ-008","Maine","23","2014","2014",132,1330089,9.924147933,8.231126972,11.617168894,0.863786205,9.479784064,7.788091827,11.171476300,0.863108284
,"Motor Vehicle Traffic","GRINJ-008","Maine","23","2015","2015",144,1329328,10.832540953,9.063225931,12.601855975,0.902711746,10.835399319,8.998381556,12.672417082,0.937253961
,"Motor Vehicle Traffic","GRINJ-008","Maine","23","2016","2016",168,1331479,12.617547855,10.709556551,14.525539159,0.973464951,12.319091206,10.380545250,14.257637162,0.989054059
,"Motor Vehicle Traffic","GRINJ-008","Maine","23","2017","2017",177,1335907,13.249425297,11.297485229,15.201365365,0.995887790,12.770074102,10.801996064,14.738152140,1.004121448
,"Motor Vehicle Traffic","GRINJ-008","Maine","23","2018","2018",150,1338404,11.207378340,9.413824265,13.000932415,0.915078610,10.425172584,8.658243297,12.192101871,0.901494534
,"Motor Vehicle Traffic","GRINJ-008","Maine","23","2019","2019",159,1344212,11.828491339,9.989892992,13.667089687,0.938060381,11.097001805,9.265336419,12.928667191,0.934523156
,"Motor Vehicle Traffic","GRINJ-008","Maine","23","2020","2020",171,1350141,12.665343842,10.766999462,14.563688221,0.968543051,12.146206870,10.227655635,14.064758105,0.978852671
"Total","Motor Vehicle Traffic","GRINJ-008","Maine","23",,,3663,29046732,12.610712971,12.202320946,13.019104996,0.208363278,12.259980987,11.853605673,12.666356300,0.207334344
,"Motor Vehicle Traffic","GRINJ-008","Maryland","24","1999","1999",598,5254509,11.380701794,10.468534443,12.292869144,0.465391505,11.720279061,10.777564543,12.662993580,0.480976795
,"Motor Vehicle Traffic","GRINJ-008","Maryland","24","2000","2000",597,5296486,11.271624243,10.367443177,12.175805308,0.461316870,11.515637362,10.589017404,12.442257321,0.472765285
,"Motor Vehicle Traffic","GRINJ-008","Maryland","24","2001","2001",689,5374691,12.819341614,11.862120695,13.776562534,0.488378020,13.059949644,12.082420750,14.037478538,0.498739231
,"Motor Vehicle Traffic","GRINJ-008","Maryland","24","2002","2002",707,5440389,12.995394263,12.037459742,13.953328785,0.488742103,13.116763800,12.146905336,14.086622264,0.494825747
,"Motor Vehicle Traffic","GRINJ-008","Maryland","24","2003","2003",692,5496269,12.590359023,11.652276298,13.528441749,0.478613636,12.660732596,11.714218791,13.607246401,0.482915207
,"Motor Vehicle Traffic","GRINJ-008","Maryland","24","2004","2004",661,5546935,11.916490819,11.008035181,12.824946456,0.463497774,11.983770982,11.066718911,12.900823054,0.467883710
,"Motor Vehicle Traffic","GRINJ-008","Maryland","24","2005","2005",607,5592379,10.854056923,9.990573865,11.717539980,0.440552580,10.872938316,10.004924663,11.740951969,0.442864109
,"Motor Vehicle Traffic","GRINJ-008","Maryland","24","2006","2006",710,5627367,12.616913025,11.688844581,13.544981469,0.473504308,12.595854336,11.665207789,13.526500882,0.474819667
,"Motor Vehicle Traffic","GRINJ-008","Maryland","24","2007","2007",650,5653408,11.497489656,10.613591108,12.381388204,0.450968647,11.450465756,10.565842550,12.335088963,0.451338370
,"Motor Vehicle Traffic","GRINJ-008","Maryland","24","2008","2008",622,5684965,10.941140359,10.081288829,11.800991889,0.438699760,10.864767363,10.005862503,11.723672223,0.438216765
,"Motor Vehicle Traffic","GRINJ-008","Maryland","24","2009","2009",592,5730388,10.330888589,9.498678654,11.163098524,0.424596906,10.159188900,9.334111931,10.984265868,0.420957637
,"Motor Vehicle Traffic","GRINJ-008","Maryland","24","2010","2010",488,5773552,8.452335754,7.702402002,9.202269507,0.382619262,8.324165894,7.578928363,9.069403424,0.380223230
,"Motor Vehicle Traffic","GRINJ-008","Maryland","24","2011","2011",506,5828289,8.681793233,7.925325773,9.438260693,0.385952786,8.461765574,7.716855127,9.206676021,0.380056350
,"Motor Vehicle Traffic","GRINJ-008","Maryland","24","2012","2012",536,5884563,9.108577816,8.337453764,9.879701868,0.393430639,8.864481163,8.104552726,9.624409600,0.387718591
,"Motor Vehicle Traffic","GRINJ-008","Maryland","24","2013","2013",515,5928814,8.686391579,7.936166012,9.436617145,0.382768146,8.417107977,7.679503196,9.154712758,0.376328970
,"Motor Vehicle Traffic","GRINJ-008","Maryland","24","2014","2014",459,5976407,7.680199826,6.977577010,8.382822642,0.358481029,7.466872745,6.773429899,8.160315591,0.353797370
,"Motor Vehicle Traffic","GRINJ-008","Maryland","24","2015","2015",507,6006401,8.440994865,7.706234489,9.175755241,0.374877743,8.106266761,7.388703021,8.823830501,0.366103949
,"Motor Vehicle Traffic","GRINJ-008","Maryland","24","2016","2016",556,6016447,9.241334628,8.473171651,10.009497606,0.391919886,9.120614451,8.350086828,9.891142075,0.393126339
,"Motor Vehicle Traffic","GRINJ-008","Maryland","24","2017","2017",567,6052177,9.368529704,8.597384823,10.139674585,0.393441266,9.073603947,8.312263949,9.834943945,0.388438774
,"Motor Vehicle Traffic","GRINJ-008","Maryland","24","2018","2018",509,6042718,8.423361805,7.691578267,9.155145343,0.373358948,8.255637106,7.525546753,8.985727459,0.372495078
,"Motor Vehicle Traffic","GRINJ-008","Maryland","24","2019","2019",537,6045680,8.882375514,8.131102035,9.633648994,0.383302796,8.646431139,7.900268993,9.392593285,0.380694973
,"Motor Vehicle Traffic","GRINJ-008","Maryland","24","2020","2020",618,6055802,10.205089268,9.400491837,11.009686700,0.410508894,10.000136586,9.196304084,10.803969088,0.410118623
"Total","Motor Vehicle Traffic","GRINJ-008","Maryland","24",,,12923,126308636,10.231287748,10.054885263,10.407690233,0.090001268,10.134567198,9.958726367,10.310408030,0.089714710
,"Motor Vehicle Traffic","GRINJ-008","Massachusetts","25","1999","1999",434,6317345,6.869974649,6.223626751,7.516322548,0.329769336,6.766864292,6.128496987,7.405231597,0.325697605
,"Motor Vehicle Traffic","GRINJ-008","Massachusetts","25","2000","2000",475,6349097,7.481378848,6.808571209,8.154186487,0.343269204,7.405635354,6.738233861,8.073036846,0.340510965
,"Motor Vehicle Traffic","GRINJ-008","Massachusetts","25","2001","2001",540,6397634,8.440620392,7.728696513,9.152544271,0.363226469,8.285613148,7.585609457,8.985616839,0.357144740
,"Motor Vehicle Traffic","GRINJ-008","Massachusetts","25","2002","2002",537,6417206,8.368127811,7.660349528,9.075906095,0.361111369,8.197895411,7.503355396,8.892435426,0.354357150
,"Motor Vehicle Traffic","GRINJ-008","Massachusetts","25","2003","2003",513,6422565,7.987462953,7.296258948,8.678666958,0.352655104,7.808388478,7.131205717,8.485571239,0.345501409
,"Motor Vehicle Traffic","GRINJ-008","Massachusetts","25","2004","2004",511,6412281,7.969083077,7.278121376,8.660044777,0.352531480,7.751764081,7.077496259,8.426031904,0.344014195
,"Motor Vehicle Traffic","GRINJ-008","Massachusetts","25","2005","2005",459,6403290,7.168190102,6.512408478,7.823971726,0.334582461,6.910039847,6.275130523,7.544949171,0.323933329
,"Motor Vehicle Traffic","GRINJ-008","Massachusetts","25","2006","2006",459,6410084,7.160592591,6.505506025,7.815679157,0.334227840,6.843592836,6.213842412,7.473343260,0.321301237
,"Motor Vehicle Traffic","GRINJ-008","Massachusetts","25","2007","2007",422,6431559,6.561395145,5.935363858,7.187426433,0.319403718,6.319313909,5.712597313,6.926030506,0.309549284
,"Motor Vehicle Traffic","GRINJ-008","Massachusetts","25","2008","2008",342,6468967,5.286779172,4.726461669,5.847096675,0.285876277,4.989936788,4.456546420,5.523327155,0.272137943
,"Motor Vehicle Traffic","GRINJ-008","Massachusetts","25","2009","2009",370,6517613,5.676924972,5.098471591,6.255378353,0.295129276,5.429802362,4.871027155,5.988577568,0.285089391
,"Motor Vehicle Traffic","GRINJ-008","Massachusetts","25","2010","2010",366,6547629,5.589809685,5.017128981,6.162490390,0.292184033,5.227176510,4.685049843,5.769303177,0.276595238
,"Motor Vehicle Traffic","GRINJ-008","Massachusetts","25","2011","2011",386,6587536,5.859550521,5.274993714,6.444107328,0.298243269,5.540914207,4.981014954,6.100813461,0.285662884
,"Motor Vehicle Traffic","GRINJ-008","Massachusetts","25","2012","2012",376,6646144,5.657415789,5.085568262,6.229263315,0.291758942,5.353479661,4.804289512,5.902669811,0.280199056
,"Motor Vehicle Traffic","GRINJ-008","Massachusetts","25","2013","2013",361,6692824,5.393836742,4.837419899,5.950253585,0.283886144,5.045823913,4.515297887,5.576349939,0.270676544
,"Motor Vehicle Traffic","GRINJ-008","Massachusetts","25","2014","2014",392,6745408,5.811360855,5.236065481,6.386656228,0.293518048,5.489725753,4.935662840,6.043788666,0.282685160
,"Motor Vehicle Traffic","GRINJ-008","Massachusetts","25","2015","2015",375,6794422,5.519233277,4.960609794,6.077856759,0.285011981,5.133631229,4.603680284,5.663582174,0.270383135
,"Motor Vehicle Traffic","GRINJ-008","Massachusetts","25","2016","2016",444,6811779,6.518121037,5.911821821,7.124420254,0.309336335,6.019535196,5.446429067,6.592641325,0.292401086
,"Motor Vehicle Traffic","GRINJ-008","Massachusetts","25","2017","2017",402,6859819,5.860212930,5.287342453,6.433083406,0.292280855,5.518089207,4.965252364,6.070926050,0.282059614
,"Motor Vehicle Traffic","GRINJ-008","Massachusetts","25","2018","2018",386,6902149,5.592461131,5.034549528,6.150372733,0.284648777,5.227315819,4.692170882,5.762460757,0.273033131
,"Motor Vehicle Traffic","GRINJ-008","Massachusetts","25","2019","2019",378,6892503,5.484219593,4.931347069,6.037092118,0.282077818,4.904489642,4.396141214,5.412838071,0.259361443
,"Motor Vehicle Traffic","GRINJ-008","Massachusetts","25","2020","2020",377,6893574,5.468861290,4.916806345,6.020916235,0.281660686,5.074962969,4.548585875,5.601340063,0.268559742
"Total","Motor Vehicle Traffic","GRINJ-008","Massachusetts","25",,,9305,144921428,6.420720613,6.290259327,6.551181899,0.066561881,6.110997127,5.985789646,6.236204607,0.063881367
,"Motor Vehicle Traffic","GRINJ-008","Michigan","26","1999","1999",1355,9897116,13.690857013,12.961874588,14.419839439,0.371929809,13.775536725,13.041826507,14.509246942,0.374341948
,"Motor Vehicle Traffic","GRINJ-008","Michigan","26","2000","2000",1438,9938444,14.469065781,13.721211267,15.216920295,0.381558426,14.570628424,13.817366336,15.323890513,0.384317392
,"Motor Vehicle Traffic","GRINJ-008","Michigan","26","2001","2001",1370,9991120,13.712176413,12.986066811,14.438286014,0.370464083,13.769550215,13.040098875,14.499001554,0.372169051
,"Motor Vehicle Traffic","GRINJ-008","Michigan","26","2002","2002",1321,10015710,13.189279642,12.478023976,13.900535307,0.362885544,13.207402804,12.493971269,13.920834338,0.363995681
,"Motor Vehicle Traffic","GRINJ-008","Michigan","26","2003","2003",1320,10041152,13.145901984,12.436717059,13.855086910,0.361829044,13.089476266,12.382046340,13.796906192,0.360933636
,"Motor Vehicle Traffic","GRINJ-008","Michigan","26","2004","2004",1233,10055315,12.262171797,11.577721479,12.946622115,0.349209346,12.216615162,11.532786229,12.900444094,0.348892313
,"Motor Vehicle Traffic","GRINJ-008","Michigan","26","2005","2005",1174,10051137,11.680270600,11.012119132,12.348422069,0.340893606,11.619346895,10.951763869,12.286929921,0.340603585
,"Motor Vehicle Traffic","GRINJ-008","Michigan","26","2006","2006",1126,10036081,11.219518854,10.564187256,11.874850452,0.334352856,11.114249271,10.461049531,11.767449011,0.333265173
,"Motor Vehicle Traffic","GRINJ-008","Michigan","26","2007","2007",1160,10001284,11.598510751,10.931044508,12.265976994,0.340544002,11.404508261,10.743206132,12.065810390,0.337399045
,"Motor Vehicle Traffic","GRINJ-008","Michigan","26","2008","2008",1043,9946889,10.485690551,9.849318710,11.122062392,0.324679511,10.302666265,9.671037041,10.934295489,0.322259808
,"Motor Vehicle Traffic","GRINJ-008","Michigan","26","2009","2009",899,9901591,9.079348965,8.485835011,9.672862919,0.302813242,8.908565634,8.319060203,9.498071065,0.300768077
,"Motor Vehicle Traffic","GRINJ-008","Michigan","26","2010","2010",989,9883640,10.006434876,9.382790086,10.630079667,0.318186117,9.705739636,9.091945781,10.319533491,0.313160130
,"Motor Vehicle Traffic","GRINJ-008","Michigan","26","2011","2011",965,9876187,9.770977402,9.154481175,10.387473630,0.314538892,9.500697721,8.891492113,10.109903329,0.310819188
,"Motor Vehicle Traffic","GRINJ-008","Michigan","26","2012","2012",1006,9883360,10.178724644,9.549724932,10.807724357,0.320918221,9.927355854,9.301489221,10.553222487,0.319319711
,"Motor Vehicle Traffic","GRINJ-008","Michigan","26","2013","2013",993,9895622,10.034740616,9.410592594,10.658888637,0.318442868,9.752497411,9.131811449,10.373183373,0.316676511
,"Motor Vehicle Traffic","GRINJ-008","Michigan","26","2014","2014",953,9909877,9.616668300,9.006099993,10.227236607,0.311514442,9.285185890,8.681969113,9.888402668,0.307763662
,"Motor Vehicle Traffic","GRINJ-008","Michigan","26","2015","2015",840,9922576,8.465543625,7.893049175,9.038038074,0.292089005,8.148318212,7.583708825,8.712927599,0.288066014
,"Motor Vehicle Traffic","GRINJ-008","Michigan","26","2016","2016",936,9928300,9.427595862,8.823620665,10.031571059,0.308150611,9.111053359,8.510681123,9.711425595,0.306312365
,"Motor Vehicle Traffic","GRINJ-008","Michigan","26","2017","2017",1007,9962311,10.108096404,9.483771425,10.732421384,0.318533153,9.708362612,9.091369393,10.325355831,0.314792459
,"Motor Vehicle Traffic","GRINJ-008","Michigan","26","2018","2018",988,9995915,9.884037629,9.267709501,10.500365758,0.314453127,9.413641009,8.808279766,10.019002251,0.308857777
,"Motor Vehicle Traffic","GRINJ-008","Michigan","26","2019","2019",1017,9986857,10.183384022,9.557508860,10.809259183,0.319324062,9.759974047,9.140768948,10.379179147,0.315920969
,"Motor Vehicle Traffic","GRINJ-008","Michigan","26","2020","2020",1175,9966555,11.789429748,11.115321040,12.463538455,0.343933014,11.363326302,10.693076069,12.033576535,0.341964405
"Total","Motor Vehicle Traffic","GRINJ-008","Michigan","26",,,24308,219087039,11.095133747,10.955653085,11.234614409,0.071163603,10.881029662,10.742904029,11.019155296,0.070472262
,"Motor Vehicle Traffic","GRINJ-008","Minnesota","27","1999","1999",609,4873481,12.496201381,11.503712978,13.488689783,0.506371634,12.510013366,11.515293508,13.504733223,0.507510131
,"Motor Vehicle Traffic","GRINJ-008","Minnesota","27","2000","2000",643,4919479,13.070489781,12.060208173,14.080771390,0.515449800,13.056668173,12.046682482,14.066653863,0.515298822
,"Motor Vehicle Traffic","GRINJ-008","Minnesota","27","2001","2001",588,4982796,11.800603517,10.846772090,12.754434943,0.486648687,11.794363406,10.839973015,12.748753798,0.486933873
,"Motor Vehicle Traffic","GRINJ-008","Minnesota","27","2002","2002",697,5018935,13.887408384,12.856403105,14.918413664,0.526023102,13.736548048,12.715491708,14.757604387,0.520947112
,"Motor Vehicle Traffic","GRINJ-008","Minnesota","27","2003","2003",654,5053572,12.941341293,11.949490173,13.933192413,0.506046490,12.792722345,11.810405804,13.775038887,0.501181909
,"Motor Vehicle Traffic","GRINJ-008","Minnesota","27","2004","2004",605,5087713,11.891394031,10.943824355,12.838963707,0.483453916,11.728578036,10.791525373,12.665630698,0.478088093
,"Motor Vehicle Traffic","GRINJ-008","Minnesota","27","2005","2005",590,5119598,11.524342341,10.594420996,12.454263686,0.474449666,11.333817998,10.415767388,12.251868608,0.468393168
,"Motor Vehicle Traffic","GRINJ-008","Minnesota","27","2006","2006",550,5163555,10.651576288,9.761374200,11.541778376,0.454184739,10.514042764,9.631455555,11.396629972,0.450299596
,"Motor Vehicle Traffic","GRINJ-008","Minnesota","27","2007","2007",578,5207203,11.100008968,10.195077935,12.004940001,0.461699507,10.973172501,10.072842278,11.873502725,0.459352155
,"Motor Vehicle Traffic","GRINJ-008","Minnesota","27","2008","2008",497,5247018,9.472046789,8.639283232,10.304810347,0.424879366,9.270377917,8.448494779,10.092261055,0.419328132
,"Motor Vehicle Traffic","GRINJ-008","Minnesota","27","2009","2009",463,5281203,8.766941926,7.968370612,9.565513240,0.407434344,8.632757408,7.837675177,9.427839640,0.405654199
,"Motor Vehicle Traffic","GRINJ-008","Minnesota","27","2010","2010",466,5303925,8.785946257,7.988224099,9.583668415,0.407001101,8.622848560,7.830132725,9.415564395,0.404446855
,"Motor Vehicle Traffic","GRINJ-008","Minnesota","27","2011","2011",410,5344861,7.670919786,6.928393925,8.413445648,0.378839725,7.457504948,6.725059950,8.189949947,0.373696428
,"Motor Vehicle Traffic","GRINJ-008","Minnesota","27","2012","2012",455,5379139,8.458602761,7.681373750,9.235831773,0.396545414,8.265538434,7.495072790,9.036004077,0.393094716
,"Motor Vehicle Traffic","GRINJ-008","Minnesota","27","2013","2013",441,5420380,8.135960947,7.376604592,8.895317303,0.387426712,7.844827509,7.100432278,8.589222741,0.379793486
,"Motor Vehicle Traffic","GRINJ-008","Minnesota","27","2014","2014",395,5457173,7.238179915,6.524362897,7.951996932,0.364192356,7.003545744,6.301292937,7.705798551,0.358292248
,"Motor Vehicle Traffic","GRINJ-008","Minnesota","27","2015","2015",438,5489594,7.978732125,7.231504532,8.725959717,0.381238568,7.684090507,6.950697157,8.417483857,0.374180281
,"Motor Vehicle Traffic","GRINJ-008","Minnesota","27","2016","2016",442,5519952,8.007316006,7.260812408,8.753819603,0.380869182,7.759043479,7.019728720,8.498358239,0.377201408
,"Motor Vehicle Traffic","GRINJ-008","Minnesota","27","2017","2017",411,5576606,7.370074199,6.657537856,8.082610542,0.363538951,7.101003887,6.399377158,7.802630616,0.357972821
,"Motor Vehicle Traffic","GRINJ-008","Minnesota","27","2018","2018",447,5611179,7.966240250,7.227731390,8.704749110,0.376790234,7.623699787,6.901140971,8.346258602,0.368652457
,"Motor Vehicle Traffic","GRINJ-008","Minnesota","27","2019","2019",421,5639632,7.465026087,6.751932791,8.178119382,0.363823110,7.245850291,6.536852298,7.954848285,0.361733670
,"Motor Vehicle Traffic","GRINJ-008","Minnesota","27","2020","2020",443,5657342,7.830532430,7.101334377,8.559730484,0.372039823,7.566071187,6.844727411,8.287414963,0.368032539
"Total","Motor Vehicle Traffic","GRINJ-008","Minnesota","27",,,11243,116354336,9.662725418,9.484111785,9.841339052,0.091129405,9.501754229,9.324897512,9.678610946,0.090233019
,"Motor Vehicle Traffic","GRINJ-008","Mississippi","28","1999","1999",929,2828408,32.845332074,30.733196110,34.957468037,1.077620390,32.855060119,30.735569609,34.974550630,1.081372710
,"Motor Vehicle Traffic","GRINJ-008","Mississippi","28","2000","2000",912,2844658,32.060092988,29.979326092,34.140859884,1.061615763,32.043164351,29.957651992,34.128676710,1.064036918
,"Motor Vehicle Traffic","GRINJ-008","Mississippi","28","2001","2001",791,2852994,27.725259850,25.793098213,29.657421486,0.985796753,27.823909193,25.878759822,29.769058565,0.992423149
,"Motor Vehicle Traffic","GRINJ-008","Mississippi","28","2002","2002",854,2858681,29.873917377,27.870279137,31.877555616,1.022264408,29.933309041,27.918558559,31.948059523,1.027933919
,"Motor Vehicle Traffic","GRINJ-008","Mississippi","28","2003","2003",877,2868312,30.575474356,28.551851955,32.599096756,1.032460408,30.718991637,28.677652597,32.760330677,1.041499510
,"Motor Vehicle Traffic","GRINJ-008","Mississippi","28","2004","2004",879,2889010,30.425647540,28.414233563,32.437061518,1.026231621,30.281958159,28.270530797,32.293385521,1.026238450
,"Motor Vehicle Traffic","GRINJ-008","Mississippi","28","2005","2005",919,2905943,31.624846048,29.580159520,33.669532577,1.043207413,31.706024807,29.645369804,33.766679811,1.051354594
,"Motor Vehicle Traffic","GRINJ-008","Mississippi","28","2006","2006",928,2904978,31.945164473,29.889807732,34.000521214,1.048651399,32.039280689,29.965009421,34.113551957,1.058301667
,"Motor Vehicle Traffic","GRINJ-008","Mississippi","28","2007","2007",877,2928350,29.948605870,27.966472445,31.930739295,1.011292564,30.172794468,28.161219003,32.184369933,1.026314013
,"Motor Vehicle Traffic","GRINJ-008","Mississippi","28","2008","2008",752,2947806,25.510498316,23.687164893,27.333831740,0.930272155,25.637372000,23.787908828,27.486835173,0.943603659
,"Motor Vehicle Traffic","GRINJ-008","Mississippi","28","2009","2009",710,2958774,23.996425546,22.231308732,25.761542361,0.900569803,24.071735208,22.283639853,25.859830563,0.912293549
,"Motor Vehicle Traffic","GRINJ-008","Mississippi","28","2010","2010",660,2967297,22.242465112,20.545523023,23.939407201,0.865786780,22.210283018,20.496180036,23.924386000,0.874542338
,"Motor Vehicle Traffic","GRINJ-008","Mississippi","28","2011","2011",701,2978512,23.535241758,21.792970685,25.277512832,0.888913813,23.334141792,21.582642820,25.085640763,0.893621924
,"Motor Vehicle Traffic","GRINJ-008","Mississippi","28","2012","2012",668,2984926,22.379114256,20.682001360,24.076227152,0.865873927,22.465613505,20.737308768,24.193918242,0.881788131
,"Motor Vehicle Traffic","GRINJ-008","Mississippi","28","2013","2013",650,2991207,21.730358347,20.059782181,23.400934514,0.852334779,21.511479808,19.832359534,23.190600082,0.856694017
,"Motor Vehicle Traffic","GRINJ-008","Mississippi","28","2014","2014",648,2994079,21.642715506,19.976311431,23.309119582,0.850206161,21.289117259,19.623007241,22.955227276,0.850056131
,"Motor Vehicle Traffic","GRINJ-008","Mississippi","28","2015","2015",742,2992333,24.796705447,23.012486685,26.580924209,0.910315695,24.802865965,22.987190292,26.618541637,0.926365139
,"Motor Vehicle Traffic","GRINJ-008","Mississippi","28","2016","2016",761,2988726,25.462354194,23.653255342,27.271453046,0.923009618,25.366404951,23.532411857,27.200398044,0.935710762
,"Motor Vehicle Traffic","GRINJ-008","Mississippi","28","2017","2017",750,2984100,25.133205992,23.334445540,26.931966443,0.917734924,24.971687298,23.148429812,26.794944784,0.930233411
,"Motor Vehicle Traffic","GRINJ-008","Mississippi","28","2018","2018",669,2986530,22.400578598,20.703108047,24.098049149,0.866056404,22.106783204,20.398846341,23.814720066,0.871396358
,"Motor Vehicle Traffic","GRINJ-008","Mississippi","28","2019","2019",724,2976149,24.326739017,22.554710592,26.098767443,0.904096135,24.151575209,22.351444177,25.951706240,0.918434200
,"Motor Vehicle Traffic","GRINJ-008","Mississippi","28","2020","2020",816,2966786,27.504511616,25.617324644,29.391698588,0.962850496,27.796656918,25.847071678,29.746242158,0.994686347
"Total","Motor Vehicle Traffic","GRINJ-008","Mississippi","28",,,17217,64598559,26.652297306,26.254179153,27.050415459,0.203121507,26.666720236,26.264931718,27.068508754,0.204994142
,"Motor Vehicle Traffic","GRINJ-008","Missouri","29","1999","1999",1030,5561948,18.518691653,17.387730313,19.649652992,0.577021092,18.387766691,17.264066995,19.511466387,0.573316171
,"Motor Vehicle Traffic","GRINJ-008","Missouri","29","2000","2000",1072,5595211,19.159241716,18.012311498,20.306171934,0.585168479,19.040440938,17.899480281,20.181401594,0.582122784
,"Motor Vehicle Traffic","GRINJ-008","Missouri","29","2001","2001",1082,5641142,19.180513449,18.037628089,20.323398810,0.583104776,19.047879824,17.911831438,20.183928209,0.579616523
,"Motor Vehicle Traffic","GRINJ-008","Missouri","29","2002","2002",1191,5674825,20.987431331,19.795477376,22.179385285,0.608139773,20.816958221,19.632876512,22.001039930,0.604123321
,"Motor Vehicle Traffic","GRINJ-008","Missouri","29","2003","2003",1190,5709403,20.842809660,19.658572040,22.027047279,0.604202867,20.592501455,19.419535765,21.765467144,0.598451882
,"Motor Vehicle Traffic","GRINJ-008","Missouri","29","2004","2004",1080,5747741,18.789990711,17.669338741,19.910642681,0.571761209,18.585467878,17.472734637,19.698201119,0.567721041
,"Motor Vehicle Traffic","GRINJ-008","Missouri","29","2005","2005",1167,5790300,20.154396145,18.998043139,21.310749152,0.589976024,19.831707352,18.688079220,20.975335484,0.583483741
,"Motor Vehicle Traffic","GRINJ-008","Missouri","29","2006","2006",1076,5842704,18.416130613,17.315736339,19.516524888,0.561425650,18.187842478,17.094227133,19.281457823,0.557967013
,"Motor Vehicle Traffic","GRINJ-008","Missouri","29","2007","2007",1012,5887612,17.188632675,16.129605399,18.247659951,0.540320039,16.907062657,15.857477858,17.956647456,0.535502448
,"Motor Vehicle Traffic","GRINJ-008","Missouri","29","2008","2008",947,5923916,15.986047067,14.967872677,17.004221458,0.519476730,15.793209967,14.778422503,16.807997431,0.517748706
,"Motor Vehicle Traffic","GRINJ-008","Missouri","29","2009","2009",901,5961088,15.114690473,14.127745512,16.101635433,0.503543347,14.900286308,13.915668975,15.884903640,0.502355782
,"Motor Vehicle Traffic","GRINJ-008","Missouri","29","2010","2010",837,5988927,13.975792325,13.028967184,14.922617465,0.483074051,13.809540575,12.861751088,14.757330062,0.483566065
,"Motor Vehicle Traffic","GRINJ-008","Missouri","29","2011","2011",817,6010688,13.592453975,12.660396027,14.524511923,0.475539769,13.410313010,12.477532851,14.343093169,0.475908244
,"Motor Vehicle Traffic","GRINJ-008","Missouri","29","2012","2012",845,6021988,14.031911057,13.085794723,14.978027390,0.482712415,13.950589733,12.993710288,14.907469178,0.488203798
,"Motor Vehicle Traffic","GRINJ-008","Missouri","29","2013","2013",747,6044171,12.359014992,11.472717277,13.245312706,0.452192712,12.172514485,11.284645023,13.060383948,0.452994624
,"Motor Vehicle Traffic","GRINJ-008","Missouri","29","2014","2014",755,6063589,12.451371622,11.563194073,13.339549170,0.453151810,12.200267871,11.312934688,13.087601055,0.452721012
,"Motor Vehicle Traffic","GRINJ-008","Missouri","29","2015","2015",885,6083672,14.547135348,13.588702002,15.505568695,0.488996605,14.076275120,13.130250676,15.022299563,0.482665532
,"Motor Vehicle Traffic","GRINJ-008","Missouri","29","2016","2016",966,6093000,15.854258986,14.854458240,16.854059732,0.510102421,15.606484979,14.598754578,16.614215380,0.514148164
,"Motor Vehicle Traffic","GRINJ-008","Missouri","29","2017","2017",954,6113532,15.604727349,14.614492813,16.594961885,0.505221702,15.269873720,14.276841566,16.262905874,0.506649058
,"Motor Vehicle Traffic","GRINJ-008","Missouri","29","2018","2018",916,6126452,14.951557606,13.983291404,15.919823809,0.494013369,14.648434831,13.676643552,15.620226110,0.495811877
,"Motor Vehicle Traffic","GRINJ-008","Missouri","29","2019","2019",926,6137428,15.087753372,14.115957266,16.059549477,0.495814340,14.842197657,13.861243890,15.823151424,0.500486616
,"Motor Vehicle Traffic","GRINJ-008","Missouri","29","2020","2020",994,6151548,16.158534405,15.153999929,17.163068881,0.512517590,16.127061136,15.099008965,17.155113306,0.524516414
"Total","Motor Vehicle Traffic","GRINJ-008","Missouri","29",,,21390,130170885,16.432245966,16.212030607,16.652461326,0.112354775,16.245368666,16.025577066,16.465160267,0.112138572
,"Motor Vehicle Traffic","GRINJ-008","Montana","30","1999","1999",205,897507,22.841047479,19.714283088,25.967811870,1.595287955,22.711745959,19.591286808,25.832205109,1.592070995
,"Motor Vehicle Traffic","GRINJ-008","Montana","30","2000","2000",224,902195,24.828335338,21.576865987,28.079804689,1.658912934,24.924377884,21.645839873,28.202915895,1.672723475
,"Motor Vehicle Traffic","GRINJ-008","Montana","30","2001","2001",210,906961,23.154248088,20.022570053,26.285926123,1.597794916,23.159824222,20.005540098,26.314108346,1.609328635
,"Motor Vehicle Traffic","GRINJ-008","Montana","30","2002","2002",242,911667,26.544780057,23.200308402,29.889251712,1.706363089,26.171033226,22.845008392,29.497058059,1.696951446
,"Motor Vehicle Traffic","GRINJ-008","Montana","30","2003","2003",247,919630,26.858627926,23.509039728,30.208216124,1.708973570,26.364212522,23.040388409,29.688036635,1.695828629
,"Motor Vehicle Traffic","GRINJ-008","Montana","30","2004","2004",225,930009,24.193314258,21.032054529,27.354573988,1.612887617,23.792177774,20.644539889,26.939815659,1.605937696
,"Motor Vehicle Traffic","GRINJ-008","Montana","30","2005","2005",222,940102,23.614458857,20.508057394,26.720860319,1.584898705,23.513545833,20.372245508,26.654846157,1.602704247
,"Motor Vehicle Traffic","GRINJ-008","Montana","30","2006","2006",245,952692,25.716600958,22.496373156,28.936828760,1.642973368,25.188558355,21.981785648,28.395331063,1.636108524
,"Motor Vehicle Traffic","GRINJ-008","Montana","30","2007","2007",253,964706,26.225606558,22.993978633,29.457234483,1.648789758,26.118564826,22.840388589,29.396741064,1.672538897
,"Motor Vehicle Traffic","GRINJ-008","Montana","30","2008","2008",208,976415,21.302417517,18.407385999,24.197449035,1.477056897,21.692138826,18.683879523,24.700398130,1.534826175
,"Motor Vehicle Traffic","GRINJ-008","Montana","30","2009","2009",218,983982,22.154876817,19.213862327,25.095891307,1.500517597,22.347131709,19.315979547,25.378283872,1.546506205
,"Motor Vehicle Traffic","GRINJ-008","Montana","30","2010","2010",179,989415,18.091498512,15.441143222,20.741853802,1.352222087,18.376475370,15.626935545,21.126015194,1.402826441
,"Motor Vehicle Traffic","GRINJ-008","Montana","30","2011","2011",186,998199,18.633559040,15.955652518,21.311465562,1.366278838,18.390575558,15.675864050,21.105287066,1.385056892
,"Motor Vehicle Traffic","GRINJ-008","Montana","30","2012","2012",197,1005141,19.599240306,16.862319720,22.336160891,1.396388054,19.359800601,16.575838367,22.143762835,1.420388895
,"Motor Vehicle Traffic","GRINJ-008","Montana","30","2013","2013",224,1015165,22.065378534,19.175740504,24.955016565,1.474305118,21.958985930,19.005732374,24.912239487,1.506762019
,"Motor Vehicle Traffic","GRINJ-008","Montana","30","2014","2014",186,1023579,18.171533414,15.560026522,20.783040305,1.332401475,18.432255182,15.721676958,21.142833405,1.382948073
,"Motor Vehicle Traffic","GRINJ-008","Montana","30","2015","2015",206,1032949,19.942901344,17.219505301,22.666297386,1.389487777,19.692775010,16.919750750,22.465799270,1.414808296
,"Motor Vehicle Traffic","GRINJ-008","Montana","30","2016","2016",187,1042520,17.937305759,15.366362574,20.508248944,1.311705706,17.395908325,14.806095201,19.985721449,1.321333226
,"Motor Vehicle Traffic","GRINJ-008","Montana","30","2017","2017",167,1050493,15.897297745,13.486164872,18.308430618,1.230169833,15.989018499,13.485100876,18.492936122,1.277508991
,"Motor Vehicle Traffic","GRINJ-008","Montana","30","2018","2018",171,1062305,16.097071933,13.684363174,18.509780693,1.230973857,16.043629659,13.563015155,18.524244163,1.265619645
,"Motor Vehicle Traffic","GRINJ-008","Montana","30","2019","2019",174,1068778,16.280275230,13.861234449,18.699316011,1.234204480,15.962758118,13.501860955,18.423655282,1.255559777
,"Motor Vehicle Traffic","GRINJ-008","Montana","30","2020","2020",193,1080577,17.860828058,15.340953008,20.380703108,1.285650536,18.318798907,15.658266739,20.979331075,1.357414371
"Total","Motor Vehicle Traffic","GRINJ-008","Montana","30",,,4569,21654987,21.099066003,20.487267059,21.710864947,0.312142318,21.004743415,20.385364476,21.624122354,0.316009663
,"Motor Vehicle Traffic","GRINJ-008","Nebraska","31","1999","1999",283,1704764,16.600538256,14.666411097,18.534665416,0.986799571,16.448882855,14.528748412,18.369017299,0.979660430
,"Motor Vehicle Traffic","GRINJ-008","Nebraska","31","2000","2000",274,1711263,16.011565727,14.115669368,17.907462085,0.967294060,15.741196496,13.873224145,17.609168846,0.953047117
,"Motor Vehicle Traffic","GRINJ-008","Nebraska","31","2001","2001",254,1719836,14.768850053,12.952557116,16.585142990,0.926680070,14.595848508,12.796941071,16.394755945,0.917809917
,"Motor Vehicle Traffic","GRINJ-008","Nebraska","31","2002","2002",319,1728292,18.457529167,16.432019627,20.483038708,1.033423235,17.990752302,16.010465179,19.971039424,1.010350573
,"Motor Vehicle Traffic","GRINJ-008","Nebraska","31","2003","2003",294,1738643,16.909739377,14.976795163,18.842683591,0.986196028,16.595573628,14.690418912,18.500728344,0.972017712
,"Motor Vehicle Traffic","GRINJ-008","Nebraska","31","2004","2004",269,1749370,15.376964279,13.539366163,17.214562394,0.937550059,14.961961058,13.164535871,16.759386245,0.917053667
,"Motor Vehicle Traffic","GRINJ-008","Nebraska","31","2005","2005",273,1761497,15.498181376,13.659715866,17.336646887,0.937992608,15.165715707,13.355158846,16.976272567,0.923753500
,"Motor Vehicle Traffic","GRINJ-008","Nebraska","31","2006","2006",261,1772693,14.723361575,12.937109298,16.509613851,0.911353202,14.313877282,12.566203033,16.061551532,0.891670535
,"Motor Vehicle Traffic","GRINJ-008","Nebraska","31","2007","2007",266,1783440,14.914995739,13.122581494,16.707409983,0.914497064,14.667357619,12.890784590,16.443930647,0.906414811
,"Motor Vehicle Traffic","GRINJ-008","Nebraska","31","2008","2008",231,1796378,12.859208919,11.200904212,14.517513627,0.846073830,12.503360211,10.875138930,14.131581491,0.830725143
,"Motor Vehicle Traffic","GRINJ-008","Nebraska","31","2009","2009",232,1812683,12.798707772,11.151766162,14.445649381,0.840276331,12.895016533,11.217121097,14.572911970,0.856069100
,"Motor Vehicle Traffic","GRINJ-008","Nebraska","31","2010","2010",201,1826341,11.005611767,9.484110805,12.527112729,0.776276001,10.737663330,9.236580440,12.238746220,0.765858617
,"Motor Vehicle Traffic","GRINJ-008","Nebraska","31","2011","2011",172,1842641,9.334428139,7.939410932,10.729445346,0.711743473,9.058713514,7.680190605,10.437236423,0.703328015
,"Motor Vehicle Traffic","GRINJ-008","Nebraska","31","2012","2012",243,1855525,13.096024036,11.449407782,14.742640290,0.840110334,13.061940132,11.396669160,14.727211104,0.849628047
,"Motor Vehicle Traffic","GRINJ-008","Nebraska","31","2013","2013",229,1868516,12.255715231,10.668349532,13.843080930,0.809880459,12.120908665,10.526139615,13.715677714,0.813657678
,"Motor Vehicle Traffic","GRINJ-008","Nebraska","31","2014","2014",247,1881503,13.127802613,11.490610541,14.764994685,0.835302077,13.118846426,11.453974769,14.783718084,0.849424315
,"Motor Vehicle Traffic","GRINJ-008","Nebraska","31","2015","2015",261,1896190,13.764443437,12.094528024,15.434358849,0.851997660,13.550281434,11.877569340,15.222993527,0.853424538
,"Motor Vehicle Traffic","GRINJ-008","Nebraska","31","2016","2016",203,1907116,10.644344654,9.180055045,12.108634264,0.747086535,10.601550701,9.115979207,12.087122194,0.757944640
,"Motor Vehicle Traffic","GRINJ-008","Nebraska","31","2017","2017",250,1920076,13.020317946,11.406302611,14.634333280,0.823477211,12.834827764,11.212701542,14.456953985,0.827615419
,"Motor Vehicle Traffic","GRINJ-008","Nebraska","31","2018","2018",243,1929268,12.595450710,11.011773572,14.179127848,0.807998540,12.607223448,10.991123800,14.223323097,0.824540637
,"Motor Vehicle Traffic","GRINJ-008","Nebraska","31","2019","2019",253,1934408,13.078936812,11.467296016,14.690577608,0.822265712,12.777427849,11.173077726,14.381777973,0.818545981
,"Motor Vehicle Traffic","GRINJ-008","Nebraska","31","2020","2020",229,1937552,11.819037631,10.288230609,13.349844653,0.781023991,11.519338486,9.993602757,13.045074214,0.778436596
"Total","Motor Vehicle Traffic","GRINJ-008","Nebraska","31",,,5487,40077995,13.690804642,13.328546993,14.053062292,0.184825331,13.497993049,13.137724190,13.858261908,0.183810643
,"Motor Vehicle Traffic","GRINJ-008","Nevada","32","1999","1999",321,1934718,16.591565282,14.776505578,18.406624987,0.926050870,16.956773323,15.083678213,18.829868433,0.955660770
,"Motor Vehicle Traffic","GRINJ-008","Nevada","32","2000","2000",294,1998257,14.712822225,13.031006559,16.394637891,0.858069217,14.977275271,13.251317678,16.703232863,0.880590608
,"Motor Vehicle Traffic","GRINJ-008","Nevada","32","2001","2001",319,2098399,15.202065956,13.533807472,16.870324440,0.851152288,15.537541377,13.815831381,17.259251373,0.878423467
,"Motor Vehicle Traffic","GRINJ-008","Nevada","32","2002","2002",381,2173791,17.526983965,15.767032169,19.286935761,0.897934590,17.907616851,16.093805345,19.721428358,0.925414034
,"Motor Vehicle Traffic","GRINJ-008","Nevada","32","2003","2003",359,2248850,15.963714788,14.312350809,17.615078766,0.842532642,16.112386162,14.432793618,17.791978707,0.856934971
,"Motor Vehicle Traffic","GRINJ-008","Nevada","32","2004","2004",408,2346222,17.389658779,15.702262644,19.077054915,0.860916396,17.511397967,15.797245809,19.225550126,0.874567428
,"Motor Vehicle Traffic","GRINJ-008","Nevada","32","2005","2005",430,2432143,17.679881487,16.008786282,19.350976692,0.852599594,17.951590964,16.237397044,19.665784884,0.874588735
,"Motor Vehicle Traffic","GRINJ-008","Nevada","32","2006","2006",426,2522658,16.886950193,15.283326389,18.490573997,0.818175410,17.065270676,15.430175950,18.700365403,0.834232003
,"Motor Vehicle Traffic","GRINJ-008","Nevada","32","2007","2007",378,2601072,14.532469689,13.067429302,15.997510077,0.747469585,14.560272556,13.079551212,16.040993901,0.755470074
,"Motor Vehicle Traffic","GRINJ-008","Nevada","32","2008","2008",326,2653630,12.285058580,10.951461908,13.618655252,0.680406465,12.235958722,10.894873916,13.577043528,0.684226942
,"Motor Vehicle Traffic","GRINJ-008","Nevada","32","2009","2009",243,2684665,9.051408649,7.913338303,10.189478994,0.580648136,9.078253181,7.927747561,10.228758802,0.586992664
,"Motor Vehicle Traffic","GRINJ-008","Nevada","32","2010","2010",273,2700551,10.109048117,8.909866364,11.308229869,0.611827425,10.240722482,9.012452719,11.468992245,0.626668247
,"Motor Vehicle Traffic","GRINJ-008","Nevada","32","2011","2011",264,2723322,9.694042790,8.524653693,10.863431888,0.596627090,9.668974989,8.489789870,10.848160108,0.601625061
,"Motor Vehicle Traffic","GRINJ-008","Nevada","32","2012","2012",281,2758931,10.185104303,8.994223232,11.375985374,0.607592383,9.816956567,8.653104796,10.980808338,0.593801924
,"Motor Vehicle Traffic","GRINJ-008","Nevada","32","2013","2013",267,2790136,9.569426007,8.421572859,10.717279154,0.585639361,9.519769706,8.365616510,10.673922901,0.588853671
,"Motor Vehicle Traffic","GRINJ-008","Nevada","32","2014","2014",304,2839099,10.707622383,9.503938830,11.911305936,0.614124262,10.587044847,9.381512970,11.792576725,0.615067284
,"Motor Vehicle Traffic","GRINJ-008","Nevada","32","2015","2015",344,2890845,11.899634882,10.642127665,13.157142099,0.641585315,11.899061388,10.623967535,13.174155241,0.650558088
,"Motor Vehicle Traffic","GRINJ-008","Nevada","32","2016","2016",348,2940058,11.836501185,10.592875178,13.080127191,0.634503064,11.451753438,10.227773664,12.675733212,0.624479477
,"Motor Vehicle Traffic","GRINJ-008","Nevada","32","2017","2017",326,2998039,10.873774491,9.693378860,12.054170121,0.602242669,10.324590236,9.183196842,11.465983630,0.582343568
,"Motor Vehicle Traffic","GRINJ-008","Nevada","32","2018","2018",356,3034392,11.732169080,10.513433794,12.950904367,0.621803718,11.359843658,10.153523411,12.566163904,0.615469513
,"Motor Vehicle Traffic","GRINJ-008","Nevada","32","2019","2019",294,3080156,9.544971099,8.453890021,10.636052176,0.556674019,9.112223836,8.050154485,10.174293187,0.541872118
,"Motor Vehicle Traffic","GRINJ-008","Nevada","32","2020","2020",342,3138259,10.897762103,9.742766472,12.052757734,0.589283485,10.501977970,9.365125838,11.638830103,0.580026598
"Total","Motor Vehicle Traffic","GRINJ-008","Nevada","32",,,7284,57588193,12.648426041,12.357951825,12.938900257,0.148201131,12.586599312,12.294747943,12.878450680,0.148903760
,"Motor Vehicle Traffic","GRINJ-008","New Hampshire","33","1999","1999",124,1222014,10.147183256,8.361145101,11.933221412,0.911243957,10.345467057,8.519893146,12.171040968,0.931415261
,"Motor Vehicle Traffic","GRINJ-008","New Hampshire","33","2000","2000",126,1235786,10.195940074,8.415620064,11.976260083,0.908326535,10.326226113,8.518209864,12.134242363,0.922457270
,"Motor Vehicle Traffic","GRINJ-008","New Hampshire","33","2001","2001",133,1255517,10.593245651,8.792885904,12.393605398,0.918550891,10.639338936,8.824740042,12.453937831,0.925815763
,"Motor Vehicle Traffic","GRINJ-008","New Hampshire","33","2002","2002",118,1269089,9.298008256,7.620344218,10.975672294,0.855951040,9.398938340,7.696602298,11.101274381,0.868538797
,"Motor Vehicle Traffic","GRINJ-008","New Hampshire","33","2003","2003",123,1279840,9.610576322,7.912125613,11.309027031,0.866556484,9.577726384,7.877039988,11.278412780,0.867697141
,"Motor Vehicle Traffic","GRINJ-008","New Hampshire","33","2004","2004",154,1290121,11.936864837,10.051540875,13.822188798,0.961899980,11.859794484,9.977449872,13.742139095,0.960379904
,"Motor Vehicle Traffic","GRINJ-008","New Hampshire","33","2005","2005",155,1298492,11.936923755,10.057682049,13.816165461,0.958796789,11.879898607,9.993914288,13.765882926,0.962236897
,"Motor Vehicle Traffic","GRINJ-008","New Hampshire","33","2006","2006",125,1308389,9.553733637,7.878890286,11.228576989,0.854511914,9.325129003,7.673132892,10.977125113,0.842855159
,"Motor Vehicle Traffic","GRINJ-008","New Hampshire","33","2007","2007",133,1312540,10.133024517,8.410880988,11.855168047,0.878644658,10.014631096,8.288959792,11.740302401,0.880444543
,"Motor Vehicle Traffic","GRINJ-008","New Hampshire","33","2008","2008",143,1315906,10.867037615,9.085892833,12.648182397,0.908747338,10.550513622,8.795855170,12.305172074,0.895233904
,"Motor Vehicle Traffic","GRINJ-008","New Hampshire","33","2009","2009",105,1316102,7.978105041,6.452081716,9.504128365,0.778583329,7.433834700,5.988357836,8.879311565,0.737488196
,"Motor Vehicle Traffic","GRINJ-008","New Hampshire","33","2010","2010",125,1316470,9.495089140,7.830526622,11.159651658,0.849266591,9.382901080,7.706479200,11.059322960,0.855317286
,"Motor Vehicle Traffic","GRINJ-008","New Hampshire","33","2011","2011",109,1318194,8.268889101,6.716537873,9.821240330,0.792015933,7.956367146,6.430439762,9.482294531,0.778534380
,"Motor Vehicle Traffic","GRINJ-008","New Hampshire","33","2012","2012",112,1320718,8.480235751,6.909674111,10.050797390,0.801306959,7.808759421,6.324023852,9.293494990,0.757518147
,"Motor Vehicle Traffic","GRINJ-008","New Hampshire","33","2013","2013",132,1323459,9.973863943,8.272361624,11.675366262,0.868113428,9.504440052,7.833494908,11.175385198,0.852523033
,"Motor Vehicle Traffic","GRINJ-008","New Hampshire","33","2014","2014",95,1326813,7.160014260,5.792881137,8.752759432,0.734601963,6.803084244,5.470496102,8.362147060,0.718530961
,"Motor Vehicle Traffic","GRINJ-008","New Hampshire","33","2015","2015",104,1330608,7.815975855,6.313793657,9.318158052,0.766419488,7.375389356,5.908407300,8.842371411,0.748460233
,"Motor Vehicle Traffic","GRINJ-008","New Hampshire","33","2016","2016",127,1334795,9.514569653,7.859777851,11.169361455,0.844281532,8.872417857,7.269948286,10.474887429,0.817586516
,"Motor Vehicle Traffic","GRINJ-008","New Hampshire","33","2017","2017",100,1342795,7.447153140,5.987511124,8.906795155,0.744715314,6.833989515,5.441844237,8.226134792,0.710278203
,"Motor Vehicle Traffic","GRINJ-008","New Hampshire","33","2018","2018",142,1356458,10.468440600,8.746596241,12.190284960,0.878492020,9.757975050,8.076043313,11.439906786,0.858128437
,"Motor Vehicle Traffic","GRINJ-008","New Hampshire","33","2019","2019",103,1359711,7.575139129,6.112193880,9.038084377,0.746400637,7.045311417,5.619612754,8.471010080,0.727397277
,"Motor Vehicle Traffic","GRINJ-008","New Hampshire","33","2020","2020",112,1366275,8.197471226,6.679278309,9.715664144,0.774588223,7.556330517,6.095608027,9.017053006,0.745266576
"Total","Motor Vehicle Traffic","GRINJ-008","New Hampshire","33",,,2700,28800092,9.374970052,9.021344142,9.728595962,0.180421383,9.074061041,8.726866486,9.421255596,0.177140079
,"Motor Vehicle Traffic","GRINJ-008","New Jersey","34","1999","1999",714,8359592,8.541086694,7.914588108,9.167585281,0.319642136,8.598966145,7.966110978,9.231821312,0.322885289
,"Motor Vehicle Traffic","GRINJ-008","New Jersey","34","2000","2000",759,8414350,9.020304599,8.378568623,9.662040574,0.327416314,9.042715363,8.397293391,9.688137335,0.329296924
,"Motor Vehicle Traffic","GRINJ-008","New Jersey","34","2001","2001",738,8492671,8.689845633,8.062885462,9.316805804,0.319877638,8.748994712,8.115438279,9.382551145,0.323243078
,"Motor Vehicle Traffic","GRINJ-008","New Jersey","34","2002","2002",750,8552643,8.769219059,8.141614111,9.396824007,0.320206606,8.755707149,8.125565611,9.385848687,0.321500785
,"Motor Vehicle Traffic","GRINJ-008","New Jersey","34","2003","2003",774,8601402,8.998533030,8.364579672,9.632486387,0.323445590,9.022904395,8.385229397,9.660579392,0.325344387
,"Motor Vehicle Traffic","GRINJ-008","New Jersey","34","2004","2004",760,8634561,8.801837175,8.176055840,9.427618510,0.319276191,8.810947168,8.182458408,9.439435929,0.320657531
,"Motor Vehicle Traffic","GRINJ-008","New Jersey","34","2005","2005",744,8651974,8.599193664,7.981280662,9.217106665,0.315261736,8.535421597,7.919511837,9.151331358,0.314239674
,"Motor Vehicle Traffic","GRINJ-008","New Jersey","34","2006","2006",751,8661679,8.670374416,8.050256962,9.290491870,0.316386456,8.664012070,8.041126493,9.286897647,0.317798764
,"Motor Vehicle Traffic","GRINJ-008","New Jersey","34","2007","2007",692,8677885,7.974293275,7.380144470,8.568442081,0.303137145,7.900312221,7.308365245,8.492259197,0.302013763
,"Motor Vehicle Traffic","GRINJ-008","New Jersey","34","2008","2008",571,8711090,6.554862824,6.017210380,7.092515269,0.274312472,6.504626967,5.967562538,7.041691396,0.274012464
,"Motor Vehicle Traffic","GRINJ-008","New Jersey","34","2009","2009",548,8755602,6.258850048,5.734814994,6.782885102,0.267364823,6.188651148,5.666261682,6.711040613,0.266525238
,"Motor Vehicle Traffic","GRINJ-008","New Jersey","34","2010","2010",551,8791894,6.267136524,5.743838099,6.790434948,0.266988992,6.195245643,5.673252249,6.717239037,0.266323160
,"Motor Vehicle Traffic","GRINJ-008","New Jersey","34","2011","2011",644,8821155,7.300631266,6.736768326,7.864494207,0.287685174,7.144530747,6.585914485,7.703147010,0.285008297
,"Motor Vehicle Traffic","GRINJ-008","New Jersey","34","2012","2012",616,8864590,6.948995949,6.400229219,7.497762679,0.279983026,6.747520754,6.208243092,7.286798416,0.275141664
,"Motor Vehicle Traffic","GRINJ-008","New Jersey","34","2013","2013",546,8899339,6.135287126,5.620657668,6.649916584,0.262566050,5.932317575,5.427335114,6.437300036,0.257644113
,"Motor Vehicle Traffic","GRINJ-008","New Jersey","34","2014","2014",557,8938175,6.231697186,5.714168038,6.749226335,0.264045484,5.956794611,5.453922149,6.459667073,0.256567583
,"Motor Vehicle Traffic","GRINJ-008","New Jersey","34","2015","2015",578,8958013,6.452323746,5.926296424,6.978351068,0.268381287,6.205069562,5.690005172,6.720133952,0.262787954
,"Motor Vehicle Traffic","GRINJ-008","New Jersey","34","2016","2016",610,8944469,6.819857054,6.278646290,7.361067818,0.276127941,6.578765743,6.045595597,7.111935890,0.272025585
,"Motor Vehicle Traffic","GRINJ-008","New Jersey","34","2017","2017",629,9005644,6.984508826,6.438667241,7.530350410,0.278490604,6.577054214,6.051085136,7.103023292,0.268351570
,"Motor Vehicle Traffic","GRINJ-008","New Jersey","34","2018","2018",585,8908520,6.566747338,6.034604226,7.098890450,0.271501588,6.251588260,5.732999925,6.770176595,0.264585885
,"Motor Vehicle Traffic","GRINJ-008","New Jersey","34","2019","2019",584,8882190,6.574955050,6.041690842,7.108219259,0.272073576,6.262854246,5.742284141,6.783424350,0.265596992
,"Motor Vehicle Traffic","GRINJ-008","New Jersey","34","2020","2020",604,8882371,6.799986175,6.257678648,7.342293701,0.276687513,6.417705044,5.892321671,6.943088416,0.268052741
"Total","Motor Vehicle Traffic","GRINJ-008","New Jersey","34",,,14305,192409809,7.434652149,7.312816945,7.556487353,0.062160818,7.292816699,7.172313663,7.413319736,0.061481141
,"Motor Vehicle Traffic","GRINJ-008","New Mexico","35","1999","1999",406,1808082,22.454733801,20.270490736,24.638976866,1.114409727,22.825650104,20.600664250,25.050635958,1.135196864
,"Motor Vehicle Traffic","GRINJ-008","New Mexico","35","2000","2000",411,1819046,22.594260948,20.409855250,24.778666645,1.114492703,22.877296741,20.661139264,25.093454218,1.130692591
,"Motor Vehicle Traffic","GRINJ-008","New Mexico","35","2001","2001",414,1831690,22.602077862,20.424848075,24.779307650,1.110831524,22.937234415,20.722198866,25.152269963,1.130120178
,"Motor Vehicle Traffic","GRINJ-008","New Mexico","35","2002","2002",414,1855309,22.314342247,20.164829670,24.463854824,1.096690090,22.179494733,20.032661742,24.326327725,1.095322955
,"Motor Vehicle Traffic","GRINJ-008","New Mexico","35","2003","2003",422,1877574,22.475811872,20.331365282,24.620258463,1.094105403,22.608017823,20.438365323,24.777670323,1.106965561
,"Motor Vehicle Traffic","GRINJ-008","New Mexico","35","2004","2004",468,1903808,24.582310821,22.355128091,26.809493552,1.136317720,24.553273735,22.313723290,26.792824180,1.142627778
,"Motor Vehicle Traffic","GRINJ-008","New Mexico","35","2005","2005",443,1932274,22.926355165,20.791397713,25.061312617,1.089264006,22.729003918,20.598562966,24.859444870,1.086959669
,"Motor Vehicle Traffic","GRINJ-008","New Mexico","35","2006","2006",451,1962137,22.985143239,20.863780116,25.106506362,1.082328124,23.078785007,20.931834518,25.225735496,1.095382902
,"Motor Vehicle Traffic","GRINJ-008","New Mexico","35","2007","2007",365,1990070,18.341063380,16.459433717,20.222693042,0.960015134,18.421313884,16.516158156,20.326469612,0.972018228
,"Motor Vehicle Traffic","GRINJ-008","New Mexico","35","2008","2008",366,2010662,18.202960020,16.338051454,20.067868587,0.951483963,18.395363425,16.490011891,20.300714960,0.972118130
,"Motor Vehicle Traffic","GRINJ-008","New Mexico","35","2009","2009",342,2036802,16.791028289,15.011436834,18.570619743,0.907954824,16.912616991,15.097002596,18.728231386,0.926333875
,"Motor Vehicle Traffic","GRINJ-008","New Mexico","35","2010","2010",314,2059179,15.248795758,13.562138673,16.935452842,0.860539329,15.619081412,13.864209785,17.373953040,0.895342667
,"Motor Vehicle Traffic","GRINJ-008","New Mexico","35","2011","2011",301,2082224,14.455697370,12.822600783,16.088793957,0.833212545,14.389625459,12.739926969,16.039323948,0.841682903
,"Motor Vehicle Traffic","GRINJ-008","New Mexico","35","2012","2012",385,2085538,18.460464398,16.616432927,20.304495869,0.940832383,18.693742726,16.792659699,20.594825752,0.969940320
,"Motor Vehicle Traffic","GRINJ-008","New Mexico","35","2013","2013",315,2085287,15.105834353,13.437644357,16.774024349,0.851117345,15.184155598,13.477542664,16.890768532,0.870720885
,"Motor Vehicle Traffic","GRINJ-008","New Mexico","35","2014","2014",380,2085572,18.220421064,16.388432822,20.052409307,0.934687879,18.296504377,16.419355014,20.173653740,0.957729267
,"Motor Vehicle Traffic","GRINJ-008","New Mexico","35","2015","2015",321,2085109,15.394878637,13.710732301,17.079024973,0.859258335,15.431015901,13.706714070,17.155317733,0.879745832
,"Motor Vehicle Traffic","GRINJ-008","New Mexico","35","2016","2016",407,2081015,19.557763880,17.657656847,21.457870912,0.969442364,19.618098052,17.670838108,21.565357996,0.993499971
,"Motor Vehicle Traffic","GRINJ-008","New Mexico","35","2017","2017",385,2088070,18.438079183,16.596283790,20.279874576,0.939691527,18.605174869,16.701239735,20.509110004,0.971395477
,"Motor Vehicle Traffic","GRINJ-008","New Mexico","35","2018","2018",379,2095428,18.086997024,16.266026426,19.907967622,0.929066631,18.262025923,16.377309157,20.146742689,0.961590187
,"Motor Vehicle Traffic","GRINJ-008","New Mexico","35","2019","2019",394,2096829,18.790278082,16.934862635,20.645693528,0.946640534,19.077993590,17.142991650,21.012995530,0.987245888
,"Motor Vehicle Traffic","GRINJ-008","New Mexico","35","2020","2020",410,2106319,19.465237697,17.581051342,21.349424052,0.961319569,19.549290478,17.603557351,21.495023605,0.992720983
"Total","Motor Vehicle Traffic","GRINJ-008","New Mexico","35",,,8493,43978024,19.311918153,18.901193358,19.722642947,0.209553467,19.464173631,19.045988629,19.882358632,0.213359695
,"Motor Vehicle Traffic","GRINJ-008","New York","36","1999","1999",1684,18882725,8.918204338,8.492250587,9.344158088,0.217323342,8.865257966,8.441302457,9.289213474,0.216303831
,"Motor Vehicle Traffic","GRINJ-008","New York","36","2000","2000",1500,18976457,7.904531389,7.504506908,8.304555869,0.204094123,7.824821768,7.428592634,8.221050902,0.202157721
,"Motor Vehicle Traffic","GRINJ-008","New York","36","2001","2001",1620,19082838,8.489303321,8.075903185,8.902703457,0.210918437,8.406930183,7.997188777,8.816671590,0.209051738
,"Motor Vehicle Traffic","GRINJ-008","New York","36","2002","2002",1629,19137800,8.511950172,8.098593833,8.925306511,0.210896091,8.403583931,7.994929121,8.812238741,0.208497352
,"Motor Vehicle Traffic","GRINJ-008","New York","36","2003","2003",1522,19175939,7.937029837,7.538274271,8.335785403,0.203446717,7.812022168,7.419102556,8.204941781,0.200469190
,"Motor Vehicle Traffic","GRINJ-008","New York","36","2004","2004",1529,19171567,7.975352250,7.575589611,8.375114888,0.203960530,7.849414299,7.455307278,8.243521321,0.201075011
,"Motor Vehicle Traffic","GRINJ-008","New York","36","2005","2005",1475,19132610,7.709350685,7.315911272,8.102790097,0.200734394,7.522998596,7.138054629,7.907942563,0.196399983
,"Motor Vehicle Traffic","GRINJ-008","New York","36","2006","2006",1558,19104631,8.155090773,7.750141015,8.560040532,0.206607020,7.957771835,7.561152188,8.354391481,0.202356963
,"Motor Vehicle Traffic","GRINJ-008","New York","36","2007","2007",1431,19132335,7.479484339,7.091952034,7.867016644,0.197720564,7.258014245,6.880090884,7.635937606,0.192818041
,"Motor Vehicle Traffic","GRINJ-008","New York","36","2008","2008",1243,19212436,6.469767811,6.110093681,6.829441941,0.183507209,6.242563928,5.893340988,6.591786868,0.178174969
,"Motor Vehicle Traffic","GRINJ-008","New York","36","2009","2009",1217,19307066,6.303391722,5.949243489,6.657539955,0.180687874,6.073420608,5.729630439,6.417210778,0.175403148
,"Motor Vehicle Traffic","GRINJ-008","New York","36","2010","2010",1290,19378102,6.656998709,6.293720215,7.020277204,0.185346171,6.386560558,6.034920762,6.738200354,0.179408059
,"Motor Vehicle Traffic","GRINJ-008","New York","36","2011","2011",1304,19465197,6.699135899,6.335525694,7.062746104,0.185515411,6.414834862,6.062312118,6.767357605,0.179858543
,"Motor Vehicle Traffic","GRINJ-008","New York","36","2012","2012",1319,19570261,6.739818135,6.376085850,7.103550421,0.185577697,6.421136273,6.069777558,6.772494988,0.179264650
,"Motor Vehicle Traffic","GRINJ-008","New York","36","2013","2013",1254,19651127,6.381313397,6.028116096,6.734510699,0.180202705,6.044718977,5.704951039,6.384486914,0.173350988
,"Motor Vehicle Traffic","GRINJ-008","New York","36","2014","2014",1086,19746227,5.499784845,5.172680089,5.826889601,0.166890182,5.224239534,4.908389285,5.540089784,0.161148087
,"Motor Vehicle Traffic","GRINJ-008","New York","36","2015","2015",1149,19795791,5.804264149,5.468647709,6.139880588,0.171232877,5.476948734,5.154196843,5.799700625,0.164669332
,"Motor Vehicle Traffic","GRINJ-008","New York","36","2016","2016",1105,19745289,5.596271597,5.266302160,5.926241034,0.168351754,5.266251409,4.949372032,5.583130786,0.161673152
,"Motor Vehicle Traffic","GRINJ-008","New York","36","2017","2017",1098,19849399,5.531653628,5.204456202,5.858851055,0.166937463,5.224743643,4.908785946,5.540701340,0.161202907
,"Motor Vehicle Traffic","GRINJ-008","New York","36","2018","2018",1024,19542209,5.239939866,4.918993549,5.560886182,0.163748121,4.858079249,4.553141447,5.163017052,0.155580512
,"Motor Vehicle Traffic","GRINJ-008","New York","36","2019","2019",1072,19453561,5.510559224,5.180680464,5.840437983,0.168305490,5.125914673,4.811082337,5.440747009,0.160628743
,"Motor Vehicle Traffic","GRINJ-008","New York","36","2020","2020",1157,19336776,5.983417298,5.638639982,6.328194614,0.175906794,5.768304929,5.427069197,6.109540662,0.174099864
"Total","Motor Vehicle Traffic","GRINJ-008","New York","36",,,29266,425850343,6.872367366,6.793630023,6.951104709,0.040172114,6.645499743,6.568769864,6.722229623,0.039147898
,"Motor Vehicle Traffic","GRINJ-008","North Carolina","37","1999","1999",1550,7949361,19.498422578,18.527712137,20.469133018,0.495260429,19.359767020,18.393290752,20.326243287,0.493100137
,"Motor Vehicle Traffic","GRINJ-008","North Carolina","37","2000","2000",1638,8049313,20.349562751,19.364068252,21.335057251,0.502803316,20.277634447,19.293333849,21.261935045,0.502194183
,"Motor Vehicle Traffic","GRINJ-008","North Carolina","37","2001","2001",1612,8210122,19.634300197,18.675807122,20.592793272,0.489027079,19.545575794,18.589361911,20.501789678,0.487864226
,"Motor Vehicle Traffic","GRINJ-008","North Carolina","37","2002","2002",1663,8326201,19.973094572,19.013129780,20.933059365,0.489777955,19.862732585,18.905971905,20.819493265,0.488143204
,"Motor Vehicle Traffic","GRINJ-008","North Carolina","37","2003","2003",1620,8422501,19.234191839,18.297552256,20.170831422,0.477877338,19.242600550,18.303153835,20.182047265,0.479309549
,"Motor Vehicle Traffic","GRINJ-008","North Carolina","37","2004","2004",1650,8553152,19.291133842,18.360300666,20.221967017,0.474914885,19.273967415,18.341874290,20.206060541,0.475557717
,"Motor Vehicle Traffic","GRINJ-008","North Carolina","37","2005","2005",1621,8705407,18.620611305,17.714130737,19.527091873,0.462490085,18.539547151,17.634406978,19.444687323,0.461806210
,"Motor Vehicle Traffic","GRINJ-008","North Carolina","37","2006","2006",1655,8917270,18.559491862,17.665315564,19.453668161,0.456212397,18.519848747,17.624531642,19.415165851,0.456794441
,"Motor Vehicle Traffic","GRINJ-008","North Carolina","37","2007","2007",1750,9118037,19.192727557,18.293491432,20.091963683,0.458793941,19.105317035,18.206353508,20.004280563,0.458654861
,"Motor Vehicle Traffic","GRINJ-008","North Carolina","37","2008","2008",1520,9309449,16.327496934,15.506665672,17.148328195,0.418791460,16.194008164,15.375278682,17.012737645,0.417719123
,"Motor Vehicle Traffic","GRINJ-008","North Carolina","37","2009","2009",1354,9449566,14.328700387,13.565473712,15.091927062,0.389401365,14.159166838,13.400060394,14.918273283,0.387299206
,"Motor Vehicle Traffic","GRINJ-008","North Carolina","37","2010","2010",1317,9535483,13.811570950,13.065626886,14.557515015,0.380583706,13.773174146,13.023736515,14.522611777,0.382366138
,"Motor Vehicle Traffic","GRINJ-008","North Carolina","37","2011","2011",1229,9656401,12.727309067,12.015740557,13.438877577,0.363045158,12.618345647,11.906514319,13.330176976,0.363179249
,"Motor Vehicle Traffic","GRINJ-008","North Carolina","37","2012","2012",1282,9752073,13.145922923,12.426303063,13.865542783,0.367152990,12.999847234,12.280557760,13.719136708,0.366984426
,"Motor Vehicle Traffic","GRINJ-008","North Carolina","37","2013","2013",1321,9848060,13.413809420,12.690445582,14.137173259,0.369063183,13.154172219,12.435926174,13.872418264,0.366452064
,"Motor Vehicle Traffic","GRINJ-008","North Carolina","37","2014","2014",1344,9943964,13.515736783,12.793139769,14.238333796,0.368671946,13.202695487,12.487008544,13.918382430,0.365146399
,"Motor Vehicle Traffic","GRINJ-008","North Carolina","37","2015","2015",1464,10042802,14.577604935,13.830860991,15.324348880,0.380991808,14.257093477,13.515672812,14.998514142,0.378275850
,"Motor Vehicle Traffic","GRINJ-008","North Carolina","37","2016","2016",1472,10146788,14.507053858,13.765946048,15.248161667,0.378116229,14.274440135,13.532707956,15.016172315,0.378434785
,"Motor Vehicle Traffic","GRINJ-008","North Carolina","37","2017","2017",1470,10273419,14.308771014,13.577295593,15.040246435,0.373201745,13.975179673,13.246718340,14.703641006,0.371663945
,"Motor Vehicle Traffic","GRINJ-008","North Carolina","37","2018","2018",1532,10383620,14.754006792,14.015190152,15.492823431,0.376947265,14.291996754,13.561172987,15.022820522,0.372869269
,"Motor Vehicle Traffic","GRINJ-008","North Carolina","37","2019","2019",1561,10488084,14.883557378,14.145208931,15.621905825,0.376708392,14.311016755,13.584772792,15.037260718,0.370532634
,"Motor Vehicle Traffic","GRINJ-008","North Carolina","37","2020","2020",1692,10600823,15.961024913,15.200494357,16.721555469,0.388025794,15.603330537,14.843125295,16.363535778,0.387859817
"Total","Motor Vehicle Traffic","GRINJ-008","North Carolina","37",,,33317,205681896,16.198314313,16.024376924,16.372251703,0.088743566,16.016752266,15.843580140,16.189924392,0.088353126
,"Motor Vehicle Traffic","GRINJ-008","North Dakota","38","1999","1999",127,644259,19.712569013,16.284122033,23.141015994,1.749207643,18.926832777,15.610612973,22.243052581,1.691948879
,"Motor Vehicle Traffic","GRINJ-008","North Dakota","38","2000","2000",95,642200,14.792899408,11.968343195,18.083579882,1.517719456,14.562138729,11.767664307,17.820417270,1.502972870
,"Motor Vehicle Traffic","GRINJ-008","North Dakota","38","2001","2001",112,639062,17.525686084,14.279883598,20.771488569,1.656021676,17.052823825,13.869744944,20.235902706,1.624019837
,"Motor Vehicle Traffic","GRINJ-008","North Dakota","38","2002","2002",104,638168,16.296649158,13.164534027,19.428764290,1.598017924,15.303318860,12.329066485,18.277571235,1.517475702
,"Motor Vehicle Traffic","GRINJ-008","North Dakota","38","2003","2003",110,638817,17.219328853,14.001403622,20.437254084,1.641798587,16.477873783,13.352543198,19.603204368,1.594556421
,"Motor Vehicle Traffic","GRINJ-008","North Dakota","38","2004","2004",116,644705,17.992725355,14.718383440,21.267067270,1.670582610,17.629221887,14.371444075,20.886999700,1.662131537
,"Motor Vehicle Traffic","GRINJ-008","North Dakota","38","2005","2005",121,646089,18.728069972,15.391068413,22.065071530,1.702551816,18.012996070,14.747943311,21.278048830,1.665843245
,"Motor Vehicle Traffic","GRINJ-008","North Dakota","38","2006","2006",103,649422,15.860257275,12.797252408,18.923262142,1.562757585,15.807915357,12.695301975,18.920528739,1.588068052
,"Motor Vehicle Traffic","GRINJ-008","North Dakota","38","2007","2007",105,652822,16.084016776,13.007523720,19.160509833,1.569639315,15.827708072,12.739177872,18.916238271,1.575780714
,"Motor Vehicle Traffic","GRINJ-008","North Dakota","38","2008","2008",116,657569,17.640734280,14.430448205,20.851020356,1.637901059,17.305073910,14.078537176,20.531610644,1.646192211
,"Motor Vehicle Traffic","GRINJ-008","North Dakota","38","2009","2009",121,664968,18.196364336,14.954103055,21.438625618,1.654214940,17.281554099,14.132514520,20.430593677,1.606652846
,"Motor Vehicle Traffic","GRINJ-008","North Dakota","38","2010","2010",89,672591,13.232410187,10.626683973,16.283671652,1.402632674,13.436503244,10.717492447,16.635331571,1.466518720
,"Motor Vehicle Traffic","GRINJ-008","North Dakota","38","2011","2011",132,683932,19.300164344,16.007631523,22.592697165,1.679863684,18.446635802,15.237828158,21.655443446,1.637146757
,"Motor Vehicle Traffic","GRINJ-008","North Dakota","38","2012","2012",125,699628,17.866637699,14.734478011,20.998797387,1.598040657,17.654540450,14.465812069,20.843268831,1.626902235
,"Motor Vehicle Traffic","GRINJ-008","North Dakota","38","2013","2013",113,723393,15.620831277,12.740642252,18.501020302,1.469484196,16.189895294,13.114198587,19.265592002,1.569233014
,"Motor Vehicle Traffic","GRINJ-008","North Dakota","38","2014","2014",96,739482,12.982060415,10.515468936,15.853302717,1.324975993,12.912045208,10.396004078,15.853150865,1.351234587
,"Motor Vehicle Traffic","GRINJ-008","North Dakota","38","2015","2015",119,756927,15.721463232,12.896742256,18.546184209,1.441184172,14.775304902,12.055032917,17.495576886,1.387893870
,"Motor Vehicle Traffic","GRINJ-008","North Dakota","38","2016","2016",117,757952,15.436333699,12.639238171,18.233429228,1.427089555,15.336931803,12.474581156,18.199282449,1.460382983
,"Motor Vehicle Traffic","GRINJ-008","North Dakota","38","2017","2017",109,755393,14.429575069,11.720653917,17.138496221,1.382102629,14.083698160,11.379158594,16.788237725,1.379867125
,"Motor Vehicle Traffic","GRINJ-008","North Dakota","38","2018","2018",100,760077,13.156561769,10.577875663,15.735247876,1.315656177,12.508984268,9.982489097,15.035479438,1.289028148
,"Motor Vehicle Traffic","GRINJ-008","North Dakota","38","2019","2019",97,762062,12.728623130,10.322022355,15.527901929,1.292395868,12.851831484,10.347523601,15.779221660,1.344640864
,"Motor Vehicle Traffic","GRINJ-008","North Dakota","38","2020","2020",99,765309,12.935951361,10.513694469,15.749003344,1.300112029,12.818260398,10.370741758,15.669682424,1.317631567
"Total","Motor Vehicle Traffic","GRINJ-008","North Dakota","38",,,2426,15194827,15.965959994,15.330620709,16.601299279,0.324152696,15.600473370,14.970063205,16.230883536,0.321637840
,"Motor Vehicle Traffic","GRINJ-008","Ohio","39","1999","1999",1374,11335454,12.121261310,11.480331430,12.762191190,0.327005041,12.106592513,11.466237214,12.746947812,0.326711887
,"Motor Vehicle Traffic","GRINJ-008","Ohio","39","2000","2000",1408,11353140,12.401855346,11.754054657,13.049656034,0.330510556,12.377725568,11.730955265,13.024495870,0.329984848
,"Motor Vehicle Traffic","GRINJ-008","Ohio","39","2001","2001",1424,11387404,12.505045048,11.855534307,13.154555789,0.331383031,12.467541227,11.819403063,13.115679391,0.330682737
,"Motor Vehicle Traffic","GRINJ-008","Ohio","39","2002","2002",1547,11407889,13.560791133,12.885025749,14.236556517,0.344778257,13.481817058,12.809013155,14.154620961,0.343267298
,"Motor Vehicle Traffic","GRINJ-008","Ohio","39","2003","2003",1304,11434788,11.403796905,10.784830967,12.022762842,0.315798948,11.320670399,10.704672589,11.936668209,0.314284597
,"Motor Vehicle Traffic","GRINJ-008","Ohio","39","2004","2004",1330,11452251,11.613437393,10.989284434,12.237590352,0.318445387,11.494606486,10.874867025,12.114345947,0.316193602
,"Motor Vehicle Traffic","GRINJ-008","Ohio","39","2005","2005",1351,11463320,11.785416441,11.156962680,12.413870203,0.320639674,11.704223716,11.076976839,12.331470594,0.320023917
,"Motor Vehicle Traffic","GRINJ-008","Ohio","39","2006","2006",1309,11481213,11.401234347,10.783590498,12.018878196,0.315124413,11.238476274,10.625591165,11.851361383,0.312696484
,"Motor Vehicle Traffic","GRINJ-008","Ohio","39","2007","2007",1338,11500468,11.634309143,11.010906536,12.257711750,0.318062555,11.526426888,10.903616763,12.149237013,0.317760268
,"Motor Vehicle Traffic","GRINJ-008","Ohio","39","2008","2008",1234,11515391,10.716092923,10.118184100,11.314001746,0.305055522,10.536571773,9.942529606,11.130613940,0.303082738
,"Motor Vehicle Traffic","GRINJ-008","Ohio","39","2009","2009",965,11528896,8.370272401,7.842153140,8.898391661,0.269448602,8.254748206,7.727810211,8.781686200,0.268845916
,"Motor Vehicle Traffic","GRINJ-008","Ohio","39","2010","2010",1183,11536504,10.254406361,9.670054781,10.838757941,0.298138561,10.038274034,9.457891856,10.618656212,0.296113356
,"Motor Vehicle Traffic","GRINJ-008","Ohio","39","2011","2011",1122,11544951,9.718534102,9.149863987,10.287204217,0.290137814,9.633542008,9.059940523,10.207143493,0.292653819
,"Motor Vehicle Traffic","GRINJ-008","Ohio","39","2012","2012",1208,11544225,10.464106512,9.874007679,11.054205345,0.301070833,10.199416352,9.612868629,10.785964076,0.299259043
,"Motor Vehicle Traffic","GRINJ-008","Ohio","39","2013","2013",1077,11570808,9.307906587,8.752002028,9.863811146,0.283624775,8.966931386,8.419759116,9.514103657,0.279169526
,"Motor Vehicle Traffic","GRINJ-008","Ohio","39","2014","2014",1067,11594163,9.202906670,8.650703520,9.755109819,0.281736301,8.994468394,8.443619204,9.545317584,0.281045505
,"Motor Vehicle Traffic","GRINJ-008","Ohio","39","2015","2015",1190,11613423,10.246763594,9.664567474,10.828959715,0.297038837,9.943842583,9.365135023,10.522550144,0.295258960
,"Motor Vehicle Traffic","GRINJ-008","Ohio","39","2016","2016",1260,11614373,10.848626956,10.249601091,11.447652820,0.305625441,10.515188259,9.918370860,11.112005657,0.304498673
,"Motor Vehicle Traffic","GRINJ-008","Ohio","39","2017","2017",1278,11658609,10.961856599,10.360856199,11.562856998,0.306632857,10.746275000,10.141584377,11.350965623,0.308515624
,"Motor Vehicle Traffic","GRINJ-008","Ohio","39","2018","2018",1170,11689442,10.009032082,9.435503294,10.582560870,0.292616728,9.708288203,9.135532914,10.281043492,0.292222086
,"Motor Vehicle Traffic","GRINJ-008","Ohio","39","2019","2019",1219,11689100,10.428518877,9.843086347,11.013951406,0.298690066,10.102818126,9.518186669,10.687449582,0.298281355
,"Motor Vehicle Traffic","GRINJ-008","Ohio","39","2020","2020",1328,11693217,11.357011505,10.746180463,11.967842547,0.311648491,11.155353571,10.536544747,11.774162394,0.315718787
"Total","Motor Vehicle Traffic","GRINJ-008","Ohio","39",,,27686,253609029,10.916803755,10.788209529,11.045397980,0.065609299,10.754007402,10.626003146,10.882011657,0.065308294
,"Motor Vehicle Traffic","GRINJ-008","Oklahoma","40","1999","1999",661,3437147,19.231065765,17.764982303,20.697149226,0.748001766,19.008614212,17.556394124,20.460834301,0.740928617
,"Motor Vehicle Traffic","GRINJ-008","Oklahoma","40","2000","2000",657,3450654,19.039868964,17.583949535,20.495788393,0.742816035,18.845693681,17.402288921,20.289098440,0.736431000
,"Motor Vehicle Traffic","GRINJ-008","Oklahoma","40","2001","2001",708,3467100,20.420524357,18.916321767,21.924726948,0.767450301,20.190399190,18.699806450,21.680991930,0.760506500
,"Motor Vehicle Traffic","GRINJ-008","Oklahoma","40","2002","2002",757,3489080,21.696263771,20.150678097,23.241849446,0.788564120,21.452491878,19.919348086,22.985635671,0.782216221
,"Motor Vehicle Traffic","GRINJ-008","Oklahoma","40","2003","2003",698,3504892,19.915021633,18.437584049,21.392459216,0.753794685,19.855577395,18.376045864,21.335108927,0.754863026
,"Motor Vehicle Traffic","GRINJ-008","Oklahoma","40","2004","2004",743,3525233,21.076621035,19.561097617,22.592144452,0.773226233,20.763374553,19.262789814,22.263959292,0.765604459
,"Motor Vehicle Traffic","GRINJ-008","Oklahoma","40","2005","2005",799,3548597,22.515940807,20.954689626,24.077191988,0.796556725,22.260518248,20.706680919,23.814355576,0.792774147
,"Motor Vehicle Traffic","GRINJ-008","Oklahoma","40","2006","2006",760,3594090,21.145825508,19.642427677,22.649223339,0.767039710,20.898906817,19.402910820,22.394902813,0.763263264
,"Motor Vehicle Traffic","GRINJ-008","Oklahoma","40","2007","2007",714,3634349,19.645884311,18.204835977,21.086932645,0.735228742,19.514582760,18.070873833,20.958291687,0.736586187
,"Motor Vehicle Traffic","GRINJ-008","Oklahoma","40","2008","2008",732,3668976,19.951070816,18.505741736,21.396399897,0.737412796,19.817581408,18.367839185,21.267323632,0.739664400
,"Motor Vehicle Traffic","GRINJ-008","Oklahoma","40","2009","2009",696,3717572,18.721896980,17.330979700,20.112814260,0.709651674,18.802066948,17.389708441,20.214425455,0.720591075
,"Motor Vehicle Traffic","GRINJ-008","Oklahoma","40","2010","2010",680,3751351,18.126802850,16.764345782,19.489259919,0.695131157,18.099040955,16.722096689,19.475985221,0.702522585
,"Motor Vehicle Traffic","GRINJ-008","Oklahoma","40","2011","2011",696,3791508,18.356812118,16.993018309,19.720605927,0.695813168,18.389426707,17.005373760,19.773479654,0.706149463
,"Motor Vehicle Traffic","GRINJ-008","Oklahoma","40","2012","2012",695,3814820,18.218421839,16.863936144,19.572907534,0.691064130,18.294100040,16.912183153,19.676016927,0.705059636
,"Motor Vehicle Traffic","GRINJ-008","Oklahoma","40","2013","2013",700,3850568,18.179136169,16.832406915,19.525865423,0.687106762,17.974831505,16.621754421,19.327908588,0.690345451
,"Motor Vehicle Traffic","GRINJ-008","Oklahoma","40","2014","2014",694,3878051,17.895587242,16.564145126,19.227029358,0.679307202,17.676432536,16.339249378,19.013615694,0.682236305
,"Motor Vehicle Traffic","GRINJ-008","Oklahoma","40","2015","2015",644,3911338,16.464953936,15.193286186,17.736621687,0.648810077,16.381132767,15.096498208,17.665767326,0.655425795
,"Motor Vehicle Traffic","GRINJ-008","Oklahoma","40","2016","2016",697,3923561,17.764474670,16.445634850,19.083314490,0.672877459,17.554070719,16.226138204,18.882003235,0.677516590
,"Motor Vehicle Traffic","GRINJ-008","Oklahoma","40","2017","2017",692,3930864,17.604272241,16.292612768,18.915931715,0.669214017,17.352809253,16.033870165,18.671748341,0.672928106
,"Motor Vehicle Traffic","GRINJ-008","Oklahoma","40","2018","2018",670,3943079,16.991797527,15.705154726,18.278440328,0.656450409,16.669810200,15.381099483,17.958520917,0.657505468
,"Motor Vehicle Traffic","GRINJ-008","Oklahoma","40","2019","2019",669,3956971,16.906871443,15.625702911,18.188039974,0.653657414,16.474390770,15.198409109,17.750372431,0.651011052
,"Motor Vehicle Traffic","GRINJ-008","Oklahoma","40","2020","2020",685,3980783,17.207669948,15.919026254,18.496313643,0.657471273,16.973262981,15.674468840,18.272057123,0.662650072
"Total","Motor Vehicle Traffic","GRINJ-008","Oklahoma","40",,,15447,81770584,18.890656327,18.592749096,19.188563558,0.151993485,18.747835116,18.449432805,19.046237426,0.152246077
,"Motor Vehicle Traffic","GRINJ-008","Oregon","41","1999","1999",410,3393941,12.080351426,10.911003603,13.249699249,0.596606032,11.980461180,10.819880255,13.141042106,0.592133125
,"Motor Vehicle Traffic","GRINJ-008","Oregon","41","2000","2000",447,3421399,13.064831082,11.853658283,14.276003882,0.617945306,13.010847146,11.803381294,14.218312998,0.616054006
,"Motor Vehicle Traffic","GRINJ-008","Oregon","41","2001","2001",479,3467937,13.812246301,12.575294923,15.049197679,0.631097642,13.685716659,12.457424840,14.914008478,0.626679500
,"Motor Vehicle Traffic","GRINJ-008","Oregon","41","2002","2002",447,3513424,12.722631826,11.543182547,13.902081105,0.601759836,12.412096676,11.258227436,13.565965915,0.588708796
,"Motor Vehicle Traffic","GRINJ-008","Oregon","41","2003","2003",529,3547376,14.912431048,13.641632576,16.183229519,0.648366567,14.739552650,13.478341893,16.000763407,0.643474876
,"Motor Vehicle Traffic","GRINJ-008","Oregon","41","2004","2004",480,3569463,13.447400912,12.244378258,14.650423565,0.613787068,13.247672433,12.056354068,14.438990799,0.607815493
,"Motor Vehicle Traffic","GRINJ-008","Oregon","41","2005","2005",493,3613202,13.644407370,12.439961494,14.848853247,0.614513202,13.335862208,12.150860264,14.520864153,0.604592829
,"Motor Vehicle Traffic","GRINJ-008","Oregon","41","2006","2006",486,3670883,13.239321438,12.062247719,14.416395158,0.600547816,12.949960511,11.789602992,14.110318030,0.592019142
,"Motor Vehicle Traffic","GRINJ-008","Oregon","41","2007","2007",459,3722417,12.330698038,11.202624554,13.458771523,0.575547696,12.164148844,11.042081017,13.286216670,0.572483585
,"Motor Vehicle Traffic","GRINJ-008","Oregon","41","2008","2008",413,3768748,10.958546446,9.901646202,12.015446690,0.539234818,10.638753799,9.601054083,11.676453515,0.529438631
,"Motor Vehicle Traffic","GRINJ-008","Oregon","41","2009","2009",370,3808600,9.714855852,8.724955292,10.704756413,0.505051307,9.535969167,8.550512752,10.521425582,0.502783885
,"Motor Vehicle Traffic","GRINJ-008","Oregon","41","2010","2010",306,3831074,7.987316351,7.092371561,8.882261140,0.456604484,7.655044057,6.782914103,8.527174009,0.444964262
,"Motor Vehicle Traffic","GRINJ-008","Oregon","41","2011","2011",347,3871859,8.962103217,8.019125837,9.905080598,0.481110908,8.568881660,7.651936352,9.485826968,0.467829239
,"Motor Vehicle Traffic","GRINJ-008","Oregon","41","2012","2012",346,3899353,8.873266924,7.938288545,9.808245303,0.477029785,8.364889721,7.464773672,9.265005771,0.459242883
,"Motor Vehicle Traffic","GRINJ-008","Oregon","41","2013","2013",336,3930065,8.549476917,7.635308997,9.463644837,0.466412204,8.127566800,7.242087829,9.013045771,0.451774985
,"Motor Vehicle Traffic","GRINJ-008","Oregon","41","2014","2014",355,3970239,8.941527198,8.011375899,9.871678496,0.474566989,8.486073661,7.582961041,9.389186281,0.460771745
,"Motor Vehicle Traffic","GRINJ-008","Oregon","41","2015","2015",478,4028977,11.864053828,10.800461413,12.927646243,0.542649191,11.377083884,10.331088728,12.423079040,0.533670998
,"Motor Vehicle Traffic","GRINJ-008","Oregon","41","2016","2016",505,4093465,12.336736725,11.260740671,13.412732780,0.548977579,11.761269815,10.711244234,12.811295396,0.535727337
,"Motor Vehicle Traffic","GRINJ-008","Oregon","41","2017","2017",474,4142776,11.441603408,10.411564119,12.471642697,0.525530250,10.897558788,9.891071067,11.904046510,0.513514143
,"Motor Vehicle Traffic","GRINJ-008","Oregon","41","2018","2018",482,4190713,11.501622755,10.474809015,12.528436494,0.523884561,10.776031777,9.789975871,11.762087684,0.503089748
,"Motor Vehicle Traffic","GRINJ-008","Oregon","41","2019","2019",506,4217737,11.996954765,10.951628569,13.042280962,0.533329692,11.244675018,10.237811785,12.251538250,0.513705731
,"Motor Vehicle Traffic","GRINJ-008","Oregon","41","2020","2020",502,4241507,11.835416044,10.800064724,12.870767365,0.528240470,11.265640626,10.253502259,12.277778994,0.516397126
"Total","Motor Vehicle Traffic","GRINJ-008","Oregon","41",,,9650,83915155,11.499710630,11.270265245,11.729156015,0.117063972,11.162755987,10.937499374,11.388012600,0.114926843
,"Motor Vehicle Traffic","GRINJ-008","Pennsylvania","42","1999","1999",1531,12263805,12.483890603,11.858547405,13.109233801,0.319052652,12.296474579,11.676815728,12.916133430,0.316152475
,"Motor Vehicle Traffic","GRINJ-008","Pennsylvania","42","2000","2000",1439,12281054,11.717235345,11.111823620,12.322647069,0.308883533,11.568063661,10.967149624,12.168977698,0.306588794
,"Motor Vehicle Traffic","GRINJ-008","Pennsylvania","42","2001","2001",1503,12298970,12.220535541,11.602708632,12.838362449,0.315217810,12.014289668,11.403054736,12.625524599,0.311854557
,"Motor Vehicle Traffic","GRINJ-008","Pennsylvania","42","2002","2002",1702,12331031,13.802576605,13.146829383,14.458323828,0.334564909,13.516280524,12.869813500,14.162747549,0.329830115
,"Motor Vehicle Traffic","GRINJ-008","Pennsylvania","42","2003","2003",1615,12374658,13.050865729,12.414350015,13.687381443,0.324752915,12.757134216,12.130141021,13.384127411,0.319894487
,"Motor Vehicle Traffic","GRINJ-008","Pennsylvania","42","2004","2004",1550,12410722,12.489200870,11.867437872,13.110963868,0.317226019,12.113726236,11.504817803,12.722634669,0.310667568
,"Motor Vehicle Traffic","GRINJ-008","Pennsylvania","42","2005","2005",1725,12449990,13.855432816,13.201577561,14.509288071,0.333599620,13.480675796,12.837849431,14.123502161,0.327972635
,"Motor Vehicle Traffic","GRINJ-008","Pennsylvania","42","2006","2006",1587,12510809,12.685031000,12.060923875,13.309138125,0.318422003,12.398648724,11.781103147,13.016194302,0.315074274
,"Motor Vehicle Traffic","GRINJ-008","Pennsylvania","42","2007","2007",1545,12563937,12.297100821,11.683911528,12.910290115,0.312851680,11.907622546,11.306000418,12.509244674,0.306950065
,"Motor Vehicle Traffic","GRINJ-008","Pennsylvania","42","2008","2008",1538,12612285,12.194459608,11.585006266,12.803912951,0.310945583,11.859720735,11.258015752,12.461425718,0.306992338
,"Motor Vehicle Traffic","GRINJ-008","Pennsylvania","42","2009","2009",1311,12666858,10.349843663,9.789585084,10.910102242,0.285846214,10.023579653,9.471973436,10.575185870,0.281431743
,"Motor Vehicle Traffic","GRINJ-008","Pennsylvania","42","2010","2010",1388,12702379,10.927086965,10.352222138,11.501951793,0.293298381,10.598177962,10.030199038,11.166156886,0.289785165
,"Motor Vehicle Traffic","GRINJ-008","Pennsylvania","42","2011","2011",1440,12742886,11.300422840,10.716749953,11.884095727,0.297792289,10.786494883,10.217487356,11.355502410,0.290309963
,"Motor Vehicle Traffic","GRINJ-008","Pennsylvania","42","2012","2012",1316,12763536,10.310622386,9.753548233,10.867696538,0.284221506,9.953539097,9.404262174,10.502816021,0.280243328
,"Motor Vehicle Traffic","GRINJ-008","Pennsylvania","42","2013","2013",1273,12773801,9.965710285,9.418253141,10.513167428,0.279314869,9.535603769,8.998065494,10.073142045,0.274254222
,"Motor Vehicle Traffic","GRINJ-008","Pennsylvania","42","2014","2014",1223,12787209,9.564245020,9.028209540,10.100280500,0.273487490,9.113470132,8.588578703,9.638361561,0.267801749
,"Motor Vehicle Traffic","GRINJ-008","Pennsylvania","42","2015","2015",1244,12802503,9.716849900,9.176877733,10.256822068,0.275496004,9.213135973,8.686570808,9.739701139,0.268655697
,"Motor Vehicle Traffic","GRINJ-008","Pennsylvania","42","2016","2016",1225,12784227,9.582120217,9.045521485,10.118718950,0.273774863,9.279929268,8.743552975,9.816305561,0.273661374
,"Motor Vehicle Traffic","GRINJ-008","Pennsylvania","42","2017","2017",1194,12805537,9.324091602,8.795207589,9.852975615,0.269838782,8.970110796,8.443867689,9.496353902,0.268491381
,"Motor Vehicle Traffic","GRINJ-008","Pennsylvania","42","2018","2018",1240,12807060,9.682159684,9.143248161,10.221071207,0.274954859,9.053914178,8.531412803,9.576415554,0.266582334
,"Motor Vehicle Traffic","GRINJ-008","Pennsylvania","42","2019","2019",1079,12801989,8.428377809,7.925468883,8.931286735,0.256586187,7.911694246,7.421456084,8.401932408,0.250121511
,"Motor Vehicle Traffic","GRINJ-008","Pennsylvania","42","2020","2020",1175,12783254,9.191712846,8.666139192,9.717286499,0.268149823,8.823491290,8.300449121,9.346533459,0.266858249
"Total","Motor Vehicle Traffic","GRINJ-008","Pennsylvania","42",,,30843,277318500,11.121868898,10.997744963,11.245992833,0.063328538,10.765211666,10.643167557,10.887255775,0.062267402
,"Motor Vehicle Traffic","GRINJ-008","Rhode Island","44","1999","1999",87,1040402,8.362152322,6.697749524,10.314714889,0.896516832,8.086460039,6.468116792,9.986697284,0.870293716
,"Motor Vehicle Traffic","GRINJ-008","Rhode Island","44","2000","2000",79,1048319,7.535874099,5.966226883,9.391959890,0.847852077,7.336119238,5.808078962,9.143005406,0.827637749
,"Motor Vehicle Traffic","GRINJ-008","Rhode Island","44","2001","2001",96,1057142,9.081088444,7.355681640,11.089552775,0.926834708,8.797484470,7.117692785,10.754484890,0.901346388
,"Motor Vehicle Traffic","GRINJ-008","Rhode Island","44","2002","2002",93,1065995,8.724243547,7.041598694,10.687809042,0.904661913,8.354341917,6.734769193,10.245848470,0.870169167
,"Motor Vehicle Traffic","GRINJ-008","Rhode Island","44","2003","2003",102,1071342,9.520769278,7.673083882,11.368454675,0.942696631,9.278169631,7.469364816,11.086974446,0.922859599
,"Motor Vehicle Traffic","GRINJ-008","Rhode Island","44","2004","2004",99,1074579,9.212910358,7.487792894,11.216349845,0.925932330,8.843349219,7.179473063,10.777212826,0.892732879
,"Motor Vehicle Traffic","GRINJ-008","Rhode Island","44","2005","2005",85,1067916,7.959427521,6.357672326,9.841991318,0.863321128,7.666725272,6.115286746,9.491942558,0.838198815
,"Motor Vehicle Traffic","GRINJ-008","Rhode Island","44","2006","2006",86,1063096,8.089579869,6.470612250,9.990550242,0.872321831,7.556946989,6.036186977,9.344316091,0.821538076
,"Motor Vehicle Traffic","GRINJ-008","Rhode Island","44","2007","2007",79,1057315,7.471756288,5.915464171,9.312049862,0.840638260,7.118908954,5.627212771,8.884754320,0.808099884
,"Motor Vehicle Traffic","GRINJ-008","Rhode Island","44","2008","2008",72,1055003,6.824625143,5.339859697,8.594455182,0.804289786,6.446596002,5.025443914,8.144887253,0.771502114
,"Motor Vehicle Traffic","GRINJ-008","Rhode Island","44","2009","2009",84,1053646,7.972317078,6.359038994,9.870286605,0.869851106,7.753800655,6.166830275,9.624482601,0.854964822
,"Motor Vehicle Traffic","GRINJ-008","Rhode Island","44","2010","2010",86,1052567,8.170501260,6.535338843,10.090487352,0.881047809,7.840260251,6.244688887,9.719178620,0.861031439
,"Motor Vehicle Traffic","GRINJ-008","Rhode Island","44","2011","2011",73,1051302,6.943770677,5.442805207,8.730750060,0.812706886,6.849571832,5.349584096,8.639775926,0.814000287
,"Motor Vehicle Traffic","GRINJ-008","Rhode Island","44","2012","2012",73,1050292,6.950448066,5.448039212,8.739145876,0.813488415,6.843546303,5.334886520,8.646410141,0.816008640
,"Motor Vehicle Traffic","GRINJ-008","Rhode Island","44","2013","2013",73,1051511,6.942390522,5.441723387,8.729014723,0.812545351,6.405054919,4.983517030,8.105981304,0.771239596
,"Motor Vehicle Traffic","GRINJ-008","Rhode Island","44","2014","2014",59,1055173,5.591500162,4.256529498,7.212643803,0.727951317,5.282637860,3.990451813,6.859927872,0.708862930
,"Motor Vehicle Traffic","GRINJ-008","Rhode Island","44","2015","2015",52,1056298,4.922853210,3.676632920,6.455682014,0.682676910,4.668274685,3.464886836,6.154559979,0.662639905
,"Motor Vehicle Traffic","GRINJ-008","Rhode Island","44","2016","2016",56,1056426,5.300891875,4.004240713,6.883632171,0.708361473,5.036587843,3.783635885,6.571639085,0.686763337
,"Motor Vehicle Traffic","GRINJ-008","Rhode Island","44","2017","2017",102,1059639,9.625919771,7.757827932,11.494011609,0.953108081,9.128488694,7.305273432,10.951703956,0.930211868
,"Motor Vehicle Traffic","GRINJ-008","Rhode Island","44","2018","2018",66,1057315,6.242226772,4.827738186,7.941673011,0.768365001,6.109453386,4.684056817,7.832013769,0.774965243
,"Motor Vehicle Traffic","GRINJ-008","Rhode Island","44","2019","2019",71,1059361,6.702153468,5.234448880,8.453828298,0.795399281,6.148737942,4.765210418,7.808651237,0.752094533
,"Motor Vehicle Traffic","GRINJ-008","Rhode Island","44","2020","2020",69,1057125,6.527137283,5.078504434,8.260483860,0.785774990,5.864247336,4.516174158,7.488526563,0.730684228
"Total","Motor Vehicle Traffic","GRINJ-008","Rhode Island","44",,,1742,23261764,7.488684005,7.137012240,7.840355770,0.179424370,7.130459428,6.791594468,7.469324387,0.172890285
,"Motor Vehicle Traffic","GRINJ-008","South Carolina","45","1999","1999",965,3974682,24.278671854,22.746817977,25.810525730,0.781558100,24.244511382,22.711258898,25.777763866,0.782271676
,"Motor Vehicle Traffic","GRINJ-008","South Carolina","45","2000","2000",999,4012012,24.900224625,23.356120468,26.444328782,0.787808243,24.794853161,23.255254294,26.334452028,0.785509626
,"Motor Vehicle Traffic","GRINJ-008","South Carolina","45","2001","2001",975,4064995,23.985269355,22.479708330,25.490830380,0.768143380,23.848483738,22.349078848,25.347888627,0.765002495
,"Motor Vehicle Traffic","GRINJ-008","South Carolina","45","2002","2002",1013,4107795,24.660432178,23.141801978,26.179062378,0.774811326,24.485631343,22.973850568,25.997412118,0.771316722
,"Motor Vehicle Traffic","GRINJ-008","South Carolina","45","2003","2003",921,4150297,22.191182944,20.757983240,23.624382649,0.731224339,22.146418573,20.711188126,23.581649020,0.732260432
,"Motor Vehicle Traffic","GRINJ-008","South Carolina","45","2004","2004",1017,4210921,24.151486100,22.667125378,25.635846823,0.757326899,23.986564756,22.505996699,25.467132812,0.755391866
,"Motor Vehicle Traffic","GRINJ-008","South Carolina","45","2005","2005",1052,4270150,24.636136904,23.147390209,26.124883599,0.759564640,24.510000244,23.021655653,25.998344836,0.759359486
,"Motor Vehicle Traffic","GRINJ-008","South Carolina","45","2006","2006",1019,4357847,23.383106383,21.947381640,24.818831125,0.732512624,23.304811098,21.865426358,24.744195839,0.734379970
,"Motor Vehicle Traffic","GRINJ-008","South Carolina","45","2007","2007",1031,4444110,23.199245743,21.783123958,24.615367529,0.722511115,23.196127414,21.770557426,24.621697402,0.727331627
,"Motor Vehicle Traffic","GRINJ-008","South Carolina","45","2008","2008",939,4528996,20.733071966,19.406939430,22.059204502,0.676598233,20.639506991,19.307297701,21.971716280,0.679698617
,"Motor Vehicle Traffic","GRINJ-008","South Carolina","45","2009","2009",883,4589872,19.238009252,17.969084559,20.506933945,0.647410558,19.071204789,17.799426141,20.342983438,0.648866657
,"Motor Vehicle Traffic","GRINJ-008","South Carolina","45","2010","2010",784,4625364,16.950017339,15.763516126,18.136518553,0.605357762,16.903883315,15.705224328,18.102542302,0.611560708
,"Motor Vehicle Traffic","GRINJ-008","South Carolina","45","2011","2011",838,4679230,17.908929461,16.696368203,19.121490718,0.618653703,17.769970491,16.548757350,18.991183631,0.623067929
,"Motor Vehicle Traffic","GRINJ-008","South Carolina","45","2012","2012",848,4723723,17.951941720,16.743656190,19.160227252,0.616472210,17.723872352,16.511932731,18.935811974,0.618336541
,"Motor Vehicle Traffic","GRINJ-008","South Carolina","45","2013","2013",767,4774839,16.063368838,14.926540160,17.200197517,0.580014632,15.810595004,14.670430317,16.950759690,0.581716677
,"Motor Vehicle Traffic","GRINJ-008","South Carolina","45","2014","2014",792,4832482,16.389093638,15.247665913,17.530521362,0.582361084,15.988980707,14.852746919,17.125214496,0.579711117
,"Motor Vehicle Traffic","GRINJ-008","South Carolina","45","2015","2015",964,4896146,19.688955354,18.446043790,20.931866918,0.634138553,19.397033696,18.145421739,20.648645654,0.638577529
,"Motor Vehicle Traffic","GRINJ-008","South Carolina","45","2016","2016",1045,4961119,21.063796293,19.786667864,22.340924721,0.651596137,20.947222371,19.648315228,22.246129514,0.662707726
,"Motor Vehicle Traffic","GRINJ-008","South Carolina","45","2017","2017",1029,5024369,20.480183681,19.228823788,21.731543574,0.638448925,20.179013680,18.913991946,21.444035414,0.645419252
,"Motor Vehicle Traffic","GRINJ-008","South Carolina","45","2018","2018",1017,5084127,20.003434218,18.774014548,21.232853888,0.627254934,19.692496541,18.448853132,20.936139951,0.634511943
,"Motor Vehicle Traffic","GRINJ-008","South Carolina","45","2019","2019",983,5148714,19.092146117,17.898614132,20.285678101,0.608944890,18.898937005,17.681667095,20.116206916,0.621056077
,"Motor Vehicle Traffic","GRINJ-008","South Carolina","45","2020","2020",1087,5218040,20.831576607,19.593169490,22.069983725,0.631840366,20.816031285,19.544365886,22.087696685,0.648808877
"Total","Motor Vehicle Traffic","GRINJ-008","South Carolina","45",,,20968,100679830,20.826415778,20.544517708,21.108313847,0.143825546,20.700213899,20.417090974,20.983336824,0.144450472
,"Motor Vehicle Traffic","GRINJ-008","South Dakota","46","1999","1999",163,750412,21.721401044,18.386752230,25.056049857,1.701351436,21.506020673,18.189203543,24.822837803,1.692253638
,"Motor Vehicle Traffic","GRINJ-008","South Dakota","46","2000","2000",160,754844,21.196432640,17.912011375,24.480853906,1.675725135,21.022403993,17.750120135,24.294687851,1.669532581
,"Motor Vehicle Traffic","GRINJ-008","South Dakota","46","2001","2001",172,757972,22.692131108,19.300823907,26.083438308,1.730258776,22.461487216,19.084053864,25.838920567,1.723180281
,"Motor Vehicle Traffic","GRINJ-008","South Dakota","46","2002","2002",171,760020,22.499407910,19.127085368,25.871730453,1.720572726,22.051999930,18.724156709,25.379843152,1.697879195
,"Motor Vehicle Traffic","GRINJ-008","South Dakota","46","2003","2003",196,763729,25.663553433,22.070655953,29.256450914,1.833110959,25.439974437,21.853406465,29.026542408,1.829881618
,"Motor Vehicle Traffic","GRINJ-008","South Dakota","46","2004","2004",179,770396,23.234803919,19.830968386,26.638639452,1.736650782,23.102142087,19.689455861,26.514828313,1.741166442
,"Motor Vehicle Traffic","GRINJ-008","South Dakota","46","2005","2005",167,775493,21.534688256,18.268536009,24.800840504,1.666404208,21.452665632,18.164136232,24.741195031,1.677821122
,"Motor Vehicle Traffic","GRINJ-008","South Dakota","46","2006","2006",185,783033,23.626079616,20.221512734,27.030646499,1.737023920,23.310670715,19.912054883,26.709286547,1.733987669
,"Motor Vehicle Traffic","GRINJ-008","South Dakota","46","2007","2007",140,791623,17.685186004,14.755630805,20.614741202,1.494671020,17.453685908,14.523317470,20.384054346,1.495085938
,"Motor Vehicle Traffic","GRINJ-008","South Dakota","46","2008","2008",121,799124,15.141580030,12.443625770,17.839534290,1.376507276,14.734245257,12.079521713,17.388968801,1.354450788
,"Motor Vehicle Traffic","GRINJ-008","South Dakota","46","2009","2009",130,807067,16.107708530,13.338739122,18.876677938,1.412739494,16.424372597,13.548400108,19.300345087,1.467332903
,"Motor Vehicle Traffic","GRINJ-008","South Dakota","46","2010","2010",135,814180,16.581100003,13.784035216,19.378164789,1.427073870,16.306004443,13.504218253,19.107790633,1.429482750
,"Motor Vehicle Traffic","GRINJ-008","South Dakota","46","2011","2011",98,824082,11.892020454,9.654536806,14.492567487,1.201275472,11.652878225,9.416690893,14.260209727,1.201113429
,"Motor Vehicle Traffic","GRINJ-008","South Dakota","46","2012","2012",136,833354,16.319595274,13.576783524,19.062407024,1.399393750,16.485860427,13.661006538,19.310714316,1.441251984
,"Motor Vehicle Traffic","GRINJ-008","South Dakota","46","2013","2013",133,844877,15.741936400,13.066538362,18.417334439,1.364998999,15.534863985,12.831792558,18.237935413,1.379118075
,"Motor Vehicle Traffic","GRINJ-008","South Dakota","46","2014","2014",153,853175,17.933014915,15.091410194,20.774619636,1.449798327,17.712924941,14.827149940,20.598699941,1.472334184
,"Motor Vehicle Traffic","GRINJ-008","South Dakota","46","2015","2015",132,858469,15.376210440,12.753088862,17.999332017,1.338327335,15.217852204,12.553419700,17.882284708,1.359404339
,"Motor Vehicle Traffic","GRINJ-008","South Dakota","46","2016","2016",130,865454,15.021017870,12.438854251,17.603181490,1.317430418,15.273223021,12.609095273,17.937350769,1.359248851
,"Motor Vehicle Traffic","GRINJ-008","South Dakota","46","2017","2017",159,869666,18.282881014,15.441024529,21.124737499,1.449926778,18.330512436,15.403472942,21.257551931,1.493387497
,"Motor Vehicle Traffic","GRINJ-008","South Dakota","46","2018","2018",148,882235,16.775575669,14.072845770,19.478305567,1.378943826,16.596696144,13.856756029,19.336636258,1.397928630
,"Motor Vehicle Traffic","GRINJ-008","South Dakota","46","2019","2019",129,884659,14.581889745,12.065516689,17.098262801,1.283863804,14.685649704,12.073782846,17.297516563,1.332585132
,"Motor Vehicle Traffic","GRINJ-008","South Dakota","46","2020","2020",143,892717,16.018514266,13.393024771,18.644003761,1.339535457,15.814457115,13.128206489,18.500707741,1.370536034
"Total","Motor Vehicle Traffic","GRINJ-008","South Dakota","46",,,3280,17936581,18.286651174,17.660825566,18.912476782,0.319298780,18.218247071,17.586641105,18.849853038,0.322247942
,"Motor Vehicle Traffic","GRINJ-008","Tennessee","47","1999","1999",1293,5638706,22.930792987,21.680891218,24.180694755,0.637704984,22.773119345,21.530176021,24.016062668,0.634154757
,"Motor Vehicle Traffic","GRINJ-008","Tennessee","47","2000","2000",1354,5689283,23.799132509,22.531457683,25.066807336,0.646772871,23.754965748,22.488039735,25.021891762,0.646390823
,"Motor Vehicle Traffic","GRINJ-008","Tennessee","47","2001","2001",1275,5750789,22.170870814,20.953890004,23.387851625,0.620908577,21.974087346,20.766790383,23.181384310,0.615967839
,"Motor Vehicle Traffic","GRINJ-008","Tennessee","47","2002","2002",1209,5795918,20.859508364,19.683671724,22.035345005,0.599916653,20.789047847,19.615357742,21.962737953,0.598821482
,"Motor Vehicle Traffic","GRINJ-008","Tennessee","47","2003","2003",1275,5847812,21.803026499,20.606237023,22.999815976,0.610606876,21.747252285,20.550639180,22.943865390,0.610516890
,"Motor Vehicle Traffic","GRINJ-008","Tennessee","47","2004","2004",1353,5910809,22.890267644,21.670553545,24.109981742,0.622303111,22.671612531,21.459598858,23.883626205,0.618374323
,"Motor Vehicle Traffic","GRINJ-008","Tennessee","47","2005","2005",1264,5991057,21.098113405,19.934989031,22.261237779,0.593430803,20.988598108,19.826882867,22.150313350,0.592711858
,"Motor Vehicle Traffic","GRINJ-008","Tennessee","47","2006","2006",1332,6088766,21.876353928,20.701513454,23.051194402,0.599408405,21.826985430,20.649393225,23.004577635,0.600812350
,"Motor Vehicle Traffic","GRINJ-008","Tennessee","47","2007","2007",1270,6175727,20.564380517,19.433361670,21.695399365,0.577050432,20.332070081,19.206817656,21.457322505,0.574108380
,"Motor Vehicle Traffic","GRINJ-008","Tennessee","47","2008","2008",1117,6247411,17.879406365,16.830872215,18.927940516,0.534966403,17.749633462,16.701284962,18.797981962,0.534871684
,"Motor Vehicle Traffic","GRINJ-008","Tennessee","47","2009","2009",1028,6306019,16.301885548,15.305339540,17.298431556,0.508441841,16.100157767,15.106889321,17.093426213,0.506769615
,"Motor Vehicle Traffic","GRINJ-008","Tennessee","47","2010","2010",1027,6346105,16.183154864,15.193385426,17.172924303,0.504984407,16.017265019,15.026795775,17.007734262,0.505341451
,"Motor Vehicle Traffic","GRINJ-008","Tennessee","47","2011","2011",1004,6403353,15.679285524,14.709411152,16.649159896,0.494833863,15.433095544,14.466704772,16.399486316,0.493056516
,"Motor Vehicle Traffic","GRINJ-008","Tennessee","47","2012","2012",977,6456243,15.132639834,14.183733195,16.081546473,0.484136040,14.921260257,13.972526338,15.869994176,0.484047918
,"Motor Vehicle Traffic","GRINJ-008","Tennessee","47","2013","2013",982,6495978,15.117046271,14.171533782,16.062558760,0.482404331,14.895137474,13.949617773,15.840657174,0.482408010
,"Motor Vehicle Traffic","GRINJ-008","Tennessee","47","2014","2014",942,6549352,14.383102328,13.464593806,15.301610851,0.468626797,14.025566942,13.115649568,14.935484316,0.464243558
,"Motor Vehicle Traffic","GRINJ-008","Tennessee","47","2015","2015",943,6600299,14.287231533,13.375329240,15.199133826,0.465256272,13.911367825,13.007290283,14.815445366,0.461264052
,"Motor Vehicle Traffic","GRINJ-008","Tennessee","47","2016","2016",1049,6651194,15.771604316,14.817174057,16.726034576,0.486954214,15.419921558,14.467369189,16.372473926,0.485996106
,"Motor Vehicle Traffic","GRINJ-008","Tennessee","47","2017","2017",1039,6715984,15.470555022,14.529848419,16.411261625,0.479952348,14.995704193,14.064161121,15.927247265,0.475277077
,"Motor Vehicle Traffic","GRINJ-008","Tennessee","47","2018","2018",1071,6770010,15.819769838,14.872308501,16.767231175,0.483398641,15.325938713,14.387915118,16.263962308,0.478583467
,"Motor Vehicle Traffic","GRINJ-008","Tennessee","47","2019","2019",1138,6829174,16.663801508,15.695615005,17.631988011,0.493972706,16.017428162,15.064466251,16.970390074,0.486205057
,"Motor Vehicle Traffic","GRINJ-008","Tennessee","47","2020","2020",1228,6886834,17.831125304,16.833802751,18.828447856,0.508838037,17.636248885,16.627225719,18.645272051,0.514807738
"Total","Motor Vehicle Traffic","GRINJ-008","Tennessee","47",,,25170,138146823,18.219745814,17.994655515,18.444836112,0.114841989,18.027428160,17.802807166,18.252049154,0.114602548
,"Motor Vehicle Traffic","GRINJ-008","Texas","48","1999","1999",3581,20558220,17.418823225,16.848300796,17.989345654,0.291082872,17.719402304,17.133311789,18.305492820,0.299025773
,"Motor Vehicle Traffic","GRINJ-008","Texas","48","2000","2000",3763,20851820,18.046386359,17.469780284,18.622992433,0.294186773,18.230008895,17.642022585,18.817995205,0.299993015
,"Motor Vehicle Traffic","GRINJ-008","Texas","48","2001","2001",3872,21319622,18.161672848,17.589609339,18.733736356,0.291869137,18.476674718,17.889008662,19.064340773,0.299829620
,"Motor Vehicle Traffic","GRINJ-008","Texas","48","2002","2002",3918,21690325,18.063353131,17.497736426,18.628969836,0.288579952,18.201391460,17.626253395,18.776529524,0.293437788
,"Motor Vehicle Traffic","GRINJ-008","Texas","48","2003","2003",3907,22030931,17.734157490,17.178067693,18.290247287,0.283719284,17.924125248,17.357261180,18.490989316,0.289216361
,"Motor Vehicle Traffic","GRINJ-008","Texas","48","2004","2004",3769,22394023,16.830383714,16.293058748,17.367708681,0.274145391,17.029083508,16.480395641,17.577771376,0.279942790
,"Motor Vehicle Traffic","GRINJ-008","Texas","48","2005","2005",3657,22778123,16.054878622,15.534522561,16.575234683,0.265487786,16.266059490,15.734440438,16.797678542,0.271234210
,"Motor Vehicle Traffic","GRINJ-008","Texas","48","2006","2006",3794,23359580,16.241730374,15.724909906,16.758550841,0.263683912,16.385911561,15.860424432,16.911398689,0.268105678
,"Motor Vehicle Traffic","GRINJ-008","Texas","48","2007","2007",3677,23831983,15.428846185,14.930142353,15.927550018,0.254440731,15.656038469,15.145704399,16.166372538,0.260374525
,"Motor Vehicle Traffic","GRINJ-008","Texas","48","2008","2008",3654,24309039,15.031445710,14.544060269,15.518831152,0.248666042,15.178251069,14.682152456,15.674349681,0.253111537
,"Motor Vehicle Traffic","GRINJ-008","Texas","48","2009","2009",3398,24801761,13.700640047,13.239975022,14.161305072,0.235033176,13.896420090,13.425187928,14.367652253,0.240424573
,"Motor Vehicle Traffic","GRINJ-008","Texas","48","2010","2010",3222,25145561,12.813394778,12.370951593,13.255837963,0.225736319,13.011835825,12.558502784,13.465168866,0.231292368
,"Motor Vehicle Traffic","GRINJ-008","Texas","48","2011","2011",3169,25674681,12.342899216,11.913152928,12.772645505,0.219258310,12.476330773,12.037857099,12.914804448,0.223711059
,"Motor Vehicle Traffic","GRINJ-008","Texas","48","2012","2012",3511,26059203,13.473167234,13.027500357,13.918834110,0.227381060,13.538299225,13.086637205,13.989961245,0.230439806
,"Motor Vehicle Traffic","GRINJ-008","Texas","48","2013","2013",3479,26448193,13.154017743,12.716911228,13.591124259,0.223013528,13.245540866,12.801355691,13.689726041,0.226625089
,"Motor Vehicle Traffic","GRINJ-008","Texas","48","2014","2014",3569,26956958,13.239624441,12.805255801,13.673993082,0.221616653,13.260044121,12.820724769,13.699363474,0.224142527
,"Motor Vehicle Traffic","GRINJ-008","Texas","48","2015","2015",3599,27469114,13.101987927,12.673930198,13.530045656,0.218396800,13.164892948,12.730699205,13.599086690,0.221527419
,"Motor Vehicle Traffic","GRINJ-008","Texas","48","2016","2016",3878,27862596,13.918301080,13.480236241,14.356365919,0.223502469,13.926642531,13.483834015,14.369451047,0.225922712
,"Motor Vehicle Traffic","GRINJ-008","Texas","48","2017","2017",3766,28304596,13.305259683,12.880308279,13.730211087,0.216811941,13.335962097,12.905571033,13.766353160,0.219587277
,"Motor Vehicle Traffic","GRINJ-008","Texas","48","2018","2018",3679,28701845,12.817991317,12.403790310,13.232192324,0.211327044,12.782556689,12.365383840,13.199729538,0.212843290
,"Motor Vehicle Traffic","GRINJ-008","Texas","48","2019","2019",3727,28995881,12.853549785,12.440883053,13.266216518,0.210544251,12.759528938,12.345849912,13.173207964,0.211060727
,"Motor Vehicle Traffic","GRINJ-008","Texas","48","2020","2020",3925,29360759,13.368183023,12.949959338,13.786406707,0.213379431,13.257691768,12.838877169,13.676506366,0.213680918
"Total","Motor Vehicle Traffic","GRINJ-008","Texas","48",,,80514,548904814,14.668116939,14.566797043,14.769436834,0.051693824,14.775986780,14.673225591,14.878747969,0.052429178
,"Motor Vehicle Traffic","GRINJ-008","Utah","49","1999","1999",335,2203482,15.203210192,13.575155584,16.831264799,0.830640106,15.905971136,14.133881432,17.678060840,0.904127400
,"Motor Vehicle Traffic","GRINJ-008","Utah","49","2000","2000",347,2233169,15.538456785,13.903526577,17.173386993,0.834148065,16.464476627,14.661480755,18.267472498,0.919895853
,"Motor Vehicle Traffic","GRINJ-008","Utah","49","2001","2001",288,2283715,12.611030711,11.154530973,14.067530449,0.743112111,13.177932575,11.596815612,14.759049537,0.806692328
,"Motor Vehicle Traffic","GRINJ-008","Utah","49","2002","2002",313,2324815,13.463436876,11.971879922,14.954993829,0.760998446,13.985037559,12.373556630,15.596518488,0.822184147
,"Motor Vehicle Traffic","GRINJ-008","Utah","49","2003","2003",287,2360137,12.160311033,10.753422123,13.567199943,0.717800464,12.776721403,11.246003426,14.307439380,0.780978560
,"Motor Vehicle Traffic","GRINJ-008","Utah","49","2004","2004",302,2401580,12.575054756,11.156773103,13.993336408,0.723613088,13.340459364,11.785818946,14.895099783,0.793183887
,"Motor Vehicle Traffic","GRINJ-008","Utah","49","2005","2005",303,2457719,12.328504601,10.940326597,13.716682605,0.708254084,12.979790691,11.472012654,14.487568728,0.769274509
,"Motor Vehicle Traffic","GRINJ-008","Utah","49","2006","2006",326,2525507,12.908299205,11.507047046,14.309551364,0.714924571,13.557643415,12.042164752,15.073122079,0.773203400
,"Motor Vehicle Traffic","GRINJ-008","Utah","49","2007","2007",293,2597746,11.279008802,9.987512412,12.570505193,0.658926730,11.669290343,10.294949353,13.043631333,0.701194382
,"Motor Vehicle Traffic","GRINJ-008","Utah","49","2008","2008",284,2663029,10.664547776,9.424211786,11.904883766,0.632824485,11.270739163,9.923417171,12.618061155,0.687409180
,"Motor Vehicle Traffic","GRINJ-008","Utah","49","2009","2009",246,2723421,9.032756963,7.903978166,10.161535760,0.575907549,9.838044615,8.577172426,11.098916804,0.643302137
,"Motor Vehicle Traffic","GRINJ-008","Utah","49","2010","2010",247,2763885,8.936695991,7.822184427,10.051207555,0.568628349,9.674658955,8.438168915,10.911148995,0.630862265
,"Motor Vehicle Traffic","GRINJ-008","Utah","49","2011","2011",257,2817222,9.122461773,8.007136452,10.237787093,0.569043531,9.411649974,8.234068841,10.589231107,0.600806701
,"Motor Vehicle Traffic","GRINJ-008","Utah","49","2012","2012",228,2855287,7.985186778,6.948676228,9.021697328,0.528831913,8.507276671,7.380213955,9.634339387,0.575031998
,"Motor Vehicle Traffic","GRINJ-008","Utah","49","2013","2013",209,2900872,7.204730164,6.227941416,8.181518912,0.498361606,7.746295244,6.676121732,8.816468757,0.546006894
,"Motor Vehicle Traffic","GRINJ-008","Utah","49","2014","2014",240,2942902,8.155215498,7.123438380,9.186992616,0.526416897,8.709287514,7.586956584,9.831618445,0.572617822
,"Motor Vehicle Traffic","GRINJ-008","Utah","49","2015","2015",269,2995919,8.978880938,7.905874953,10.051886922,0.547452033,9.387859724,8.246389423,10.529330025,0.582382807
,"Motor Vehicle Traffic","GRINJ-008","Utah","49","2016","2016",270,3051217,8.848928149,7.793412059,9.904444239,0.538528617,9.271066463,8.146052796,10.396080130,0.573986565
,"Motor Vehicle Traffic","GRINJ-008","Utah","49","2017","2017",280,3101833,9.026920534,7.969575633,10.084265434,0.539461684,9.493999032,8.363789564,10.624208500,0.576637484
,"Motor Vehicle Traffic","GRINJ-008","Utah","49","2018","2018",239,3161105,7.560647305,6.602094373,8.519200238,0.489057619,7.808301595,6.802784389,8.813818801,0.513018982
,"Motor Vehicle Traffic","GRINJ-008","Utah","49","2019","2019",231,3205958,7.205334568,6.276145198,8.134523938,0.474076209,7.593685965,6.599633535,8.587738395,0.507169607
,"Motor Vehicle Traffic","GRINJ-008","Utah","49","2020","2020",299,3249879,9.200342536,8.157486224,10.243198848,0.532069547,9.497703254,8.406444226,10.588962282,0.556764810
"Total","Motor Vehicle Traffic","GRINJ-008","Utah","49",,,6093,59820399,10.185488733,9.929734780,10.441242686,0.130486711,10.679831577,10.405791080,10.953872073,0.139816580
,"Motor Vehicle Traffic","GRINJ-008","Vermont","50","1999","1999",76,604683,12.568568986,9.902649818,15.731449371,1.441713739,12.536666535,9.877514196,15.691518669,1.440147414
,"Motor Vehicle Traffic","GRINJ-008","Vermont","50","2000","2000",74,608827,12.154520085,9.543972261,15.258906060,1.412934260,12.051633214,9.463183432,15.129740853,1.404117452
,"Motor Vehicle Traffic","GRINJ-008","Vermont","50","2001","2001",85,612223,13.883829912,11.089847980,17.167633362,1.505912789,13.780649803,10.991997509,17.061409102,1.500568012
,"Motor Vehicle Traffic","GRINJ-008","Vermont","50","2002","2002",77,615442,12.511333318,9.873694028,15.637039721,1.425798757,12.475382269,9.829228936,15.614812217,1.429429348
,"Motor Vehicle Traffic","GRINJ-008","Vermont","50","2003","2003",70,617858,11.329464052,8.831883701,14.314098061,1.354129956,10.883733697,8.468197840,13.774018017,1.310911928
,"Motor Vehicle Traffic","GRINJ-008","Vermont","50","2004","2004",81,619920,13.066202091,10.376393728,16.240113240,1.451800232,12.715730437,10.067170944,15.847614843,1.428728405
,"Motor Vehicle Traffic","GRINJ-008","Vermont","50","2005","2005",74,621215,11.912139919,9.353650507,14.954619576,1.384758138,11.636993288,9.105249028,14.654814757,1.373412202
,"Motor Vehicle Traffic","GRINJ-008","Vermont","50","2006","2006",87,622892,13.967108263,11.187095034,17.228428042,1.497431184,13.617210369,10.861631678,16.859059641,1.483983685
,"Motor Vehicle Traffic","GRINJ-008","Vermont","50","2007","2007",67,623481,10.746117364,8.328133496,13.647139207,1.312847187,10.248546609,7.892610714,13.087189049,1.276183038
,"Motor Vehicle Traffic","GRINJ-008","Vermont","50","2008","2008",71,624151,11.375452415,8.884342090,14.348540658,1.350017828,10.877650288,8.446930554,13.790032376,1.322033170
,"Motor Vehicle Traffic","GRINJ-008","Vermont","50","2009","2009",74,624817,11.843467767,9.299727760,14.868407870,1.376775162,10.980295810,8.559689599,13.872944938,1.308733544
,"Motor Vehicle Traffic","GRINJ-008","Vermont","50","2010","2010",70,625741,11.186737005,8.720620832,14.133771001,1.337070811,10.854204265,8.411899764,13.784405249,1.329491583
,"Motor Vehicle Traffic","GRINJ-008","Vermont","50","2011","2011",59,626431,9.418435550,7.169784062,12.149122569,1.226175867,8.884009850,6.692679981,11.563782581,1.194649704
,"Motor Vehicle Traffic","GRINJ-008","Vermont","50","2012","2012",74,626011,11.820878547,9.281990253,14.840049137,1.374149219,11.332131616,8.817078325,14.341492488,1.361403686
,"Motor Vehicle Traffic","GRINJ-008","Vermont","50","2013","2013",71,626630,11.330450186,8.849194900,14.291776647,1.344677046,10.804731442,8.390306154,13.697590238,1.313744643
,"Motor Vehicle Traffic","GRINJ-008","Vermont","50","2014","2014",45,626562,7.182050619,5.238659542,9.610158292,1.070636893,6.763162466,4.894500676,9.109912210,1.034970017
,"Motor Vehicle Traffic","GRINJ-008","Vermont","50","2015","2015",46,626042,7.347749831,5.379508084,9.800869590,1.083366608,6.770941097,4.879884958,9.152348790,1.042650486
,"Motor Vehicle Traffic","GRINJ-008","Vermont","50","2016","2016",61,624594,9.766344217,7.470472019,12.545259801,1.250452242,9.503424095,7.197798376,12.312826326,1.253290025
,"Motor Vehicle Traffic","GRINJ-008","Vermont","50","2017","2017",72,623657,11.544807482,9.033119167,14.538722407,1.360568610,10.735934089,8.303171424,13.658792144,1.317835982
,"Motor Vehicle Traffic","GRINJ-008","Vermont","50","2018","2018",73,626299,11.655774638,9.136262392,14.655388241,1.364205235,11.103230409,8.604892535,14.100658491,1.357991428
,"Motor Vehicle Traffic","GRINJ-008","Vermont","50","2019","2019",51,623989,8.173221002,6.085535162,10.746314438,1.144479859,7.699990938,5.657645342,10.239370950,1.126580215
,"Motor Vehicle Traffic","GRINJ-008","Vermont","50","2020","2020",57,623347,9.144184539,6.925713928,11.847388373,1.211176830,8.164279270,6.078877416,10.734557670,1.141420881
"Total","Motor Vehicle Traffic","GRINJ-008","Vermont","50",,,1515,13674812,11.078762911,10.520882614,11.636643208,0.284632805,10.637480506,10.091912425,11.183048588,0.278351062
,"Motor Vehicle Traffic","GRINJ-008","Virginia","51","1999","1999",875,7000174,12.499689293,11.671458711,13.327919876,0.422566624,12.570419662,11.734598626,13.406240698,0.426439304
,"Motor Vehicle Traffic","GRINJ-008","Virginia","51","2000","2000",951,7078515,13.435021329,12.581126913,14.288915744,0.435660416,13.484975371,12.625311784,14.344638957,0.438603870
,"Motor Vehicle Traffic","GRINJ-008","Virginia","51","2001","2001",935,7198362,12.989066124,12.156481869,13.821650378,0.424787885,13.056217668,12.216560671,13.895874664,0.428396427
,"Motor Vehicle Traffic","GRINJ-008","Virginia","51","2002","2002",940,7286873,12.899909193,12.075241848,13.724576538,0.420748645,12.853304349,12.029375812,13.677232886,0.420371702
,"Motor Vehicle Traffic","GRINJ-008","Virginia","51","2003","2003",989,7366977,13.424773825,12.588083199,14.261464451,0.426882972,13.437090165,12.596745766,14.277434564,0.428747142
,"Motor Vehicle Traffic","GRINJ-008","Virginia","51","2004","2004",972,7475575,13.002344301,12.184925541,13.819763062,0.417050388,12.997935664,12.177920761,13.817950566,0.418374950
,"Motor Vehicle Traffic","GRINJ-008","Virginia","51","2005","2005",932,7577105,12.300212284,11.510514859,13.089909709,0.402906850,12.219960204,11.432172210,13.007748197,0.401932650
,"Motor Vehicle Traffic","GRINJ-008","Virginia","51","2006","2006",932,7673725,12.145340105,11.365585774,12.925094437,0.397833843,11.988603709,11.215283722,12.761923695,0.394551013
,"Motor Vehicle Traffic","GRINJ-008","Virginia","51","2007","2007",1037,7751000,13.378918849,12.564612703,14.193224995,0.415462319,13.239566177,12.429458270,14.049674084,0.413320361
,"Motor Vehicle Traffic","GRINJ-008","Virginia","51","2008","2008",845,7833496,10.787010040,10.059684564,11.514335516,0.371084427,10.586472877,9.867992278,11.304953477,0.366571735
,"Motor Vehicle Traffic","GRINJ-008","Virginia","51","2009","2009",782,7925937,9.866341355,9.174814848,10.557867862,0.352819646,9.759461357,9.070415026,10.448507688,0.351554251
,"Motor Vehicle Traffic","GRINJ-008","Virginia","51","2010","2010",690,8001024,8.623896141,7.980416155,9.267376127,0.328306115,8.584606533,7.938330096,9.230882969,0.329732876
,"Motor Vehicle Traffic","GRINJ-008","Virginia","51","2011","2011",784,8096604,9.683072063,9.005257019,10.360887108,0.345824002,9.472257744,8.802425026,10.142090462,0.341751387
,"Motor Vehicle Traffic","GRINJ-008","Virginia","51","2012","2012",816,8185867,9.968400415,9.284431339,10.652369491,0.348963814,9.653098933,8.982454121,10.323743746,0.342165721
,"Motor Vehicle Traffic","GRINJ-008","Virginia","51","2013","2013",741,8260405,8.970504473,8.324606629,9.616402316,0.329539716,8.683267530,8.050773862,9.315761197,0.322700851
,"Motor Vehicle Traffic","GRINJ-008","Virginia","51","2014","2014",756,8326289,9.079675231,8.432435024,9.726915438,0.330224595,8.797874073,8.162670809,9.433077338,0.324083298
,"Motor Vehicle Traffic","GRINJ-008","Virginia","51","2015","2015",764,8382993,9.113690063,8.467435463,9.759944662,0.329721734,8.828473494,8.192782447,9.464164540,0.324332167
,"Motor Vehicle Traffic","GRINJ-008","Virginia","51","2016","2016",806,8411808,9.581768866,8.920262175,10.243275556,0.337503414,9.339760655,8.685098474,9.994422836,0.334011317
,"Motor Vehicle Traffic","GRINJ-008","Virginia","51","2017","2017",865,8470020,10.212490644,9.531909849,10.893071438,0.347235099,9.711904199,9.053158271,10.370650127,0.336094861
,"Motor Vehicle Traffic","GRINJ-008","Virginia","51","2018","2018",890,8517685,10.448848484,9.762365938,11.135331030,0.350246197,10.051223481,9.379523309,10.722923653,0.342704169
,"Motor Vehicle Traffic","GRINJ-008","Virginia","51","2019","2019",870,8535519,10.192701815,9.515394502,10.870009127,0.345564955,9.651470609,8.997069838,10.305871380,0.333877944
,"Motor Vehicle Traffic","GRINJ-008","Virginia","51","2020","2020",910,8590563,10.593019340,9.904755203,11.281283477,0.351155172,10.165397098,9.492201830,10.838592366,0.343466973
"Total","Motor Vehicle Traffic","GRINJ-008","Virginia","51",,,19082,173946516,10.970038630,10.814387498,11.125689761,0.079413843,10.784237518,10.630277420,10.938197617,0.078551071
,"Motor Vehicle Traffic","GRINJ-008","Washington","53","1999","1999",714,5842564,12.220662024,11.324262332,13.117061717,0.457346782,12.281198291,11.377927379,13.184469202,0.460852506
,"Motor Vehicle Traffic","GRINJ-008","Washington","53","2000","2000",691,5894121,11.723546225,10.849416180,12.597676270,0.445984717,11.797977570,10.916947612,12.679007528,0.449505080
,"Motor Vehicle Traffic","GRINJ-008","Washington","53","2001","2001",722,5985722,12.062036961,11.182187996,12.941885926,0.448902533,12.103450975,11.218683408,12.988218542,0.451412024
,"Motor Vehicle Traffic","GRINJ-008","Washington","53","2002","2002",730,6052349,12.061432677,11.186461920,12.936403434,0.446413652,12.005085495,11.132135929,12.878035061,0.445382432
,"Motor Vehicle Traffic","GRINJ-008","Washington","53","2003","2003",690,6104115,11.303849944,10.460402727,12.147297161,0.430330213,11.286089765,10.441270224,12.130909307,0.431030378
,"Motor Vehicle Traffic","GRINJ-008","Washington","53","2004","2004",646,6178645,10.455366832,9.649099456,11.261634208,0.411360906,10.353396663,9.551889763,11.154903563,0.408932092
,"Motor Vehicle Traffic","GRINJ-008","Washington","53","2005","2005",731,6257305,11.682345674,10.835454835,12.529236514,0.432087163,11.596502846,10.751954441,12.441051250,0.430892043
,"Motor Vehicle Traffic","GRINJ-008","Washington","53","2006","2006",706,6370753,11.081892517,10.264430365,11.899354670,0.417072527,10.836561673,10.032991236,11.640132110,0.409984917
,"Motor Vehicle Traffic","GRINJ-008","Washington","53","2007","2007",620,6461587,9.595166017,8.839877782,10.350454253,0.385351141,9.485558121,8.734265640,10.236850602,0.383312490
,"Motor Vehicle Traffic","GRINJ-008","Washington","53","2008","2008",579,6562231,8.823218811,8.104525109,9.541912513,0.366680460,8.667832609,7.956052535,9.379612682,0.363153099
,"Motor Vehicle Traffic","GRINJ-008","Washington","53","2009","2009",546,6667426,8.189067265,7.502166202,8.875968328,0.350459726,8.032723434,7.352869772,8.712577095,0.346864113
,"Motor Vehicle Traffic","GRINJ-008","Washington","53","2010","2010",517,6724540,7.688258230,7.025524978,8.350991483,0.338129210,7.479772794,6.827691464,8.131854124,0.332694556
,"Motor Vehicle Traffic","GRINJ-008","Washington","53","2011","2011",524,6830038,7.671992454,7.015093463,8.328891446,0.335152546,7.389969359,6.748520859,8.031417858,0.327269643
,"Motor Vehicle Traffic","GRINJ-008","Washington","53","2012","2012",496,6897012,7.191520038,6.558618825,7.824421251,0.322908782,7.039565856,6.411856858,7.667274855,0.320259693
,"Motor Vehicle Traffic","GRINJ-008","Washington","53","2013","2013",498,6971406,7.143465751,6.516057297,7.770874206,0.320106355,7.002435883,6.378193011,7.626678755,0.318491261
,"Motor Vehicle Traffic","GRINJ-008","Washington","53","2014","2014",547,7061530,7.746196646,7.097037880,8.395355412,0.331203452,7.487089293,6.849714384,8.124464203,0.325191280
,"Motor Vehicle Traffic","GRINJ-008","Washington","53","2015","2015",595,7170351,8.298059607,7.631292543,8.964826670,0.340187277,8.076178950,7.416283346,8.736074553,0.336681430
,"Motor Vehicle Traffic","GRINJ-008","Washington","53","2016","2016",588,7288000,8.068057080,7.415923790,8.720190370,0.332721066,7.786547965,7.144405335,8.428690594,0.327623791
,"Motor Vehicle Traffic","GRINJ-008","Washington","53","2017","2017",622,7405743,8.398887188,7.738828386,9.058945990,0.336764695,8.247095691,7.586686618,8.907504764,0.336943405
,"Motor Vehicle Traffic","GRINJ-008","Washington","53","2018","2018",653,7535591,8.665544614,8.000891041,9.330198186,0.339108965,8.379608746,7.724523858,9.034693633,0.334226984
,"Motor Vehicle Traffic","GRINJ-008","Washington","53","2019","2019",604,7614893,7.931825175,7.299252052,8.564398298,0.322741389,7.562515255,6.946697406,8.178333105,0.314192780
,"Motor Vehicle Traffic","GRINJ-008","Washington","53","2020","2020",641,7693612,8.331587296,7.686594587,8.976580006,0.329077913,8.045964354,7.410234402,8.681694306,0.324352017
"Total","Motor Vehicle Traffic","GRINJ-008","Washington","53",,,13660,147569534,9.256653206,9.101419968,9.411886443,0.079200631,9.100861924,8.947173287,9.254550560,0.078412570
,"Motor Vehicle Traffic","GRINJ-008","West Virginia","54","1999","1999",368,1811799,20.311303848,18.236056034,22.386551662,1.058799905,20.039590569,17.981963070,22.097218069,1.049809949
,"Motor Vehicle Traffic","GRINJ-008","West Virginia","54","2000","2000",373,1808344,20.626606442,18.533316254,22.719896630,1.068005198,20.457572496,18.369338004,22.545806989,1.065425762
,"Motor Vehicle Traffic","GRINJ-008","West Virginia","54","2001","2001",346,1801481,19.206419607,17.182634318,21.230204896,1.032543515,19.162106549,17.128577327,21.195635771,1.037514909
,"Motor Vehicle Traffic","GRINJ-008","West Virginia","54","2002","2002",403,1805414,22.321750025,20.142375909,24.501124141,1.111925569,21.817570754,19.669432516,23.965708992,1.095988897
,"Motor Vehicle Traffic","GRINJ-008","West Virginia","54","2003","2003",372,1812295,20.526459544,18.440534737,22.612384352,1.064247351,20.070009228,18.008692297,22.131326159,1.051692312
,"Motor Vehicle Traffic","GRINJ-008","West Virginia","54","2004","2004",385,1816438,21.195328439,19.078109076,23.312547803,1.080213961,20.961615496,18.842705434,23.080525558,1.081076562
,"Motor Vehicle Traffic","GRINJ-008","West Virginia","54","2005","2005",373,1820492,20.488966719,18.409644892,22.568288546,1.060878483,20.320911971,18.229509190,22.412314752,1.067042235
,"Motor Vehicle Traffic","GRINJ-008","West Virginia","54","2006","2006",389,1827912,21.281112001,19.166281389,23.395942613,1.078995210,21.482323961,19.317107767,23.647540155,1.104702140
,"Motor Vehicle Traffic","GRINJ-008","West Virginia","54","2007","2007",398,1834052,21.700584280,19.568590357,23.832578203,1.087752002,21.844566029,19.665894722,24.023237336,1.111566993
,"Motor Vehicle Traffic","GRINJ-008","West Virginia","54","2008","2008",345,1840310,18.746841565,16.768621362,20.725061768,1.009296022,18.614030942,16.613613065,20.614448820,1.020621366
,"Motor Vehicle Traffic","GRINJ-008","West Virginia","54","2009","2009",346,1847775,18.725223580,16.752142038,20.698305122,1.006674256,18.509404449,16.517182171,20.501626726,1.016439938
,"Motor Vehicle Traffic","GRINJ-008","West Virginia","54","2010","2010",285,1852994,15.380513914,13.594830403,17.166197425,0.911063016,14.944029747,13.164903146,16.723156347,0.907717653
,"Motor Vehicle Traffic","GRINJ-008","West Virginia","54","2011","2011",352,1855364,18.972018429,16.990042948,20.953993909,1.011211980,18.489701656,16.509830330,20.469572983,1.010138432
,"Motor Vehicle Traffic","GRINJ-008","West Virginia","54","2012","2012",332,1855413,17.893590268,15.968795108,19.818385428,0.982038347,17.652371749,15.699430997,19.605312502,0.996398343
,"Motor Vehicle Traffic","GRINJ-008","West Virginia","54","2013","2013",310,1854304,16.717862875,14.856821694,18.578904055,0.949510806,16.429923776,14.550802651,18.309044901,0.958735268
,"Motor Vehicle Traffic","GRINJ-008","West Virginia","54","2014","2014",290,1850326,15.672913854,13.869037279,17.476790429,0.920345191,14.974987991,13.196802723,16.753173259,0.907237382
,"Motor Vehicle Traffic","GRINJ-008","West Virginia","54","2015","2015",275,1844128,14.912196984,13.149687931,16.674706037,0.899239313,14.876878297,13.064854590,16.688902004,0.924501891
,"Motor Vehicle Traffic","GRINJ-008","West Virginia","54","2016","2016",275,1831102,15.018278610,13.243231511,16.793325710,0.905636275,14.589318543,12.802857218,16.375779867,0.911459859
,"Motor Vehicle Traffic","GRINJ-008","West Virginia","54","2017","2017",312,1815857,17.181969726,15.275404253,19.088535198,0.972737486,16.852757646,14.913617084,18.791898208,0.989357430
,"Motor Vehicle Traffic","GRINJ-008","West Virginia","54","2018","2018",303,1805832,16.778969472,14.889673316,18.668265628,0.963926610,16.067720960,14.185524738,17.949917182,0.960304195
,"Motor Vehicle Traffic","GRINJ-008","West Virginia","54","2019","2019",296,1792147,16.516502273,14.634897972,18.398106575,0.960002195,15.685927881,13.821402200,17.550453562,0.951288613
,"Motor Vehicle Traffic","GRINJ-008","West Virginia","54","2020","2020",273,1784787,15.295942877,13.481467827,17.110417928,0.925752577,14.834547409,12.993142422,16.675952396,0.939492340
"Total","Motor Vehicle Traffic","GRINJ-008","West Virginia","54",,,7401,40168566,18.424854898,18.005081468,18.844628327,0.214170117,18.171376251,17.749142966,18.593609537,0.215425145
,"Motor Vehicle Traffic","GRINJ-008","Wisconsin","55","1999","1999",727,5332666,13.632955824,12.641943869,14.623967778,0.505618344,13.515751704,12.532630115,14.498873293,0.501592647
,"Motor Vehicle Traffic","GRINJ-008","Wisconsin","55","2000","2000",834,5363675,15.549040537,14.493738827,16.604342246,0.538419240,15.360771243,14.317639273,16.403903214,0.532210189
,"Motor Vehicle Traffic","GRINJ-008","Wisconsin","55","2001","2001",790,5406835,14.611135720,13.592247595,15.630023845,0.519840880,14.443828372,13.435503849,15.452152894,0.514451287
,"Motor Vehicle Traffic","GRINJ-008","Wisconsin","55","2002","2002",831,5445162,15.261253935,14.223616149,16.298891721,0.529407033,14.992841487,13.971773518,16.013909455,0.520953045
,"Motor Vehicle Traffic","GRINJ-008","Wisconsin","55","2003","2003",832,5479203,15.184690182,14.152878731,16.216501633,0.526434414,14.898837967,13.884088071,15.913587863,0.517729539
,"Motor Vehicle Traffic","GRINJ-008","Wisconsin","55","2004","2004",778,5514026,14.109472824,13.118008572,15.100937077,0.505849108,13.857236301,12.880108049,14.834364552,0.498534822
,"Motor Vehicle Traffic","GRINJ-008","Wisconsin","55","2005","2005",805,5546166,14.514531300,13.511854081,15.517208518,0.511570009,14.249461171,13.260306110,15.238616232,0.504670950
,"Motor Vehicle Traffic","GRINJ-008","Wisconsin","55","2006","2006",727,5577655,13.034151449,12.086668008,13.981634891,0.483409919,12.787811814,11.852562544,13.723061084,0.477167995
,"Motor Vehicle Traffic","GRINJ-008","Wisconsin","55","2007","2007",750,5610775,13.367137338,12.410463606,14.323811071,0.488098843,13.149999167,12.202066500,14.097931833,0.483639116
,"Motor Vehicle Traffic","GRINJ-008","Wisconsin","55","2008","2008",597,5640996,10.583237428,9.734277004,11.432197852,0.433143073,10.325723563,9.489631672,11.161815455,0.426577496
,"Motor Vehicle Traffic","GRINJ-008","Wisconsin","55","2009","2009",539,5669264,9.507406958,8.704761462,10.310052453,0.409513008,9.303688872,8.509477361,10.097900384,0.405209955
,"Motor Vehicle Traffic","GRINJ-008","Wisconsin","55","2010","2010",580,5686986,10.198723894,9.368705132,11.028742655,0.423478960,9.919041225,9.100718854,10.737363596,0.417511414
,"Motor Vehicle Traffic","GRINJ-008","Wisconsin","55","2011","2011",584,5711767,10.224506707,9.395244235,11.053769179,0.423093098,9.960354837,9.137288757,10.783420917,0.419931673
,"Motor Vehicle Traffic","GRINJ-008","Wisconsin","55","2012","2012",602,5726398,10.512716720,9.672922681,11.352510759,0.428466346,10.140552538,9.316827896,10.964277181,0.420267675
,"Motor Vehicle Traffic","GRINJ-008","Wisconsin","55","2013","2013",557,5742713,9.699248421,8.893746545,10.504750298,0.410970345,9.440017227,8.641013727,10.239020727,0.407654847
,"Motor Vehicle Traffic","GRINJ-008","Wisconsin","55","2014","2014",512,5757564,8.892649739,8.122363254,9.662936223,0.393003308,8.534434035,7.779198908,9.289669162,0.385324045
,"Motor Vehicle Traffic","GRINJ-008","Wisconsin","55","2015","2015",577,5771337,9.997683379,9.181913729,10.813453029,0.416209005,9.544536121,8.747716078,10.341356163,0.406540838
,"Motor Vehicle Traffic","GRINJ-008","Wisconsin","55","2016","2016",621,5778708,10.746346761,9.901124121,11.591569401,0.431236041,10.374243250,9.540179658,11.208306841,0.425542649
,"Motor Vehicle Traffic","GRINJ-008","Wisconsin","55","2017","2017",613,5795483,10.577202970,9.739872930,11.414533010,0.427209204,10.104053917,9.282550692,10.925557141,0.419134298
,"Motor Vehicle Traffic","GRINJ-008","Wisconsin","55","2018","2018",583,5813568,10.028264914,9.214221453,10.842308375,0.415328296,9.403781348,8.618058132,10.189504564,0.400879192
,"Motor Vehicle Traffic","GRINJ-008","Wisconsin","55","2019","2019",567,5822434,9.738195401,8.936622500,10.539768302,0.408965766,9.264870149,8.478470946,10.051269351,0.401224083
,"Motor Vehicle Traffic","GRINJ-008","Wisconsin","55","2020","2020",648,5832655,11.109863347,10.254447512,11.965279182,0.436436651,10.742492615,9.890044383,11.594940847,0.434922567
"Total","Motor Vehicle Traffic","GRINJ-008","Wisconsin","55",,,14654,124026036,11.815261112,11.623958323,12.006563901,0.097603464,11.537339396,11.348746488,11.725932304,0.096220871
,"Motor Vehicle Traffic","GRINJ-008","Wyoming","56","1999","1999",140,491780,28.468014153,23.752280949,33.183747356,2.405986329,27.824560945,23.201761702,32.447360188,2.358571042
,"Motor Vehicle Traffic","GRINJ-008","Wyoming","56","2000","2000",114,493782,23.087111316,18.848991382,27.325231251,2.162306089,23.265581580,18.977575546,27.553587615,2.187758181
,"Motor Vehicle Traffic","GRINJ-008","Wyoming","56","2001","2001",136,494657,27.493798733,22.872954102,32.114643365,2.357573792,27.215333313,22.613090716,31.817575910,2.348082958
,"Motor Vehicle Traffic","GRINJ-008","Wyoming","56","2002","2002",148,500017,29.598993634,24.830269947,34.367717321,2.433022289,29.480418976,24.694864483,34.265973469,2.441609435
,"Motor Vehicle Traffic","GRINJ-008","Wyoming","56","2003","2003",125,503453,24.828534143,20.475900197,29.181168089,2.220731605,24.904356453,20.495874736,29.312838169,2.249225366
,"Motor Vehicle Traffic","GRINJ-008","Wyoming","56","2004","2004",114,509106,22.392193374,18.281640096,26.502746653,2.097221060,21.254892381,17.309383127,25.200401636,2.013014926
,"Motor Vehicle Traffic","GRINJ-008","Wyoming","56","2005","2005",145,514157,28.201502654,23.611168306,32.791837002,2.342007321,28.033631005,23.418055174,32.649206837,2.354885628
,"Motor Vehicle Traffic","GRINJ-008","Wyoming","56","2006","2006",146,522667,27.933655655,23.402516304,32.464795005,2.311805791,28.006087760,23.402060424,32.610115097,2.348993539
,"Motor Vehicle Traffic","GRINJ-008","Wyoming","56","2007","2007",122,534876,22.809024895,18.761562008,26.856487783,2.065032085,22.620075252,18.549117987,26.691032517,2.077019013
,"Motor Vehicle Traffic","GRINJ-008","Wyoming","56","2008","2008",131,546043,23.990784609,19.882458825,28.099110392,2.096084584,23.418190173,19.357938837,27.478441509,2.071556804
,"Motor Vehicle Traffic","GRINJ-008","Wyoming","56","2009","2009",104,559851,18.576371213,15.006107608,22.146634818,1.821563064,18.384209792,14.787093003,21.981326581,1.835263668
,"Motor Vehicle Traffic","GRINJ-008","Wyoming","56","2010","2010",127,563626,22.532672375,18.613747728,26.451597022,1.999451351,21.296195392,17.518145861,25.074244923,1.927576291
,"Motor Vehicle Traffic","GRINJ-008","Wyoming","56","2011","2011",105,568158,18.480774714,14.945838393,22.015711035,1.803538939,18.890595581,15.231019404,22.550171758,1.867130702
,"Motor Vehicle Traffic","GRINJ-008","Wyoming","56","2012","2012",94,576412,16.307779852,13.178316898,19.956645594,1.682019062,16.371263290,13.164460237,20.123065698,1.724039953
,"Motor Vehicle Traffic","GRINJ-008","Wyoming","56","2013","2013",84,582658,14.416690408,11.499328937,17.848871894,1.572989883,14.506994188,11.537847687,18.006951605,1.605097181
,"Motor Vehicle Traffic","GRINJ-008","Wyoming","56","2014","2014",120,584153,20.542563335,16.867032395,24.218094276,1.875270888,20.381696938,16.645656638,24.117737237,1.906143010
,"Motor Vehicle Traffic","GRINJ-008","Wyoming","56","2015","2015",121,586107,20.644694569,16.966185355,24.323203784,1.876790415,21.047876277,17.224450595,24.871301959,1.950727389
,"Motor Vehicle Traffic","GRINJ-008","Wyoming","56","2016","2016",95,585501,16.225420623,13.127338809,19.834765440,1.664693031,16.186587289,13.032468890,19.873568142,1.697233834
,"Motor Vehicle Traffic","GRINJ-008","Wyoming","56","2017","2017",99,579315,17.089148391,13.889205355,20.805354600,1.717524036,17.556997773,14.187809901,21.485376025,1.807693222
,"Motor Vehicle Traffic","GRINJ-008","Wyoming","56","2018","2018",93,577737,16.097289943,12.992605632,19.720306991,1.669211209,16.036534854,12.878620410,19.734399426,1.703970206
,"Motor Vehicle Traffic","GRINJ-008","Wyoming","56","2019","2019",105,578759,18.142266470,14.672078793,21.612454148,1.770503917,18.436942328,14.832511933,22.041372724,1.838995100
,"Motor Vehicle Traffic","GRINJ-008","Wyoming","56","2020","2020",103,582328,17.687626218,14.271711567,21.103540868,1.742813597,16.727929464,13.406417760,20.049441168,1.694648829
"Total","Motor Vehicle Traffic","GRINJ-008","Wyoming","56",,,2571,12035143,21.362438319,20.536674492,22.188202147,0.421308075,21.281021728,20.449543825,22.112499630,0.424223420
"Total","Motor Vehicle Traffic","GRINJ-008",,,,,857868,6746356647,12.716019103,12.689110137,12.742928069,0.013729064,12.519923135,12.493258064,12.546588206,0.013604628
"Total",,,,,,,857868,6746356647,12.716019103,12.689110137,12.742928069,0.013729064,12.519923135,12.493258064,12.546588206,0.013604628
"---"
"Dataset: Multiple Cause of Death, 1999-2020"
"Query Parameters:"
"UCD - Injury Mechanism & All Other Leading Causes: Motor Vehicle Traffic"
"Group By: UCD - Injury Mechanism & All Other Leading Causes; State; Year"
"Show Totals: True"
"Show Zero Values: True"
"Show Suppressed: True"
"Standard Population: 2000 U.S. Std. Population"
"Calculate Rates Per: 100,000"
"Rate Options: Default intercensal populations for years 2001-2009 (except Infant Age Groups)"
"---"
"Help: See http://wonder.cdc.gov/wonder/help/mcd.html for more information."
"---"
"Query Date: May 1, 2026 6:10:25 PM"
"---"
"Suggested Citation: Centers for Disease Control and Prevention, National Center for Health Statistics. National Vital Statistics"
"System, Mortality 1999-2020 on CDC WONDER Online Database, released in 2021. Data are from the Multiple Cause of Death Files,"
"1999-2020, as compiled from data provided by the 57 vital statistics jurisdictions through the Vital Statistics Cooperative"
"Program. Accessed at http://wonder.cdc.gov/mcd-icd10.html on May 1, 2026 6:10:25 PM"
"---"
Caveats:
"1. As of April 3, 2017, the underlying cause of death has been revised for 125 deaths in 2014. More information:"
"http://wonder.cdc.gov/wonder/help/mcd.html#2014-Revision."
"2. Circumstances in Georgia for the years 2008 and 2009 have resulted in unusually high death counts for the ICD-10 cause of"
"death code R99, ""Other ill-defined and unspecified causes of mortality."" Caution should be used in interpreting these data."
"More information: http://wonder.cdc.gov/wonder/help/mcd.html#Georgia-Reporting-Anomalies."
"3. Circumstances in New Jersey for the year 2009 have resulted in unusually high death counts for the ICD-10 cause of death code"
"R99, ""Other ill-defined and unspecified causes of mortality"" and therefore unusually low death counts in other ICD-10 codes,"
"most notably R95, ""Sudden Infant Death Syndrome"" and X40-X49, ""Unintentional poisoning."" Caution should be used in"
"interpreting these data. More information: http://wonder.cdc.gov/wonder/help/mcd.html#New-Jersey-Reporting-Anomalies."
"4. Circumstances in California resulted in unusually high death counts for the ICD-10 cause of death code R99, ""Other"
"ill-defined and unspecified causes of mortality"" for deaths occurring in years 2000 and 2001. Caution should be used in"
"interpreting these data. More information: http://wonder.cdc.gov/wonder/help/mcd.html#California-Reporting-Anomalies."
"5. The populations used to calculate standard age-adjusted rates are documented here: More information:"
"http://wonder.cdc.gov/wonder/help/mcd.html#2000 Standard Population."
"6. The method used to calculate age-adjusted rates is documented here: More information:"
"http://wonder.cdc.gov/wonder/help/mcd.html#Age-Adjusted Rates."
"7. Deaths for persons of unknown age are included in counts and crude rates, but are not included in age-adjusted rates."
"8. The method used to calculate 95% confidence intervals is documented here: More information:"
"http://wonder.cdc.gov/wonder/help/mcd.html#Confidence-Intervals."
"9. The method used to calculate standard errors is documented here: More information:"
"http://wonder.cdc.gov/wonder/help/mcd.html#Standard-Errors."
"10. The population figures for year 2020 are bridged-race estimates of the July 1 resident population, from the Vintage 2020"
"postcensal series released by NCHS on September 22, 2021. The population figures for year 2019 are bridged-race estimates of the"
"July 1 resident population, from the Vintage 2019 postcensal series released by NCHS on July 9, 2020. The population figures for"
"year 2018 are bridged-race estimates of the July 1 resident population, from the Vintage 2018 postcensal series released by NCHS"
"on June 25, 2019. The population figures for year 2017 are bridged-race estimates of the July 1 resident population, from the"
"Vintage 2017 postcensal series released by NCHS on June 27, 2018. The population figures for year 2016 are bridged-race"
"estimates of the July 1 resident population, from the Vintage 2016 postcensal series released by NCHS on June 26, 2017. The"
"population figures for year 2015 are bridged-race estimates of the July 1 resident population, from the Vintage 2015 postcensal"
"series released by NCHS on June 28, 2016. The population figures for year 2014 are bridged-race estimates of the July 1 resident"
"population, from the Vintage 2014 postcensal series released by NCHS on June 30, 2015. The population figures for year 2013 are"
"bridged-race estimates of the July 1 resident population, from the Vintage 2013 postcensal series released by NCHS on June 26,"
"2014. The population figures for year 2012 are bridged-race estimates of the July 1 resident population, from the Vintage 2012"
"postcensal series released by NCHS on June 13, 2013. Population figures for 2011 are bridged-race estimates of the July 1"
"resident population, from the county-level postcensal Vintage 2011 series released by NCHS on July 18, 2012. Population figures"
"for 2010 are April 1 Census counts. The population figures for years 2001 - 2009, are bridged-race estimates of the July 1"
"resident population, from the revised intercensal county-level 2000 - 2009 series released by NCHS on October 26, 2012."
"Population figures for 2000 are April 1 Census counts. Population figures for 1999 are from the 1990-1999 intercensal series of"
"July 1 estimates. Population figures for Infant Age Groups are the number of live births. <br/><b>Note:</b> Rates and population"
"figures for years 2001 - 2009 differ slightly from previously published reports, due to use of the population estimates which"
"were available at the time of release."
"11. The population figures used in the calculation of death rates for the age group 'under 1 year' are the estimates of the"
"resident population that is under one year of age. More information: http://wonder.cdc.gov/wonder/help/mcd.html#Age Group."