"Notes"	"Yearly July 1st Estimates"	"Yearly July 1st Estimates Code"	"States"	"States Code"	"Five-Year Age Groups"	"Five-Year Age Groups Code"	Population
	"2020"	"2020"	"Alabama"	"01"	"< 1 year"	"1"	57037
	"2020"	"2020"	"Alabama"	"01"	"1-4 years"	"1-4"	240310
	"2020"	"2020"	"Alabama"	"01"	"5-9 years"	"5-9"	306727
	"2020"	"2020"	"Alabama"	"01"	"10-14 years"	"10-14"	330456
	"2020"	"2020"	"Alabama"	"01"	"15-19 years"	"15-19"	330393
	"2020"	"2020"	"Alabama"	"01"	"20-24 years"	"20-24"	331999
	"2020"	"2020"	"Alabama"	"01"	"25-29 years"	"25-29"	330702
	"2020"	"2020"	"Alabama"	"01"	"30-34 years"	"30-34"	324029
	"2020"	"2020"	"Alabama"	"01"	"35-39 years"	"35-39"	313063
	"2020"	"2020"	"Alabama"	"01"	"40-44 years"	"40-44"	302876
	"2020"	"2020"	"Alabama"	"01"	"45-49 years"	"45-49"	311071
	"2020"	"2020"	"Alabama"	"01"	"50-54 years"	"50-54"	315137
	"2020"	"2020"	"Alabama"	"01"	"55-59 years"	"55-59"	342287
	"2020"	"2020"	"Alabama"	"01"	"60-64 years "	"60-64"	330949
	"2020"	"2020"	"Alabama"	"01"	"65-69 years"	"65-69"	286835
	"2020"	"2020"	"Alabama"	"01"	"70-74 years"	"70-74"	236333
	"2020"	"2020"	"Alabama"	"01"	"75-79 years"	"75-79"	156878
	"2020"	"2020"	"Alabama"	"01"	"80-84 years"	"80-84"	99561
	"2020"	"2020"	"Alabama"	"01"	"85+ years"	"85+"	86451
"Total"	"2020"	"2020"	"Alabama"	"01"			5033094
	"2020"	"2020"	"Alaska"	"02"	"< 1 year"	"1"	9591
	"2020"	"2020"	"Alaska"	"02"	"1-4 years"	"1-4"	39614
	"2020"	"2020"	"Alaska"	"02"	"5-9 years"	"5-9"	51292
	"2020"	"2020"	"Alaska"	"02"	"10-14 years"	"10-14"	50773
	"2020"	"2020"	"Alaska"	"02"	"15-19 years"	"15-19"	45806
	"2020"	"2020"	"Alaska"	"02"	"20-24 years"	"20-24"	50059
	"2020"	"2020"	"Alaska"	"02"	"25-29 years"	"25-29"	57146
	"2020"	"2020"	"Alaska"	"02"	"30-34 years"	"30-34"	57659
	"2020"	"2020"	"Alaska"	"02"	"35-39 years"	"35-39"	54383
	"2020"	"2020"	"Alaska"	"02"	"40-44 years"	"40-44"	45167
	"2020"	"2020"	"Alaska"	"02"	"45-49 years"	"45-49"	41926
	"2020"	"2020"	"Alaska"	"02"	"50-54 years"	"50-54"	43030
	"2020"	"2020"	"Alaska"	"02"	"55-59 years"	"55-59"	47438
	"2020"	"2020"	"Alaska"	"02"	"60-64 years "	"60-64"	45280
	"2020"	"2020"	"Alaska"	"02"	"65-69 years"	"65-69"	37543
	"2020"	"2020"	"Alaska"	"02"	"70-74 years"	"70-74"	26300
	"2020"	"2020"	"Alaska"	"02"	"75-79 years"	"75-79"	15343
	"2020"	"2020"	"Alaska"	"02"	"80-84 years"	"80-84"	8048
	"2020"	"2020"	"Alaska"	"02"	"85+ years"	"85+"	6619
"Total"	"2020"	"2020"	"Alaska"	"02"			733017
	"2020"	"2020"	"Arizona"	"04"	"< 1 year"	"1"	76404
	"2020"	"2020"	"Arizona"	"04"	"1-4 years"	"1-4"	327148
	"2020"	"2020"	"Arizona"	"04"	"5-9 years"	"5-9"	438933
	"2020"	"2020"	"Arizona"	"04"	"10-14 years"	"10-14"	476583
	"2020"	"2020"	"Arizona"	"04"	"15-19 years"	"15-19"	472697
	"2020"	"2020"	"Arizona"	"04"	"20-24 years"	"20-24"	482369
	"2020"	"2020"	"Arizona"	"04"	"25-29 years"	"25-29"	499476
	"2020"	"2020"	"Arizona"	"04"	"30-34 years"	"30-34"	482194
	"2020"	"2020"	"Arizona"	"04"	"35-39 years"	"35-39"	462924
	"2020"	"2020"	"Arizona"	"04"	"40-44 years"	"40-44"	432089
	"2020"	"2020"	"Arizona"	"04"	"45-49 years"	"45-49"	424000
	"2020"	"2020"	"Arizona"	"04"	"50-54 years"	"50-54"	419717
	"2020"	"2020"	"Arizona"	"04"	"55-59 years"	"55-59"	443160
	"2020"	"2020"	"Arizona"	"04"	"60-64 years "	"60-64"	437733
	"2020"	"2020"	"Arizona"	"04"	"65-69 years"	"65-69"	404300
	"2020"	"2020"	"Arizona"	"04"	"70-74 years"	"70-74"	362145
	"2020"	"2020"	"Arizona"	"04"	"75-79 years"	"75-79"	251951
	"2020"	"2020"	"Arizona"	"04"	"80-84 years"	"80-84"	156366
	"2020"	"2020"	"Arizona"	"04"	"85+ years"	"85+"	136946
"Total"	"2020"	"2020"	"Arizona"	"04"			7187135
	"2020"	"2020"	"Arkansas"	"05"	"< 1 year"	"1"	35352
	"2020"	"2020"	"Arkansas"	"05"	"1-4 years"	"1-4"	149160
	"2020"	"2020"	"Arkansas"	"05"	"5-9 years"	"5-9"	192615
	"2020"	"2020"	"Arkansas"	"05"	"10-14 years"	"10-14"	207336
	"2020"	"2020"	"Arkansas"	"05"	"15-19 years"	"15-19"	200414
	"2020"	"2020"	"Arkansas"	"05"	"20-24 years"	"20-24"	198951
	"2020"	"2020"	"Arkansas"	"05"	"25-29 years"	"25-29"	197559
	"2020"	"2020"	"Arkansas"	"05"	"30-34 years"	"30-34"	194614
	"2020"	"2020"	"Arkansas"	"05"	"35-39 years"	"35-39"	192514
	"2020"	"2020"	"Arkansas"	"05"	"40-44 years"	"40-44"	182943
	"2020"	"2020"	"Arkansas"	"05"	"45-49 years"	"45-49"	180408
	"2020"	"2020"	"Arkansas"	"05"	"50-54 years"	"50-54"	179443
	"2020"	"2020"	"Arkansas"	"05"	"55-59 years"	"55-59"	196977
	"2020"	"2020"	"Arkansas"	"05"	"60-64 years "	"60-64"	188980
	"2020"	"2020"	"Arkansas"	"05"	"65-69 years"	"65-69"	166839
	"2020"	"2020"	"Arkansas"	"05"	"70-74 years"	"70-74"	139310
	"2020"	"2020"	"Arkansas"	"05"	"75-79 years"	"75-79"	95392
	"2020"	"2020"	"Arkansas"	"05"	"80-84 years"	"80-84"	60593
	"2020"	"2020"	"Arkansas"	"05"	"85+ years"	"85+"	55146
"Total"	"2020"	"2020"	"Arkansas"	"05"			3014546
	"2020"	"2020"	"California"	"06"	"< 1 year"	"1"	435999
	"2020"	"2020"	"California"	"06"	"1-4 years"	"1-4"	1855233
	"2020"	"2020"	"California"	"06"	"5-9 years"	"5-9"	2462330
	"2020"	"2020"	"California"	"06"	"10-14 years"	"10-14"	2605250
	"2020"	"2020"	"California"	"06"	"15-19 years"	"15-19"	2578991
	"2020"	"2020"	"California"	"06"	"20-24 years"	"20-24"	2586470
	"2020"	"2020"	"California"	"06"	"25-29 years"	"25-29"	2945134
	"2020"	"2020"	"California"	"06"	"30-34 years"	"30-34"	2997110
	"2020"	"2020"	"California"	"06"	"35-39 years"	"35-39"	2821837
	"2020"	"2020"	"California"	"06"	"40-44 years"	"40-44"	2562341
	"2020"	"2020"	"California"	"06"	"45-49 years"	"45-49"	2493362
	"2020"	"2020"	"California"	"06"	"50-54 years"	"50-54"	2499267
	"2020"	"2020"	"California"	"06"	"55-59 years"	"55-59"	2513830
	"2020"	"2020"	"California"	"06"	"60-64 years "	"60-64"	2320066
	"2020"	"2020"	"California"	"06"	"65-69 years"	"65-69"	1930806
	"2020"	"2020"	"California"	"06"	"70-74 years"	"70-74"	1541122
	"2020"	"2020"	"California"	"06"	"75-79 years"	"75-79"	1018916
	"2020"	"2020"	"California"	"06"	"80-84 years"	"80-84"	665706
	"2020"	"2020"	"California"	"06"	"85+ years"	"85+"	688188
"Total"	"2020"	"2020"	"California"	"06"			39521958
	"2020"	"2020"	"Colorado"	"08"	"< 1 year"	"1"	62240
	"2020"	"2020"	"Colorado"	"08"	"1-4 years"	"1-4"	258643
	"2020"	"2020"	"Colorado"	"08"	"5-9 years"	"5-9"	342584
	"2020"	"2020"	"Colorado"	"08"	"10-14 years"	"10-14"	372971
	"2020"	"2020"	"Colorado"	"08"	"15-19 years"	"15-19"	376006
	"2020"	"2020"	"Colorado"	"08"	"20-24 years"	"20-24"	377041
	"2020"	"2020"	"Colorado"	"08"	"25-29 years"	"25-29"	446939
	"2020"	"2020"	"Colorado"	"08"	"30-34 years"	"30-34"	456723
	"2020"	"2020"	"Colorado"	"08"	"35-39 years"	"35-39"	435470
	"2020"	"2020"	"Colorado"	"08"	"40-44 years"	"40-44"	385230
	"2020"	"2020"	"Colorado"	"08"	"45-49 years"	"45-49"	362270
	"2020"	"2020"	"Colorado"	"08"	"50-54 years"	"50-54"	347217
	"2020"	"2020"	"Colorado"	"08"	"55-59 years"	"55-59"	360111
	"2020"	"2020"	"Colorado"	"08"	"60-64 years "	"60-64"	351344
	"2020"	"2020"	"Colorado"	"08"	"65-69 years"	"65-69"	302499
	"2020"	"2020"	"Colorado"	"08"	"70-74 years"	"70-74"	235810
	"2020"	"2020"	"Colorado"	"08"	"75-79 years"	"75-79"	143756
	"2020"	"2020"	"Colorado"	"08"	"80-84 years"	"80-84"	87056
	"2020"	"2020"	"Colorado"	"08"	"85+ years"	"85+"	83219
"Total"	"2020"	"2020"	"Colorado"	"08"			5787129
	"2020"	"2020"	"Connecticut"	"09"	"< 1 year"	"1"	34461
	"2020"	"2020"	"Connecticut"	"09"	"1-4 years"	"1-4"	146499
	"2020"	"2020"	"Connecticut"	"09"	"5-9 years"	"5-9"	196149
	"2020"	"2020"	"Connecticut"	"09"	"10-14 years"	"10-14"	221848
	"2020"	"2020"	"Connecticut"	"09"	"15-19 years"	"15-19"	235297
	"2020"	"2020"	"Connecticut"	"09"	"20-24 years"	"20-24"	229958
	"2020"	"2020"	"Connecticut"	"09"	"25-29 years"	"25-29"	222520
	"2020"	"2020"	"Connecticut"	"09"	"30-34 years"	"30-34"	224333
	"2020"	"2020"	"Connecticut"	"09"	"35-39 years"	"35-39"	227017
	"2020"	"2020"	"Connecticut"	"09"	"40-44 years"	"40-44"	215305
	"2020"	"2020"	"Connecticut"	"09"	"45-49 years"	"45-49"	220937
	"2020"	"2020"	"Connecticut"	"09"	"50-54 years"	"50-54"	251233
	"2020"	"2020"	"Connecticut"	"09"	"55-59 years"	"55-59"	271679
	"2020"	"2020"	"Connecticut"	"09"	"60-64 years "	"60-64"	252558
	"2020"	"2020"	"Connecticut"	"09"	"65-69 years"	"65-69"	203508
	"2020"	"2020"	"Connecticut"	"09"	"70-74 years"	"70-74"	162746
	"2020"	"2020"	"Connecticut"	"09"	"75-79 years"	"75-79"	112918
	"2020"	"2020"	"Connecticut"	"09"	"80-84 years"	"80-84"	71076
	"2020"	"2020"	"Connecticut"	"09"	"85+ years"	"85+"	79876
"Total"	"2020"	"2020"	"Connecticut"	"09"			3579918
	"2020"	"2020"	"Delaware"	"10"	"< 1 year"	"1"	10535
	"2020"	"2020"	"Delaware"	"10"	"1-4 years"	"1-4"	44279
	"2020"	"2020"	"Delaware"	"10"	"5-9 years"	"5-9"	57512
	"2020"	"2020"	"Delaware"	"10"	"10-14 years"	"10-14"	61244
	"2020"	"2020"	"Delaware"	"10"	"15-19 years"	"15-19"	62420
	"2020"	"2020"	"Delaware"	"10"	"20-24 years"	"20-24"	57173
	"2020"	"2020"	"Delaware"	"10"	"25-29 years"	"25-29"	62770
	"2020"	"2020"	"Delaware"	"10"	"30-34 years"	"30-34"	65701
	"2020"	"2020"	"Delaware"	"10"	"35-39 years"	"35-39"	61516
	"2020"	"2020"	"Delaware"	"10"	"40-44 years"	"40-44"	56563
	"2020"	"2020"	"Delaware"	"10"	"45-49 years"	"45-49"	56025
	"2020"	"2020"	"Delaware"	"10"	"50-54 years"	"50-54"	62518
	"2020"	"2020"	"Delaware"	"10"	"55-59 years"	"55-59"	70582
	"2020"	"2020"	"Delaware"	"10"	"60-64 years "	"60-64"	70828
	"2020"	"2020"	"Delaware"	"10"	"65-69 years"	"65-69"	64295
	"2020"	"2020"	"Delaware"	"10"	"70-74 years"	"70-74"	53607
	"2020"	"2020"	"Delaware"	"10"	"75-79 years"	"75-79"	35142
	"2020"	"2020"	"Delaware"	"10"	"80-84 years"	"80-84"	20777
	"2020"	"2020"	"Delaware"	"10"	"85+ years"	"85+"	18441
"Total"	"2020"	"2020"	"Delaware"	"10"			991928
	"2020"	"2020"	"District of Columbia"	"11"	"< 1 year"	"1"	8771
	"2020"	"2020"	"District of Columbia"	"11"	"1-4 years"	"1-4"	33737
	"2020"	"2020"	"District of Columbia"	"11"	"5-9 years"	"5-9"	37863
	"2020"	"2020"	"District of Columbia"	"11"	"10-14 years"	"10-14"	30617
	"2020"	"2020"	"District of Columbia"	"11"	"15-19 years"	"15-19"	28012
	"2020"	"2020"	"District of Columbia"	"11"	"20-24 years"	"20-24"	41070
	"2020"	"2020"	"District of Columbia"	"11"	"25-29 years"	"25-29"	76218
	"2020"	"2020"	"District of Columbia"	"11"	"30-34 years"	"30-34"	79571
	"2020"	"2020"	"District of Columbia"	"11"	"35-39 years"	"35-39"	63890
	"2020"	"2020"	"District of Columbia"	"11"	"40-44 years"	"40-44"	46481
	"2020"	"2020"	"District of Columbia"	"11"	"45-49 years"	"45-49"	37577
	"2020"	"2020"	"District of Columbia"	"11"	"50-54 years"	"50-54"	35057
	"2020"	"2020"	"District of Columbia"	"11"	"55-59 years"	"55-59"	35753
	"2020"	"2020"	"District of Columbia"	"11"	"60-64 years "	"60-64"	32391
	"2020"	"2020"	"District of Columbia"	"11"	"65-69 years"	"65-69"	27665
	"2020"	"2020"	"District of Columbia"	"11"	"70-74 years"	"70-74"	21858
	"2020"	"2020"	"District of Columbia"	"11"	"75-79 years"	"75-79"	14459
	"2020"	"2020"	"District of Columbia"	"11"	"80-84 years"	"80-84"	9465
	"2020"	"2020"	"District of Columbia"	"11"	"85+ years"	"85+"	10462
"Total"	"2020"	"2020"	"District of Columbia"	"11"			670917
	"2020"	"2020"	"Florida"	"12"	"< 1 year"	"1"	213262
	"2020"	"2020"	"Florida"	"12"	"1-4 years"	"1-4"	903791
	"2020"	"2020"	"Florida"	"12"	"5-9 years"	"5-9"	1169947
	"2020"	"2020"	"Florida"	"12"	"10-14 years"	"10-14"	1249886
	"2020"	"2020"	"Florida"	"12"	"15-19 years"	"15-19"	1232187
	"2020"	"2020"	"Florida"	"12"	"20-24 years"	"20-24"	1250073
	"2020"	"2020"	"Florida"	"12"	"25-29 years"	"25-29"	1354623
	"2020"	"2020"	"Florida"	"12"	"30-34 years"	"30-34"	1406030
	"2020"	"2020"	"Florida"	"12"	"35-39 years"	"35-39"	1362871
	"2020"	"2020"	"Florida"	"12"	"40-44 years"	"40-44"	1298918
	"2020"	"2020"	"Florida"	"12"	"45-49 years"	"45-49"	1328975
	"2020"	"2020"	"Florida"	"12"	"50-54 years"	"50-54"	1378607
	"2020"	"2020"	"Florida"	"12"	"55-59 years"	"55-59"	1507662
	"2020"	"2020"	"Florida"	"12"	"60-64 years "	"60-64"	1444226
	"2020"	"2020"	"Florida"	"12"	"65-69 years"	"65-69"	1320588
	"2020"	"2020"	"Florida"	"12"	"70-74 years"	"70-74"	1190304
	"2020"	"2020"	"Florida"	"12"	"75-79 years"	"75-79"	865059
	"2020"	"2020"	"Florida"	"12"	"80-84 years"	"80-84"	567900
	"2020"	"2020"	"Florida"	"12"	"85+ years"	"85+"	547126
"Total"	"2020"	"2020"	"Florida"	"12"			21592035
	"2020"	"2020"	"Georgia"	"13"	"< 1 year"	"1"	123643
	"2020"	"2020"	"Georgia"	"13"	"1-4 years"	"1-4"	522781
	"2020"	"2020"	"Georgia"	"13"	"5-9 years"	"5-9"	690545
	"2020"	"2020"	"Georgia"	"13"	"10-14 years"	"10-14"	759056
	"2020"	"2020"	"Georgia"	"13"	"15-19 years"	"15-19"	746206
	"2020"	"2020"	"Georgia"	"13"	"20-24 years"	"20-24"	716303
	"2020"	"2020"	"Georgia"	"13"	"25-29 years"	"25-29"	747942
	"2020"	"2020"	"Georgia"	"13"	"30-34 years"	"30-34"	738094
	"2020"	"2020"	"Georgia"	"13"	"35-39 years"	"35-39"	720929
	"2020"	"2020"	"Georgia"	"13"	"40-44 years"	"40-44"	693183
	"2020"	"2020"	"Georgia"	"13"	"45-49 years"	"45-49"	706448
	"2020"	"2020"	"Georgia"	"13"	"50-54 years"	"50-54"	700529
	"2020"	"2020"	"Georgia"	"13"	"55-59 years"	"55-59"	702902
	"2020"	"2020"	"Georgia"	"13"	"60-64 years "	"60-64"	630807
	"2020"	"2020"	"Georgia"	"13"	"65-69 years"	"65-69"	525152
	"2020"	"2020"	"Georgia"	"13"	"70-74 years"	"70-74"	427811
	"2020"	"2020"	"Georgia"	"13"	"75-79 years"	"75-79"	275140
	"2020"	"2020"	"Georgia"	"13"	"80-84 years"	"80-84"	164239
	"2020"	"2020"	"Georgia"	"13"	"85+ years"	"85+"	141178
"Total"	"2020"	"2020"	"Georgia"	"13"			10732888
	"2020"	"2020"	"Hawaii"	"15"	"< 1 year"	"1"	16288
	"2020"	"2020"	"Hawaii"	"15"	"1-4 years"	"1-4"	68695
	"2020"	"2020"	"Hawaii"	"15"	"5-9 years"	"5-9"	88952
	"2020"	"2020"	"Hawaii"	"15"	"10-14 years"	"10-14"	84125
	"2020"	"2020"	"Hawaii"	"15"	"15-19 years"	"15-19"	77113
	"2020"	"2020"	"Hawaii"	"15"	"20-24 years"	"20-24"	87828
	"2020"	"2020"	"Hawaii"	"15"	"25-29 years"	"25-29"	98924
	"2020"	"2020"	"Hawaii"	"15"	"30-34 years"	"30-34"	100749
	"2020"	"2020"	"Hawaii"	"15"	"35-39 years"	"35-39"	99788
	"2020"	"2020"	"Hawaii"	"15"	"40-44 years"	"40-44"	90378
	"2020"	"2020"	"Hawaii"	"15"	"45-49 years"	"45-49"	85438
	"2020"	"2020"	"Hawaii"	"15"	"50-54 years"	"50-54"	87549
	"2020"	"2020"	"Hawaii"	"15"	"55-59 years"	"55-59"	92750
	"2020"	"2020"	"Hawaii"	"15"	"60-64 years "	"60-64"	93124
	"2020"	"2020"	"Hawaii"	"15"	"65-69 years"	"65-69"	86644
	"2020"	"2020"	"Hawaii"	"15"	"70-74 years"	"70-74"	74280
	"2020"	"2020"	"Hawaii"	"15"	"75-79 years"	"75-79"	48449
	"2020"	"2020"	"Hawaii"	"15"	"80-84 years"	"80-84"	30088
	"2020"	"2020"	"Hawaii"	"15"	"85+ years"	"85+"	40090
"Total"	"2020"	"2020"	"Hawaii"	"15"			1451252
	"2020"	"2020"	"Idaho"	"16"	"< 1 year"	"1"	21558
	"2020"	"2020"	"Idaho"	"16"	"1-4 years"	"1-4"	91998
	"2020"	"2020"	"Idaho"	"16"	"5-9 years"	"5-9"	125083
	"2020"	"2020"	"Idaho"	"16"	"10-14 years"	"10-14"	138067
	"2020"	"2020"	"Idaho"	"16"	"15-19 years"	"15-19"	141097
	"2020"	"2020"	"Idaho"	"16"	"20-24 years"	"20-24"	121328
	"2020"	"2020"	"Idaho"	"16"	"25-29 years"	"25-29"	120383
	"2020"	"2020"	"Idaho"	"16"	"30-34 years"	"30-34"	118687
	"2020"	"2020"	"Idaho"	"16"	"35-39 years"	"35-39"	121834
	"2020"	"2020"	"Idaho"	"16"	"40-44 years"	"40-44"	115404
	"2020"	"2020"	"Idaho"	"16"	"45-49 years"	"45-49"	105597
	"2020"	"2020"	"Idaho"	"16"	"50-54 years"	"50-54"	102794
	"2020"	"2020"	"Idaho"	"16"	"55-59 years"	"55-59"	110922
	"2020"	"2020"	"Idaho"	"16"	"60-64 years "	"60-64"	112676
	"2020"	"2020"	"Idaho"	"16"	"65-69 years"	"65-69"	102975
	"2020"	"2020"	"Idaho"	"16"	"70-74 years"	"70-74"	83028
	"2020"	"2020"	"Idaho"	"16"	"75-79 years"	"75-79"	54201
	"2020"	"2020"	"Idaho"	"16"	"80-84 years"	"80-84"	32790
	"2020"	"2020"	"Idaho"	"16"	"85+ years"	"85+"	28993
"Total"	"2020"	"2020"	"Idaho"	"16"			1849415
	"2020"	"2020"	"Illinois"	"17"	"< 1 year"	"1"	139944
	"2020"	"2020"	"Illinois"	"17"	"1-4 years"	"1-4"	595538
	"2020"	"2020"	"Illinois"	"17"	"5-9 years"	"5-9"	776667
	"2020"	"2020"	"Illinois"	"17"	"10-14 years"	"10-14"	843312
	"2020"	"2020"	"Illinois"	"17"	"15-19 years"	"15-19"	843958
	"2020"	"2020"	"Illinois"	"17"	"20-24 years"	"20-24"	822606
	"2020"	"2020"	"Illinois"	"17"	"25-29 years"	"25-29"	877085
	"2020"	"2020"	"Illinois"	"17"	"30-34 years"	"30-34"	870903
	"2020"	"2020"	"Illinois"	"17"	"35-39 years"	"35-39"	867300
	"2020"	"2020"	"Illinois"	"17"	"40-44 years"	"40-44"	817521
	"2020"	"2020"	"Illinois"	"17"	"45-49 years"	"45-49"	799181
	"2020"	"2020"	"Illinois"	"17"	"50-54 years"	"50-54"	811375
	"2020"	"2020"	"Illinois"	"17"	"55-59 years"	"55-59"	857645
	"2020"	"2020"	"Illinois"	"17"	"60-64 years "	"60-64"	820615
	"2020"	"2020"	"Illinois"	"17"	"65-69 years"	"65-69"	684938
	"2020"	"2020"	"Illinois"	"17"	"70-74 years"	"70-74"	537423
	"2020"	"2020"	"Illinois"	"17"	"75-79 years"	"75-79"	357104
	"2020"	"2020"	"Illinois"	"17"	"80-84 years"	"80-84"	233616
	"2020"	"2020"	"Illinois"	"17"	"85+ years"	"85+"	242357
"Total"	"2020"	"2020"	"Illinois"	"17"			12799088
	"2020"	"2020"	"Indiana"	"18"	"< 1 year"	"1"	80171
	"2020"	"2020"	"Indiana"	"18"	"1-4 years"	"1-4"	336680
	"2020"	"2020"	"Indiana"	"18"	"5-9 years"	"5-9"	438326
	"2020"	"2020"	"Indiana"	"18"	"10-14 years"	"10-14"	468244
	"2020"	"2020"	"Indiana"	"18"	"15-19 years"	"15-19"	464744
	"2020"	"2020"	"Indiana"	"18"	"20-24 years"	"20-24"	467642
	"2020"	"2020"	"Indiana"	"18"	"25-29 years"	"25-29"	452841
	"2020"	"2020"	"Indiana"	"18"	"30-34 years"	"30-34"	434593
	"2020"	"2020"	"Indiana"	"18"	"35-39 years"	"35-39"	433451
	"2020"	"2020"	"Indiana"	"18"	"40-44 years"	"40-44"	416554
	"2020"	"2020"	"Indiana"	"18"	"45-49 years"	"45-49"	411745
	"2020"	"2020"	"Indiana"	"18"	"50-54 years"	"50-54"	414478
	"2020"	"2020"	"Indiana"	"18"	"55-59 years"	"55-59"	448202
	"2020"	"2020"	"Indiana"	"18"	"60-64 years "	"60-64"	432957
	"2020"	"2020"	"Indiana"	"18"	"65-69 years"	"65-69"	368557
	"2020"	"2020"	"Indiana"	"18"	"70-74 years"	"70-74"	288886
	"2020"	"2020"	"Indiana"	"18"	"75-79 years"	"75-79"	189753
	"2020"	"2020"	"Indiana"	"18"	"80-84 years"	"80-84"	122437
	"2020"	"2020"	"Indiana"	"18"	"85+ years"	"85+"	120236
"Total"	"2020"	"2020"	"Indiana"	"18"			6790497
	"2020"	"2020"	"Iowa"	"19"	"< 1 year"	"1"	36992
	"2020"	"2020"	"Iowa"	"19"	"1-4 years"	"1-4"	156303
	"2020"	"2020"	"Iowa"	"19"	"5-9 years"	"5-9"	202450
	"2020"	"2020"	"Iowa"	"19"	"10-14 years"	"10-14"	218242
	"2020"	"2020"	"Iowa"	"19"	"15-19 years"	"15-19"	219832
	"2020"	"2020"	"Iowa"	"19"	"20-24 years"	"20-24"	224765
	"2020"	"2020"	"Iowa"	"19"	"25-29 years"	"25-29"	202011
	"2020"	"2020"	"Iowa"	"19"	"30-34 years"	"30-34"	193878
	"2020"	"2020"	"Iowa"	"19"	"35-39 years"	"35-39"	206031
	"2020"	"2020"	"Iowa"	"19"	"40-44 years"	"40-44"	191932
	"2020"	"2020"	"Iowa"	"19"	"45-49 years"	"45-49"	178375
	"2020"	"2020"	"Iowa"	"19"	"50-54 years"	"50-54"	185885
	"2020"	"2020"	"Iowa"	"19"	"55-59 years"	"55-59"	209033
	"2020"	"2020"	"Iowa"	"19"	"60-64 years "	"60-64"	208720
	"2020"	"2020"	"Iowa"	"19"	"65-69 years"	"65-69"	182498
	"2020"	"2020"	"Iowa"	"19"	"70-74 years"	"70-74"	141624
	"2020"	"2020"	"Iowa"	"19"	"75-79 years"	"75-79"	93603
	"2020"	"2020"	"Iowa"	"19"	"80-84 years"	"80-84"	65898
	"2020"	"2020"	"Iowa"	"19"	"85+ years"	"85+"	73069
"Total"	"2020"	"2020"	"Iowa"	"19"			3191141
	"2020"	"2020"	"Kansas"	"20"	"< 1 year"	"1"	35165
	"2020"	"2020"	"Kansas"	"20"	"1-4 years"	"1-4"	148542
	"2020"	"2020"	"Kansas"	"20"	"5-9 years"	"5-9"	196230
	"2020"	"2020"	"Kansas"	"20"	"10-14 years"	"10-14"	209458
	"2020"	"2020"	"Kansas"	"20"	"15-19 years"	"15-19"	206715
	"2020"	"2020"	"Kansas"	"20"	"20-24 years"	"20-24"	212816
	"2020"	"2020"	"Kansas"	"20"	"25-29 years"	"25-29"	193092
	"2020"	"2020"	"Kansas"	"20"	"30-34 years"	"30-34"	186874
	"2020"	"2020"	"Kansas"	"20"	"35-39 years"	"35-39"	194608
	"2020"	"2020"	"Kansas"	"20"	"40-44 years"	"40-44"	177360
	"2020"	"2020"	"Kansas"	"20"	"45-49 years"	"45-49"	164944
	"2020"	"2020"	"Kansas"	"20"	"50-54 years"	"50-54"	165325
	"2020"	"2020"	"Kansas"	"20"	"55-59 years"	"55-59"	186437
	"2020"	"2020"	"Kansas"	"20"	"60-64 years "	"60-64"	184862
	"2020"	"2020"	"Kansas"	"20"	"65-69 years"	"65-69"	159045
	"2020"	"2020"	"Kansas"	"20"	"70-74 years"	"70-74"	122839
	"2020"	"2020"	"Kansas"	"20"	"75-79 years"	"75-79"	80866
	"2020"	"2020"	"Kansas"	"20"	"80-84 years"	"80-84"	53736
	"2020"	"2020"	"Kansas"	"20"	"85+ years"	"85+"	59258
"Total"	"2020"	"2020"	"Kansas"	"20"			2938172
	"2020"	"2020"	"Kentucky"	"21"	"< 1 year"	"1"	52384
	"2020"	"2020"	"Kentucky"	"21"	"1-4 years"	"1-4"	219175
	"2020"	"2020"	"Kentucky"	"21"	"5-9 years"	"5-9"	280923
	"2020"	"2020"	"Kentucky"	"21"	"10-14 years"	"10-14"	297182
	"2020"	"2020"	"Kentucky"	"21"	"15-19 years"	"15-19"	290267
	"2020"	"2020"	"Kentucky"	"21"	"20-24 years"	"20-24"	294892
	"2020"	"2020"	"Kentucky"	"21"	"25-29 years"	"25-29"	300687
	"2020"	"2020"	"Kentucky"	"21"	"30-34 years"	"30-34"	287562
	"2020"	"2020"	"Kentucky"	"21"	"35-39 years"	"35-39"	283201
	"2020"	"2020"	"Kentucky"	"21"	"40-44 years"	"40-44"	279680
	"2020"	"2020"	"Kentucky"	"21"	"45-49 years"	"45-49"	280075
	"2020"	"2020"	"Kentucky"	"21"	"50-54 years"	"50-54"	285112
	"2020"	"2020"	"Kentucky"	"21"	"55-59 years"	"55-59"	308805
	"2020"	"2020"	"Kentucky"	"21"	"60-64 years "	"60-64"	295075
	"2020"	"2020"	"Kentucky"	"21"	"65-69 years"	"65-69"	255451
	"2020"	"2020"	"Kentucky"	"21"	"70-74 years"	"70-74"	206500
	"2020"	"2020"	"Kentucky"	"21"	"75-79 years"	"75-79"	132872
	"2020"	"2020"	"Kentucky"	"21"	"80-84 years"	"80-84"	83820
	"2020"	"2020"	"Kentucky"	"21"	"85+ years"	"85+"	74655
"Total"	"2020"	"2020"	"Kentucky"	"21"			4508318
	"2020"	"2020"	"Louisiana"	"22"	"< 1 year"	"1"	56777
	"2020"	"2020"	"Louisiana"	"22"	"1-4 years"	"1-4"	240486
	"2020"	"2020"	"Louisiana"	"22"	"5-9 years"	"5-9"	304452
	"2020"	"2020"	"Louisiana"	"22"	"10-14 years"	"10-14"	318681
	"2020"	"2020"	"Louisiana"	"22"	"15-19 years"	"15-19"	302974
	"2020"	"2020"	"Louisiana"	"22"	"20-24 years"	"20-24"	302062
	"2020"	"2020"	"Louisiana"	"22"	"25-29 years"	"25-29"	316454
	"2020"	"2020"	"Louisiana"	"22"	"30-34 years"	"30-34"	322780
	"2020"	"2020"	"Louisiana"	"22"	"35-39 years"	"35-39"	319002
	"2020"	"2020"	"Louisiana"	"22"	"40-44 years"	"40-44"	286327
	"2020"	"2020"	"Louisiana"	"22"	"45-49 years"	"45-49"	266441
	"2020"	"2020"	"Louisiana"	"22"	"50-54 years"	"50-54"	276052
	"2020"	"2020"	"Louisiana"	"22"	"55-59 years"	"55-59"	304791
	"2020"	"2020"	"Louisiana"	"22"	"60-64 years "	"60-64"	297429
	"2020"	"2020"	"Louisiana"	"22"	"65-69 years"	"65-69"	254264
	"2020"	"2020"	"Louisiana"	"22"	"70-74 years"	"70-74"	199055
	"2020"	"2020"	"Louisiana"	"22"	"75-79 years"	"75-79"	128692
	"2020"	"2020"	"Louisiana"	"22"	"80-84 years"	"80-84"	81710
	"2020"	"2020"	"Louisiana"	"22"	"85+ years"	"85+"	73872
"Total"	"2020"	"2020"	"Louisiana"	"22"			4652301
	"2020"	"2020"	"Maine"	"23"	"< 1 year"	"1"	12332
	"2020"	"2020"	"Maine"	"23"	"1-4 years"	"1-4"	51350
	"2020"	"2020"	"Maine"	"23"	"5-9 years"	"5-9"	68007
	"2020"	"2020"	"Maine"	"23"	"10-14 years"	"10-14"	75522
	"2020"	"2020"	"Maine"	"23"	"15-19 years"	"15-19"	78709
	"2020"	"2020"	"Maine"	"23"	"20-24 years"	"20-24"	74846
	"2020"	"2020"	"Maine"	"23"	"25-29 years"	"25-29"	79912
	"2020"	"2020"	"Maine"	"23"	"30-34 years"	"30-34"	83964
	"2020"	"2020"	"Maine"	"23"	"35-39 years"	"35-39"	82363
	"2020"	"2020"	"Maine"	"23"	"40-44 years"	"40-44"	78161
	"2020"	"2020"	"Maine"	"23"	"45-49 years"	"45-49"	82127
	"2020"	"2020"	"Maine"	"23"	"50-54 years"	"50-54"	91989
	"2020"	"2020"	"Maine"	"23"	"55-59 years"	"55-59"	106514
	"2020"	"2020"	"Maine"	"23"	"60-64 years "	"60-64"	108097
	"2020"	"2020"	"Maine"	"23"	"65-69 years"	"65-69"	97197
	"2020"	"2020"	"Maine"	"23"	"70-74 years"	"70-74"	79402
	"2020"	"2020"	"Maine"	"23"	"75-79 years"	"75-79"	50962
	"2020"	"2020"	"Maine"	"23"	"80-84 years"	"80-84"	31616
	"2020"	"2020"	"Maine"	"23"	"85+ years"	"85+"	31501
"Total"	"2020"	"2020"	"Maine"	"23"			1364571
	"2020"	"2020"	"Maryland"	"24"	"< 1 year"	"1"	70819
	"2020"	"2020"	"Maryland"	"24"	"1-4 years"	"1-4"	296174
	"2020"	"2020"	"Maryland"	"24"	"5-9 years"	"5-9"	381250
	"2020"	"2020"	"Maryland"	"24"	"10-14 years"	"10-14"	402856
	"2020"	"2020"	"Maryland"	"24"	"15-19 years"	"15-19"	390911
	"2020"	"2020"	"Maryland"	"24"	"20-24 years"	"20-24"	370335
	"2020"	"2020"	"Maryland"	"24"	"25-29 years"	"25-29"	402488
	"2020"	"2020"	"Maryland"	"24"	"30-34 years"	"30-34"	428451
	"2020"	"2020"	"Maryland"	"24"	"35-39 years"	"35-39"	426136
	"2020"	"2020"	"Maryland"	"24"	"40-44 years"	"40-44"	393428
	"2020"	"2020"	"Maryland"	"24"	"45-49 years"	"45-49"	385783
	"2020"	"2020"	"Maryland"	"24"	"50-54 years"	"50-54"	415703
	"2020"	"2020"	"Maryland"	"24"	"55-59 years"	"55-59"	440371
	"2020"	"2020"	"Maryland"	"24"	"60-64 years "	"60-64"	400078
	"2020"	"2020"	"Maryland"	"24"	"65-69 years"	"65-69"	324780
	"2020"	"2020"	"Maryland"	"24"	"70-74 years"	"70-74"	259728
	"2020"	"2020"	"Maryland"	"24"	"75-79 years"	"75-79"	171963
	"2020"	"2020"	"Maryland"	"24"	"80-84 years"	"80-84"	107127
	"2020"	"2020"	"Maryland"	"24"	"85+ years"	"85+"	109554
"Total"	"2020"	"2020"	"Maryland"	"24"			6177935
	"2020"	"2020"	"Massachusetts"	"25"	"< 1 year"	"1"	69562
	"2020"	"2020"	"Massachusetts"	"25"	"1-4 years"	"1-4"	287249
	"2020"	"2020"	"Massachusetts"	"25"	"5-9 years"	"5-9"	374989
	"2020"	"2020"	"Massachusetts"	"25"	"10-14 years"	"10-14"	402995
	"2020"	"2020"	"Massachusetts"	"25"	"15-19 years"	"15-19"	448127
	"2020"	"2020"	"Massachusetts"	"25"	"20-24 years"	"20-24"	468382
	"2020"	"2020"	"Massachusetts"	"25"	"25-29 years"	"25-29"	496831
	"2020"	"2020"	"Massachusetts"	"25"	"30-34 years"	"30-34"	501723
	"2020"	"2020"	"Massachusetts"	"25"	"35-39 years"	"35-39"	464811
	"2020"	"2020"	"Massachusetts"	"25"	"40-44 years"	"40-44"	421643
	"2020"	"2020"	"Massachusetts"	"25"	"45-49 years"	"45-49"	427676
	"2020"	"2020"	"Massachusetts"	"25"	"50-54 years"	"50-54"	471023
	"2020"	"2020"	"Massachusetts"	"25"	"55-59 years"	"55-59"	503650
	"2020"	"2020"	"Massachusetts"	"25"	"60-64 years "	"60-64"	469213
	"2020"	"2020"	"Massachusetts"	"25"	"65-69 years"	"65-69"	391019
	"2020"	"2020"	"Massachusetts"	"25"	"70-74 years"	"70-74"	314465
	"2020"	"2020"	"Massachusetts"	"25"	"75-79 years"	"75-79"	206159
	"2020"	"2020"	"Massachusetts"	"25"	"80-84 years"	"80-84"	131171
	"2020"	"2020"	"Massachusetts"	"25"	"85+ years"	"85+"	143910
"Total"	"2020"	"2020"	"Massachusetts"	"25"			6994598
	"2020"	"2020"	"Michigan"	"26"	"< 1 year"	"1"	108050
	"2020"	"2020"	"Michigan"	"26"	"1-4 years"	"1-4"	453868
	"2020"	"2020"	"Michigan"	"26"	"5-9 years"	"5-9"	591576
	"2020"	"2020"	"Michigan"	"26"	"10-14 years"	"10-14"	635683
	"2020"	"2020"	"Michigan"	"26"	"15-19 years"	"15-19"	657467
	"2020"	"2020"	"Michigan"	"26"	"20-24 years"	"20-24"	674096
	"2020"	"2020"	"Michigan"	"26"	"25-29 years"	"25-29"	676680
	"2020"	"2020"	"Michigan"	"26"	"30-34 years"	"30-34"	636790
	"2020"	"2020"	"Michigan"	"26"	"35-39 years"	"35-39"	611884
	"2020"	"2020"	"Michigan"	"26"	"40-44 years"	"40-44"	586486
	"2020"	"2020"	"Michigan"	"26"	"45-49 years"	"45-49"	602636
	"2020"	"2020"	"Michigan"	"26"	"50-54 years"	"50-54"	648441
	"2020"	"2020"	"Michigan"	"26"	"55-59 years"	"55-59"	709566
	"2020"	"2020"	"Michigan"	"26"	"60-64 years "	"60-64"	702256
	"2020"	"2020"	"Michigan"	"26"	"65-69 years"	"65-69"	605002
	"2020"	"2020"	"Michigan"	"26"	"70-74 years"	"70-74"	474400
	"2020"	"2020"	"Michigan"	"26"	"75-79 years"	"75-79"	311888
	"2020"	"2020"	"Michigan"	"26"	"80-84 years"	"80-84"	194611
	"2020"	"2020"	"Michigan"	"26"	"85+ years"	"85+"	191323
"Total"	"2020"	"2020"	"Michigan"	"26"			10072703
	"2020"	"2020"	"Minnesota"	"27"	"< 1 year"	"1"	66633
	"2020"	"2020"	"Minnesota"	"27"	"1-4 years"	"1-4"	280759
	"2020"	"2020"	"Minnesota"	"27"	"5-9 years"	"5-9"	366792
	"2020"	"2020"	"Minnesota"	"27"	"10-14 years"	"10-14"	387388
	"2020"	"2020"	"Minnesota"	"27"	"15-19 years"	"15-19"	372574
	"2020"	"2020"	"Minnesota"	"27"	"20-24 years"	"20-24"	354088
	"2020"	"2020"	"Minnesota"	"27"	"25-29 years"	"25-29"	372125
	"2020"	"2020"	"Minnesota"	"27"	"30-34 years"	"30-34"	384368
	"2020"	"2020"	"Minnesota"	"27"	"35-39 years"	"35-39"	399221
	"2020"	"2020"	"Minnesota"	"27"	"40-44 years"	"40-44"	355926
	"2020"	"2020"	"Minnesota"	"27"	"45-49 years"	"45-49"	328265
	"2020"	"2020"	"Minnesota"	"27"	"50-54 years"	"50-54"	346665
	"2020"	"2020"	"Minnesota"	"27"	"55-59 years"	"55-59"	389247
	"2020"	"2020"	"Minnesota"	"27"	"60-64 years "	"60-64"	375361
	"2020"	"2020"	"Minnesota"	"27"	"65-69 years"	"65-69"	313955
	"2020"	"2020"	"Minnesota"	"27"	"70-74 years"	"70-74"	239625
	"2020"	"2020"	"Minnesota"	"27"	"75-79 years"	"75-79"	158523
	"2020"	"2020"	"Minnesota"	"27"	"80-84 years"	"80-84"	105490
	"2020"	"2020"	"Minnesota"	"27"	"85+ years"	"85+"	113730
"Total"	"2020"	"2020"	"Minnesota"	"27"			5710735
	"2020"	"2020"	"Mississippi"	"28"	"< 1 year"	"1"	34862
	"2020"	"2020"	"Mississippi"	"28"	"1-4 years"	"1-4"	144901
	"2020"	"2020"	"Mississippi"	"28"	"5-9 years"	"5-9"	186900
	"2020"	"2020"	"Mississippi"	"28"	"10-14 years"	"10-14"	210325
	"2020"	"2020"	"Mississippi"	"28"	"15-19 years"	"15-19"	205284
	"2020"	"2020"	"Mississippi"	"28"	"20-24 years"	"20-24"	200079
	"2020"	"2020"	"Mississippi"	"28"	"25-29 years"	"25-29"	195148
	"2020"	"2020"	"Mississippi"	"28"	"30-34 years"	"30-34"	186186
	"2020"	"2020"	"Mississippi"	"28"	"35-39 years"	"35-39"	186668
	"2020"	"2020"	"Mississippi"	"28"	"40-44 years"	"40-44"	180296
	"2020"	"2020"	"Mississippi"	"28"	"45-49 years"	"45-49"	178082
	"2020"	"2020"	"Mississippi"	"28"	"50-54 years"	"50-54"	179643
	"2020"	"2020"	"Mississippi"	"28"	"55-59 years"	"55-59"	195056
	"2020"	"2020"	"Mississippi"	"28"	"60-64 years "	"60-64"	188980
	"2020"	"2020"	"Mississippi"	"28"	"65-69 years"	"65-69"	163352
	"2020"	"2020"	"Mississippi"	"28"	"70-74 years"	"70-74"	132026
	"2020"	"2020"	"Mississippi"	"28"	"75-79 years"	"75-79"	85957
	"2020"	"2020"	"Mississippi"	"28"	"80-84 years"	"80-84"	55768
	"2020"	"2020"	"Mississippi"	"28"	"85+ years"	"85+"	49023
"Total"	"2020"	"2020"	"Mississippi"	"28"			2958536
	"2020"	"2020"	"Missouri"	"29"	"< 1 year"	"1"	71059
	"2020"	"2020"	"Missouri"	"29"	"1-4 years"	"1-4"	295299
	"2020"	"2020"	"Missouri"	"29"	"5-9 years"	"5-9"	380023
	"2020"	"2020"	"Missouri"	"29"	"10-14 years"	"10-14"	406150
	"2020"	"2020"	"Missouri"	"29"	"15-19 years"	"15-19"	398650
	"2020"	"2020"	"Missouri"	"29"	"20-24 years"	"20-24"	401884
	"2020"	"2020"	"Missouri"	"29"	"25-29 years"	"25-29"	410627
	"2020"	"2020"	"Missouri"	"29"	"30-34 years"	"30-34"	404175
	"2020"	"2020"	"Missouri"	"29"	"35-39 years"	"35-39"	402693
	"2020"	"2020"	"Missouri"	"29"	"40-44 years"	"40-44"	370301
	"2020"	"2020"	"Missouri"	"29"	"45-49 years"	"45-49"	358797
	"2020"	"2020"	"Missouri"	"29"	"50-54 years"	"50-54"	369474
	"2020"	"2020"	"Missouri"	"29"	"55-59 years"	"55-59"	420424
	"2020"	"2020"	"Missouri"	"29"	"60-64 years "	"60-64"	410341
	"2020"	"2020"	"Missouri"	"29"	"65-69 years"	"65-69"	347416
	"2020"	"2020"	"Missouri"	"29"	"70-74 years"	"70-74"	277719
	"2020"	"2020"	"Missouri"	"29"	"75-79 years"	"75-79"	188012
	"2020"	"2020"	"Missouri"	"29"	"80-84 years"	"80-84"	121114
	"2020"	"2020"	"Missouri"	"29"	"85+ years"	"85+"	120586
"Total"	"2020"	"2020"	"Missouri"	"29"			6154744
	"2020"	"2020"	"Montana"	"30"	"< 1 year"	"1"	11392
	"2020"	"2020"	"Montana"	"30"	"1-4 years"	"1-4"	48636
	"2020"	"2020"	"Montana"	"30"	"5-9 years"	"5-9"	65094
	"2020"	"2020"	"Montana"	"30"	"10-14 years"	"10-14"	68845
	"2020"	"2020"	"Montana"	"30"	"15-19 years"	"15-19"	66172
	"2020"	"2020"	"Montana"	"30"	"20-24 years"	"20-24"	71759
	"2020"	"2020"	"Montana"	"30"	"25-29 years"	"25-29"	70725
	"2020"	"2020"	"Montana"	"30"	"30-34 years"	"30-34"	68819
	"2020"	"2020"	"Montana"	"30"	"35-39 years"	"35-39"	70754
	"2020"	"2020"	"Montana"	"30"	"40-44 years"	"40-44"	65170
	"2020"	"2020"	"Montana"	"30"	"45-49 years"	"45-49"	59109
	"2020"	"2020"	"Montana"	"30"	"50-54 years"	"50-54"	60233
	"2020"	"2020"	"Montana"	"30"	"55-59 years"	"55-59"	72274
	"2020"	"2020"	"Montana"	"30"	"60-64 years "	"60-64"	78139
	"2020"	"2020"	"Montana"	"30"	"65-69 years"	"65-69"	72773
	"2020"	"2020"	"Montana"	"30"	"70-74 years"	"70-74"	57198
	"2020"	"2020"	"Montana"	"30"	"75-79 years"	"75-79"	36266
	"2020"	"2020"	"Montana"	"30"	"80-84 years"	"80-84"	22564
	"2020"	"2020"	"Montana"	"30"	"85+ years"	"85+"	21308
"Total"	"2020"	"2020"	"Montana"	"30"			1087230
	"2020"	"2020"	"Nebraska"	"31"	"< 1 year"	"1"	24982
	"2020"	"2020"	"Nebraska"	"31"	"1-4 years"	"1-4"	104872
	"2020"	"2020"	"Nebraska"	"31"	"5-9 years"	"5-9"	134942
	"2020"	"2020"	"Nebraska"	"31"	"10-14 years"	"10-14"	140823
	"2020"	"2020"	"Nebraska"	"31"	"15-19 years"	"15-19"	136752
	"2020"	"2020"	"Nebraska"	"31"	"20-24 years"	"20-24"	135443
	"2020"	"2020"	"Nebraska"	"31"	"25-29 years"	"25-29"	128775
	"2020"	"2020"	"Nebraska"	"31"	"30-34 years"	"30-34"	126027
	"2020"	"2020"	"Nebraska"	"31"	"35-39 years"	"35-39"	133248
	"2020"	"2020"	"Nebraska"	"31"	"40-44 years"	"40-44"	119292
	"2020"	"2020"	"Nebraska"	"31"	"45-49 years"	"45-49"	110445
	"2020"	"2020"	"Nebraska"	"31"	"50-54 years"	"50-54"	108796
	"2020"	"2020"	"Nebraska"	"31"	"55-59 years"	"55-59"	123154
	"2020"	"2020"	"Nebraska"	"31"	"60-64 years "	"60-64"	121420
	"2020"	"2020"	"Nebraska"	"31"	"65-69 years"	"65-69"	104857
	"2020"	"2020"	"Nebraska"	"31"	"70-74 years"	"70-74"	81428
	"2020"	"2020"	"Nebraska"	"31"	"75-79 years"	"75-79"	52774
	"2020"	"2020"	"Nebraska"	"31"	"80-84 years"	"80-84"	36115
	"2020"	"2020"	"Nebraska"	"31"	"85+ years"	"85+"	39242
"Total"	"2020"	"2020"	"Nebraska"	"31"			1963387
	"2020"	"2020"	"Nevada"	"32"	"< 1 year"	"1"	34465
	"2020"	"2020"	"Nevada"	"32"	"1-4 years"	"1-4"	146161
	"2020"	"2020"	"Nevada"	"32"	"5-9 years"	"5-9"	192135
	"2020"	"2020"	"Nevada"	"32"	"10-14 years"	"10-14"	205919
	"2020"	"2020"	"Nevada"	"32"	"15-19 years"	"15-19"	186639
	"2020"	"2020"	"Nevada"	"32"	"20-24 years"	"20-24"	181746
	"2020"	"2020"	"Nevada"	"32"	"25-29 years"	"25-29"	221965
	"2020"	"2020"	"Nevada"	"32"	"30-34 years"	"30-34"	229210
	"2020"	"2020"	"Nevada"	"32"	"35-39 years"	"35-39"	220492
	"2020"	"2020"	"Nevada"	"32"	"40-44 years"	"40-44"	201419
	"2020"	"2020"	"Nevada"	"32"	"45-49 years"	"45-49"	198745
	"2020"	"2020"	"Nevada"	"32"	"50-54 years"	"50-54"	199148
	"2020"	"2020"	"Nevada"	"32"	"55-59 years"	"55-59"	201391
	"2020"	"2020"	"Nevada"	"32"	"60-64 years "	"60-64"	190730
	"2020"	"2020"	"Nevada"	"32"	"65-69 years"	"65-69"	170045
	"2020"	"2020"	"Nevada"	"32"	"70-74 years"	"70-74"	144781
	"2020"	"2020"	"Nevada"	"32"	"75-79 years"	"75-79"	94882
	"2020"	"2020"	"Nevada"	"32"	"80-84 years"	"80-84"	54882
	"2020"	"2020"	"Nevada"	"32"	"85+ years"	"85+"	42212
"Total"	"2020"	"2020"	"Nevada"	"32"			3116967
	"2020"	"2020"	"New Hampshire"	"33"	"< 1 year"	"1"	12151
	"2020"	"2020"	"New Hampshire"	"33"	"1-4 years"	"1-4"	51196
	"2020"	"2020"	"New Hampshire"	"33"	"5-9 years"	"5-9"	69108
	"2020"	"2020"	"New Hampshire"	"33"	"10-14 years"	"10-14"	77331
	"2020"	"2020"	"New Hampshire"	"33"	"15-19 years"	"15-19"	85740
	"2020"	"2020"	"New Hampshire"	"33"	"20-24 years"	"20-24"	86942
	"2020"	"2020"	"New Hampshire"	"33"	"25-29 years"	"25-29"	86349
	"2020"	"2020"	"New Hampshire"	"33"	"30-34 years"	"30-34"	87896
	"2020"	"2020"	"New Hampshire"	"33"	"35-39 years"	"35-39"	84822
	"2020"	"2020"	"New Hampshire"	"33"	"40-44 years"	"40-44"	77981
	"2020"	"2020"	"New Hampshire"	"33"	"45-49 years"	"45-49"	84170
	"2020"	"2020"	"New Hampshire"	"33"	"50-54 years"	"50-54"	97105
	"2020"	"2020"	"New Hampshire"	"33"	"55-59 years"	"55-59"	111270
	"2020"	"2020"	"New Hampshire"	"33"	"60-64 years "	"60-64"	107670
	"2020"	"2020"	"New Hampshire"	"33"	"65-69 years"	"65-69"	88886
	"2020"	"2020"	"New Hampshire"	"33"	"70-74 years"	"70-74"	70734
	"2020"	"2020"	"New Hampshire"	"33"	"75-79 years"	"75-79"	44512
	"2020"	"2020"	"New Hampshire"	"33"	"80-84 years"	"80-84"	26744
	"2020"	"2020"	"New Hampshire"	"33"	"85+ years"	"85+"	28149
"Total"	"2020"	"2020"	"New Hampshire"	"33"			1378756
	"2020"	"2020"	"New Jersey"	"34"	"< 1 year"	"1"	102724
	"2020"	"2020"	"New Jersey"	"34"	"1-4 years"	"1-4"	431226
	"2020"	"2020"	"New Jersey"	"34"	"5-9 years"	"5-9"	556611
	"2020"	"2020"	"New Jersey"	"34"	"10-14 years"	"10-14"	596992
	"2020"	"2020"	"New Jersey"	"34"	"15-19 years"	"15-19"	585926
	"2020"	"2020"	"New Jersey"	"34"	"20-24 years"	"20-24"	555914
	"2020"	"2020"	"New Jersey"	"34"	"25-29 years"	"25-29"	587089
	"2020"	"2020"	"New Jersey"	"34"	"30-34 years"	"30-34"	604734
	"2020"	"2020"	"New Jersey"	"34"	"35-39 years"	"35-39"	614019
	"2020"	"2020"	"New Jersey"	"34"	"40-44 years"	"40-44"	595166
	"2020"	"2020"	"New Jersey"	"34"	"45-49 years"	"45-49"	600065
	"2020"	"2020"	"New Jersey"	"34"	"50-54 years"	"50-54"	639937
	"2020"	"2020"	"New Jersey"	"34"	"55-59 years"	"55-59"	670448
	"2020"	"2020"	"New Jersey"	"34"	"60-64 years "	"60-64"	615345
	"2020"	"2020"	"New Jersey"	"34"	"65-69 years"	"65-69"	493262
	"2020"	"2020"	"New Jersey"	"34"	"70-74 years"	"70-74"	395627
	"2020"	"2020"	"New Jersey"	"34"	"75-79 years"	"75-79"	268965
	"2020"	"2020"	"New Jersey"	"34"	"80-84 years"	"80-84"	174760
	"2020"	"2020"	"New Jersey"	"34"	"85+ years"	"85+"	183984
"Total"	"2020"	"2020"	"New Jersey"	"34"			9272794
	"2020"	"2020"	"New Mexico"	"35"	"< 1 year"	"1"	22162
	"2020"	"2020"	"New Mexico"	"35"	"1-4 years"	"1-4"	94918
	"2020"	"2020"	"New Mexico"	"35"	"5-9 years"	"5-9"	130532
	"2020"	"2020"	"New Mexico"	"35"	"10-14 years"	"10-14"	143846
	"2020"	"2020"	"New Mexico"	"35"	"15-19 years"	"15-19"	141855
	"2020"	"2020"	"New Mexico"	"35"	"20-24 years"	"20-24"	139637
	"2020"	"2020"	"New Mexico"	"35"	"25-29 years"	"25-29"	140883
	"2020"	"2020"	"New Mexico"	"35"	"30-34 years"	"30-34"	139968
	"2020"	"2020"	"New Mexico"	"35"	"35-39 years"	"35-39"	138811
	"2020"	"2020"	"New Mexico"	"35"	"40-44 years"	"40-44"	124397
	"2020"	"2020"	"New Mexico"	"35"	"45-49 years"	"45-49"	117726
	"2020"	"2020"	"New Mexico"	"35"	"50-54 years"	"50-54"	119519
	"2020"	"2020"	"New Mexico"	"35"	"55-59 years"	"55-59"	137059
	"2020"	"2020"	"New Mexico"	"35"	"60-64 years "	"60-64"	139268
	"2020"	"2020"	"New Mexico"	"35"	"65-69 years"	"65-69"	127972
	"2020"	"2020"	"New Mexico"	"35"	"70-74 years"	"70-74"	107835
	"2020"	"2020"	"New Mexico"	"35"	"75-79 years"	"75-79"	69692
	"2020"	"2020"	"New Mexico"	"35"	"80-84 years"	"80-84"	43689
	"2020"	"2020"	"New Mexico"	"35"	"85+ years"	"85+"	38837
"Total"	"2020"	"2020"	"New Mexico"	"35"			2118606
	"2020"	"2020"	"New York"	"36"	"< 1 year"	"1"	225871
	"2020"	"2020"	"New York"	"36"	"1-4 years"	"1-4"	923504
	"2020"	"2020"	"New York"	"36"	"5-9 years"	"5-9"	1161106
	"2020"	"2020"	"New York"	"36"	"10-14 years"	"10-14"	1182064
	"2020"	"2020"	"New York"	"36"	"15-19 years"	"15-19"	1217471
	"2020"	"2020"	"New York"	"36"	"20-24 years"	"20-24"	1274761
	"2020"	"2020"	"New York"	"36"	"25-29 years"	"25-29"	1455236
	"2020"	"2020"	"New York"	"36"	"30-34 years"	"30-34"	1465507
	"2020"	"2020"	"New York"	"36"	"35-39 years"	"35-39"	1341868
	"2020"	"2020"	"New York"	"36"	"40-44 years"	"40-44"	1228471
	"2020"	"2020"	"New York"	"36"	"45-49 years"	"45-49"	1218439
	"2020"	"2020"	"New York"	"36"	"50-54 years"	"50-54"	1319111
	"2020"	"2020"	"New York"	"36"	"55-59 years"	"55-59"	1400534
	"2020"	"2020"	"New York"	"36"	"60-64 years "	"60-64"	1314764
	"2020"	"2020"	"New York"	"36"	"65-69 years"	"65-69"	1092112
	"2020"	"2020"	"New York"	"36"	"70-74 years"	"70-74"	882896
	"2020"	"2020"	"New York"	"36"	"75-79 years"	"75-79"	589458
	"2020"	"2020"	"New York"	"36"	"80-84 years"	"80-84"	392295
	"2020"	"2020"	"New York"	"36"	"85+ years"	"85+"	419703
"Total"	"2020"	"2020"	"New York"	"36"			20105171
	"2020"	"2020"	"North Carolina"	"37"	"< 1 year"	"1"	116329
	"2020"	"2020"	"North Carolina"	"37"	"1-4 years"	"1-4"	482068
	"2020"	"2020"	"North Carolina"	"37"	"5-9 years"	"5-9"	627049
	"2020"	"2020"	"North Carolina"	"37"	"10-14 years"	"10-14"	686343
	"2020"	"2020"	"North Carolina"	"37"	"15-19 years"	"15-19"	691618
	"2020"	"2020"	"North Carolina"	"37"	"20-24 years"	"20-24"	687516
	"2020"	"2020"	"North Carolina"	"37"	"25-29 years"	"25-29"	705579
	"2020"	"2020"	"North Carolina"	"37"	"30-34 years"	"30-34"	693493
	"2020"	"2020"	"North Carolina"	"37"	"35-39 years"	"35-39"	666994
	"2020"	"2020"	"North Carolina"	"37"	"40-44 years"	"40-44"	650854
	"2020"	"2020"	"North Carolina"	"37"	"45-49 years"	"45-49"	672437
	"2020"	"2020"	"North Carolina"	"37"	"50-54 years"	"50-54"	679984
	"2020"	"2020"	"North Carolina"	"37"	"55-59 years"	"55-59"	699893
	"2020"	"2020"	"North Carolina"	"37"	"60-64 years "	"60-64"	659941
	"2020"	"2020"	"North Carolina"	"37"	"65-69 years"	"65-69"	577243
	"2020"	"2020"	"North Carolina"	"37"	"70-74 years"	"70-74"	478416
	"2020"	"2020"	"North Carolina"	"37"	"75-79 years"	"75-79"	311565
	"2020"	"2020"	"North Carolina"	"37"	"80-84 years"	"80-84"	189796
	"2020"	"2020"	"North Carolina"	"37"	"85+ years"	"85+"	172534
"Total"	"2020"	"2020"	"North Carolina"	"37"			10449652
	"2020"	"2020"	"North Dakota"	"38"	"< 1 year"	"1"	10468
	"2020"	"2020"	"North Dakota"	"38"	"1-4 years"	"1-4"	43063
	"2020"	"2020"	"North Dakota"	"38"	"5-9 years"	"5-9"	52710
	"2020"	"2020"	"North Dakota"	"38"	"10-14 years"	"10-14"	51668
	"2020"	"2020"	"North Dakota"	"38"	"15-19 years"	"15-19"	50543
	"2020"	"2020"	"North Dakota"	"38"	"20-24 years"	"20-24"	62353
	"2020"	"2020"	"North Dakota"	"38"	"25-29 years"	"25-29"	58086
	"2020"	"2020"	"North Dakota"	"38"	"30-34 years"	"30-34"	55627
	"2020"	"2020"	"North Dakota"	"38"	"35-39 years"	"35-39"	53287
	"2020"	"2020"	"North Dakota"	"38"	"40-44 years"	"40-44"	44554
	"2020"	"2020"	"North Dakota"	"38"	"45-49 years"	"45-49"	39477
	"2020"	"2020"	"North Dakota"	"38"	"50-54 years"	"50-54"	40035
	"2020"	"2020"	"North Dakota"	"38"	"55-59 years"	"55-59"	46735
	"2020"	"2020"	"North Dakota"	"38"	"60-64 years "	"60-64"	47954
	"2020"	"2020"	"North Dakota"	"38"	"65-69 years"	"65-69"	40776
	"2020"	"2020"	"North Dakota"	"38"	"70-74 years"	"70-74"	30048
	"2020"	"2020"	"North Dakota"	"38"	"75-79 years"	"75-79"	19993
	"2020"	"2020"	"North Dakota"	"38"	"80-84 years"	"80-84"	14296
	"2020"	"2020"	"North Dakota"	"38"	"85+ years"	"85+"	17890
"Total"	"2020"	"2020"	"North Dakota"	"38"			779563
	"2020"	"2020"	"Ohio"	"39"	"< 1 year"	"1"	132375
	"2020"	"2020"	"Ohio"	"39"	"1-4 years"	"1-4"	555289
	"2020"	"2020"	"Ohio"	"39"	"5-9 years"	"5-9"	718499
	"2020"	"2020"	"Ohio"	"39"	"10-14 years"	"10-14"	764241
	"2020"	"2020"	"Ohio"	"39"	"15-19 years"	"15-19"	767273
	"2020"	"2020"	"Ohio"	"39"	"20-24 years"	"20-24"	746157
	"2020"	"2020"	"Ohio"	"39"	"25-29 years"	"25-29"	781351
	"2020"	"2020"	"Ohio"	"39"	"30-34 years"	"30-34"	772419
	"2020"	"2020"	"Ohio"	"39"	"35-39 years"	"35-39"	741267
	"2020"	"2020"	"Ohio"	"39"	"40-44 years"	"40-44"	699389
	"2020"	"2020"	"Ohio"	"39"	"45-49 years"	"45-49"	705468
	"2020"	"2020"	"Ohio"	"39"	"50-54 years"	"50-54"	742643
	"2020"	"2020"	"Ohio"	"39"	"55-59 years"	"55-59"	807592
	"2020"	"2020"	"Ohio"	"39"	"60-64 years "	"60-64"	807471
	"2020"	"2020"	"Ohio"	"39"	"65-69 years"	"65-69"	689024
	"2020"	"2020"	"Ohio"	"39"	"70-74 years"	"70-74"	549115
	"2020"	"2020"	"Ohio"	"39"	"75-79 years"	"75-79"	353212
	"2020"	"2020"	"Ohio"	"39"	"80-84 years"	"80-84"	234068
	"2020"	"2020"	"Ohio"	"39"	"85+ years"	"85+"	232052
"Total"	"2020"	"2020"	"Ohio"	"39"			11798905
	"2020"	"2020"	"Oklahoma"	"40"	"< 1 year"	"1"	47845
	"2020"	"2020"	"Oklahoma"	"40"	"1-4 years"	"1-4"	203069
	"2020"	"2020"	"Oklahoma"	"40"	"5-9 years"	"5-9"	268087
	"2020"	"2020"	"Oklahoma"	"40"	"10-14 years"	"10-14"	280503
	"2020"	"2020"	"Oklahoma"	"40"	"15-19 years"	"15-19"	272301
	"2020"	"2020"	"Oklahoma"	"40"	"20-24 years"	"20-24"	275672
	"2020"	"2020"	"Oklahoma"	"40"	"25-29 years"	"25-29"	270260
	"2020"	"2020"	"Oklahoma"	"40"	"30-34 years"	"30-34"	265516
	"2020"	"2020"	"Oklahoma"	"40"	"35-39 years"	"35-39"	267928
	"2020"	"2020"	"Oklahoma"	"40"	"40-44 years"	"40-44"	241841
	"2020"	"2020"	"Oklahoma"	"40"	"45-49 years"	"45-49"	229268
	"2020"	"2020"	"Oklahoma"	"40"	"50-54 years"	"50-54"	224238
	"2020"	"2020"	"Oklahoma"	"40"	"55-59 years"	"55-59"	247888
	"2020"	"2020"	"Oklahoma"	"40"	"60-64 years "	"60-64"	241883
	"2020"	"2020"	"Oklahoma"	"40"	"65-69 years"	"65-69"	208113
	"2020"	"2020"	"Oklahoma"	"40"	"70-74 years"	"70-74"	166609
	"2020"	"2020"	"Oklahoma"	"40"	"75-79 years"	"75-79"	113966
	"2020"	"2020"	"Oklahoma"	"40"	"80-84 years"	"80-84"	73043
	"2020"	"2020"	"Oklahoma"	"40"	"85+ years"	"85+"	67385
"Total"	"2020"	"2020"	"Oklahoma"	"40"			3965415
	"2020"	"2020"	"Oregon"	"41"	"< 1 year"	"1"	41678
	"2020"	"2020"	"Oregon"	"41"	"1-4 years"	"1-4"	178218
	"2020"	"2020"	"Oregon"	"41"	"5-9 years"	"5-9"	241648
	"2020"	"2020"	"Oregon"	"41"	"10-14 years"	"10-14"	259134
	"2020"	"2020"	"Oregon"	"41"	"15-19 years"	"15-19"	250552
	"2020"	"2020"	"Oregon"	"41"	"20-24 years"	"20-24"	261057
	"2020"	"2020"	"Oregon"	"41"	"25-29 years"	"25-29"	294289
	"2020"	"2020"	"Oregon"	"41"	"30-34 years"	"30-34"	305393
	"2020"	"2020"	"Oregon"	"41"	"35-39 years"	"35-39"	303513
	"2020"	"2020"	"Oregon"	"41"	"40-44 years"	"40-44"	281792
	"2020"	"2020"	"Oregon"	"41"	"45-49 years"	"45-49"	262499
	"2020"	"2020"	"Oregon"	"41"	"50-54 years"	"50-54"	255875
	"2020"	"2020"	"Oregon"	"41"	"55-59 years"	"55-59"	264966
	"2020"	"2020"	"Oregon"	"41"	"60-64 years "	"60-64"	272509
	"2020"	"2020"	"Oregon"	"41"	"65-69 years"	"65-69"	261581
	"2020"	"2020"	"Oregon"	"41"	"70-74 years"	"70-74"	214361
	"2020"	"2020"	"Oregon"	"41"	"75-79 years"	"75-79"	136239
	"2020"	"2020"	"Oregon"	"41"	"80-84 years"	"80-84"	80931
	"2020"	"2020"	"Oregon"	"41"	"85+ years"	"85+"	77544
"Total"	"2020"	"2020"	"Oregon"	"41"			4243779
	"2020"	"2020"	"Pennsylvania"	"42"	"< 1 year"	"1"	134215
	"2020"	"2020"	"Pennsylvania"	"42"	"1-4 years"	"1-4"	562931
	"2020"	"2020"	"Pennsylvania"	"42"	"5-9 years"	"5-9"	738067
	"2020"	"2020"	"Pennsylvania"	"42"	"10-14 years"	"10-14"	788119
	"2020"	"2020"	"Pennsylvania"	"42"	"15-19 years"	"15-19"	823618
	"2020"	"2020"	"Pennsylvania"	"42"	"20-24 years"	"20-24"	796027
	"2020"	"2020"	"Pennsylvania"	"42"	"25-29 years"	"25-29"	837590
	"2020"	"2020"	"Pennsylvania"	"42"	"30-34 years"	"30-34"	872468
	"2020"	"2020"	"Pennsylvania"	"42"	"35-39 years"	"35-39"	821808
	"2020"	"2020"	"Pennsylvania"	"42"	"40-44 years"	"40-44"	756822
	"2020"	"2020"	"Pennsylvania"	"42"	"45-49 years"	"45-49"	766700
	"2020"	"2020"	"Pennsylvania"	"42"	"50-54 years"	"50-54"	839425
	"2020"	"2020"	"Pennsylvania"	"42"	"55-59 years"	"55-59"	920670
	"2020"	"2020"	"Pennsylvania"	"42"	"60-64 years "	"60-64"	918055
	"2020"	"2020"	"Pennsylvania"	"42"	"65-69 years"	"65-69"	789978
	"2020"	"2020"	"Pennsylvania"	"42"	"70-74 years"	"70-74"	630480
	"2020"	"2020"	"Pennsylvania"	"42"	"75-79 years"	"75-79"	419686
	"2020"	"2020"	"Pennsylvania"	"42"	"80-84 years"	"80-84"	278670
	"2020"	"2020"	"Pennsylvania"	"42"	"85+ years"	"85+"	300814
"Total"	"2020"	"2020"	"Pennsylvania"	"42"			12996143
	"2020"	"2020"	"Rhode Island"	"44"	"< 1 year"	"1"	10562
	"2020"	"2020"	"Rhode Island"	"44"	"1-4 years"	"1-4"	44558
	"2020"	"2020"	"Rhode Island"	"44"	"5-9 years"	"5-9"	56913
	"2020"	"2020"	"Rhode Island"	"44"	"10-14 years"	"10-14"	61091
	"2020"	"2020"	"Rhode Island"	"44"	"15-19 years"	"15-19"	73974
	"2020"	"2020"	"Rhode Island"	"44"	"20-24 years"	"20-24"	76390
	"2020"	"2020"	"Rhode Island"	"44"	"25-29 years"	"25-29"	74887
	"2020"	"2020"	"Rhode Island"	"44"	"30-34 years"	"30-34"	76883
	"2020"	"2020"	"Rhode Island"	"44"	"35-39 years"	"35-39"	69977
	"2020"	"2020"	"Rhode Island"	"44"	"40-44 years"	"40-44"	63379
	"2020"	"2020"	"Rhode Island"	"44"	"45-49 years"	"45-49"	64545
	"2020"	"2020"	"Rhode Island"	"44"	"50-54 years"	"50-54"	73080
	"2020"	"2020"	"Rhode Island"	"44"	"55-59 years"	"55-59"	79792
	"2020"	"2020"	"Rhode Island"	"44"	"60-64 years "	"60-64"	76428
	"2020"	"2020"	"Rhode Island"	"44"	"65-69 years"	"65-69"	63601
	"2020"	"2020"	"Rhode Island"	"44"	"70-74 years"	"70-74"	50272
	"2020"	"2020"	"Rhode Island"	"44"	"75-79 years"	"75-79"	33332
	"2020"	"2020"	"Rhode Island"	"44"	"80-84 years"	"80-84"	21451
	"2020"	"2020"	"Rhode Island"	"44"	"85+ years"	"85+"	25415
"Total"	"2020"	"2020"	"Rhode Island"	"44"			1096530
	"2020"	"2020"	"South Carolina"	"45"	"< 1 year"	"1"	55179
	"2020"	"2020"	"South Carolina"	"45"	"1-4 years"	"1-4"	231040
	"2020"	"2020"	"South Carolina"	"45"	"5-9 years"	"5-9"	304634
	"2020"	"2020"	"South Carolina"	"45"	"10-14 years"	"10-14"	335158
	"2020"	"2020"	"South Carolina"	"45"	"15-19 years"	"15-19"	331790
	"2020"	"2020"	"South Carolina"	"45"	"20-24 years"	"20-24"	326448
	"2020"	"2020"	"South Carolina"	"45"	"25-29 years"	"25-29"	333785
	"2020"	"2020"	"South Carolina"	"45"	"30-34 years"	"30-34"	334436
	"2020"	"2020"	"South Carolina"	"45"	"35-39 years"	"35-39"	321972
	"2020"	"2020"	"South Carolina"	"45"	"40-44 years"	"40-44"	306243
	"2020"	"2020"	"South Carolina"	"45"	"45-49 years"	"45-49"	311483
	"2020"	"2020"	"South Carolina"	"45"	"50-54 years"	"50-54"	321988
	"2020"	"2020"	"South Carolina"	"45"	"55-59 years"	"55-59"	348246
	"2020"	"2020"	"South Carolina"	"45"	"60-64 years "	"60-64"	339552
	"2020"	"2020"	"South Carolina"	"45"	"65-69 years"	"65-69"	310746
	"2020"	"2020"	"South Carolina"	"45"	"70-74 years"	"70-74"	264936
	"2020"	"2020"	"South Carolina"	"45"	"75-79 years"	"75-79"	171047
	"2020"	"2020"	"South Carolina"	"45"	"80-84 years"	"80-84"	99199
	"2020"	"2020"	"South Carolina"	"45"	"85+ years"	"85+"	84367
"Total"	"2020"	"2020"	"South Carolina"	"45"			5132249
	"2020"	"2020"	"South Dakota"	"46"	"< 1 year"	"1"	11594
	"2020"	"2020"	"South Dakota"	"46"	"1-4 years"	"1-4"	47969
	"2020"	"2020"	"South Dakota"	"46"	"5-9 years"	"5-9"	60775
	"2020"	"2020"	"South Dakota"	"46"	"10-14 years"	"10-14"	63113
	"2020"	"2020"	"South Dakota"	"46"	"15-19 years"	"15-19"	58738
	"2020"	"2020"	"South Dakota"	"46"	"20-24 years"	"20-24"	58113
	"2020"	"2020"	"South Dakota"	"46"	"25-29 years"	"25-29"	56225
	"2020"	"2020"	"South Dakota"	"46"	"30-34 years"	"30-34"	56683
	"2020"	"2020"	"South Dakota"	"46"	"35-39 years"	"35-39"	57627
	"2020"	"2020"	"South Dakota"	"46"	"40-44 years"	"40-44"	51574
	"2020"	"2020"	"South Dakota"	"46"	"45-49 years"	"45-49"	46552
	"2020"	"2020"	"South Dakota"	"46"	"50-54 years"	"50-54"	48012
	"2020"	"2020"	"South Dakota"	"46"	"55-59 years"	"55-59"	57661
	"2020"	"2020"	"South Dakota"	"46"	"60-64 years "	"60-64"	59847
	"2020"	"2020"	"South Dakota"	"46"	"65-69 years"	"65-69"	53869
	"2020"	"2020"	"South Dakota"	"46"	"70-74 years"	"70-74"	39432
	"2020"	"2020"	"South Dakota"	"46"	"75-79 years"	"75-79"	24324
	"2020"	"2020"	"South Dakota"	"46"	"80-84 years"	"80-84"	16342
	"2020"	"2020"	"South Dakota"	"46"	"85+ years"	"85+"	19498
"Total"	"2020"	"2020"	"South Dakota"	"46"			887948
	"2020"	"2020"	"Tennessee"	"47"	"< 1 year"	"1"	79815
	"2020"	"2020"	"Tennessee"	"47"	"1-4 years"	"1-4"	330818
	"2020"	"2020"	"Tennessee"	"47"	"5-9 years"	"5-9"	421910
	"2020"	"2020"	"Tennessee"	"47"	"10-14 years"	"10-14"	453861
	"2020"	"2020"	"Tennessee"	"47"	"15-19 years"	"15-19"	439013
	"2020"	"2020"	"Tennessee"	"47"	"20-24 years"	"20-24"	447738
	"2020"	"2020"	"Tennessee"	"47"	"25-29 years"	"25-29"	486178
	"2020"	"2020"	"Tennessee"	"47"	"30-34 years"	"30-34"	468228
	"2020"	"2020"	"Tennessee"	"47"	"35-39 years"	"35-39"	445038
	"2020"	"2020"	"Tennessee"	"47"	"40-44 years"	"40-44"	427156
	"2020"	"2020"	"Tennessee"	"47"	"45-49 years"	"45-49"	435237
	"2020"	"2020"	"Tennessee"	"47"	"50-54 years"	"50-54"	440895
	"2020"	"2020"	"Tennessee"	"47"	"55-59 years"	"55-59"	465414
	"2020"	"2020"	"Tennessee"	"47"	"60-64 years "	"60-64"	441816
	"2020"	"2020"	"Tennessee"	"47"	"65-69 years"	"65-69"	383269
	"2020"	"2020"	"Tennessee"	"47"	"70-74 years"	"70-74"	315978
	"2020"	"2020"	"Tennessee"	"47"	"75-79 years"	"75-79"	207405
	"2020"	"2020"	"Tennessee"	"47"	"80-84 years"	"80-84"	126896
	"2020"	"2020"	"Tennessee"	"47"	"85+ years"	"85+"	111239
"Total"	"2020"	"2020"	"Tennessee"	"47"			6927904
	"2020"	"2020"	"Texas"	"48"	"< 1 year"	"1"	366598
	"2020"	"2020"	"Texas"	"48"	"1-4 years"	"1-4"	1568198
	"2020"	"2020"	"Texas"	"48"	"5-9 years"	"5-9"	2064469
	"2020"	"2020"	"Texas"	"48"	"10-14 years"	"10-14"	2181641
	"2020"	"2020"	"Texas"	"48"	"15-19 years"	"15-19"	2095631
	"2020"	"2020"	"Texas"	"48"	"20-24 years"	"20-24"	1993529
	"2020"	"2020"	"Texas"	"48"	"25-29 years"	"25-29"	2107131
	"2020"	"2020"	"Texas"	"48"	"30-34 years"	"30-34"	2123497
	"2020"	"2020"	"Texas"	"48"	"35-39 years"	"35-39"	2103061
	"2020"	"2020"	"Texas"	"48"	"40-44 years"	"40-44"	1937527
	"2020"	"2020"	"Texas"	"48"	"45-49 years"	"45-49"	1859314
	"2020"	"2020"	"Texas"	"48"	"50-54 years"	"50-54"	1740778
	"2020"	"2020"	"Texas"	"48"	"55-59 years"	"55-59"	1731290
	"2020"	"2020"	"Texas"	"48"	"60-64 years "	"60-64"	1588808
	"2020"	"2020"	"Texas"	"48"	"65-69 years"	"65-69"	1304989
	"2020"	"2020"	"Texas"	"48"	"70-74 years"	"70-74"	1021721
	"2020"	"2020"	"Texas"	"48"	"75-79 years"	"75-79"	661896
	"2020"	"2020"	"Texas"	"48"	"80-84 years"	"80-84"	411016
	"2020"	"2020"	"Texas"	"48"	"85+ years"	"85+"	378476
"Total"	"2020"	"2020"	"Texas"	"48"			29239570
	"2020"	"2020"	"Utah"	"49"	"< 1 year"	"1"	47541
	"2020"	"2020"	"Utah"	"49"	"1-4 years"	"1-4"	195207
	"2020"	"2020"	"Utah"	"49"	"5-9 years"	"5-9"	260351
	"2020"	"2020"	"Utah"	"49"	"10-14 years"	"10-14"	282018
	"2020"	"2020"	"Utah"	"49"	"15-19 years"	"15-19"	267156
	"2020"	"2020"	"Utah"	"49"	"20-24 years"	"20-24"	270576
	"2020"	"2020"	"Utah"	"49"	"25-29 years"	"25-29"	250792
	"2020"	"2020"	"Utah"	"49"	"30-34 years"	"30-34"	226271
	"2020"	"2020"	"Utah"	"49"	"35-39 years"	"35-39"	233476
	"2020"	"2020"	"Utah"	"49"	"40-44 years"	"40-44"	225275
	"2020"	"2020"	"Utah"	"49"	"45-49 years"	"45-49"	184876
	"2020"	"2020"	"Utah"	"49"	"50-54 years"	"50-54"	159544
	"2020"	"2020"	"Utah"	"49"	"55-59 years"	"55-59"	157065
	"2020"	"2020"	"Utah"	"49"	"60-64 years "	"60-64"	151553
	"2020"	"2020"	"Utah"	"49"	"65-69 years"	"65-69"	129499
	"2020"	"2020"	"Utah"	"49"	"70-74 years"	"70-74"	99921
	"2020"	"2020"	"Utah"	"49"	"75-79 years"	"75-79"	65995
	"2020"	"2020"	"Utah"	"49"	"80-84 years"	"80-84"	41146
	"2020"	"2020"	"Utah"	"49"	"85+ years"	"85+"	35815
"Total"	"2020"	"2020"	"Utah"	"49"			3284077
	"2020"	"2020"	"Vermont"	"50"	"< 1 year"	"1"	5467
	"2020"	"2020"	"Vermont"	"50"	"1-4 years"	"1-4"	23558
	"2020"	"2020"	"Vermont"	"50"	"5-9 years"	"5-9"	32235
	"2020"	"2020"	"Vermont"	"50"	"10-14 years"	"10-14"	35317
	"2020"	"2020"	"Vermont"	"50"	"15-19 years"	"15-19"	41900
	"2020"	"2020"	"Vermont"	"50"	"20-24 years"	"20-24"	44827
	"2020"	"2020"	"Vermont"	"50"	"25-29 years"	"25-29"	38645
	"2020"	"2020"	"Vermont"	"50"	"30-34 years"	"30-34"	38176
	"2020"	"2020"	"Vermont"	"50"	"35-39 years"	"35-39"	39046
	"2020"	"2020"	"Vermont"	"50"	"40-44 years"	"40-44"	36731
	"2020"	"2020"	"Vermont"	"50"	"45-49 years"	"45-49"	37546
	"2020"	"2020"	"Vermont"	"50"	"50-54 years"	"50-54"	41852
	"2020"	"2020"	"Vermont"	"50"	"55-59 years"	"55-59"	48339
	"2020"	"2020"	"Vermont"	"50"	"60-64 years "	"60-64"	49581
	"2020"	"2020"	"Vermont"	"50"	"65-69 years"	"65-69"	44391
	"2020"	"2020"	"Vermont"	"50"	"70-74 years"	"70-74"	35582
	"2020"	"2020"	"Vermont"	"50"	"75-79 years"	"75-79"	22789
	"2020"	"2020"	"Vermont"	"50"	"80-84 years"	"80-84"	13516
	"2020"	"2020"	"Vermont"	"50"	"85+ years"	"85+"	13479
"Total"	"2020"	"2020"	"Vermont"	"50"			642977
	"2020"	"2020"	"Virginia"	"51"	"< 1 year"	"1"	97350
	"2020"	"2020"	"Virginia"	"51"	"1-4 years"	"1-4"	407339
	"2020"	"2020"	"Virginia"	"51"	"5-9 years"	"5-9"	522583
	"2020"	"2020"	"Virginia"	"51"	"10-14 years"	"10-14"	552378
	"2020"	"2020"	"Virginia"	"51"	"15-19 years"	"15-19"	557948
	"2020"	"2020"	"Virginia"	"51"	"20-24 years"	"20-24"	566446
	"2020"	"2020"	"Virginia"	"51"	"25-29 years"	"25-29"	587689
	"2020"	"2020"	"Virginia"	"51"	"30-34 years"	"30-34"	595145
	"2020"	"2020"	"Virginia"	"51"	"35-39 years"	"35-39"	594950
	"2020"	"2020"	"Virginia"	"51"	"40-44 years"	"40-44"	552330
	"2020"	"2020"	"Virginia"	"51"	"45-49 years"	"45-49"	544308
	"2020"	"2020"	"Virginia"	"51"	"50-54 years"	"50-54"	557750
	"2020"	"2020"	"Virginia"	"51"	"55-59 years"	"55-59"	589543
	"2020"	"2020"	"Virginia"	"51"	"60-64 years "	"60-64"	541414
	"2020"	"2020"	"Virginia"	"51"	"65-69 years"	"65-69"	453322
	"2020"	"2020"	"Virginia"	"51"	"70-74 years"	"70-74"	372984
	"2020"	"2020"	"Virginia"	"51"	"75-79 years"	"75-79"	247801
	"2020"	"2020"	"Virginia"	"51"	"80-84 years"	"80-84"	152774
	"2020"	"2020"	"Virginia"	"51"	"85+ years"	"85+"	143561
"Total"	"2020"	"2020"	"Virginia"	"51"			8637615
	"2020"	"2020"	"Washington"	"53"	"< 1 year"	"1"	85994
	"2020"	"2020"	"Washington"	"53"	"1-4 years"	"1-4"	363370
	"2020"	"2020"	"Washington"	"53"	"5-9 years"	"5-9"	474065
	"2020"	"2020"	"Washington"	"53"	"10-14 years"	"10-14"	491466
	"2020"	"2020"	"Washington"	"53"	"15-19 years"	"15-19"	462367
	"2020"	"2020"	"Washington"	"53"	"20-24 years"	"20-24"	482482
	"2020"	"2020"	"Washington"	"53"	"25-29 years"	"25-29"	576739
	"2020"	"2020"	"Washington"	"53"	"30-34 years"	"30-34"	598223
	"2020"	"2020"	"Washington"	"53"	"35-39 years"	"35-39"	570661
	"2020"	"2020"	"Washington"	"53"	"40-44 years"	"40-44"	501858
	"2020"	"2020"	"Washington"	"53"	"45-49 years"	"45-49"	466971
	"2020"	"2020"	"Washington"	"53"	"50-54 years"	"50-54"	468197
	"2020"	"2020"	"Washington"	"53"	"55-59 years"	"55-59"	487910
	"2020"	"2020"	"Washington"	"53"	"60-64 years "	"60-64"	476959
	"2020"	"2020"	"Washington"	"53"	"65-69 years"	"65-69"	420862
	"2020"	"2020"	"Washington"	"53"	"70-74 years"	"70-74"	335068
	"2020"	"2020"	"Washington"	"53"	"75-79 years"	"75-79"	213221
	"2020"	"2020"	"Washington"	"53"	"80-84 years"	"80-84"	126681
	"2020"	"2020"	"Washington"	"53"	"85+ years"	"85+"	124115
"Total"	"2020"	"2020"	"Washington"	"53"			7727209
	"2020"	"2020"	"West Virginia"	"54"	"< 1 year"	"1"	17412
	"2020"	"2020"	"West Virginia"	"54"	"1-4 years"	"1-4"	73591
	"2020"	"2020"	"West Virginia"	"54"	"5-9 years"	"5-9"	100006
	"2020"	"2020"	"West Virginia"	"54"	"10-14 years"	"10-14"	106721
	"2020"	"2020"	"West Virginia"	"54"	"15-19 years"	"15-19"	108679
	"2020"	"2020"	"West Virginia"	"54"	"20-24 years"	"20-24"	110455
	"2020"	"2020"	"West Virginia"	"54"	"25-29 years"	"25-29"	108423
	"2020"	"2020"	"West Virginia"	"54"	"30-34 years"	"30-34"	105098
	"2020"	"2020"	"West Virginia"	"54"	"35-39 years"	"35-39"	105381
	"2020"	"2020"	"West Virginia"	"54"	"40-44 years"	"40-44"	110057
	"2020"	"2020"	"West Virginia"	"54"	"45-49 years"	"45-49"	112946
	"2020"	"2020"	"West Virginia"	"54"	"50-54 years"	"50-54"	115568
	"2020"	"2020"	"West Virginia"	"54"	"55-59 years"	"55-59"	124122
	"2020"	"2020"	"West Virginia"	"54"	"60-64 years "	"60-64"	128648
	"2020"	"2020"	"West Virginia"	"54"	"65-69 years"	"65-69"	119710
	"2020"	"2020"	"West Virginia"	"54"	"70-74 years"	"70-74"	101651
	"2020"	"2020"	"West Virginia"	"54"	"75-79 years"	"75-79"	64491
	"2020"	"2020"	"West Virginia"	"54"	"80-84 years"	"80-84"	41901
	"2020"	"2020"	"West Virginia"	"54"	"85+ years"	"85+"	36786
"Total"	"2020"	"2020"	"West Virginia"	"54"			1791646
	"2020"	"2020"	"Wisconsin"	"55"	"< 1 year"	"1"	63015
	"2020"	"2020"	"Wisconsin"	"55"	"1-4 years"	"1-4"	264848
	"2020"	"2020"	"Wisconsin"	"55"	"5-9 years"	"5-9"	348379
	"2020"	"2020"	"Wisconsin"	"55"	"10-14 years"	"10-14"	383621
	"2020"	"2020"	"Wisconsin"	"55"	"15-19 years"	"15-19"	389465
	"2020"	"2020"	"Wisconsin"	"55"	"20-24 years"	"20-24"	391788
	"2020"	"2020"	"Wisconsin"	"55"	"25-29 years"	"25-29"	373898
	"2020"	"2020"	"Wisconsin"	"55"	"30-34 years"	"30-34"	362856
	"2020"	"2020"	"Wisconsin"	"55"	"35-39 years"	"35-39"	380958
	"2020"	"2020"	"Wisconsin"	"55"	"40-44 years"	"40-44"	355826
	"2020"	"2020"	"Wisconsin"	"55"	"45-49 years"	"45-49"	341584
	"2020"	"2020"	"Wisconsin"	"55"	"50-54 years"	"50-54"	372510
	"2020"	"2020"	"Wisconsin"	"55"	"55-59 years"	"55-59"	423499
	"2020"	"2020"	"Wisconsin"	"55"	"60-64 years "	"60-64"	411974
	"2020"	"2020"	"Wisconsin"	"55"	"65-69 years"	"65-69"	352592
	"2020"	"2020"	"Wisconsin"	"55"	"70-74 years"	"70-74"	271329
	"2020"	"2020"	"Wisconsin"	"55"	"75-79 years"	"75-79"	176319
	"2020"	"2020"	"Wisconsin"	"55"	"80-84 years"	"80-84"	115289
	"2020"	"2020"	"Wisconsin"	"55"	"85+ years"	"85+"	117625
"Total"	"2020"	"2020"	"Wisconsin"	"55"			5897375
	"2020"	"2020"	"Wyoming"	"56"	"< 1 year"	"1"	6266
	"2020"	"2020"	"Wyoming"	"56"	"1-4 years"	"1-4"	27089
	"2020"	"2020"	"Wyoming"	"56"	"5-9 years"	"5-9"	36756
	"2020"	"2020"	"Wyoming"	"56"	"10-14 years"	"10-14"	40662
	"2020"	"2020"	"Wyoming"	"56"	"15-19 years"	"15-19"	37462
	"2020"	"2020"	"Wyoming"	"56"	"20-24 years"	"20-24"	37106
	"2020"	"2020"	"Wyoming"	"56"	"25-29 years"	"25-29"	36218
	"2020"	"2020"	"Wyoming"	"56"	"30-34 years"	"30-34"	38139
	"2020"	"2020"	"Wyoming"	"56"	"35-39 years"	"35-39"	39732
	"2020"	"2020"	"Wyoming"	"56"	"40-44 years"	"40-44"	35988
	"2020"	"2020"	"Wyoming"	"56"	"45-49 years"	"45-49"	32399
	"2020"	"2020"	"Wyoming"	"56"	"50-54 years"	"50-54"	31676
	"2020"	"2020"	"Wyoming"	"56"	"55-59 years"	"55-59"	36987
	"2020"	"2020"	"Wyoming"	"56"	"60-64 years "	"60-64"	40443
	"2020"	"2020"	"Wyoming"	"56"	"65-69 years"	"65-69"	35921
	"2020"	"2020"	"Wyoming"	"56"	"70-74 years"	"70-74"	27264
	"2020"	"2020"	"Wyoming"	"56"	"75-79 years"	"75-79"	17058
	"2020"	"2020"	"Wyoming"	"56"	"80-84 years"	"80-84"	10489
	"2020"	"2020"	"Wyoming"	"56"	"85+ years"	"85+"	10026
"Total"	"2020"	"2020"	"Wyoming"	"56"			577681
"Total"	"2020"	"2020"					331577720
	"2021"	"2021"	"Alabama"	"01"	"< 1 year"	"1"	56751
	"2021"	"2021"	"Alabama"	"01"	"1-4 years"	"1-4"	237476
	"2021"	"2021"	"Alabama"	"01"	"5-9 years"	"5-9"	308639
	"2021"	"2021"	"Alabama"	"01"	"10-14 years"	"10-14"	328210
	"2021"	"2021"	"Alabama"	"01"	"15-19 years"	"15-19"	334654
	"2021"	"2021"	"Alabama"	"01"	"20-24 years"	"20-24"	337841
	"2021"	"2021"	"Alabama"	"01"	"25-29 years"	"25-29"	324498
	"2021"	"2021"	"Alabama"	"01"	"30-34 years"	"30-34"	331746
	"2021"	"2021"	"Alabama"	"01"	"35-39 years"	"35-39"	312496
	"2021"	"2021"	"Alabama"	"01"	"40-44 years"	"40-44"	308397
	"2021"	"2021"	"Alabama"	"01"	"45-49 years"	"45-49"	300706
	"2021"	"2021"	"Alabama"	"01"	"50-54 years"	"50-54"	319390
	"2021"	"2021"	"Alabama"	"01"	"55-59 years"	"55-59"	334819
	"2021"	"2021"	"Alabama"	"01"	"60-64 years "	"60-64"	332983
	"2021"	"2021"	"Alabama"	"01"	"65-69 years"	"65-69"	291907
	"2021"	"2021"	"Alabama"	"01"	"70-74 years"	"70-74"	244890
	"2021"	"2021"	"Alabama"	"01"	"75-79 years"	"75-79"	158349
	"2021"	"2021"	"Alabama"	"01"	"80-84 years"	"80-84"	99863
	"2021"	"2021"	"Alabama"	"01"	"85+ years"	"85+"	85581
"Total"	"2021"	"2021"	"Alabama"	"01"			5049196
	"2021"	"2021"	"Alaska"	"02"	"< 1 year"	"1"	9405
	"2021"	"2021"	"Alaska"	"02"	"1-4 years"	"1-4"	38644
	"2021"	"2021"	"Alaska"	"02"	"5-9 years"	"5-9"	51021
	"2021"	"2021"	"Alaska"	"02"	"10-14 years"	"10-14"	50858
	"2021"	"2021"	"Alaska"	"02"	"15-19 years"	"15-19"	45715
	"2021"	"2021"	"Alaska"	"02"	"20-24 years"	"20-24"	50563
	"2021"	"2021"	"Alaska"	"02"	"25-29 years"	"25-29"	55787
	"2021"	"2021"	"Alaska"	"02"	"30-34 years"	"30-34"	58122
	"2021"	"2021"	"Alaska"	"02"	"35-39 years"	"35-39"	55315
	"2021"	"2021"	"Alaska"	"02"	"40-44 years"	"40-44"	46684
	"2021"	"2021"	"Alaska"	"02"	"45-49 years"	"45-49"	40812
	"2021"	"2021"	"Alaska"	"02"	"50-54 years"	"50-54"	42726
	"2021"	"2021"	"Alaska"	"02"	"55-59 years"	"55-59"	45342
	"2021"	"2021"	"Alaska"	"02"	"60-64 years "	"60-64"	45305
	"2021"	"2021"	"Alaska"	"02"	"65-69 years"	"65-69"	38378
	"2021"	"2021"	"Alaska"	"02"	"70-74 years"	"70-74"	28235
	"2021"	"2021"	"Alaska"	"02"	"75-79 years"	"75-79"	15996
	"2021"	"2021"	"Alaska"	"02"	"80-84 years"	"80-84"	8676
	"2021"	"2021"	"Alaska"	"02"	"85+ years"	"85+"	6836
"Total"	"2021"	"2021"	"Alaska"	"02"			734420
	"2021"	"2021"	"Arizona"	"04"	"< 1 year"	"1"	75331
	"2021"	"2021"	"Arizona"	"04"	"1-4 years"	"1-4"	322078
	"2021"	"2021"	"Arizona"	"04"	"5-9 years"	"5-9"	440770
	"2021"	"2021"	"Arizona"	"04"	"10-14 years"	"10-14"	472347
	"2021"	"2021"	"Arizona"	"04"	"15-19 years"	"15-19"	472973
	"2021"	"2021"	"Arizona"	"04"	"20-24 years"	"20-24"	488889
	"2021"	"2021"	"Arizona"	"04"	"25-29 years"	"25-29"	501617
	"2021"	"2021"	"Arizona"	"04"	"30-34 years"	"30-34"	497737
	"2021"	"2021"	"Arizona"	"04"	"35-39 years"	"35-39"	469379
	"2021"	"2021"	"Arizona"	"04"	"40-44 years"	"40-44"	444790
	"2021"	"2021"	"Arizona"	"04"	"45-49 years"	"45-49"	418589
	"2021"	"2021"	"Arizona"	"04"	"50-54 years"	"50-54"	430593
	"2021"	"2021"	"Arizona"	"04"	"55-59 years"	"55-59"	438665
	"2021"	"2021"	"Arizona"	"04"	"60-64 years "	"60-64"	447070
	"2021"	"2021"	"Arizona"	"04"	"65-69 years"	"65-69"	413106
	"2021"	"2021"	"Arizona"	"04"	"70-74 years"	"70-74"	377522
	"2021"	"2021"	"Arizona"	"04"	"75-79 years"	"75-79"	259385
	"2021"	"2021"	"Arizona"	"04"	"80-84 years"	"80-84"	162896
	"2021"	"2021"	"Arizona"	"04"	"85+ years"	"85+"	140341
"Total"	"2021"	"2021"	"Arizona"	"04"			7274078
	"2021"	"2021"	"Arkansas"	"05"	"< 1 year"	"1"	34633
	"2021"	"2021"	"Arkansas"	"05"	"1-4 years"	"1-4"	147354
	"2021"	"2021"	"Arkansas"	"05"	"5-9 years"	"5-9"	193757
	"2021"	"2021"	"Arkansas"	"05"	"10-14 years"	"10-14"	205676
	"2021"	"2021"	"Arkansas"	"05"	"15-19 years"	"15-19"	202955
	"2021"	"2021"	"Arkansas"	"05"	"20-24 years"	"20-24"	201881
	"2021"	"2021"	"Arkansas"	"05"	"25-29 years"	"25-29"	195616
	"2021"	"2021"	"Arkansas"	"05"	"30-34 years"	"30-34"	199254
	"2021"	"2021"	"Arkansas"	"05"	"35-39 years"	"35-39"	192269
	"2021"	"2021"	"Arkansas"	"05"	"40-44 years"	"40-44"	187580
	"2021"	"2021"	"Arkansas"	"05"	"45-49 years"	"45-49"	176251
	"2021"	"2021"	"Arkansas"	"05"	"50-54 years"	"50-54"	181871
	"2021"	"2021"	"Arkansas"	"05"	"55-59 years"	"55-59"	192170
	"2021"	"2021"	"Arkansas"	"05"	"60-64 years "	"60-64"	190948
	"2021"	"2021"	"Arkansas"	"05"	"65-69 years"	"65-69"	169261
	"2021"	"2021"	"Arkansas"	"05"	"70-74 years"	"70-74"	144052
	"2021"	"2021"	"Arkansas"	"05"	"75-79 years"	"75-79"	95845
	"2021"	"2021"	"Arkansas"	"05"	"80-84 years"	"80-84"	61300
	"2021"	"2021"	"Arkansas"	"05"	"85+ years"	"85+"	54197
"Total"	"2021"	"2021"	"Arkansas"	"05"			3026870
	"2021"	"2021"	"California"	"06"	"< 1 year"	"1"	412090
	"2021"	"2021"	"California"	"06"	"1-4 years"	"1-4"	1787635
	"2021"	"2021"	"California"	"06"	"5-9 years"	"5-9"	2425439
	"2021"	"2021"	"California"	"06"	"10-14 years"	"10-14"	2562941
	"2021"	"2021"	"California"	"06"	"15-19 years"	"15-19"	2515006
	"2021"	"2021"	"California"	"06"	"20-24 years"	"20-24"	2507260
	"2021"	"2021"	"California"	"06"	"25-29 years"	"25-29"	2830501
	"2021"	"2021"	"California"	"06"	"30-34 years"	"30-34"	3002050
	"2021"	"2021"	"California"	"06"	"35-39 years"	"35-39"	2813674
	"2021"	"2021"	"California"	"06"	"40-44 years"	"40-44"	2589308
	"2021"	"2021"	"California"	"06"	"45-49 years"	"45-49"	2431758
	"2021"	"2021"	"California"	"06"	"50-54 years"	"50-54"	2501600
	"2021"	"2021"	"California"	"06"	"55-59 years"	"55-59"	2461006
	"2021"	"2021"	"California"	"06"	"60-64 years "	"60-64"	2327410
	"2021"	"2021"	"California"	"06"	"65-69 years"	"65-69"	1964472
	"2021"	"2021"	"California"	"06"	"70-74 years"	"70-74"	1600539
	"2021"	"2021"	"California"	"06"	"75-79 years"	"75-79"	1048879
	"2021"	"2021"	"California"	"06"	"80-84 years"	"80-84"	677749
	"2021"	"2021"	"California"	"06"	"85+ years"	"85+"	683248
"Total"	"2021"	"2021"	"California"	"06"			39142565
	"2021"	"2021"	"Colorado"	"08"	"< 1 year"	"1"	61905
	"2021"	"2021"	"Colorado"	"08"	"1-4 years"	"1-4"	252781
	"2021"	"2021"	"Colorado"	"08"	"5-9 years"	"5-9"	339682
	"2021"	"2021"	"Colorado"	"08"	"10-14 years"	"10-14"	366415
	"2021"	"2021"	"Colorado"	"08"	"15-19 years"	"15-19"	372817
	"2021"	"2021"	"Colorado"	"08"	"20-24 years"	"20-24"	379022
	"2021"	"2021"	"Colorado"	"08"	"25-29 years"	"25-29"	443651
	"2021"	"2021"	"Colorado"	"08"	"30-34 years"	"30-34"	463704
	"2021"	"2021"	"Colorado"	"08"	"35-39 years"	"35-39"	441796
	"2021"	"2021"	"Colorado"	"08"	"40-44 years"	"40-44"	396690
	"2021"	"2021"	"Colorado"	"08"	"45-49 years"	"45-49"	355128
	"2021"	"2021"	"Colorado"	"08"	"50-54 years"	"50-54"	354661
	"2021"	"2021"	"Colorado"	"08"	"55-59 years"	"55-59"	349126
	"2021"	"2021"	"Colorado"	"08"	"60-64 years "	"60-64"	353511
	"2021"	"2021"	"Colorado"	"08"	"65-69 years"	"65-69"	308865
	"2021"	"2021"	"Colorado"	"08"	"70-74 years"	"70-74"	250088
	"2021"	"2021"	"Colorado"	"08"	"75-79 years"	"75-79"	150228
	"2021"	"2021"	"Colorado"	"08"	"80-84 years"	"80-84"	90314
	"2021"	"2021"	"Colorado"	"08"	"85+ years"	"85+"	83652
"Total"	"2021"	"2021"	"Colorado"	"08"			5814036
	"2021"	"2021"	"Connecticut"	"09"	"< 1 year"	"1"	33841
	"2021"	"2021"	"Connecticut"	"09"	"1-4 years"	"1-4"	145977
	"2021"	"2021"	"Connecticut"	"09"	"5-9 years"	"5-9"	195475
	"2021"	"2021"	"Connecticut"	"09"	"10-14 years"	"10-14"	217506
	"2021"	"2021"	"Connecticut"	"09"	"15-19 years"	"15-19"	240329
	"2021"	"2021"	"Connecticut"	"09"	"20-24 years"	"20-24"	237996
	"2021"	"2021"	"Connecticut"	"09"	"25-29 years"	"25-29"	225625
	"2021"	"2021"	"Connecticut"	"09"	"30-34 years"	"30-34"	227309
	"2021"	"2021"	"Connecticut"	"09"	"35-39 years"	"35-39"	231642
	"2021"	"2021"	"Connecticut"	"09"	"40-44 years"	"40-44"	220379
	"2021"	"2021"	"Connecticut"	"09"	"45-49 years"	"45-49"	212518
	"2021"	"2021"	"Connecticut"	"09"	"50-54 years"	"50-54"	247749
	"2021"	"2021"	"Connecticut"	"09"	"55-59 years"	"55-59"	266392
	"2021"	"2021"	"Connecticut"	"09"	"60-64 years "	"60-64"	255219
	"2021"	"2021"	"Connecticut"	"09"	"65-69 years"	"65-69"	209721
	"2021"	"2021"	"Connecticut"	"09"	"70-74 years"	"70-74"	169354
	"2021"	"2021"	"Connecticut"	"09"	"75-79 years"	"75-79"	116388
	"2021"	"2021"	"Connecticut"	"09"	"80-84 years"	"80-84"	73353
	"2021"	"2021"	"Connecticut"	"09"	"85+ years"	"85+"	79834
"Total"	"2021"	"2021"	"Connecticut"	"09"			3606607
	"2021"	"2021"	"Delaware"	"10"	"< 1 year"	"1"	10163
	"2021"	"2021"	"Delaware"	"10"	"1-4 years"	"1-4"	43756
	"2021"	"2021"	"Delaware"	"10"	"5-9 years"	"5-9"	57737
	"2021"	"2021"	"Delaware"	"10"	"10-14 years"	"10-14"	61173
	"2021"	"2021"	"Delaware"	"10"	"15-19 years"	"15-19"	63381
	"2021"	"2021"	"Delaware"	"10"	"20-24 years"	"20-24"	58324
	"2021"	"2021"	"Delaware"	"10"	"25-29 years"	"25-29"	61463
	"2021"	"2021"	"Delaware"	"10"	"30-34 years"	"30-34"	67166
	"2021"	"2021"	"Delaware"	"10"	"35-39 years"	"35-39"	62612
	"2021"	"2021"	"Delaware"	"10"	"40-44 years"	"40-44"	58680
	"2021"	"2021"	"Delaware"	"10"	"45-49 years"	"45-49"	54340
	"2021"	"2021"	"Delaware"	"10"	"50-54 years"	"50-54"	62636
	"2021"	"2021"	"Delaware"	"10"	"55-59 years"	"55-59"	70300
	"2021"	"2021"	"Delaware"	"10"	"60-64 years "	"60-64"	72984
	"2021"	"2021"	"Delaware"	"10"	"65-69 years"	"65-69"	67034
	"2021"	"2021"	"Delaware"	"10"	"70-74 years"	"70-74"	56562
	"2021"	"2021"	"Delaware"	"10"	"75-79 years"	"75-79"	36417
	"2021"	"2021"	"Delaware"	"10"	"80-84 years"	"80-84"	21630
	"2021"	"2021"	"Delaware"	"10"	"85+ years"	"85+"	18704
"Total"	"2021"	"2021"	"Delaware"	"10"			1005062
	"2021"	"2021"	"District of Columbia"	"11"	"< 1 year"	"1"	8604
	"2021"	"2021"	"District of Columbia"	"11"	"1-4 years"	"1-4"	31865
	"2021"	"2021"	"District of Columbia"	"11"	"5-9 years"	"5-9"	37637
	"2021"	"2021"	"District of Columbia"	"11"	"10-14 years"	"10-14"	31373
	"2021"	"2021"	"District of Columbia"	"11"	"15-19 years"	"15-19"	36149
	"2021"	"2021"	"District of Columbia"	"11"	"20-24 years"	"20-24"	45907
	"2021"	"2021"	"District of Columbia"	"11"	"25-29 years"	"25-29"	69911
	"2021"	"2021"	"District of Columbia"	"11"	"30-34 years"	"30-34"	75578
	"2021"	"2021"	"District of Columbia"	"11"	"35-39 years"	"35-39"	62756
	"2021"	"2021"	"District of Columbia"	"11"	"40-44 years"	"40-44"	47245
	"2021"	"2021"	"District of Columbia"	"11"	"45-49 years"	"45-49"	36270
	"2021"	"2021"	"District of Columbia"	"11"	"50-54 years"	"50-54"	34627
	"2021"	"2021"	"District of Columbia"	"11"	"55-59 years"	"55-59"	34074
	"2021"	"2021"	"District of Columbia"	"11"	"60-64 years "	"60-64"	31771
	"2021"	"2021"	"District of Columbia"	"11"	"65-69 years"	"65-69"	27751
	"2021"	"2021"	"District of Columbia"	"11"	"70-74 years"	"70-74"	22724
	"2021"	"2021"	"District of Columbia"	"11"	"75-79 years"	"75-79"	14780
	"2021"	"2021"	"District of Columbia"	"11"	"80-84 years"	"80-84"	9749
	"2021"	"2021"	"District of Columbia"	"11"	"85+ years"	"85+"	10485
"Total"	"2021"	"2021"	"District of Columbia"	"11"			669256
	"2021"	"2021"	"Florida"	"12"	"< 1 year"	"1"	207424
	"2021"	"2021"	"Florida"	"12"	"1-4 years"	"1-4"	892936
	"2021"	"2021"	"Florida"	"12"	"5-9 years"	"5-9"	1179621
	"2021"	"2021"	"Florida"	"12"	"10-14 years"	"10-14"	1244494
	"2021"	"2021"	"Florida"	"12"	"15-19 years"	"15-19"	1252673
	"2021"	"2021"	"Florida"	"12"	"20-24 years"	"20-24"	1267740
	"2021"	"2021"	"Florida"	"12"	"25-29 years"	"25-29"	1334468
	"2021"	"2021"	"Florida"	"12"	"30-34 years"	"30-34"	1432442
	"2021"	"2021"	"Florida"	"12"	"35-39 years"	"35-39"	1383742
	"2021"	"2021"	"Florida"	"12"	"40-44 years"	"40-44"	1331086
	"2021"	"2021"	"Florida"	"12"	"45-49 years"	"45-49"	1303837
	"2021"	"2021"	"Florida"	"12"	"50-54 years"	"50-54"	1397129
	"2021"	"2021"	"Florida"	"12"	"55-59 years"	"55-59"	1499436
	"2021"	"2021"	"Florida"	"12"	"60-64 years "	"60-64"	1481557
	"2021"	"2021"	"Florida"	"12"	"65-69 years"	"65-69"	1352012
	"2021"	"2021"	"Florida"	"12"	"70-74 years"	"70-74"	1237241
	"2021"	"2021"	"Florida"	"12"	"75-79 years"	"75-79"	888851
	"2021"	"2021"	"Florida"	"12"	"80-84 years"	"80-84"	586865
	"2021"	"2021"	"Florida"	"12"	"85+ years"	"85+"	558395
"Total"	"2021"	"2021"	"Florida"	"12"			21831949
	"2021"	"2021"	"Georgia"	"13"	"< 1 year"	"1"	120496
	"2021"	"2021"	"Georgia"	"13"	"1-4 years"	"1-4"	515748
	"2021"	"2021"	"Georgia"	"13"	"5-9 years"	"5-9"	690812
	"2021"	"2021"	"Georgia"	"13"	"10-14 years"	"10-14"	751867
	"2021"	"2021"	"Georgia"	"13"	"15-19 years"	"15-19"	747396
	"2021"	"2021"	"Georgia"	"13"	"20-24 years"	"20-24"	724435
	"2021"	"2021"	"Georgia"	"13"	"25-29 years"	"25-29"	740114
	"2021"	"2021"	"Georgia"	"13"	"30-34 years"	"30-34"	752832
	"2021"	"2021"	"Georgia"	"13"	"35-39 years"	"35-39"	723099
	"2021"	"2021"	"Georgia"	"13"	"40-44 years"	"40-44"	706495
	"2021"	"2021"	"Georgia"	"13"	"45-49 years"	"45-49"	685645
	"2021"	"2021"	"Georgia"	"13"	"50-54 years"	"50-54"	712284
	"2021"	"2021"	"Georgia"	"13"	"55-59 years"	"55-59"	698909
	"2021"	"2021"	"Georgia"	"13"	"60-64 years "	"60-64"	641552
	"2021"	"2021"	"Georgia"	"13"	"65-69 years"	"65-69"	537959
	"2021"	"2021"	"Georgia"	"13"	"70-74 years"	"70-74"	446308
	"2021"	"2021"	"Georgia"	"13"	"75-79 years"	"75-79"	283545
	"2021"	"2021"	"Georgia"	"13"	"80-84 years"	"80-84"	169635
	"2021"	"2021"	"Georgia"	"13"	"85+ years"	"85+"	142929
"Total"	"2021"	"2021"	"Georgia"	"13"			10792060
	"2021"	"2021"	"Hawaii"	"15"	"< 1 year"	"1"	15485
	"2021"	"2021"	"Hawaii"	"15"	"1-4 years"	"1-4"	66149
	"2021"	"2021"	"Hawaii"	"15"	"5-9 years"	"5-9"	87663
	"2021"	"2021"	"Hawaii"	"15"	"10-14 years"	"10-14"	84091
	"2021"	"2021"	"Hawaii"	"15"	"15-19 years"	"15-19"	77663
	"2021"	"2021"	"Hawaii"	"15"	"20-24 years"	"20-24"	87759
	"2021"	"2021"	"Hawaii"	"15"	"25-29 years"	"25-29"	94394
	"2021"	"2021"	"Hawaii"	"15"	"30-34 years"	"30-34"	100224
	"2021"	"2021"	"Hawaii"	"15"	"35-39 years"	"35-39"	99314
	"2021"	"2021"	"Hawaii"	"15"	"40-44 years"	"40-44"	91889
	"2021"	"2021"	"Hawaii"	"15"	"45-49 years"	"45-49"	83461
	"2021"	"2021"	"Hawaii"	"15"	"50-54 years"	"50-54"	87451
	"2021"	"2021"	"Hawaii"	"15"	"55-59 years"	"55-59"	90481
	"2021"	"2021"	"Hawaii"	"15"	"60-64 years "	"60-64"	92397
	"2021"	"2021"	"Hawaii"	"15"	"65-69 years"	"65-69"	87564
	"2021"	"2021"	"Hawaii"	"15"	"70-74 years"	"70-74"	77415
	"2021"	"2021"	"Hawaii"	"15"	"75-79 years"	"75-79"	51266
	"2021"	"2021"	"Hawaii"	"15"	"80-84 years"	"80-84"	31525
	"2021"	"2021"	"Hawaii"	"15"	"85+ years"	"85+"	40838
"Total"	"2021"	"2021"	"Hawaii"	"15"			1447029
	"2021"	"2021"	"Idaho"	"16"	"< 1 year"	"1"	21727
	"2021"	"2021"	"Idaho"	"16"	"1-4 years"	"1-4"	92194
	"2021"	"2021"	"Idaho"	"16"	"5-9 years"	"5-9"	128298
	"2021"	"2021"	"Idaho"	"16"	"10-14 years"	"10-14"	139347
	"2021"	"2021"	"Idaho"	"16"	"15-19 years"	"15-19"	145233
	"2021"	"2021"	"Idaho"	"16"	"20-24 years"	"20-24"	125979
	"2021"	"2021"	"Idaho"	"16"	"25-29 years"	"25-29"	123064
	"2021"	"2021"	"Idaho"	"16"	"30-34 years"	"30-34"	124077
	"2021"	"2021"	"Idaho"	"16"	"35-39 years"	"35-39"	125312
	"2021"	"2021"	"Idaho"	"16"	"40-44 years"	"40-44"	122041
	"2021"	"2021"	"Idaho"	"16"	"45-49 years"	"45-49"	107340
	"2021"	"2021"	"Idaho"	"16"	"50-54 years"	"50-54"	107114
	"2021"	"2021"	"Idaho"	"16"	"55-59 years"	"55-59"	110506
	"2021"	"2021"	"Idaho"	"16"	"60-64 years "	"60-64"	116470
	"2021"	"2021"	"Idaho"	"16"	"65-69 years"	"65-69"	106997
	"2021"	"2021"	"Idaho"	"16"	"70-74 years"	"70-74"	88837
	"2021"	"2021"	"Idaho"	"16"	"75-79 years"	"75-79"	56427
	"2021"	"2021"	"Idaho"	"16"	"80-84 years"	"80-84"	34410
	"2021"	"2021"	"Idaho"	"16"	"85+ years"	"85+"	29475
"Total"	"2021"	"2021"	"Idaho"	"16"			1904848
	"2021"	"2021"	"Illinois"	"17"	"< 1 year"	"1"	131189
	"2021"	"2021"	"Illinois"	"17"	"1-4 years"	"1-4"	575793
	"2021"	"2021"	"Illinois"	"17"	"5-9 years"	"5-9"	768438
	"2021"	"2021"	"Illinois"	"17"	"10-14 years"	"10-14"	825294
	"2021"	"2021"	"Illinois"	"17"	"15-19 years"	"15-19"	839866
	"2021"	"2021"	"Illinois"	"17"	"20-24 years"	"20-24"	818046
	"2021"	"2021"	"Illinois"	"17"	"25-29 years"	"25-29"	855253
	"2021"	"2021"	"Illinois"	"17"	"30-34 years"	"30-34"	866217
	"2021"	"2021"	"Illinois"	"17"	"35-39 years"	"35-39"	859135
	"2021"	"2021"	"Illinois"	"17"	"40-44 years"	"40-44"	826440
	"2021"	"2021"	"Illinois"	"17"	"45-49 years"	"45-49"	774129
	"2021"	"2021"	"Illinois"	"17"	"50-54 years"	"50-54"	810208
	"2021"	"2021"	"Illinois"	"17"	"55-59 years"	"55-59"	830445
	"2021"	"2021"	"Illinois"	"17"	"60-64 years "	"60-64"	820322
	"2021"	"2021"	"Illinois"	"17"	"65-69 years"	"65-69"	696334
	"2021"	"2021"	"Illinois"	"17"	"70-74 years"	"70-74"	562030
	"2021"	"2021"	"Illinois"	"17"	"75-79 years"	"75-79"	362584
	"2021"	"2021"	"Illinois"	"17"	"80-84 years"	"80-84"	237389
	"2021"	"2021"	"Illinois"	"17"	"85+ years"	"85+"	241529
"Total"	"2021"	"2021"	"Illinois"	"17"			12700641
	"2021"	"2021"	"Indiana"	"18"	"< 1 year"	"1"	77195
	"2021"	"2021"	"Indiana"	"18"	"1-4 years"	"1-4"	333348
	"2021"	"2021"	"Indiana"	"18"	"5-9 years"	"5-9"	439764
	"2021"	"2021"	"Indiana"	"18"	"10-14 years"	"10-14"	463872
	"2021"	"2021"	"Indiana"	"18"	"15-19 years"	"15-19"	467005
	"2021"	"2021"	"Indiana"	"18"	"20-24 years"	"20-24"	473259
	"2021"	"2021"	"Indiana"	"18"	"25-29 years"	"25-29"	450407
	"2021"	"2021"	"Indiana"	"18"	"30-34 years"	"30-34"	443438
	"2021"	"2021"	"Indiana"	"18"	"35-39 years"	"35-39"	433527
	"2021"	"2021"	"Indiana"	"18"	"40-44 years"	"40-44"	426027
	"2021"	"2021"	"Indiana"	"18"	"45-49 years"	"45-49"	400379
	"2021"	"2021"	"Indiana"	"18"	"50-54 years"	"50-54"	419304
	"2021"	"2021"	"Indiana"	"18"	"55-59 years"	"55-59"	436504
	"2021"	"2021"	"Indiana"	"18"	"60-64 years "	"60-64"	435927
	"2021"	"2021"	"Indiana"	"18"	"65-69 years"	"65-69"	376131
	"2021"	"2021"	"Indiana"	"18"	"70-74 years"	"70-74"	303670
	"2021"	"2021"	"Indiana"	"18"	"75-79 years"	"75-79"	191949
	"2021"	"2021"	"Indiana"	"18"	"80-84 years"	"80-84"	124595
	"2021"	"2021"	"Indiana"	"18"	"85+ years"	"85+"	119606
"Total"	"2021"	"2021"	"Indiana"	"18"			6815907
	"2021"	"2021"	"Iowa"	"19"	"< 1 year"	"1"	35736
	"2021"	"2021"	"Iowa"	"19"	"1-4 years"	"1-4"	153529
	"2021"	"2021"	"Iowa"	"19"	"5-9 years"	"5-9"	203210
	"2021"	"2021"	"Iowa"	"19"	"10-14 years"	"10-14"	214977
	"2021"	"2021"	"Iowa"	"19"	"15-19 years"	"15-19"	222255
	"2021"	"2021"	"Iowa"	"19"	"20-24 years"	"20-24"	226571
	"2021"	"2021"	"Iowa"	"19"	"25-29 years"	"25-29"	201511
	"2021"	"2021"	"Iowa"	"19"	"30-34 years"	"30-34"	195867
	"2021"	"2021"	"Iowa"	"19"	"35-39 years"	"35-39"	204786
	"2021"	"2021"	"Iowa"	"19"	"40-44 years"	"40-44"	198528
	"2021"	"2021"	"Iowa"	"19"	"45-49 years"	"45-49"	174949
	"2021"	"2021"	"Iowa"	"19"	"50-54 years"	"50-54"	186509
	"2021"	"2021"	"Iowa"	"19"	"55-59 years"	"55-59"	201513
	"2021"	"2021"	"Iowa"	"19"	"60-64 years "	"60-64"	210352
	"2021"	"2021"	"Iowa"	"19"	"65-69 years"	"65-69"	185273
	"2021"	"2021"	"Iowa"	"19"	"70-74 years"	"70-74"	150066
	"2021"	"2021"	"Iowa"	"19"	"75-79 years"	"75-79"	94525
	"2021"	"2021"	"Iowa"	"19"	"80-84 years"	"80-84"	66027
	"2021"	"2021"	"Iowa"	"19"	"85+ years"	"85+"	72429
"Total"	"2021"	"2021"	"Iowa"	"19"			3198613
	"2021"	"2021"	"Kansas"	"20"	"< 1 year"	"1"	33999
	"2021"	"2021"	"Kansas"	"20"	"1-4 years"	"1-4"	145174
	"2021"	"2021"	"Kansas"	"20"	"5-9 years"	"5-9"	195069
	"2021"	"2021"	"Kansas"	"20"	"10-14 years"	"10-14"	207153
	"2021"	"2021"	"Kansas"	"20"	"15-19 years"	"15-19"	207804
	"2021"	"2021"	"Kansas"	"20"	"20-24 years"	"20-24"	214309
	"2021"	"2021"	"Kansas"	"20"	"25-29 years"	"25-29"	191812
	"2021"	"2021"	"Kansas"	"20"	"30-34 years"	"30-34"	187090
	"2021"	"2021"	"Kansas"	"20"	"35-39 years"	"35-39"	193930
	"2021"	"2021"	"Kansas"	"20"	"40-44 years"	"40-44"	182515
	"2021"	"2021"	"Kansas"	"20"	"45-49 years"	"45-49"	161881
	"2021"	"2021"	"Kansas"	"20"	"50-54 years"	"50-54"	166033
	"2021"	"2021"	"Kansas"	"20"	"55-59 years"	"55-59"	179204
	"2021"	"2021"	"Kansas"	"20"	"60-64 years "	"60-64"	185426
	"2021"	"2021"	"Kansas"	"20"	"65-69 years"	"65-69"	162317
	"2021"	"2021"	"Kansas"	"20"	"70-74 years"	"70-74"	129924
	"2021"	"2021"	"Kansas"	"20"	"75-79 years"	"75-79"	82126
	"2021"	"2021"	"Kansas"	"20"	"80-84 years"	"80-84"	54214
	"2021"	"2021"	"Kansas"	"20"	"85+ years"	"85+"	58358
"Total"	"2021"	"2021"	"Kansas"	"20"			2938338
	"2021"	"2021"	"Kentucky"	"21"	"< 1 year"	"1"	51043
	"2021"	"2021"	"Kentucky"	"21"	"1-4 years"	"1-4"	216400
	"2021"	"2021"	"Kentucky"	"21"	"5-9 years"	"5-9"	281893
	"2021"	"2021"	"Kentucky"	"21"	"10-14 years"	"10-14"	294724
	"2021"	"2021"	"Kentucky"	"21"	"15-19 years"	"15-19"	289060
	"2021"	"2021"	"Kentucky"	"21"	"20-24 years"	"20-24"	295541
	"2021"	"2021"	"Kentucky"	"21"	"25-29 years"	"25-29"	295901
	"2021"	"2021"	"Kentucky"	"21"	"30-34 years"	"30-34"	294648
	"2021"	"2021"	"Kentucky"	"21"	"35-39 years"	"35-39"	280715
	"2021"	"2021"	"Kentucky"	"21"	"40-44 years"	"40-44"	283836
	"2021"	"2021"	"Kentucky"	"21"	"45-49 years"	"45-49"	271426
	"2021"	"2021"	"Kentucky"	"21"	"50-54 years"	"50-54"	286781
	"2021"	"2021"	"Kentucky"	"21"	"55-59 years"	"55-59"	301282
	"2021"	"2021"	"Kentucky"	"21"	"60-64 years "	"60-64"	296268
	"2021"	"2021"	"Kentucky"	"21"	"65-69 years"	"65-69"	258999
	"2021"	"2021"	"Kentucky"	"21"	"70-74 years"	"70-74"	215703
	"2021"	"2021"	"Kentucky"	"21"	"75-79 years"	"75-79"	134412
	"2021"	"2021"	"Kentucky"	"21"	"80-84 years"	"80-84"	85087
	"2021"	"2021"	"Kentucky"	"21"	"85+ years"	"85+"	73864
"Total"	"2021"	"2021"	"Kentucky"	"21"			4507583
	"2021"	"2021"	"Louisiana"	"22"	"< 1 year"	"1"	56545
	"2021"	"2021"	"Louisiana"	"22"	"1-4 years"	"1-4"	232567
	"2021"	"2021"	"Louisiana"	"22"	"5-9 years"	"5-9"	304059
	"2021"	"2021"	"Louisiana"	"22"	"10-14 years"	"10-14"	313851
	"2021"	"2021"	"Louisiana"	"22"	"15-19 years"	"15-19"	303020
	"2021"	"2021"	"Louisiana"	"22"	"20-24 years"	"20-24"	302972
	"2021"	"2021"	"Louisiana"	"22"	"25-29 years"	"25-29"	303605
	"2021"	"2021"	"Louisiana"	"22"	"30-34 years"	"30-34"	321763
	"2021"	"2021"	"Louisiana"	"22"	"35-39 years"	"35-39"	316050
	"2021"	"2021"	"Louisiana"	"22"	"40-44 years"	"40-44"	293711
	"2021"	"2021"	"Louisiana"	"22"	"45-49 years"	"45-49"	259552
	"2021"	"2021"	"Louisiana"	"22"	"50-54 years"	"50-54"	273807
	"2021"	"2021"	"Louisiana"	"22"	"55-59 years"	"55-59"	295220
	"2021"	"2021"	"Louisiana"	"22"	"60-64 years "	"60-64"	296784
	"2021"	"2021"	"Louisiana"	"22"	"65-69 years"	"65-69"	258594
	"2021"	"2021"	"Louisiana"	"22"	"70-74 years"	"70-74"	208565
	"2021"	"2021"	"Louisiana"	"22"	"75-79 years"	"75-79"	130644
	"2021"	"2021"	"Louisiana"	"22"	"80-84 years"	"80-84"	82922
	"2021"	"2021"	"Louisiana"	"22"	"85+ years"	"85+"	73740
"Total"	"2021"	"2021"	"Louisiana"	"22"			4627971
	"2021"	"2021"	"Maine"	"23"	"< 1 year"	"1"	11561
	"2021"	"2021"	"Maine"	"23"	"1-4 years"	"1-4"	51216
	"2021"	"2021"	"Maine"	"23"	"5-9 years"	"5-9"	68320
	"2021"	"2021"	"Maine"	"23"	"10-14 years"	"10-14"	74301
	"2021"	"2021"	"Maine"	"23"	"15-19 years"	"15-19"	79752
	"2021"	"2021"	"Maine"	"23"	"20-24 years"	"20-24"	76605
	"2021"	"2021"	"Maine"	"23"	"25-29 years"	"25-29"	80542
	"2021"	"2021"	"Maine"	"23"	"30-34 years"	"30-34"	86259
	"2021"	"2021"	"Maine"	"23"	"35-39 years"	"35-39"	84665
	"2021"	"2021"	"Maine"	"23"	"40-44 years"	"40-44"	80794
	"2021"	"2021"	"Maine"	"23"	"45-49 years"	"45-49"	78923
	"2021"	"2021"	"Maine"	"23"	"50-54 years"	"50-54"	91877
	"2021"	"2021"	"Maine"	"23"	"55-59 years"	"55-59"	103703
	"2021"	"2021"	"Maine"	"23"	"60-64 years "	"60-64"	109734
	"2021"	"2021"	"Maine"	"23"	"65-69 years"	"65-69"	99503
	"2021"	"2021"	"Maine"	"23"	"70-74 years"	"70-74"	84131
	"2021"	"2021"	"Maine"	"23"	"75-79 years"	"75-79"	52699
	"2021"	"2021"	"Maine"	"23"	"80-84 years"	"80-84"	32531
	"2021"	"2021"	"Maine"	"23"	"85+ years"	"85+"	31815
"Total"	"2021"	"2021"	"Maine"	"23"			1378931
	"2021"	"2021"	"Maryland"	"24"	"< 1 year"	"1"	67217
	"2021"	"2021"	"Maryland"	"24"	"1-4 years"	"1-4"	291316
	"2021"	"2021"	"Maryland"	"24"	"5-9 years"	"5-9"	379293
	"2021"	"2021"	"Maryland"	"24"	"10-14 years"	"10-14"	399179
	"2021"	"2021"	"Maryland"	"24"	"15-19 years"	"15-19"	392227
	"2021"	"2021"	"Maryland"	"24"	"20-24 years"	"20-24"	372225
	"2021"	"2021"	"Maryland"	"24"	"25-29 years"	"25-29"	395168
	"2021"	"2021"	"Maryland"	"24"	"30-34 years"	"30-34"	428997
	"2021"	"2021"	"Maryland"	"24"	"35-39 years"	"35-39"	427724
	"2021"	"2021"	"Maryland"	"24"	"40-44 years"	"40-44"	403351
	"2021"	"2021"	"Maryland"	"24"	"45-49 years"	"45-49"	372889
	"2021"	"2021"	"Maryland"	"24"	"50-54 years"	"50-54"	412443
	"2021"	"2021"	"Maryland"	"24"	"55-59 years"	"55-59"	432116
	"2021"	"2021"	"Maryland"	"24"	"60-64 years "	"60-64"	404671
	"2021"	"2021"	"Maryland"	"24"	"65-69 years"	"65-69"	331461
	"2021"	"2021"	"Maryland"	"24"	"70-74 years"	"70-74"	271327
	"2021"	"2021"	"Maryland"	"24"	"75-79 years"	"75-79"	176843
	"2021"	"2021"	"Maryland"	"24"	"80-84 years"	"80-84"	111099
	"2021"	"2021"	"Maryland"	"24"	"85+ years"	"85+"	109857
"Total"	"2021"	"2021"	"Maryland"	"24"			6179403
	"2021"	"2021"	"Massachusetts"	"25"	"< 1 year"	"1"	66733
	"2021"	"2021"	"Massachusetts"	"25"	"1-4 years"	"1-4"	281280
	"2021"	"2021"	"Massachusetts"	"25"	"5-9 years"	"5-9"	370888
	"2021"	"2021"	"Massachusetts"	"25"	"10-14 years"	"10-14"	396519
	"2021"	"2021"	"Massachusetts"	"25"	"15-19 years"	"15-19"	459953
	"2021"	"2021"	"Massachusetts"	"25"	"20-24 years"	"20-24"	480813
	"2021"	"2021"	"Massachusetts"	"25"	"25-29 years"	"25-29"	487526
	"2021"	"2021"	"Massachusetts"	"25"	"30-34 years"	"30-34"	497583
	"2021"	"2021"	"Massachusetts"	"25"	"35-39 years"	"35-39"	469804
	"2021"	"2021"	"Massachusetts"	"25"	"40-44 years"	"40-44"	428464
	"2021"	"2021"	"Massachusetts"	"25"	"45-49 years"	"45-49"	411328
	"2021"	"2021"	"Massachusetts"	"25"	"50-54 years"	"50-54"	464977
	"2021"	"2021"	"Massachusetts"	"25"	"55-59 years"	"55-59"	494212
	"2021"	"2021"	"Massachusetts"	"25"	"60-64 years "	"60-64"	473876
	"2021"	"2021"	"Massachusetts"	"25"	"65-69 years"	"65-69"	399722
	"2021"	"2021"	"Massachusetts"	"25"	"70-74 years"	"70-74"	329288
	"2021"	"2021"	"Massachusetts"	"25"	"75-79 years"	"75-79"	212603
	"2021"	"2021"	"Massachusetts"	"25"	"80-84 years"	"80-84"	133607
	"2021"	"2021"	"Massachusetts"	"25"	"85+ years"	"85+"	141298
"Total"	"2021"	"2021"	"Massachusetts"	"25"			7000474
	"2021"	"2021"	"Michigan"	"26"	"< 1 year"	"1"	102209
	"2021"	"2021"	"Michigan"	"26"	"1-4 years"	"1-4"	446448
	"2021"	"2021"	"Michigan"	"26"	"5-9 years"	"5-9"	590891
	"2021"	"2021"	"Michigan"	"26"	"10-14 years"	"10-14"	626392
	"2021"	"2021"	"Michigan"	"26"	"15-19 years"	"15-19"	639426
	"2021"	"2021"	"Michigan"	"26"	"20-24 years"	"20-24"	667192
	"2021"	"2021"	"Michigan"	"26"	"25-29 years"	"25-29"	663048
	"2021"	"2021"	"Michigan"	"26"	"30-34 years"	"30-34"	655606
	"2021"	"2021"	"Michigan"	"26"	"35-39 years"	"35-39"	612040
	"2021"	"2021"	"Michigan"	"26"	"40-44 years"	"40-44"	597289
	"2021"	"2021"	"Michigan"	"26"	"45-49 years"	"45-49"	577010
	"2021"	"2021"	"Michigan"	"26"	"50-54 years"	"50-54"	648522
	"2021"	"2021"	"Michigan"	"26"	"55-59 years"	"55-59"	689680
	"2021"	"2021"	"Michigan"	"26"	"60-64 years "	"60-64"	703571
	"2021"	"2021"	"Michigan"	"26"	"65-69 years"	"65-69"	616597
	"2021"	"2021"	"Michigan"	"26"	"70-74 years"	"70-74"	499833
	"2021"	"2021"	"Michigan"	"26"	"75-79 years"	"75-79"	316880
	"2021"	"2021"	"Michigan"	"26"	"80-84 years"	"80-84"	199069
	"2021"	"2021"	"Michigan"	"26"	"85+ years"	"85+"	189648
"Total"	"2021"	"2021"	"Michigan"	"26"			10041351
	"2021"	"2021"	"Minnesota"	"27"	"< 1 year"	"1"	62900
	"2021"	"2021"	"Minnesota"	"27"	"1-4 years"	"1-4"	275066
	"2021"	"2021"	"Minnesota"	"27"	"5-9 years"	"5-9"	366979
	"2021"	"2021"	"Minnesota"	"27"	"10-14 years"	"10-14"	383098
	"2021"	"2021"	"Minnesota"	"27"	"15-19 years"	"15-19"	376061
	"2021"	"2021"	"Minnesota"	"27"	"20-24 years"	"20-24"	355765
	"2021"	"2021"	"Minnesota"	"27"	"25-29 years"	"25-29"	368116
	"2021"	"2021"	"Minnesota"	"27"	"30-34 years"	"30-34"	381425
	"2021"	"2021"	"Minnesota"	"27"	"35-39 years"	"35-39"	398560
	"2021"	"2021"	"Minnesota"	"27"	"40-44 years"	"40-44"	369356
	"2021"	"2021"	"Minnesota"	"27"	"45-49 years"	"45-49"	320137
	"2021"	"2021"	"Minnesota"	"27"	"50-54 years"	"50-54"	345806
	"2021"	"2021"	"Minnesota"	"27"	"55-59 years"	"55-59"	375251
	"2021"	"2021"	"Minnesota"	"27"	"60-64 years "	"60-64"	380419
	"2021"	"2021"	"Minnesota"	"27"	"65-69 years"	"65-69"	321156
	"2021"	"2021"	"Minnesota"	"27"	"70-74 years"	"70-74"	255142
	"2021"	"2021"	"Minnesota"	"27"	"75-79 years"	"75-79"	161281
	"2021"	"2021"	"Minnesota"	"27"	"80-84 years"	"80-84"	107689
	"2021"	"2021"	"Minnesota"	"27"	"85+ years"	"85+"	114453
"Total"	"2021"	"2021"	"Minnesota"	"27"			5718660
	"2021"	"2021"	"Mississippi"	"28"	"< 1 year"	"1"	34597
	"2021"	"2021"	"Mississippi"	"28"	"1-4 years"	"1-4"	142626
	"2021"	"2021"	"Mississippi"	"28"	"5-9 years"	"5-9"	185460
	"2021"	"2021"	"Mississippi"	"28"	"10-14 years"	"10-14"	205819
	"2021"	"2021"	"Mississippi"	"28"	"15-19 years"	"15-19"	206718
	"2021"	"2021"	"Mississippi"	"28"	"20-24 years"	"20-24"	200923
	"2021"	"2021"	"Mississippi"	"28"	"25-29 years"	"25-29"	189586
	"2021"	"2021"	"Mississippi"	"28"	"30-34 years"	"30-34"	188640
	"2021"	"2021"	"Mississippi"	"28"	"35-39 years"	"35-39"	183387
	"2021"	"2021"	"Mississippi"	"28"	"40-44 years"	"40-44"	182856
	"2021"	"2021"	"Mississippi"	"28"	"45-49 years"	"45-49"	172676
	"2021"	"2021"	"Mississippi"	"28"	"50-54 years"	"50-54"	181034
	"2021"	"2021"	"Mississippi"	"28"	"55-59 years"	"55-59"	189454
	"2021"	"2021"	"Mississippi"	"28"	"60-64 years "	"60-64"	189542
	"2021"	"2021"	"Mississippi"	"28"	"65-69 years"	"65-69"	165430
	"2021"	"2021"	"Mississippi"	"28"	"70-74 years"	"70-74"	137103
	"2021"	"2021"	"Mississippi"	"28"	"75-79 years"	"75-79"	86628
	"2021"	"2021"	"Mississippi"	"28"	"80-84 years"	"80-84"	55975
	"2021"	"2021"	"Mississippi"	"28"	"85+ years"	"85+"	48755
"Total"	"2021"	"2021"	"Mississippi"	"28"			2947209
	"2021"	"2021"	"Missouri"	"29"	"< 1 year"	"1"	68452
	"2021"	"2021"	"Missouri"	"29"	"1-4 years"	"1-4"	292163
	"2021"	"2021"	"Missouri"	"29"	"5-9 years"	"5-9"	380605
	"2021"	"2021"	"Missouri"	"29"	"10-14 years"	"10-14"	402479
	"2021"	"2021"	"Missouri"	"29"	"15-19 years"	"15-19"	401810
	"2021"	"2021"	"Missouri"	"29"	"20-24 years"	"20-24"	405466
	"2021"	"2021"	"Missouri"	"29"	"25-29 years"	"25-29"	405141
	"2021"	"2021"	"Missouri"	"29"	"30-34 years"	"30-34"	409672
	"2021"	"2021"	"Missouri"	"29"	"35-39 years"	"35-39"	403999
	"2021"	"2021"	"Missouri"	"29"	"40-44 years"	"40-44"	381939
	"2021"	"2021"	"Missouri"	"29"	"45-49 years"	"45-49"	348833
	"2021"	"2021"	"Missouri"	"29"	"50-54 years"	"50-54"	372127
	"2021"	"2021"	"Missouri"	"29"	"55-59 years"	"55-59"	405462
	"2021"	"2021"	"Missouri"	"29"	"60-64 years "	"60-64"	415467
	"2021"	"2021"	"Missouri"	"29"	"65-69 years"	"65-69"	354879
	"2021"	"2021"	"Missouri"	"29"	"70-74 years"	"70-74"	290735
	"2021"	"2021"	"Missouri"	"29"	"75-79 years"	"75-79"	189587
	"2021"	"2021"	"Missouri"	"29"	"80-84 years"	"80-84"	123015
	"2021"	"2021"	"Missouri"	"29"	"85+ years"	"85+"	119543
"Total"	"2021"	"2021"	"Missouri"	"29"			6171374
	"2021"	"2021"	"Montana"	"30"	"< 1 year"	"1"	10903
	"2021"	"2021"	"Montana"	"30"	"1-4 years"	"1-4"	47770
	"2021"	"2021"	"Montana"	"30"	"5-9 years"	"5-9"	66194
	"2021"	"2021"	"Montana"	"30"	"10-14 years"	"10-14"	69215
	"2021"	"2021"	"Montana"	"30"	"15-19 years"	"15-19"	67783
	"2021"	"2021"	"Montana"	"30"	"20-24 years"	"20-24"	73599
	"2021"	"2021"	"Montana"	"30"	"25-29 years"	"25-29"	71855
	"2021"	"2021"	"Montana"	"30"	"30-34 years"	"30-34"	71731
	"2021"	"2021"	"Montana"	"30"	"35-39 years"	"35-39"	72184
	"2021"	"2021"	"Montana"	"30"	"40-44 years"	"40-44"	68516
	"2021"	"2021"	"Montana"	"30"	"45-49 years"	"45-49"	59228
	"2021"	"2021"	"Montana"	"30"	"50-54 years"	"50-54"	61599
	"2021"	"2021"	"Montana"	"30"	"55-59 years"	"55-59"	69626
	"2021"	"2021"	"Montana"	"30"	"60-64 years "	"60-64"	78785
	"2021"	"2021"	"Montana"	"30"	"65-69 years"	"65-69"	74471
	"2021"	"2021"	"Montana"	"30"	"70-74 years"	"70-74"	61114
	"2021"	"2021"	"Montana"	"30"	"75-79 years"	"75-79"	37163
	"2021"	"2021"	"Montana"	"30"	"80-84 years"	"80-84"	23307
	"2021"	"2021"	"Montana"	"30"	"85+ years"	"85+"	21479
"Total"	"2021"	"2021"	"Montana"	"30"			1106522
	"2021"	"2021"	"Nebraska"	"31"	"< 1 year"	"1"	24321
	"2021"	"2021"	"Nebraska"	"31"	"1-4 years"	"1-4"	102616
	"2021"	"2021"	"Nebraska"	"31"	"5-9 years"	"5-9"	135244
	"2021"	"2021"	"Nebraska"	"31"	"10-14 years"	"10-14"	139573
	"2021"	"2021"	"Nebraska"	"31"	"15-19 years"	"15-19"	136983
	"2021"	"2021"	"Nebraska"	"31"	"20-24 years"	"20-24"	135602
	"2021"	"2021"	"Nebraska"	"31"	"25-29 years"	"25-29"	128112
	"2021"	"2021"	"Nebraska"	"31"	"30-34 years"	"30-34"	125527
	"2021"	"2021"	"Nebraska"	"31"	"35-39 years"	"35-39"	132572
	"2021"	"2021"	"Nebraska"	"31"	"40-44 years"	"40-44"	123557
	"2021"	"2021"	"Nebraska"	"31"	"45-49 years"	"45-49"	108718
	"2021"	"2021"	"Nebraska"	"31"	"50-54 years"	"50-54"	109591
	"2021"	"2021"	"Nebraska"	"31"	"55-59 years"	"55-59"	118320
	"2021"	"2021"	"Nebraska"	"31"	"60-64 years "	"60-64"	122210
	"2021"	"2021"	"Nebraska"	"31"	"65-69 years"	"65-69"	106845
	"2021"	"2021"	"Nebraska"	"31"	"70-74 years"	"70-74"	86599
	"2021"	"2021"	"Nebraska"	"31"	"75-79 years"	"75-79"	53661
	"2021"	"2021"	"Nebraska"	"31"	"80-84 years"	"80-84"	36077
	"2021"	"2021"	"Nebraska"	"31"	"85+ years"	"85+"	38409
"Total"	"2021"	"2021"	"Nebraska"	"31"			1964537
	"2021"	"2021"	"Nevada"	"32"	"< 1 year"	"1"	33107
	"2021"	"2021"	"Nevada"	"32"	"1-4 years"	"1-4"	143749
	"2021"	"2021"	"Nevada"	"32"	"5-9 years"	"5-9"	192382
	"2021"	"2021"	"Nevada"	"32"	"10-14 years"	"10-14"	204947
	"2021"	"2021"	"Nevada"	"32"	"15-19 years"	"15-19"	189228
	"2021"	"2021"	"Nevada"	"32"	"20-24 years"	"20-24"	183567
	"2021"	"2021"	"Nevada"	"32"	"25-29 years"	"25-29"	219728
	"2021"	"2021"	"Nevada"	"32"	"30-34 years"	"30-34"	234661
	"2021"	"2021"	"Nevada"	"32"	"35-39 years"	"35-39"	223360
	"2021"	"2021"	"Nevada"	"32"	"40-44 years"	"40-44"	207287
	"2021"	"2021"	"Nevada"	"32"	"45-49 years"	"45-49"	194174
	"2021"	"2021"	"Nevada"	"32"	"50-54 years"	"50-54"	203375
	"2021"	"2021"	"Nevada"	"32"	"55-59 years"	"55-59"	200489
	"2021"	"2021"	"Nevada"	"32"	"60-64 years "	"60-64"	193879
	"2021"	"2021"	"Nevada"	"32"	"65-69 years"	"65-69"	174261
	"2021"	"2021"	"Nevada"	"32"	"70-74 years"	"70-74"	150718
	"2021"	"2021"	"Nevada"	"32"	"75-79 years"	"75-79"	98366
	"2021"	"2021"	"Nevada"	"32"	"80-84 years"	"80-84"	57338
	"2021"	"2021"	"Nevada"	"32"	"85+ years"	"85+"	43525
"Total"	"2021"	"2021"	"Nevada"	"32"			3148141
	"2021"	"2021"	"New Hampshire"	"33"	"< 1 year"	"1"	12072
	"2021"	"2021"	"New Hampshire"	"33"	"1-4 years"	"1-4"	50974
	"2021"	"2021"	"New Hampshire"	"33"	"5-9 years"	"5-9"	69170
	"2021"	"2021"	"New Hampshire"	"33"	"10-14 years"	"10-14"	76249
	"2021"	"2021"	"New Hampshire"	"33"	"15-19 years"	"15-19"	82932
	"2021"	"2021"	"New Hampshire"	"33"	"20-24 years"	"20-24"	84409
	"2021"	"2021"	"New Hampshire"	"33"	"25-29 years"	"25-29"	87340
	"2021"	"2021"	"New Hampshire"	"33"	"30-34 years"	"30-34"	90893
	"2021"	"2021"	"New Hampshire"	"33"	"35-39 years"	"35-39"	87385
	"2021"	"2021"	"New Hampshire"	"33"	"40-44 years"	"40-44"	80827
	"2021"	"2021"	"New Hampshire"	"33"	"45-49 years"	"45-49"	80236
	"2021"	"2021"	"New Hampshire"	"33"	"50-54 years"	"50-54"	96667
	"2021"	"2021"	"New Hampshire"	"33"	"55-59 years"	"55-59"	108761
	"2021"	"2021"	"New Hampshire"	"33"	"60-64 years "	"60-64"	110430
	"2021"	"2021"	"New Hampshire"	"33"	"65-69 years"	"65-69"	92134
	"2021"	"2021"	"New Hampshire"	"33"	"70-74 years"	"70-74"	74744
	"2021"	"2021"	"New Hampshire"	"33"	"75-79 years"	"75-79"	46260
	"2021"	"2021"	"New Hampshire"	"33"	"80-84 years"	"80-84"	27740
	"2021"	"2021"	"New Hampshire"	"33"	"85+ years"	"85+"	28454
"Total"	"2021"	"2021"	"New Hampshire"	"33"			1387677
	"2021"	"2021"	"New Jersey"	"34"	"< 1 year"	"1"	98029
	"2021"	"2021"	"New Jersey"	"34"	"1-4 years"	"1-4"	425843
	"2021"	"2021"	"New Jersey"	"34"	"5-9 years"	"5-9"	554381
	"2021"	"2021"	"New Jersey"	"34"	"10-14 years"	"10-14"	590268
	"2021"	"2021"	"New Jersey"	"34"	"15-19 years"	"15-19"	582738
	"2021"	"2021"	"New Jersey"	"34"	"20-24 years"	"20-24"	553544
	"2021"	"2021"	"New Jersey"	"34"	"25-29 years"	"25-29"	583737
	"2021"	"2021"	"New Jersey"	"34"	"30-34 years"	"30-34"	609415
	"2021"	"2021"	"New Jersey"	"34"	"35-39 years"	"35-39"	616881
	"2021"	"2021"	"New Jersey"	"34"	"40-44 years"	"40-44"	602555
	"2021"	"2021"	"New Jersey"	"34"	"45-49 years"	"45-49"	582117
	"2021"	"2021"	"New Jersey"	"34"	"50-54 years"	"50-54"	634574
	"2021"	"2021"	"New Jersey"	"34"	"55-59 years"	"55-59"	657767
	"2021"	"2021"	"New Jersey"	"34"	"60-64 years "	"60-64"	621823
	"2021"	"2021"	"New Jersey"	"34"	"65-69 years"	"65-69"	506321
	"2021"	"2021"	"New Jersey"	"34"	"70-74 years"	"70-74"	410879
	"2021"	"2021"	"New Jersey"	"34"	"75-79 years"	"75-79"	276427
	"2021"	"2021"	"New Jersey"	"34"	"80-84 years"	"80-84"	178683
	"2021"	"2021"	"New Jersey"	"34"	"85+ years"	"85+"	184559
"Total"	"2021"	"2021"	"New Jersey"	"34"			9270541
	"2021"	"2021"	"New Mexico"	"35"	"< 1 year"	"1"	21290
	"2021"	"2021"	"New Mexico"	"35"	"1-4 years"	"1-4"	91739
	"2021"	"2021"	"New Mexico"	"35"	"5-9 years"	"5-9"	128273
	"2021"	"2021"	"New Mexico"	"35"	"10-14 years"	"10-14"	141223
	"2021"	"2021"	"New Mexico"	"35"	"15-19 years"	"15-19"	142270
	"2021"	"2021"	"New Mexico"	"35"	"20-24 years"	"20-24"	140522
	"2021"	"2021"	"New Mexico"	"35"	"25-29 years"	"25-29"	138679
	"2021"	"2021"	"New Mexico"	"35"	"30-34 years"	"30-34"	140804
	"2021"	"2021"	"New Mexico"	"35"	"35-39 years"	"35-39"	139687
	"2021"	"2021"	"New Mexico"	"35"	"40-44 years"	"40-44"	127691
	"2021"	"2021"	"New Mexico"	"35"	"45-49 years"	"45-49"	115798
	"2021"	"2021"	"New Mexico"	"35"	"50-54 years"	"50-54"	119718
	"2021"	"2021"	"New Mexico"	"35"	"55-59 years"	"55-59"	131521
	"2021"	"2021"	"New Mexico"	"35"	"60-64 years "	"60-64"	139627
	"2021"	"2021"	"New Mexico"	"35"	"65-69 years"	"65-69"	129389
	"2021"	"2021"	"New Mexico"	"35"	"70-74 years"	"70-74"	112959
	"2021"	"2021"	"New Mexico"	"35"	"75-79 years"	"75-79"	72089
	"2021"	"2021"	"New Mexico"	"35"	"80-84 years"	"80-84"	44799
	"2021"	"2021"	"New Mexico"	"35"	"85+ years"	"85+"	39255
"Total"	"2021"	"2021"	"New Mexico"	"35"			2117333
	"2021"	"2021"	"New York"	"36"	"< 1 year"	"1"	207109
	"2021"	"2021"	"New York"	"36"	"1-4 years"	"1-4"	889794
	"2021"	"2021"	"New York"	"36"	"5-9 years"	"5-9"	1140733
	"2021"	"2021"	"New York"	"36"	"10-14 years"	"10-14"	1163638
	"2021"	"2021"	"New York"	"36"	"15-19 years"	"15-19"	1218810
	"2021"	"2021"	"New York"	"36"	"20-24 years"	"20-24"	1256015
	"2021"	"2021"	"New York"	"36"	"25-29 years"	"25-29"	1381261
	"2021"	"2021"	"New York"	"36"	"30-34 years"	"30-34"	1433350
	"2021"	"2021"	"New York"	"36"	"35-39 years"	"35-39"	1324955
	"2021"	"2021"	"New York"	"36"	"40-44 years"	"40-44"	1227332
	"2021"	"2021"	"New York"	"36"	"45-49 years"	"45-49"	1167000
	"2021"	"2021"	"New York"	"36"	"50-54 years"	"50-54"	1295560
	"2021"	"2021"	"New York"	"36"	"55-59 years"	"55-59"	1365935
	"2021"	"2021"	"New York"	"36"	"60-64 years "	"60-64"	1317763
	"2021"	"2021"	"New York"	"36"	"65-69 years"	"65-69"	1111577
	"2021"	"2021"	"New York"	"36"	"70-74 years"	"70-74"	919599
	"2021"	"2021"	"New York"	"36"	"75-79 years"	"75-79"	603651
	"2021"	"2021"	"New York"	"36"	"80-84 years"	"80-84"	400497
	"2021"	"2021"	"New York"	"36"	"85+ years"	"85+"	423697
"Total"	"2021"	"2021"	"New York"	"36"			19848276
	"2021"	"2021"	"North Carolina"	"37"	"< 1 year"	"1"	116064
	"2021"	"2021"	"North Carolina"	"37"	"1-4 years"	"1-4"	479675
	"2021"	"2021"	"North Carolina"	"37"	"5-9 years"	"5-9"	629932
	"2021"	"2021"	"North Carolina"	"37"	"10-14 years"	"10-14"	680075
	"2021"	"2021"	"North Carolina"	"37"	"15-19 years"	"15-19"	706606
	"2021"	"2021"	"North Carolina"	"37"	"20-24 years"	"20-24"	706766
	"2021"	"2021"	"North Carolina"	"37"	"25-29 years"	"25-29"	702678
	"2021"	"2021"	"North Carolina"	"37"	"30-34 years"	"30-34"	713565
	"2021"	"2021"	"North Carolina"	"37"	"35-39 years"	"35-39"	673404
	"2021"	"2021"	"North Carolina"	"37"	"40-44 years"	"40-44"	662087
	"2021"	"2021"	"North Carolina"	"37"	"45-49 years"	"45-49"	652342
	"2021"	"2021"	"North Carolina"	"37"	"50-54 years"	"50-54"	694837
	"2021"	"2021"	"North Carolina"	"37"	"55-59 years"	"55-59"	694694
	"2021"	"2021"	"North Carolina"	"37"	"60-64 years "	"60-64"	672270
	"2021"	"2021"	"North Carolina"	"37"	"65-69 years"	"65-69"	590668
	"2021"	"2021"	"North Carolina"	"37"	"70-74 years"	"70-74"	500506
	"2021"	"2021"	"North Carolina"	"37"	"75-79 years"	"75-79"	321257
	"2021"	"2021"	"North Carolina"	"37"	"80-84 years"	"80-84"	194123
	"2021"	"2021"	"North Carolina"	"37"	"85+ years"	"85+"	172771
"Total"	"2021"	"2021"	"North Carolina"	"37"			10564320
	"2021"	"2021"	"North Dakota"	"38"	"< 1 year"	"1"	9951
	"2021"	"2021"	"North Dakota"	"38"	"1-4 years"	"1-4"	41460
	"2021"	"2021"	"North Dakota"	"38"	"5-9 years"	"5-9"	53058
	"2021"	"2021"	"North Dakota"	"38"	"10-14 years"	"10-14"	51263
	"2021"	"2021"	"North Dakota"	"38"	"15-19 years"	"15-19"	53059
	"2021"	"2021"	"North Dakota"	"38"	"20-24 years"	"20-24"	62377
	"2021"	"2021"	"North Dakota"	"38"	"25-29 years"	"25-29"	55701
	"2021"	"2021"	"North Dakota"	"38"	"30-34 years"	"30-34"	55347
	"2021"	"2021"	"North Dakota"	"38"	"35-39 years"	"35-39"	53407
	"2021"	"2021"	"North Dakota"	"38"	"40-44 years"	"40-44"	46167
	"2021"	"2021"	"North Dakota"	"38"	"45-49 years"	"45-49"	38795
	"2021"	"2021"	"North Dakota"	"38"	"50-54 years"	"50-54"	39698
	"2021"	"2021"	"North Dakota"	"38"	"55-59 years"	"55-59"	44432
	"2021"	"2021"	"North Dakota"	"38"	"60-64 years "	"60-64"	47736
	"2021"	"2021"	"North Dakota"	"38"	"65-69 years"	"65-69"	41810
	"2021"	"2021"	"North Dakota"	"38"	"70-74 years"	"70-74"	31869
	"2021"	"2021"	"North Dakota"	"38"	"75-79 years"	"75-79"	20341
	"2021"	"2021"	"North Dakota"	"38"	"80-84 years"	"80-84"	14082
	"2021"	"2021"	"North Dakota"	"38"	"85+ years"	"85+"	17413
"Total"	"2021"	"2021"	"North Dakota"	"38"			777966
	"2021"	"2021"	"Ohio"	"39"	"< 1 year"	"1"	127468
	"2021"	"2021"	"Ohio"	"39"	"1-4 years"	"1-4"	547623
	"2021"	"2021"	"Ohio"	"39"	"5-9 years"	"5-9"	720448
	"2021"	"2021"	"Ohio"	"39"	"10-14 years"	"10-14"	754029
	"2021"	"2021"	"Ohio"	"39"	"15-19 years"	"15-19"	751191
	"2021"	"2021"	"Ohio"	"39"	"20-24 years"	"20-24"	739981
	"2021"	"2021"	"Ohio"	"39"	"25-29 years"	"25-29"	770550
	"2021"	"2021"	"Ohio"	"39"	"30-34 years"	"30-34"	784685
	"2021"	"2021"	"Ohio"	"39"	"35-39 years"	"35-39"	742921
	"2021"	"2021"	"Ohio"	"39"	"40-44 years"	"40-44"	714780
	"2021"	"2021"	"Ohio"	"39"	"45-49 years"	"45-49"	677991
	"2021"	"2021"	"Ohio"	"39"	"50-54 years"	"50-54"	745730
	"2021"	"2021"	"Ohio"	"39"	"55-59 years"	"55-59"	782604
	"2021"	"2021"	"Ohio"	"39"	"60-64 years "	"60-64"	807125
	"2021"	"2021"	"Ohio"	"39"	"65-69 years"	"65-69"	701532
	"2021"	"2021"	"Ohio"	"39"	"70-74 years"	"70-74"	576641
	"2021"	"2021"	"Ohio"	"39"	"75-79 years"	"75-79"	357026
	"2021"	"2021"	"Ohio"	"39"	"80-84 years"	"80-84"	236418
	"2021"	"2021"	"Ohio"	"39"	"85+ years"	"85+"	228601
"Total"	"2021"	"2021"	"Ohio"	"39"			11767344
	"2021"	"2021"	"Oklahoma"	"40"	"< 1 year"	"1"	47057
	"2021"	"2021"	"Oklahoma"	"40"	"1-4 years"	"1-4"	199923
	"2021"	"2021"	"Oklahoma"	"40"	"5-9 years"	"5-9"	269963
	"2021"	"2021"	"Oklahoma"	"40"	"10-14 years"	"10-14"	280588
	"2021"	"2021"	"Oklahoma"	"40"	"15-19 years"	"15-19"	275892
	"2021"	"2021"	"Oklahoma"	"40"	"20-24 years"	"20-24"	281073
	"2021"	"2021"	"Oklahoma"	"40"	"25-29 years"	"25-29"	267921
	"2021"	"2021"	"Oklahoma"	"40"	"30-34 years"	"30-34"	270644
	"2021"	"2021"	"Oklahoma"	"40"	"35-39 years"	"35-39"	269352
	"2021"	"2021"	"Oklahoma"	"40"	"40-44 years"	"40-44"	250277
	"2021"	"2021"	"Oklahoma"	"40"	"45-49 years"	"45-49"	226274
	"2021"	"2021"	"Oklahoma"	"40"	"50-54 years"	"50-54"	228042
	"2021"	"2021"	"Oklahoma"	"40"	"55-59 years"	"55-59"	239967
	"2021"	"2021"	"Oklahoma"	"40"	"60-64 years "	"60-64"	244362
	"2021"	"2021"	"Oklahoma"	"40"	"65-69 years"	"65-69"	212346
	"2021"	"2021"	"Oklahoma"	"40"	"70-74 years"	"70-74"	173161
	"2021"	"2021"	"Oklahoma"	"40"	"75-79 years"	"75-79"	114648
	"2021"	"2021"	"Oklahoma"	"40"	"80-84 years"	"80-84"	73958
	"2021"	"2021"	"Oklahoma"	"40"	"85+ years"	"85+"	66790
"Total"	"2021"	"2021"	"Oklahoma"	"40"			3992238
	"2021"	"2021"	"Oregon"	"41"	"< 1 year"	"1"	39565
	"2021"	"2021"	"Oregon"	"41"	"1-4 years"	"1-4"	172882
	"2021"	"2021"	"Oregon"	"41"	"5-9 years"	"5-9"	239581
	"2021"	"2021"	"Oregon"	"41"	"10-14 years"	"10-14"	256086
	"2021"	"2021"	"Oregon"	"41"	"15-19 years"	"15-19"	251285
	"2021"	"2021"	"Oregon"	"41"	"20-24 years"	"20-24"	260613
	"2021"	"2021"	"Oregon"	"41"	"25-29 years"	"25-29"	288468
	"2021"	"2021"	"Oregon"	"41"	"30-34 years"	"30-34"	309892
	"2021"	"2021"	"Oregon"	"41"	"35-39 years"	"35-39"	304254
	"2021"	"2021"	"Oregon"	"41"	"40-44 years"	"40-44"	289095
	"2021"	"2021"	"Oregon"	"41"	"45-49 years"	"45-49"	258703
	"2021"	"2021"	"Oregon"	"41"	"50-54 years"	"50-54"	261392
	"2021"	"2021"	"Oregon"	"41"	"55-59 years"	"55-59"	257721
	"2021"	"2021"	"Oregon"	"41"	"60-64 years "	"60-64"	271180
	"2021"	"2021"	"Oregon"	"41"	"65-69 years"	"65-69"	263327
	"2021"	"2021"	"Oregon"	"41"	"70-74 years"	"70-74"	226642
	"2021"	"2021"	"Oregon"	"41"	"75-79 years"	"75-79"	141402
	"2021"	"2021"	"Oregon"	"41"	"80-84 years"	"80-84"	84239
	"2021"	"2021"	"Oregon"	"41"	"85+ years"	"85+"	77953
"Total"	"2021"	"2021"	"Oregon"	"41"			4254280
	"2021"	"2021"	"Pennsylvania"	"42"	"< 1 year"	"1"	129573
	"2021"	"2021"	"Pennsylvania"	"42"	"1-4 years"	"1-4"	555288
	"2021"	"2021"	"Pennsylvania"	"42"	"5-9 years"	"5-9"	736183
	"2021"	"2021"	"Pennsylvania"	"42"	"10-14 years"	"10-14"	779345
	"2021"	"2021"	"Pennsylvania"	"42"	"15-19 years"	"15-19"	841622
	"2021"	"2021"	"Pennsylvania"	"42"	"20-24 years"	"20-24"	810412
	"2021"	"2021"	"Pennsylvania"	"42"	"25-29 years"	"25-29"	823722
	"2021"	"2021"	"Pennsylvania"	"42"	"30-34 years"	"30-34"	878647
	"2021"	"2021"	"Pennsylvania"	"42"	"35-39 years"	"35-39"	831217
	"2021"	"2021"	"Pennsylvania"	"42"	"40-44 years"	"40-44"	774684
	"2021"	"2021"	"Pennsylvania"	"42"	"45-49 years"	"45-49"	735753
	"2021"	"2021"	"Pennsylvania"	"42"	"50-54 years"	"50-54"	834216
	"2021"	"2021"	"Pennsylvania"	"42"	"55-59 years"	"55-59"	895522
	"2021"	"2021"	"Pennsylvania"	"42"	"60-64 years "	"60-64"	918306
	"2021"	"2021"	"Pennsylvania"	"42"	"65-69 years"	"65-69"	805549
	"2021"	"2021"	"Pennsylvania"	"42"	"70-74 years"	"70-74"	660922
	"2021"	"2021"	"Pennsylvania"	"42"	"75-79 years"	"75-79"	425904
	"2021"	"2021"	"Pennsylvania"	"42"	"80-84 years"	"80-84"	282146
	"2021"	"2021"	"Pennsylvania"	"42"	"85+ years"	"85+"	296560
"Total"	"2021"	"2021"	"Pennsylvania"	"42"			13015571
	"2021"	"2021"	"Rhode Island"	"44"	"< 1 year"	"1"	10003
	"2021"	"2021"	"Rhode Island"	"44"	"1-4 years"	"1-4"	43778
	"2021"	"2021"	"Rhode Island"	"44"	"5-9 years"	"5-9"	56889
	"2021"	"2021"	"Rhode Island"	"44"	"10-14 years"	"10-14"	59711
	"2021"	"2021"	"Rhode Island"	"44"	"15-19 years"	"15-19"	73307
	"2021"	"2021"	"Rhode Island"	"44"	"20-24 years"	"20-24"	75695
	"2021"	"2021"	"Rhode Island"	"44"	"25-29 years"	"25-29"	73918
	"2021"	"2021"	"Rhode Island"	"44"	"30-34 years"	"30-34"	78888
	"2021"	"2021"	"Rhode Island"	"44"	"35-39 years"	"35-39"	71047
	"2021"	"2021"	"Rhode Island"	"44"	"40-44 years"	"40-44"	65215
	"2021"	"2021"	"Rhode Island"	"44"	"45-49 years"	"45-49"	61829
	"2021"	"2021"	"Rhode Island"	"44"	"50-54 years"	"50-54"	72066
	"2021"	"2021"	"Rhode Island"	"44"	"55-59 years"	"55-59"	78289
	"2021"	"2021"	"Rhode Island"	"44"	"60-64 years "	"60-64"	77000
	"2021"	"2021"	"Rhode Island"	"44"	"65-69 years"	"65-69"	65613
	"2021"	"2021"	"Rhode Island"	"44"	"70-74 years"	"70-74"	52776
	"2021"	"2021"	"Rhode Island"	"44"	"75-79 years"	"75-79"	34309
	"2021"	"2021"	"Rhode Island"	"44"	"80-84 years"	"80-84"	21934
	"2021"	"2021"	"Rhode Island"	"44"	"85+ years"	"85+"	24979
"Total"	"2021"	"2021"	"Rhode Island"	"44"			1097246
	"2021"	"2021"	"South Carolina"	"45"	"< 1 year"	"1"	55458
	"2021"	"2021"	"South Carolina"	"45"	"1-4 years"	"1-4"	229952
	"2021"	"2021"	"South Carolina"	"45"	"5-9 years"	"5-9"	306339
	"2021"	"2021"	"South Carolina"	"45"	"10-14 years"	"10-14"	333408
	"2021"	"2021"	"South Carolina"	"45"	"15-19 years"	"15-19"	336804
	"2021"	"2021"	"South Carolina"	"45"	"20-24 years"	"20-24"	332996
	"2021"	"2021"	"South Carolina"	"45"	"25-29 years"	"25-29"	328878
	"2021"	"2021"	"South Carolina"	"45"	"30-34 years"	"30-34"	344382
	"2021"	"2021"	"South Carolina"	"45"	"35-39 years"	"35-39"	325613
	"2021"	"2021"	"South Carolina"	"45"	"40-44 years"	"40-44"	315496
	"2021"	"2021"	"South Carolina"	"45"	"45-49 years"	"45-49"	303523
	"2021"	"2021"	"South Carolina"	"45"	"50-54 years"	"50-54"	327502
	"2021"	"2021"	"South Carolina"	"45"	"55-59 years"	"55-59"	346620
	"2021"	"2021"	"South Carolina"	"45"	"60-64 years "	"60-64"	347214
	"2021"	"2021"	"South Carolina"	"45"	"65-69 years"	"65-69"	317852
	"2021"	"2021"	"South Carolina"	"45"	"70-74 years"	"70-74"	277448
	"2021"	"2021"	"South Carolina"	"45"	"75-79 years"	"75-79"	176685
	"2021"	"2021"	"South Carolina"	"45"	"80-84 years"	"80-84"	102917
	"2021"	"2021"	"South Carolina"	"45"	"85+ years"	"85+"	85187
"Total"	"2021"	"2021"	"South Carolina"	"45"			5194274
	"2021"	"2021"	"South Dakota"	"46"	"< 1 year"	"1"	11135
	"2021"	"2021"	"South Dakota"	"46"	"1-4 years"	"1-4"	47607
	"2021"	"2021"	"South Dakota"	"46"	"5-9 years"	"5-9"	61256
	"2021"	"2021"	"South Dakota"	"46"	"10-14 years"	"10-14"	63093
	"2021"	"2021"	"South Dakota"	"46"	"15-19 years"	"15-19"	60112
	"2021"	"2021"	"South Dakota"	"46"	"20-24 years"	"20-24"	59098
	"2021"	"2021"	"South Dakota"	"46"	"25-29 years"	"25-29"	56411
	"2021"	"2021"	"South Dakota"	"46"	"30-34 years"	"30-34"	56945
	"2021"	"2021"	"South Dakota"	"46"	"35-39 years"	"35-39"	58120
	"2021"	"2021"	"South Dakota"	"46"	"40-44 years"	"40-44"	53904
	"2021"	"2021"	"South Dakota"	"46"	"45-49 years"	"45-49"	46362
	"2021"	"2021"	"South Dakota"	"46"	"50-54 years"	"50-54"	48364
	"2021"	"2021"	"South Dakota"	"46"	"55-59 years"	"55-59"	55688
	"2021"	"2021"	"South Dakota"	"46"	"60-64 years "	"60-64"	60637
	"2021"	"2021"	"South Dakota"	"46"	"65-69 years"	"65-69"	55196
	"2021"	"2021"	"South Dakota"	"46"	"70-74 years"	"70-74"	42493
	"2021"	"2021"	"South Dakota"	"46"	"75-79 years"	"75-79"	24794
	"2021"	"2021"	"South Dakota"	"46"	"80-84 years"	"80-84"	16186
	"2021"	"2021"	"South Dakota"	"46"	"85+ years"	"85+"	19091
"Total"	"2021"	"2021"	"South Dakota"	"46"			896492
	"2021"	"2021"	"Tennessee"	"47"	"< 1 year"	"1"	78890
	"2021"	"2021"	"Tennessee"	"47"	"1-4 years"	"1-4"	328920
	"2021"	"2021"	"Tennessee"	"47"	"5-9 years"	"5-9"	426146
	"2021"	"2021"	"Tennessee"	"47"	"10-14 years"	"10-14"	450246
	"2021"	"2021"	"Tennessee"	"47"	"15-19 years"	"15-19"	439125
	"2021"	"2021"	"Tennessee"	"47"	"20-24 years"	"20-24"	448685
	"2021"	"2021"	"Tennessee"	"47"	"25-29 years"	"25-29"	480603
	"2021"	"2021"	"Tennessee"	"47"	"30-34 years"	"30-34"	481081
	"2021"	"2021"	"Tennessee"	"47"	"35-39 years"	"35-39"	447362
	"2021"	"2021"	"Tennessee"	"47"	"40-44 years"	"40-44"	435824
	"2021"	"2021"	"Tennessee"	"47"	"45-49 years"	"45-49"	421529
	"2021"	"2021"	"Tennessee"	"47"	"50-54 years"	"50-54"	448162
	"2021"	"2021"	"Tennessee"	"47"	"55-59 years"	"55-59"	460384
	"2021"	"2021"	"Tennessee"	"47"	"60-64 years "	"60-64"	447448
	"2021"	"2021"	"Tennessee"	"47"	"65-69 years"	"65-69"	391821
	"2021"	"2021"	"Tennessee"	"47"	"70-74 years"	"70-74"	329034
	"2021"	"2021"	"Tennessee"	"47"	"75-79 years"	"75-79"	210844
	"2021"	"2021"	"Tennessee"	"47"	"80-84 years"	"80-84"	129303
	"2021"	"2021"	"Tennessee"	"47"	"85+ years"	"85+"	110333
"Total"	"2021"	"2021"	"Tennessee"	"47"			6965740
	"2021"	"2021"	"Texas"	"48"	"< 1 year"	"1"	363117
	"2021"	"2021"	"Texas"	"48"	"1-4 years"	"1-4"	1539736
	"2021"	"2021"	"Texas"	"48"	"5-9 years"	"5-9"	2080729
	"2021"	"2021"	"Texas"	"48"	"10-14 years"	"10-14"	2176415
	"2021"	"2021"	"Texas"	"48"	"15-19 years"	"15-19"	2126763
	"2021"	"2021"	"Texas"	"48"	"20-24 years"	"20-24"	2036853
	"2021"	"2021"	"Texas"	"48"	"25-29 years"	"25-29"	2107898
	"2021"	"2021"	"Texas"	"48"	"30-34 years"	"30-34"	2157894
	"2021"	"2021"	"Texas"	"48"	"35-39 years"	"35-39"	2129958
	"2021"	"2021"	"Texas"	"48"	"40-44 years"	"40-44"	1994292
	"2021"	"2021"	"Texas"	"48"	"45-49 years"	"45-49"	1844965
	"2021"	"2021"	"Texas"	"48"	"50-54 years"	"50-54"	1787095
	"2021"	"2021"	"Texas"	"48"	"55-59 years"	"55-59"	1714738
	"2021"	"2021"	"Texas"	"48"	"60-64 years "	"60-64"	1615400
	"2021"	"2021"	"Texas"	"48"	"65-69 years"	"65-69"	1343319
	"2021"	"2021"	"Texas"	"48"	"70-74 years"	"70-74"	1071005
	"2021"	"2021"	"Texas"	"48"	"75-79 years"	"75-79"	681238
	"2021"	"2021"	"Texas"	"48"	"80-84 years"	"80-84"	421082
	"2021"	"2021"	"Texas"	"48"	"85+ years"	"85+"	377854
"Total"	"2021"	"2021"	"Texas"	"48"			29570351
	"2021"	"2021"	"Utah"	"49"	"< 1 year"	"1"	45527
	"2021"	"2021"	"Utah"	"49"	"1-4 years"	"1-4"	192811
	"2021"	"2021"	"Utah"	"49"	"5-9 years"	"5-9"	261118
	"2021"	"2021"	"Utah"	"49"	"10-14 years"	"10-14"	281074
	"2021"	"2021"	"Utah"	"49"	"15-19 years"	"15-19"	272475
	"2021"	"2021"	"Utah"	"49"	"20-24 years"	"20-24"	278974
	"2021"	"2021"	"Utah"	"49"	"25-29 years"	"25-29"	254430
	"2021"	"2021"	"Utah"	"49"	"30-34 years"	"30-34"	234250
	"2021"	"2021"	"Utah"	"49"	"35-39 years"	"35-39"	231759
	"2021"	"2021"	"Utah"	"49"	"40-44 years"	"40-44"	233180
	"2021"	"2021"	"Utah"	"49"	"45-49 years"	"45-49"	189790
	"2021"	"2021"	"Utah"	"49"	"50-54 years"	"50-54"	166896
	"2021"	"2021"	"Utah"	"49"	"55-59 years"	"55-59"	155252
	"2021"	"2021"	"Utah"	"49"	"60-64 years "	"60-64"	154821
	"2021"	"2021"	"Utah"	"49"	"65-69 years"	"65-69"	134185
	"2021"	"2021"	"Utah"	"49"	"70-74 years"	"70-74"	106672
	"2021"	"2021"	"Utah"	"49"	"75-79 years"	"75-79"	68109
	"2021"	"2021"	"Utah"	"49"	"80-84 years"	"80-84"	42285
	"2021"	"2021"	"Utah"	"49"	"85+ years"	"85+"	36130
"Total"	"2021"	"2021"	"Utah"	"49"			3339738
	"2021"	"2021"	"Vermont"	"50"	"< 1 year"	"1"	5173
	"2021"	"2021"	"Vermont"	"50"	"1-4 years"	"1-4"	23198
	"2021"	"2021"	"Vermont"	"50"	"5-9 years"	"5-9"	32258
	"2021"	"2021"	"Vermont"	"50"	"10-14 years"	"10-14"	34811
	"2021"	"2021"	"Vermont"	"50"	"15-19 years"	"15-19"	41934
	"2021"	"2021"	"Vermont"	"50"	"20-24 years"	"20-24"	44723
	"2021"	"2021"	"Vermont"	"50"	"25-29 years"	"25-29"	38711
	"2021"	"2021"	"Vermont"	"50"	"30-34 years"	"30-34"	39366
	"2021"	"2021"	"Vermont"	"50"	"35-39 years"	"35-39"	39824
	"2021"	"2021"	"Vermont"	"50"	"40-44 years"	"40-44"	38122
	"2021"	"2021"	"Vermont"	"50"	"45-49 years"	"45-49"	36206
	"2021"	"2021"	"Vermont"	"50"	"50-54 years"	"50-54"	41805
	"2021"	"2021"	"Vermont"	"50"	"55-59 years"	"55-59"	46657
	"2021"	"2021"	"Vermont"	"50"	"60-64 years "	"60-64"	49926
	"2021"	"2021"	"Vermont"	"50"	"65-69 years"	"65-69"	45250
	"2021"	"2021"	"Vermont"	"50"	"70-74 years"	"70-74"	37830
	"2021"	"2021"	"Vermont"	"50"	"75-79 years"	"75-79"	23730
	"2021"	"2021"	"Vermont"	"50"	"80-84 years"	"80-84"	14095
	"2021"	"2021"	"Vermont"	"50"	"85+ years"	"85+"	13591
"Total"	"2021"	"2021"	"Vermont"	"50"			647210
	"2021"	"2021"	"Virginia"	"51"	"< 1 year"	"1"	93877
	"2021"	"2021"	"Virginia"	"51"	"1-4 years"	"1-4"	400914
	"2021"	"2021"	"Virginia"	"51"	"5-9 years"	"5-9"	522901
	"2021"	"2021"	"Virginia"	"51"	"10-14 years"	"10-14"	547213
	"2021"	"2021"	"Virginia"	"51"	"15-19 years"	"15-19"	560190
	"2021"	"2021"	"Virginia"	"51"	"20-24 years"	"20-24"	569388
	"2021"	"2021"	"Virginia"	"51"	"25-29 years"	"25-29"	581762
	"2021"	"2021"	"Virginia"	"51"	"30-34 years"	"30-34"	597999
	"2021"	"2021"	"Virginia"	"51"	"35-39 years"	"35-39"	597102
	"2021"	"2021"	"Virginia"	"51"	"40-44 years"	"40-44"	565097
	"2021"	"2021"	"Virginia"	"51"	"45-49 years"	"45-49"	528147
	"2021"	"2021"	"Virginia"	"51"	"50-54 years"	"50-54"	559057
	"2021"	"2021"	"Virginia"	"51"	"55-59 years"	"55-59"	577804
	"2021"	"2021"	"Virginia"	"51"	"60-64 years "	"60-64"	547535
	"2021"	"2021"	"Virginia"	"51"	"65-69 years"	"65-69"	463188
	"2021"	"2021"	"Virginia"	"51"	"70-74 years"	"70-74"	388816
	"2021"	"2021"	"Virginia"	"51"	"75-79 years"	"75-79"	254770
	"2021"	"2021"	"Virginia"	"51"	"80-84 years"	"80-84"	158207
	"2021"	"2021"	"Virginia"	"51"	"85+ years"	"85+"	144943
"Total"	"2021"	"2021"	"Virginia"	"51"			8658910
	"2021"	"2021"	"Washington"	"53"	"< 1 year"	"1"	82517
	"2021"	"2021"	"Washington"	"53"	"1-4 years"	"1-4"	353708
	"2021"	"2021"	"Washington"	"53"	"5-9 years"	"5-9"	472985
	"2021"	"2021"	"Washington"	"53"	"10-14 years"	"10-14"	487981
	"2021"	"2021"	"Washington"	"53"	"15-19 years"	"15-19"	452433
	"2021"	"2021"	"Washington"	"53"	"20-24 years"	"20-24"	474951
	"2021"	"2021"	"Washington"	"53"	"25-29 years"	"25-29"	565115
	"2021"	"2021"	"Washington"	"53"	"30-34 years"	"30-34"	609776
	"2021"	"2021"	"Washington"	"53"	"35-39 years"	"35-39"	577648
	"2021"	"2021"	"Washington"	"53"	"40-44 years"	"40-44"	518199
	"2021"	"2021"	"Washington"	"53"	"45-49 years"	"45-49"	457955
	"2021"	"2021"	"Washington"	"53"	"50-54 years"	"50-54"	475362
	"2021"	"2021"	"Washington"	"53"	"55-59 years"	"55-59"	474447
	"2021"	"2021"	"Washington"	"53"	"60-64 years "	"60-64"	478540
	"2021"	"2021"	"Washington"	"53"	"65-69 years"	"65-69"	429161
	"2021"	"2021"	"Washington"	"53"	"70-74 years"	"70-74"	353460
	"2021"	"2021"	"Washington"	"53"	"75-79 years"	"75-79"	221821
	"2021"	"2021"	"Washington"	"53"	"80-84 years"	"80-84"	132244
	"2021"	"2021"	"Washington"	"53"	"85+ years"	"85+"	125457
"Total"	"2021"	"2021"	"Washington"	"53"			7743760
	"2021"	"2021"	"West Virginia"	"54"	"< 1 year"	"1"	16930
	"2021"	"2021"	"West Virginia"	"54"	"1-4 years"	"1-4"	72167
	"2021"	"2021"	"West Virginia"	"54"	"5-9 years"	"5-9"	99123
	"2021"	"2021"	"West Virginia"	"54"	"10-14 years"	"10-14"	105628
	"2021"	"2021"	"West Virginia"	"54"	"15-19 years"	"15-19"	108855
	"2021"	"2021"	"West Virginia"	"54"	"20-24 years"	"20-24"	111377
	"2021"	"2021"	"West Virginia"	"54"	"25-29 years"	"25-29"	106725
	"2021"	"2021"	"West Virginia"	"54"	"30-34 years"	"30-34"	107509
	"2021"	"2021"	"West Virginia"	"54"	"35-39 years"	"35-39"	103668
	"2021"	"2021"	"West Virginia"	"54"	"40-44 years"	"40-44"	110767
	"2021"	"2021"	"West Virginia"	"54"	"45-49 years"	"45-49"	109065
	"2021"	"2021"	"West Virginia"	"54"	"50-54 years"	"50-54"	116305
	"2021"	"2021"	"West Virginia"	"54"	"55-59 years"	"55-59"	120669
	"2021"	"2021"	"West Virginia"	"54"	"60-64 years "	"60-64"	127114
	"2021"	"2021"	"West Virginia"	"54"	"65-69 years"	"65-69"	119400
	"2021"	"2021"	"West Virginia"	"54"	"70-74 years"	"70-74"	106057
	"2021"	"2021"	"West Virginia"	"54"	"75-79 years"	"75-79"	65074
	"2021"	"2021"	"West Virginia"	"54"	"80-84 years"	"80-84"	42329
	"2021"	"2021"	"West Virginia"	"54"	"85+ years"	"85+"	36856
"Total"	"2021"	"2021"	"West Virginia"	"54"			1785618
	"2021"	"2021"	"Wisconsin"	"55"	"< 1 year"	"1"	59687
	"2021"	"2021"	"Wisconsin"	"55"	"1-4 years"	"1-4"	260306
	"2021"	"2021"	"Wisconsin"	"55"	"5-9 years"	"5-9"	347078
	"2021"	"2021"	"Wisconsin"	"55"	"10-14 years"	"10-14"	377213
	"2021"	"2021"	"Wisconsin"	"55"	"15-19 years"	"15-19"	380184
	"2021"	"2021"	"Wisconsin"	"55"	"20-24 years"	"20-24"	388614
	"2021"	"2021"	"Wisconsin"	"55"	"25-29 years"	"25-29"	371523
	"2021"	"2021"	"Wisconsin"	"55"	"30-34 years"	"30-34"	362953
	"2021"	"2021"	"Wisconsin"	"55"	"35-39 years"	"35-39"	378968
	"2021"	"2021"	"Wisconsin"	"55"	"40-44 years"	"40-44"	364833
	"2021"	"2021"	"Wisconsin"	"55"	"45-49 years"	"45-49"	331395
	"2021"	"2021"	"Wisconsin"	"55"	"50-54 years"	"50-54"	368923
	"2021"	"2021"	"Wisconsin"	"55"	"55-59 years"	"55-59"	410961
	"2021"	"2021"	"Wisconsin"	"55"	"60-64 years "	"60-64"	418238
	"2021"	"2021"	"Wisconsin"	"55"	"65-69 years"	"65-69"	360119
	"2021"	"2021"	"Wisconsin"	"55"	"70-74 years"	"70-74"	288750
	"2021"	"2021"	"Wisconsin"	"55"	"75-79 years"	"75-79"	179627
	"2021"	"2021"	"Wisconsin"	"55"	"80-84 years"	"80-84"	116626
	"2021"	"2021"	"Wisconsin"	"55"	"85+ years"	"85+"	115610
"Total"	"2021"	"2021"	"Wisconsin"	"55"			5881608
	"2021"	"2021"	"Wyoming"	"56"	"< 1 year"	"1"	6112
	"2021"	"2021"	"Wyoming"	"56"	"1-4 years"	"1-4"	26088
	"2021"	"2021"	"Wyoming"	"56"	"5-9 years"	"5-9"	36514
	"2021"	"2021"	"Wyoming"	"56"	"10-14 years"	"10-14"	40061
	"2021"	"2021"	"Wyoming"	"56"	"15-19 years"	"15-19"	38549
	"2021"	"2021"	"Wyoming"	"56"	"20-24 years"	"20-24"	37398
	"2021"	"2021"	"Wyoming"	"56"	"25-29 years"	"25-29"	35360
	"2021"	"2021"	"Wyoming"	"56"	"30-34 years"	"30-34"	38125
	"2021"	"2021"	"Wyoming"	"56"	"35-39 years"	"35-39"	39850
	"2021"	"2021"	"Wyoming"	"56"	"40-44 years"	"40-44"	37167
	"2021"	"2021"	"Wyoming"	"56"	"45-49 years"	"45-49"	32088
	"2021"	"2021"	"Wyoming"	"56"	"50-54 years"	"50-54"	32279
	"2021"	"2021"	"Wyoming"	"56"	"55-59 years"	"55-59"	35148
	"2021"	"2021"	"Wyoming"	"56"	"60-64 years "	"60-64"	40387
	"2021"	"2021"	"Wyoming"	"56"	"65-69 years"	"65-69"	37062
	"2021"	"2021"	"Wyoming"	"56"	"70-74 years"	"70-74"	29022
	"2021"	"2021"	"Wyoming"	"56"	"75-79 years"	"75-79"	17488
	"2021"	"2021"	"Wyoming"	"56"	"80-84 years"	"80-84"	10795
	"2021"	"2021"	"Wyoming"	"56"	"85+ years"	"85+"	10143
"Total"	"2021"	"2021"	"Wyoming"	"56"			579636
"Total"	"2021"	"2021"					332099760
	"2022"	"2022"	"Alabama"	"01"	"< 1 year"	"1"	57726
	"2022"	"2022"	"Alabama"	"01"	"1-4 years"	"1-4"	235754
	"2022"	"2022"	"Alabama"	"01"	"5-9 years"	"5-9"	310946
	"2022"	"2022"	"Alabama"	"01"	"10-14 years"	"10-14"	324392
	"2022"	"2022"	"Alabama"	"01"	"15-19 years"	"15-19"	339212
	"2022"	"2022"	"Alabama"	"01"	"20-24 years"	"20-24"	340057
	"2022"	"2022"	"Alabama"	"01"	"25-29 years"	"25-29"	321059
	"2022"	"2022"	"Alabama"	"01"	"30-34 years"	"30-34"	338313
	"2022"	"2022"	"Alabama"	"01"	"35-39 years"	"35-39"	313323
	"2022"	"2022"	"Alabama"	"01"	"40-44 years"	"40-44"	312519
	"2022"	"2022"	"Alabama"	"01"	"45-49 years"	"45-49"	297255
	"2022"	"2022"	"Alabama"	"01"	"50-54 years"	"50-54"	321980
	"2022"	"2022"	"Alabama"	"01"	"55-59 years"	"55-59"	326761
	"2022"	"2022"	"Alabama"	"01"	"60-64 years "	"60-64"	333708
	"2022"	"2022"	"Alabama"	"01"	"65-69 years"	"65-69"	298354
	"2022"	"2022"	"Alabama"	"01"	"70-74 years"	"70-74"	242327
	"2022"	"2022"	"Alabama"	"01"	"75-79 years"	"75-79"	173206
	"2022"	"2022"	"Alabama"	"01"	"80-84 years"	"80-84"	102852
	"2022"	"2022"	"Alabama"	"01"	"85+ years"	"85+"	86437
"Total"	"2022"	"2022"	"Alabama"	"01"			5076181
	"2022"	"2022"	"Alaska"	"02"	"< 1 year"	"1"	9312
	"2022"	"2022"	"Alaska"	"02"	"1-4 years"	"1-4"	37398
	"2022"	"2022"	"Alaska"	"02"	"5-9 years"	"5-9"	50805
	"2022"	"2022"	"Alaska"	"02"	"10-14 years"	"10-14"	50644
	"2022"	"2022"	"Alaska"	"02"	"15-19 years"	"15-19"	45864
	"2022"	"2022"	"Alaska"	"02"	"20-24 years"	"20-24"	50434
	"2022"	"2022"	"Alaska"	"02"	"25-29 years"	"25-29"	54485
	"2022"	"2022"	"Alaska"	"02"	"30-34 years"	"30-34"	59045
	"2022"	"2022"	"Alaska"	"02"	"35-39 years"	"35-39"	55707
	"2022"	"2022"	"Alaska"	"02"	"40-44 years"	"40-44"	48215
	"2022"	"2022"	"Alaska"	"02"	"45-49 years"	"45-49"	40661
	"2022"	"2022"	"Alaska"	"02"	"50-54 years"	"50-54"	42362
	"2022"	"2022"	"Alaska"	"02"	"55-59 years"	"55-59"	43143
	"2022"	"2022"	"Alaska"	"02"	"60-64 years "	"60-64"	44655
	"2022"	"2022"	"Alaska"	"02"	"65-69 years"	"65-69"	38904
	"2022"	"2022"	"Alaska"	"02"	"70-74 years"	"70-74"	28884
	"2022"	"2022"	"Alaska"	"02"	"75-79 years"	"75-79"	17727
	"2022"	"2022"	"Alaska"	"02"	"80-84 years"	"80-84"	9227
	"2022"	"2022"	"Alaska"	"02"	"85+ years"	"85+"	6970
"Total"	"2022"	"2022"	"Alaska"	"02"			734442
	"2022"	"2022"	"Arizona"	"04"	"< 1 year"	"1"	78724
	"2022"	"2022"	"Arizona"	"04"	"1-4 years"	"1-4"	317850
	"2022"	"2022"	"Arizona"	"04"	"5-9 years"	"5-9"	441150
	"2022"	"2022"	"Arizona"	"04"	"10-14 years"	"10-14"	465440
	"2022"	"2022"	"Arizona"	"04"	"15-19 years"	"15-19"	489347
	"2022"	"2022"	"Arizona"	"04"	"20-24 years"	"20-24"	500410
	"2022"	"2022"	"Arizona"	"04"	"25-29 years"	"25-29"	507071
	"2022"	"2022"	"Arizona"	"04"	"30-34 years"	"30-34"	512630
	"2022"	"2022"	"Arizona"	"04"	"35-39 years"	"35-39"	474895
	"2022"	"2022"	"Arizona"	"04"	"40-44 years"	"40-44"	456483
	"2022"	"2022"	"Arizona"	"04"	"45-49 years"	"45-49"	419608
	"2022"	"2022"	"Arizona"	"04"	"50-54 years"	"50-54"	435944
	"2022"	"2022"	"Arizona"	"04"	"55-59 years"	"55-59"	432591
	"2022"	"2022"	"Arizona"	"04"	"60-64 years "	"60-64"	451506
	"2022"	"2022"	"Arizona"	"04"	"65-69 years"	"65-69"	423271
	"2022"	"2022"	"Arizona"	"04"	"70-74 years"	"70-74"	372274
	"2022"	"2022"	"Arizona"	"04"	"75-79 years"	"75-79"	284453
	"2022"	"2022"	"Arizona"	"04"	"80-84 years"	"80-84"	170590
	"2022"	"2022"	"Arizona"	"04"	"85+ years"	"85+"	143329
"Total"	"2022"	"2022"	"Arizona"	"04"			7377566
	"2022"	"2022"	"Arkansas"	"05"	"< 1 year"	"1"	35848
	"2022"	"2022"	"Arkansas"	"05"	"1-4 years"	"1-4"	146124
	"2022"	"2022"	"Arkansas"	"05"	"5-9 years"	"5-9"	195197
	"2022"	"2022"	"Arkansas"	"05"	"10-14 years"	"10-14"	203265
	"2022"	"2022"	"Arkansas"	"05"	"15-19 years"	"15-19"	206263
	"2022"	"2022"	"Arkansas"	"05"	"20-24 years"	"20-24"	203417
	"2022"	"2022"	"Arkansas"	"05"	"25-29 years"	"25-29"	194971
	"2022"	"2022"	"Arkansas"	"05"	"30-34 years"	"30-34"	203327
	"2022"	"2022"	"Arkansas"	"05"	"35-39 years"	"35-39"	192651
	"2022"	"2022"	"Arkansas"	"05"	"40-44 years"	"40-44"	191491
	"2022"	"2022"	"Arkansas"	"05"	"45-49 years"	"45-49"	176047
	"2022"	"2022"	"Arkansas"	"05"	"50-54 years"	"50-54"	183498
	"2022"	"2022"	"Arkansas"	"05"	"55-59 years"	"55-59"	187243
	"2022"	"2022"	"Arkansas"	"05"	"60-64 years "	"60-64"	192122
	"2022"	"2022"	"Arkansas"	"05"	"65-69 years"	"65-69"	172604
	"2022"	"2022"	"Arkansas"	"05"	"70-74 years"	"70-74"	142254
	"2022"	"2022"	"Arkansas"	"05"	"75-79 years"	"75-79"	103870
	"2022"	"2022"	"Arkansas"	"05"	"80-84 years"	"80-84"	63113
	"2022"	"2022"	"Arkansas"	"05"	"85+ years"	"85+"	54399
"Total"	"2022"	"2022"	"Arkansas"	"05"			3047704
	"2022"	"2022"	"California"	"06"	"< 1 year"	"1"	425797
	"2022"	"2022"	"California"	"06"	"1-4 years"	"1-4"	1721800
	"2022"	"2022"	"California"	"06"	"5-9 years"	"5-9"	2391207
	"2022"	"2022"	"California"	"06"	"10-14 years"	"10-14"	2508536
	"2022"	"2022"	"California"	"06"	"15-19 years"	"15-19"	2596415
	"2022"	"2022"	"California"	"06"	"20-24 years"	"20-24"	2532131
	"2022"	"2022"	"California"	"06"	"25-29 years"	"25-29"	2768159
	"2022"	"2022"	"California"	"06"	"30-34 years"	"30-34"	3013306
	"2022"	"2022"	"California"	"06"	"35-39 years"	"35-39"	2807131
	"2022"	"2022"	"California"	"06"	"40-44 years"	"40-44"	2622325
	"2022"	"2022"	"California"	"06"	"45-49 years"	"45-49"	2408239
	"2022"	"2022"	"California"	"06"	"50-54 years"	"50-54"	2484382
	"2022"	"2022"	"California"	"06"	"55-59 years"	"55-59"	2404265
	"2022"	"2022"	"California"	"06"	"60-64 years "	"60-64"	2324474
	"2022"	"2022"	"California"	"06"	"65-69 years"	"65-69"	1998432
	"2022"	"2022"	"California"	"06"	"70-74 years"	"70-74"	1600362
	"2022"	"2022"	"California"	"06"	"75-79 years"	"75-79"	1142710
	"2022"	"2022"	"California"	"06"	"80-84 years"	"80-84"	702706
	"2022"	"2022"	"California"	"06"	"85+ years"	"85+"	690037
"Total"	"2022"	"2022"	"California"	"06"			39142414
	"2022"	"2022"	"Colorado"	"08"	"< 1 year"	"1"	62381
	"2022"	"2022"	"Colorado"	"08"	"1-4 years"	"1-4"	248585
	"2022"	"2022"	"Colorado"	"08"	"5-9 years"	"5-9"	336511
	"2022"	"2022"	"Colorado"	"08"	"10-14 years"	"10-14"	357700
	"2022"	"2022"	"Colorado"	"08"	"15-19 years"	"15-19"	377852
	"2022"	"2022"	"Colorado"	"08"	"20-24 years"	"20-24"	384636
	"2022"	"2022"	"Colorado"	"08"	"25-29 years"	"25-29"	445132
	"2022"	"2022"	"Colorado"	"08"	"30-34 years"	"30-34"	473541
	"2022"	"2022"	"Colorado"	"08"	"35-39 years"	"35-39"	445830
	"2022"	"2022"	"Colorado"	"08"	"40-44 years"	"40-44"	406753
	"2022"	"2022"	"Colorado"	"08"	"45-49 years"	"45-49"	354286
	"2022"	"2022"	"Colorado"	"08"	"50-54 years"	"50-54"	357196
	"2022"	"2022"	"Colorado"	"08"	"55-59 years"	"55-59"	337286
	"2022"	"2022"	"Colorado"	"08"	"60-64 years "	"60-64"	351242
	"2022"	"2022"	"Colorado"	"08"	"65-69 years"	"65-69"	312930
	"2022"	"2022"	"Colorado"	"08"	"70-74 years"	"70-74"	251500
	"2022"	"2022"	"Colorado"	"08"	"75-79 years"	"75-79"	168291
	"2022"	"2022"	"Colorado"	"08"	"80-84 years"	"80-84"	94631
	"2022"	"2022"	"Colorado"	"08"	"85+ years"	"85+"	84652
"Total"	"2022"	"2022"	"Colorado"	"08"			5850935
	"2022"	"2022"	"Connecticut"	"09"	"< 1 year"	"1"	35707
	"2022"	"2022"	"Connecticut"	"09"	"1-4 years"	"1-4"	145668
	"2022"	"2022"	"Connecticut"	"09"	"5-9 years"	"5-9"	196058
	"2022"	"2022"	"Connecticut"	"09"	"10-14 years"	"10-14"	212887
	"2022"	"2022"	"Connecticut"	"09"	"15-19 years"	"15-19"	240303
	"2022"	"2022"	"Connecticut"	"09"	"20-24 years"	"20-24"	237477
	"2022"	"2022"	"Connecticut"	"09"	"25-29 years"	"25-29"	224253
	"2022"	"2022"	"Connecticut"	"09"	"30-34 years"	"30-34"	230329
	"2022"	"2022"	"Connecticut"	"09"	"35-39 years"	"35-39"	234783
	"2022"	"2022"	"Connecticut"	"09"	"40-44 years"	"40-44"	225505
	"2022"	"2022"	"Connecticut"	"09"	"45-49 years"	"45-49"	210085
	"2022"	"2022"	"Connecticut"	"09"	"50-54 years"	"50-54"	241467
	"2022"	"2022"	"Connecticut"	"09"	"55-59 years"	"55-59"	259814
	"2022"	"2022"	"Connecticut"	"09"	"60-64 years "	"60-64"	255254
	"2022"	"2022"	"Connecticut"	"09"	"65-69 years"	"65-69"	215657
	"2022"	"2022"	"Connecticut"	"09"	"70-74 years"	"70-74"	168394
	"2022"	"2022"	"Connecticut"	"09"	"75-79 years"	"75-79"	127224
	"2022"	"2022"	"Connecticut"	"09"	"80-84 years"	"80-84"	77213
	"2022"	"2022"	"Connecticut"	"09"	"85+ years"	"85+"	79847
"Total"	"2022"	"2022"	"Connecticut"	"09"			3617925
	"2022"	"2022"	"Delaware"	"10"	"< 1 year"	"1"	10898
	"2022"	"2022"	"Delaware"	"10"	"1-4 years"	"1-4"	43570
	"2022"	"2022"	"Delaware"	"10"	"5-9 years"	"5-9"	58044
	"2022"	"2022"	"Delaware"	"10"	"10-14 years"	"10-14"	61337
	"2022"	"2022"	"Delaware"	"10"	"15-19 years"	"15-19"	64484
	"2022"	"2022"	"Delaware"	"10"	"20-24 years"	"20-24"	59507
	"2022"	"2022"	"Delaware"	"10"	"25-29 years"	"25-29"	60681
	"2022"	"2022"	"Delaware"	"10"	"30-34 years"	"30-34"	68194
	"2022"	"2022"	"Delaware"	"10"	"35-39 years"	"35-39"	63811
	"2022"	"2022"	"Delaware"	"10"	"40-44 years"	"40-44"	60528
	"2022"	"2022"	"Delaware"	"10"	"45-49 years"	"45-49"	54116
	"2022"	"2022"	"Delaware"	"10"	"50-54 years"	"50-54"	61918
	"2022"	"2022"	"Delaware"	"10"	"55-59 years"	"55-59"	69386
	"2022"	"2022"	"Delaware"	"10"	"60-64 years "	"60-64"	74473
	"2022"	"2022"	"Delaware"	"10"	"65-69 years"	"65-69"	70297
	"2022"	"2022"	"Delaware"	"10"	"70-74 years"	"70-74"	57013
	"2022"	"2022"	"Delaware"	"10"	"75-79 years"	"75-79"	40442
	"2022"	"2022"	"Delaware"	"10"	"80-84 years"	"80-84"	22905
	"2022"	"2022"	"Delaware"	"10"	"85+ years"	"85+"	19021
"Total"	"2022"	"2022"	"Delaware"	"10"			1020625
	"2022"	"2022"	"District of Columbia"	"11"	"< 1 year"	"1"	8727
	"2022"	"2022"	"District of Columbia"	"11"	"1-4 years"	"1-4"	31411
	"2022"	"2022"	"District of Columbia"	"11"	"5-9 years"	"5-9"	37574
	"2022"	"2022"	"District of Columbia"	"11"	"10-14 years"	"10-14"	32236
	"2022"	"2022"	"District of Columbia"	"11"	"15-19 years"	"15-19"	36591
	"2022"	"2022"	"District of Columbia"	"11"	"20-24 years"	"20-24"	47250
	"2022"	"2022"	"District of Columbia"	"11"	"25-29 years"	"25-29"	71357
	"2022"	"2022"	"District of Columbia"	"11"	"30-34 years"	"30-34"	75903
	"2022"	"2022"	"District of Columbia"	"11"	"35-39 years"	"35-39"	63211
	"2022"	"2022"	"District of Columbia"	"11"	"40-44 years"	"40-44"	49213
	"2022"	"2022"	"District of Columbia"	"11"	"45-49 years"	"45-49"	36573
	"2022"	"2022"	"District of Columbia"	"11"	"50-54 years"	"50-54"	34972
	"2022"	"2022"	"District of Columbia"	"11"	"55-59 years"	"55-59"	33047
	"2022"	"2022"	"District of Columbia"	"11"	"60-64 years "	"60-64"	31601
	"2022"	"2022"	"District of Columbia"	"11"	"65-69 years"	"65-69"	27846
	"2022"	"2022"	"District of Columbia"	"11"	"70-74 years"	"70-74"	22697
	"2022"	"2022"	"District of Columbia"	"11"	"75-79 years"	"75-79"	15848
	"2022"	"2022"	"District of Columbia"	"11"	"80-84 years"	"80-84"	10085
	"2022"	"2022"	"District of Columbia"	"11"	"85+ years"	"85+"	10583
"Total"	"2022"	"2022"	"District of Columbia"	"11"			676725
	"2022"	"2022"	"Florida"	"12"	"< 1 year"	"1"	223824
	"2022"	"2022"	"Florida"	"12"	"1-4 years"	"1-4"	901091
	"2022"	"2022"	"Florida"	"12"	"5-9 years"	"5-9"	1209528
	"2022"	"2022"	"Florida"	"12"	"10-14 years"	"10-14"	1255090
	"2022"	"2022"	"Florida"	"12"	"15-19 years"	"15-19"	1290141
	"2022"	"2022"	"Florida"	"12"	"20-24 years"	"20-24"	1297258
	"2022"	"2022"	"Florida"	"12"	"25-29 years"	"25-29"	1354225
	"2022"	"2022"	"Florida"	"12"	"30-34 years"	"30-34"	1484605
	"2022"	"2022"	"Florida"	"12"	"35-39 years"	"35-39"	1433887
	"2022"	"2022"	"Florida"	"12"	"40-44 years"	"40-44"	1387217
	"2022"	"2022"	"Florida"	"12"	"45-49 years"	"45-49"	1320414
	"2022"	"2022"	"Florida"	"12"	"50-54 years"	"50-54"	1426009
	"2022"	"2022"	"Florida"	"12"	"55-59 years"	"55-59"	1496490
	"2022"	"2022"	"Florida"	"12"	"60-64 years "	"60-64"	1522786
	"2022"	"2022"	"Florida"	"12"	"65-69 years"	"65-69"	1398367
	"2022"	"2022"	"Florida"	"12"	"70-74 years"	"70-74"	1228830
	"2022"	"2022"	"Florida"	"12"	"75-79 years"	"75-79"	969402
	"2022"	"2022"	"Florida"	"12"	"80-84 years"	"80-84"	612647
	"2022"	"2022"	"Florida"	"12"	"85+ years"	"85+"	567501
"Total"	"2022"	"2022"	"Florida"	"12"			22379312
	"2022"	"2022"	"Georgia"	"13"	"< 1 year"	"1"	125176
	"2022"	"2022"	"Georgia"	"13"	"1-4 years"	"1-4"	512385
	"2022"	"2022"	"Georgia"	"13"	"5-9 years"	"5-9"	695127
	"2022"	"2022"	"Georgia"	"13"	"10-14 years"	"10-14"	744441
	"2022"	"2022"	"Georgia"	"13"	"15-19 years"	"15-19"	761968
	"2022"	"2022"	"Georgia"	"13"	"20-24 years"	"20-24"	739251
	"2022"	"2022"	"Georgia"	"13"	"25-29 years"	"25-29"	742586
	"2022"	"2022"	"Georgia"	"13"	"30-34 years"	"30-34"	774968
	"2022"	"2022"	"Georgia"	"13"	"35-39 years"	"35-39"	733098
	"2022"	"2022"	"Georgia"	"13"	"40-44 years"	"40-44"	722340
	"2022"	"2022"	"Georgia"	"13"	"45-49 years"	"45-49"	680677
	"2022"	"2022"	"Georgia"	"13"	"50-54 years"	"50-54"	721218
	"2022"	"2022"	"Georgia"	"13"	"55-59 years"	"55-59"	692620
	"2022"	"2022"	"Georgia"	"13"	"60-64 years "	"60-64"	649900
	"2022"	"2022"	"Georgia"	"13"	"65-69 years"	"65-69"	553469
	"2022"	"2022"	"Georgia"	"13"	"70-74 years"	"70-74"	444815
	"2022"	"2022"	"Georgia"	"13"	"75-79 years"	"75-79"	313123
	"2022"	"2022"	"Georgia"	"13"	"80-84 years"	"80-84"	178440
	"2022"	"2022"	"Georgia"	"13"	"85+ years"	"85+"	146203
"Total"	"2022"	"2022"	"Georgia"	"13"			10931805
	"2022"	"2022"	"Hawaii"	"15"	"< 1 year"	"1"	15708
	"2022"	"2022"	"Hawaii"	"15"	"1-4 years"	"1-4"	63799
	"2022"	"2022"	"Hawaii"	"15"	"5-9 years"	"5-9"	86198
	"2022"	"2022"	"Hawaii"	"15"	"10-14 years"	"10-14"	83722
	"2022"	"2022"	"Hawaii"	"15"	"15-19 years"	"15-19"	77537
	"2022"	"2022"	"Hawaii"	"15"	"20-24 years"	"20-24"	86046
	"2022"	"2022"	"Hawaii"	"15"	"25-29 years"	"25-29"	91320
	"2022"	"2022"	"Hawaii"	"15"	"30-34 years"	"30-34"	99081
	"2022"	"2022"	"Hawaii"	"15"	"35-39 years"	"35-39"	98736
	"2022"	"2022"	"Hawaii"	"15"	"40-44 years"	"40-44"	93486
	"2022"	"2022"	"Hawaii"	"15"	"45-49 years"	"45-49"	82932
	"2022"	"2022"	"Hawaii"	"15"	"50-54 years"	"50-54"	86822
	"2022"	"2022"	"Hawaii"	"15"	"55-59 years"	"55-59"	87914
	"2022"	"2022"	"Hawaii"	"15"	"60-64 years "	"60-64"	91350
	"2022"	"2022"	"Hawaii"	"15"	"65-69 years"	"65-69"	87703
	"2022"	"2022"	"Hawaii"	"15"	"70-74 years"	"70-74"	77552
	"2022"	"2022"	"Hawaii"	"15"	"75-79 years"	"75-79"	56103
	"2022"	"2022"	"Hawaii"	"15"	"80-84 years"	"80-84"	33194
	"2022"	"2022"	"Hawaii"	"15"	"85+ years"	"85+"	41156
"Total"	"2022"	"2022"	"Hawaii"	"15"			1440359
	"2022"	"2022"	"Idaho"	"16"	"< 1 year"	"1"	22217
	"2022"	"2022"	"Idaho"	"16"	"1-4 years"	"1-4"	91911
	"2022"	"2022"	"Idaho"	"16"	"5-9 years"	"5-9"	129780
	"2022"	"2022"	"Idaho"	"16"	"10-14 years"	"10-14"	138774
	"2022"	"2022"	"Idaho"	"16"	"15-19 years"	"15-19"	148486
	"2022"	"2022"	"Idaho"	"16"	"20-24 years"	"20-24"	129322
	"2022"	"2022"	"Idaho"	"16"	"25-29 years"	"25-29"	125070
	"2022"	"2022"	"Idaho"	"16"	"30-34 years"	"30-34"	127936
	"2022"	"2022"	"Idaho"	"16"	"35-39 years"	"35-39"	127347
	"2022"	"2022"	"Idaho"	"16"	"40-44 years"	"40-44"	126776
	"2022"	"2022"	"Idaho"	"16"	"45-49 years"	"45-49"	110662
	"2022"	"2022"	"Idaho"	"16"	"50-54 years"	"50-54"	109767
	"2022"	"2022"	"Idaho"	"16"	"55-59 years"	"55-59"	109351
	"2022"	"2022"	"Idaho"	"16"	"60-64 years "	"60-64"	118068
	"2022"	"2022"	"Idaho"	"16"	"65-69 years"	"65-69"	110170
	"2022"	"2022"	"Idaho"	"16"	"70-74 years"	"70-74"	89900
	"2022"	"2022"	"Idaho"	"16"	"75-79 years"	"75-79"	62766
	"2022"	"2022"	"Idaho"	"16"	"80-84 years"	"80-84"	36217
	"2022"	"2022"	"Idaho"	"16"	"85+ years"	"85+"	29779
"Total"	"2022"	"2022"	"Idaho"	"16"			1944299
	"2022"	"2022"	"Illinois"	"17"	"< 1 year"	"1"	129615
	"2022"	"2022"	"Illinois"	"17"	"1-4 years"	"1-4"	556352
	"2022"	"2022"	"Illinois"	"17"	"5-9 years"	"5-9"	759382
	"2022"	"2022"	"Illinois"	"17"	"10-14 years"	"10-14"	803434
	"2022"	"2022"	"Illinois"	"17"	"15-19 years"	"15-19"	835965
	"2022"	"2022"	"Illinois"	"17"	"20-24 years"	"20-24"	817483
	"2022"	"2022"	"Illinois"	"17"	"25-29 years"	"25-29"	840930
	"2022"	"2022"	"Illinois"	"17"	"30-34 years"	"30-34"	867468
	"2022"	"2022"	"Illinois"	"17"	"35-39 years"	"35-39"	849067
	"2022"	"2022"	"Illinois"	"17"	"40-44 years"	"40-44"	831942
	"2022"	"2022"	"Illinois"	"17"	"45-49 years"	"45-49"	763892
	"2022"	"2022"	"Illinois"	"17"	"50-54 years"	"50-54"	802254
	"2022"	"2022"	"Illinois"	"17"	"55-59 years"	"55-59"	803382
	"2022"	"2022"	"Illinois"	"17"	"60-64 years "	"60-64"	812470
	"2022"	"2022"	"Illinois"	"17"	"65-69 years"	"65-69"	707456
	"2022"	"2022"	"Illinois"	"17"	"70-74 years"	"70-74"	560581
	"2022"	"2022"	"Illinois"	"17"	"75-79 years"	"75-79"	393356
	"2022"	"2022"	"Illinois"	"17"	"80-84 years"	"80-84"	245270
	"2022"	"2022"	"Illinois"	"17"	"85+ years"	"85+"	241522
"Total"	"2022"	"2022"	"Illinois"	"17"			12621821
	"2022"	"2022"	"Indiana"	"18"	"< 1 year"	"1"	80047
	"2022"	"2022"	"Indiana"	"18"	"1-4 years"	"1-4"	329481
	"2022"	"2022"	"Indiana"	"18"	"5-9 years"	"5-9"	440890
	"2022"	"2022"	"Indiana"	"18"	"10-14 years"	"10-14"	458723
	"2022"	"2022"	"Indiana"	"18"	"15-19 years"	"15-19"	470168
	"2022"	"2022"	"Indiana"	"18"	"20-24 years"	"20-24"	475269
	"2022"	"2022"	"Indiana"	"18"	"25-29 years"	"25-29"	446762
	"2022"	"2022"	"Indiana"	"18"	"30-34 years"	"30-34"	454347
	"2022"	"2022"	"Indiana"	"18"	"35-39 years"	"35-39"	433836
	"2022"	"2022"	"Indiana"	"18"	"40-44 years"	"40-44"	432500
	"2022"	"2022"	"Indiana"	"18"	"45-49 years"	"45-49"	397708
	"2022"	"2022"	"Indiana"	"18"	"50-54 years"	"50-54"	420553
	"2022"	"2022"	"Indiana"	"18"	"55-59 years"	"55-59"	424211
	"2022"	"2022"	"Indiana"	"18"	"60-64 years "	"60-64"	434560
	"2022"	"2022"	"Indiana"	"18"	"65-69 years"	"65-69"	383816
	"2022"	"2022"	"Indiana"	"18"	"70-74 years"	"70-74"	304004
	"2022"	"2022"	"Indiana"	"18"	"75-79 years"	"75-79"	209381
	"2022"	"2022"	"Indiana"	"18"	"80-84 years"	"80-84"	128631
	"2022"	"2022"	"Indiana"	"18"	"85+ years"	"85+"	119658
"Total"	"2022"	"2022"	"Indiana"	"18"			6844545
	"2022"	"2022"	"Iowa"	"19"	"< 1 year"	"1"	36688
	"2022"	"2022"	"Iowa"	"19"	"1-4 years"	"1-4"	150716
	"2022"	"2022"	"Iowa"	"19"	"5-9 years"	"5-9"	203286
	"2022"	"2022"	"Iowa"	"19"	"10-14 years"	"10-14"	210793
	"2022"	"2022"	"Iowa"	"19"	"15-19 years"	"15-19"	224779
	"2022"	"2022"	"Iowa"	"19"	"20-24 years"	"20-24"	226972
	"2022"	"2022"	"Iowa"	"19"	"25-29 years"	"25-29"	199856
	"2022"	"2022"	"Iowa"	"19"	"30-34 years"	"30-34"	199640
	"2022"	"2022"	"Iowa"	"19"	"35-39 years"	"35-39"	201408
	"2022"	"2022"	"Iowa"	"19"	"40-44 years"	"40-44"	203020
	"2022"	"2022"	"Iowa"	"19"	"45-49 years"	"45-49"	175580
	"2022"	"2022"	"Iowa"	"19"	"50-54 years"	"50-54"	185046
	"2022"	"2022"	"Iowa"	"19"	"55-59 years"	"55-59"	194025
	"2022"	"2022"	"Iowa"	"19"	"60-64 years "	"60-64"	209626
	"2022"	"2022"	"Iowa"	"19"	"65-69 years"	"65-69"	187624
	"2022"	"2022"	"Iowa"	"19"	"70-74 years"	"70-74"	151357
	"2022"	"2022"	"Iowa"	"19"	"75-79 years"	"75-79"	103592
	"2022"	"2022"	"Iowa"	"19"	"80-84 years"	"80-84"	67051
	"2022"	"2022"	"Iowa"	"19"	"85+ years"	"85+"	71761
"Total"	"2022"	"2022"	"Iowa"	"19"			3202820
	"2022"	"2022"	"Kansas"	"20"	"< 1 year"	"1"	34229
	"2022"	"2022"	"Kansas"	"20"	"1-4 years"	"1-4"	142031
	"2022"	"2022"	"Kansas"	"20"	"5-9 years"	"5-9"	193688
	"2022"	"2022"	"Kansas"	"20"	"10-14 years"	"10-14"	204350
	"2022"	"2022"	"Kansas"	"20"	"15-19 years"	"15-19"	208709
	"2022"	"2022"	"Kansas"	"20"	"20-24 years"	"20-24"	214749
	"2022"	"2022"	"Kansas"	"20"	"25-29 years"	"25-29"	189208
	"2022"	"2022"	"Kansas"	"20"	"30-34 years"	"30-34"	188578
	"2022"	"2022"	"Kansas"	"20"	"35-39 years"	"35-39"	191731
	"2022"	"2022"	"Kansas"	"20"	"40-44 years"	"40-44"	186313
	"2022"	"2022"	"Kansas"	"20"	"45-49 years"	"45-49"	162482
	"2022"	"2022"	"Kansas"	"20"	"50-54 years"	"50-54"	165741
	"2022"	"2022"	"Kansas"	"20"	"55-59 years"	"55-59"	171704
	"2022"	"2022"	"Kansas"	"20"	"60-64 years "	"60-64"	184327
	"2022"	"2022"	"Kansas"	"20"	"65-69 years"	"65-69"	165405
	"2022"	"2022"	"Kansas"	"20"	"70-74 years"	"70-74"	130525
	"2022"	"2022"	"Kansas"	"20"	"75-79 years"	"75-79"	90213
	"2022"	"2022"	"Kansas"	"20"	"80-84 years"	"80-84"	55585
	"2022"	"2022"	"Kansas"	"20"	"85+ years"	"85+"	57756
"Total"	"2022"	"2022"	"Kansas"	"20"			2937324
	"2022"	"2022"	"Kentucky"	"21"	"< 1 year"	"1"	52073
	"2022"	"2022"	"Kentucky"	"21"	"1-4 years"	"1-4"	213545
	"2022"	"2022"	"Kentucky"	"21"	"5-9 years"	"5-9"	282804
	"2022"	"2022"	"Kentucky"	"21"	"10-14 years"	"10-14"	291497
	"2022"	"2022"	"Kentucky"	"21"	"15-19 years"	"15-19"	292064
	"2022"	"2022"	"Kentucky"	"21"	"20-24 years"	"20-24"	296506
	"2022"	"2022"	"Kentucky"	"21"	"25-29 years"	"25-29"	293294
	"2022"	"2022"	"Kentucky"	"21"	"30-34 years"	"30-34"	301859
	"2022"	"2022"	"Kentucky"	"21"	"35-39 years"	"35-39"	279799
	"2022"	"2022"	"Kentucky"	"21"	"40-44 years"	"40-44"	286276
	"2022"	"2022"	"Kentucky"	"21"	"45-49 years"	"45-49"	269327
	"2022"	"2022"	"Kentucky"	"21"	"50-54 years"	"50-54"	286835
	"2022"	"2022"	"Kentucky"	"21"	"55-59 years"	"55-59"	292933
	"2022"	"2022"	"Kentucky"	"21"	"60-64 years "	"60-64"	295539
	"2022"	"2022"	"Kentucky"	"21"	"65-69 years"	"65-69"	263064
	"2022"	"2022"	"Kentucky"	"21"	"70-74 years"	"70-74"	213533
	"2022"	"2022"	"Kentucky"	"21"	"75-79 years"	"75-79"	147284
	"2022"	"2022"	"Kentucky"	"21"	"80-84 years"	"80-84"	87295
	"2022"	"2022"	"Kentucky"	"21"	"85+ years"	"85+"	73706
"Total"	"2022"	"2022"	"Kentucky"	"21"			4519233
	"2022"	"2022"	"Louisiana"	"22"	"< 1 year"	"1"	56082
	"2022"	"2022"	"Louisiana"	"22"	"1-4 years"	"1-4"	227008
	"2022"	"2022"	"Louisiana"	"22"	"5-9 years"	"5-9"	301785
	"2022"	"2022"	"Louisiana"	"22"	"10-14 years"	"10-14"	306347
	"2022"	"2022"	"Louisiana"	"22"	"15-19 years"	"15-19"	304255
	"2022"	"2022"	"Louisiana"	"22"	"20-24 years"	"20-24"	300367
	"2022"	"2022"	"Louisiana"	"22"	"25-29 years"	"25-29"	292582
	"2022"	"2022"	"Louisiana"	"22"	"30-34 years"	"30-34"	318459
	"2022"	"2022"	"Louisiana"	"22"	"35-39 years"	"35-39"	310777
	"2022"	"2022"	"Louisiana"	"22"	"40-44 years"	"40-44"	297940
	"2022"	"2022"	"Louisiana"	"22"	"45-49 years"	"45-49"	258119
	"2022"	"2022"	"Louisiana"	"22"	"50-54 years"	"50-54"	269644
	"2022"	"2022"	"Louisiana"	"22"	"55-59 years"	"55-59"	284471
	"2022"	"2022"	"Louisiana"	"22"	"60-64 years "	"60-64"	294182
	"2022"	"2022"	"Louisiana"	"22"	"65-69 years"	"65-69"	262758
	"2022"	"2022"	"Louisiana"	"22"	"70-74 years"	"70-74"	207482
	"2022"	"2022"	"Louisiana"	"22"	"75-79 years"	"75-79"	142641
	"2022"	"2022"	"Louisiana"	"22"	"80-84 years"	"80-84"	84991
	"2022"	"2022"	"Louisiana"	"22"	"85+ years"	"85+"	73797
"Total"	"2022"	"2022"	"Louisiana"	"22"			4593687
	"2022"	"2022"	"Maine"	"23"	"< 1 year"	"1"	12008
	"2022"	"2022"	"Maine"	"23"	"1-4 years"	"1-4"	50299
	"2022"	"2022"	"Maine"	"23"	"5-9 years"	"5-9"	68591
	"2022"	"2022"	"Maine"	"23"	"10-14 years"	"10-14"	73016
	"2022"	"2022"	"Maine"	"23"	"15-19 years"	"15-19"	81205
	"2022"	"2022"	"Maine"	"23"	"20-24 years"	"20-24"	77478
	"2022"	"2022"	"Maine"	"23"	"25-29 years"	"25-29"	80382
	"2022"	"2022"	"Maine"	"23"	"30-34 years"	"30-34"	88388
	"2022"	"2022"	"Maine"	"23"	"35-39 years"	"35-39"	86546
	"2022"	"2022"	"Maine"	"23"	"40-44 years"	"40-44"	82885
	"2022"	"2022"	"Maine"	"23"	"45-49 years"	"45-49"	77826
	"2022"	"2022"	"Maine"	"23"	"50-54 years"	"50-54"	90772
	"2022"	"2022"	"Maine"	"23"	"55-59 years"	"55-59"	100722
	"2022"	"2022"	"Maine"	"23"	"60-64 years "	"60-64"	109834
	"2022"	"2022"	"Maine"	"23"	"65-69 years"	"65-69"	101996
	"2022"	"2022"	"Maine"	"23"	"70-74 years"	"70-74"	84381
	"2022"	"2022"	"Maine"	"23"	"75-79 years"	"75-79"	58756
	"2022"	"2022"	"Maine"	"23"	"80-84 years"	"80-84"	34090
	"2022"	"2022"	"Maine"	"23"	"85+ years"	"85+"	31747
"Total"	"2022"	"2022"	"Maine"	"23"			1390922
	"2022"	"2022"	"Maryland"	"24"	"< 1 year"	"1"	69429
	"2022"	"2022"	"Maryland"	"24"	"1-4 years"	"1-4"	286203
	"2022"	"2022"	"Maryland"	"24"	"5-9 years"	"5-9"	380171
	"2022"	"2022"	"Maryland"	"24"	"10-14 years"	"10-14"	395655
	"2022"	"2022"	"Maryland"	"24"	"15-19 years"	"15-19"	395939
	"2022"	"2022"	"Maryland"	"24"	"20-24 years"	"20-24"	371386
	"2022"	"2022"	"Maryland"	"24"	"25-29 years"	"25-29"	387845
	"2022"	"2022"	"Maryland"	"24"	"30-34 years"	"30-34"	428354
	"2022"	"2022"	"Maryland"	"24"	"35-39 years"	"35-39"	430124
	"2022"	"2022"	"Maryland"	"24"	"40-44 years"	"40-44"	412377
	"2022"	"2022"	"Maryland"	"24"	"45-49 years"	"45-49"	369846
	"2022"	"2022"	"Maryland"	"24"	"50-54 years"	"50-54"	405877
	"2022"	"2022"	"Maryland"	"24"	"55-59 years"	"55-59"	421787
	"2022"	"2022"	"Maryland"	"24"	"60-64 years "	"60-64"	405847
	"2022"	"2022"	"Maryland"	"24"	"65-69 years"	"65-69"	339039
	"2022"	"2022"	"Maryland"	"24"	"70-74 years"	"70-74"	270518
	"2022"	"2022"	"Maryland"	"24"	"75-79 years"	"75-79"	193708
	"2022"	"2022"	"Maryland"	"24"	"80-84 years"	"80-84"	117028
	"2022"	"2022"	"Maryland"	"24"	"85+ years"	"85+"	111307
"Total"	"2022"	"2022"	"Maryland"	"24"			6192440
	"2022"	"2022"	"Massachusetts"	"25"	"< 1 year"	"1"	69941
	"2022"	"2022"	"Massachusetts"	"25"	"1-4 years"	"1-4"	276896
	"2022"	"2022"	"Massachusetts"	"25"	"5-9 years"	"5-9"	369173
	"2022"	"2022"	"Massachusetts"	"25"	"10-14 years"	"10-14"	390462
	"2022"	"2022"	"Massachusetts"	"25"	"15-19 years"	"15-19"	459631
	"2022"	"2022"	"Massachusetts"	"25"	"20-24 years"	"20-24"	485090
	"2022"	"2022"	"Massachusetts"	"25"	"25-29 years"	"25-29"	485620
	"2022"	"2022"	"Massachusetts"	"25"	"30-34 years"	"30-34"	498510
	"2022"	"2022"	"Massachusetts"	"25"	"35-39 years"	"35-39"	476708
	"2022"	"2022"	"Massachusetts"	"25"	"40-44 years"	"40-44"	437571
	"2022"	"2022"	"Massachusetts"	"25"	"45-49 years"	"45-49"	405329
	"2022"	"2022"	"Massachusetts"	"25"	"50-54 years"	"50-54"	454834
	"2022"	"2022"	"Massachusetts"	"25"	"55-59 years"	"55-59"	482379
	"2022"	"2022"	"Massachusetts"	"25"	"60-64 years "	"60-64"	475182
	"2022"	"2022"	"Massachusetts"	"25"	"65-69 years"	"65-69"	409140
	"2022"	"2022"	"Massachusetts"	"25"	"70-74 years"	"70-74"	328462
	"2022"	"2022"	"Massachusetts"	"25"	"75-79 years"	"75-79"	235384
	"2022"	"2022"	"Massachusetts"	"25"	"80-84 years"	"80-84"	140168
	"2022"	"2022"	"Massachusetts"	"25"	"85+ years"	"85+"	141988
"Total"	"2022"	"2022"	"Massachusetts"	"25"			7022468
	"2022"	"2022"	"Michigan"	"26"	"< 1 year"	"1"	103999
	"2022"	"2022"	"Michigan"	"26"	"1-4 years"	"1-4"	436587
	"2022"	"2022"	"Michigan"	"26"	"5-9 years"	"5-9"	590535
	"2022"	"2022"	"Michigan"	"26"	"10-14 years"	"10-14"	615736
	"2022"	"2022"	"Michigan"	"26"	"15-19 years"	"15-19"	646661
	"2022"	"2022"	"Michigan"	"26"	"20-24 years"	"20-24"	669901
	"2022"	"2022"	"Michigan"	"26"	"25-29 years"	"25-29"	651174
	"2022"	"2022"	"Michigan"	"26"	"30-34 years"	"30-34"	672838
	"2022"	"2022"	"Michigan"	"26"	"35-39 years"	"35-39"	613004
	"2022"	"2022"	"Michigan"	"26"	"40-44 years"	"40-44"	605449
	"2022"	"2022"	"Michigan"	"26"	"45-49 years"	"45-49"	566629
	"2022"	"2022"	"Michigan"	"26"	"50-54 years"	"50-54"	640881
	"2022"	"2022"	"Michigan"	"26"	"55-59 years"	"55-59"	668969
	"2022"	"2022"	"Michigan"	"26"	"60-64 years "	"60-64"	697621
	"2022"	"2022"	"Michigan"	"26"	"65-69 years"	"65-69"	628538
	"2022"	"2022"	"Michigan"	"26"	"70-74 years"	"70-74"	501434
	"2022"	"2022"	"Michigan"	"26"	"75-79 years"	"75-79"	345763
	"2022"	"2022"	"Michigan"	"26"	"80-84 years"	"80-84"	207703
	"2022"	"2022"	"Michigan"	"26"	"85+ years"	"85+"	187455
"Total"	"2022"	"2022"	"Michigan"	"26"			10050877
	"2022"	"2022"	"Minnesota"	"27"	"< 1 year"	"1"	64614
	"2022"	"2022"	"Minnesota"	"27"	"1-4 years"	"1-4"	268655
	"2022"	"2022"	"Minnesota"	"27"	"5-9 years"	"5-9"	366413
	"2022"	"2022"	"Minnesota"	"27"	"10-14 years"	"10-14"	378080
	"2022"	"2022"	"Minnesota"	"27"	"15-19 years"	"15-19"	377094
	"2022"	"2022"	"Minnesota"	"27"	"20-24 years"	"20-24"	353721
	"2022"	"2022"	"Minnesota"	"27"	"25-29 years"	"25-29"	362535
	"2022"	"2022"	"Minnesota"	"27"	"30-34 years"	"30-34"	381339
	"2022"	"2022"	"Minnesota"	"27"	"35-39 years"	"35-39"	396037
	"2022"	"2022"	"Minnesota"	"27"	"40-44 years"	"40-44"	380094
	"2022"	"2022"	"Minnesota"	"27"	"45-49 years"	"45-49"	320628
	"2022"	"2022"	"Minnesota"	"27"	"50-54 years"	"50-54"	340764
	"2022"	"2022"	"Minnesota"	"27"	"55-59 years"	"55-59"	360481
	"2022"	"2022"	"Minnesota"	"27"	"60-64 years "	"60-64"	380805
	"2022"	"2022"	"Minnesota"	"27"	"65-69 years"	"65-69"	327851
	"2022"	"2022"	"Minnesota"	"27"	"70-74 years"	"70-74"	258993
	"2022"	"2022"	"Minnesota"	"27"	"75-79 years"	"75-79"	176901
	"2022"	"2022"	"Minnesota"	"27"	"80-84 years"	"80-84"	111436
	"2022"	"2022"	"Minnesota"	"27"	"85+ years"	"85+"	115180
"Total"	"2022"	"2022"	"Minnesota"	"27"			5721621
	"2022"	"2022"	"Mississippi"	"28"	"< 1 year"	"1"	34622
	"2022"	"2022"	"Mississippi"	"28"	"1-4 years"	"1-4"	141289
	"2022"	"2022"	"Mississippi"	"28"	"5-9 years"	"5-9"	184011
	"2022"	"2022"	"Mississippi"	"28"	"10-14 years"	"10-14"	199620
	"2022"	"2022"	"Mississippi"	"28"	"15-19 years"	"15-19"	209663
	"2022"	"2022"	"Mississippi"	"28"	"20-24 years"	"20-24"	200947
	"2022"	"2022"	"Mississippi"	"28"	"25-29 years"	"25-29"	185264
	"2022"	"2022"	"Mississippi"	"28"	"30-34 years"	"30-34"	191631
	"2022"	"2022"	"Mississippi"	"28"	"35-39 years"	"35-39"	180943
	"2022"	"2022"	"Mississippi"	"28"	"40-44 years"	"40-44"	184701
	"2022"	"2022"	"Mississippi"	"28"	"45-49 years"	"45-49"	170821
	"2022"	"2022"	"Mississippi"	"28"	"50-54 years"	"50-54"	181371
	"2022"	"2022"	"Mississippi"	"28"	"55-59 years"	"55-59"	183634
	"2022"	"2022"	"Mississippi"	"28"	"60-64 years "	"60-64"	188955
	"2022"	"2022"	"Mississippi"	"28"	"65-69 years"	"65-69"	168404
	"2022"	"2022"	"Mississippi"	"28"	"70-74 years"	"70-74"	135593
	"2022"	"2022"	"Mississippi"	"28"	"75-79 years"	"75-79"	94490
	"2022"	"2022"	"Mississippi"	"28"	"80-84 years"	"80-84"	56960
	"2022"	"2022"	"Mississippi"	"28"	"85+ years"	"85+"	49020
"Total"	"2022"	"2022"	"Mississippi"	"28"			2941939
	"2022"	"2022"	"Missouri"	"29"	"< 1 year"	"1"	68625
	"2022"	"2022"	"Missouri"	"29"	"1-4 years"	"1-4"	287519
	"2022"	"2022"	"Missouri"	"29"	"5-9 years"	"5-9"	381181
	"2022"	"2022"	"Missouri"	"29"	"10-14 years"	"10-14"	397228
	"2022"	"2022"	"Missouri"	"29"	"15-19 years"	"15-19"	404214
	"2022"	"2022"	"Missouri"	"29"	"20-24 years"	"20-24"	404277
	"2022"	"2022"	"Missouri"	"29"	"25-29 years"	"25-29"	398733
	"2022"	"2022"	"Missouri"	"29"	"30-34 years"	"30-34"	415002
	"2022"	"2022"	"Missouri"	"29"	"35-39 years"	"35-39"	402923
	"2022"	"2022"	"Missouri"	"29"	"40-44 years"	"40-44"	390897
	"2022"	"2022"	"Missouri"	"29"	"45-49 years"	"45-49"	347432
	"2022"	"2022"	"Missouri"	"29"	"50-54 years"	"50-54"	371318
	"2022"	"2022"	"Missouri"	"29"	"55-59 years"	"55-59"	389232
	"2022"	"2022"	"Missouri"	"29"	"60-64 years "	"60-64"	415457
	"2022"	"2022"	"Missouri"	"29"	"65-69 years"	"65-69"	363372
	"2022"	"2022"	"Missouri"	"29"	"70-74 years"	"70-74"	289710
	"2022"	"2022"	"Missouri"	"29"	"75-79 years"	"75-79"	205901
	"2022"	"2022"	"Missouri"	"29"	"80-84 years"	"80-84"	126937
	"2022"	"2022"	"Missouri"	"29"	"85+ years"	"85+"	119456
"Total"	"2022"	"2022"	"Missouri"	"29"			6179414
	"2022"	"2022"	"Montana"	"30"	"< 1 year"	"1"	11210
	"2022"	"2022"	"Montana"	"30"	"1-4 years"	"1-4"	46910
	"2022"	"2022"	"Montana"	"30"	"5-9 years"	"5-9"	66573
	"2022"	"2022"	"Montana"	"30"	"10-14 years"	"10-14"	69147
	"2022"	"2022"	"Montana"	"30"	"15-19 years"	"15-19"	69106
	"2022"	"2022"	"Montana"	"30"	"20-24 years"	"20-24"	74257
	"2022"	"2022"	"Montana"	"30"	"25-29 years"	"25-29"	72070
	"2022"	"2022"	"Montana"	"30"	"30-34 years"	"30-34"	74633
	"2022"	"2022"	"Montana"	"30"	"35-39 years"	"35-39"	73029
	"2022"	"2022"	"Montana"	"30"	"40-44 years"	"40-44"	71655
	"2022"	"2022"	"Montana"	"30"	"45-49 years"	"45-49"	61053
	"2022"	"2022"	"Montana"	"30"	"50-54 years"	"50-54"	62517
	"2022"	"2022"	"Montana"	"30"	"55-59 years"	"55-59"	67025
	"2022"	"2022"	"Montana"	"30"	"60-64 years "	"60-64"	78318
	"2022"	"2022"	"Montana"	"30"	"65-69 years"	"65-69"	75570
	"2022"	"2022"	"Montana"	"30"	"70-74 years"	"70-74"	62141
	"2022"	"2022"	"Montana"	"30"	"75-79 years"	"75-79"	41144
	"2022"	"2022"	"Montana"	"30"	"80-84 years"	"80-84"	24173
	"2022"	"2022"	"Montana"	"30"	"85+ years"	"85+"	21564
"Total"	"2022"	"2022"	"Montana"	"30"			1122095
	"2022"	"2022"	"Nebraska"	"31"	"< 1 year"	"1"	24244
	"2022"	"2022"	"Nebraska"	"31"	"1-4 years"	"1-4"	100944
	"2022"	"2022"	"Nebraska"	"31"	"5-9 years"	"5-9"	135707
	"2022"	"2022"	"Nebraska"	"31"	"10-14 years"	"10-14"	138292
	"2022"	"2022"	"Nebraska"	"31"	"15-19 years"	"15-19"	139206
	"2022"	"2022"	"Nebraska"	"31"	"20-24 years"	"20-24"	137521
	"2022"	"2022"	"Nebraska"	"31"	"25-29 years"	"25-29"	126731
	"2022"	"2022"	"Nebraska"	"31"	"30-34 years"	"30-34"	126339
	"2022"	"2022"	"Nebraska"	"31"	"35-39 years"	"35-39"	131400
	"2022"	"2022"	"Nebraska"	"31"	"40-44 years"	"40-44"	127203
	"2022"	"2022"	"Nebraska"	"31"	"45-49 years"	"45-49"	108968
	"2022"	"2022"	"Nebraska"	"31"	"50-54 years"	"50-54"	109858
	"2022"	"2022"	"Nebraska"	"31"	"55-59 years"	"55-59"	113442
	"2022"	"2022"	"Nebraska"	"31"	"60-64 years "	"60-64"	121930
	"2022"	"2022"	"Nebraska"	"31"	"65-69 years"	"65-69"	108632
	"2022"	"2022"	"Nebraska"	"31"	"70-74 years"	"70-74"	87762
	"2022"	"2022"	"Nebraska"	"31"	"75-79 years"	"75-79"	59095
	"2022"	"2022"	"Nebraska"	"31"	"80-84 years"	"80-84"	36885
	"2022"	"2022"	"Nebraska"	"31"	"85+ years"	"85+"	38087
"Total"	"2022"	"2022"	"Nebraska"	"31"			1972246
	"2022"	"2022"	"Nevada"	"32"	"< 1 year"	"1"	33191
	"2022"	"2022"	"Nevada"	"32"	"1-4 years"	"1-4"	141287
	"2022"	"2022"	"Nevada"	"32"	"5-9 years"	"5-9"	192452
	"2022"	"2022"	"Nevada"	"32"	"10-14 years"	"10-14"	202179
	"2022"	"2022"	"Nevada"	"32"	"15-19 years"	"15-19"	192622
	"2022"	"2022"	"Nevada"	"32"	"20-24 years"	"20-24"	184445
	"2022"	"2022"	"Nevada"	"32"	"25-29 years"	"25-29"	218306
	"2022"	"2022"	"Nevada"	"32"	"30-34 years"	"30-34"	239584
	"2022"	"2022"	"Nevada"	"32"	"35-39 years"	"35-39"	226099
	"2022"	"2022"	"Nevada"	"32"	"40-44 years"	"40-44"	212860
	"2022"	"2022"	"Nevada"	"32"	"45-49 years"	"45-49"	193343
	"2022"	"2022"	"Nevada"	"32"	"50-54 years"	"50-54"	205136
	"2022"	"2022"	"Nevada"	"32"	"55-59 years"	"55-59"	199116
	"2022"	"2022"	"Nevada"	"32"	"60-64 years "	"60-64"	196104
	"2022"	"2022"	"Nevada"	"32"	"65-69 years"	"65-69"	177867
	"2022"	"2022"	"Nevada"	"32"	"70-74 years"	"70-74"	148797
	"2022"	"2022"	"Nevada"	"32"	"75-79 years"	"75-79"	107922
	"2022"	"2022"	"Nevada"	"32"	"80-84 years"	"80-84"	60119
	"2022"	"2022"	"Nevada"	"32"	"85+ years"	"85+"	44687
"Total"	"2022"	"2022"	"Nevada"	"32"			3176116
	"2022"	"2022"	"New Hampshire"	"33"	"< 1 year"	"1"	12305
	"2022"	"2022"	"New Hampshire"	"33"	"1-4 years"	"1-4"	50502
	"2022"	"2022"	"New Hampshire"	"33"	"5-9 years"	"5-9"	68759
	"2022"	"2022"	"New Hampshire"	"33"	"10-14 years"	"10-14"	74618
	"2022"	"2022"	"New Hampshire"	"33"	"15-19 years"	"15-19"	83562
	"2022"	"2022"	"New Hampshire"	"33"	"20-24 years"	"20-24"	85356
	"2022"	"2022"	"New Hampshire"	"33"	"25-29 years"	"25-29"	86572
	"2022"	"2022"	"New Hampshire"	"33"	"30-34 years"	"30-34"	92319
	"2022"	"2022"	"New Hampshire"	"33"	"35-39 years"	"35-39"	89094
	"2022"	"2022"	"New Hampshire"	"33"	"40-44 years"	"40-44"	83300
	"2022"	"2022"	"New Hampshire"	"33"	"45-49 years"	"45-49"	78084
	"2022"	"2022"	"New Hampshire"	"33"	"50-54 years"	"50-54"	94705
	"2022"	"2022"	"New Hampshire"	"33"	"55-59 years"	"55-59"	105642
	"2022"	"2022"	"New Hampshire"	"33"	"60-64 years "	"60-64"	111317
	"2022"	"2022"	"New Hampshire"	"33"	"65-69 years"	"65-69"	95460
	"2022"	"2022"	"New Hampshire"	"33"	"70-74 years"	"70-74"	74846
	"2022"	"2022"	"New Hampshire"	"33"	"75-79 years"	"75-79"	51945
	"2022"	"2022"	"New Hampshire"	"33"	"80-84 years"	"80-84"	29547
	"2022"	"2022"	"New Hampshire"	"33"	"85+ years"	"85+"	28745
"Total"	"2022"	"2022"	"New Hampshire"	"33"			1396678
	"2022"	"2022"	"New Jersey"	"34"	"< 1 year"	"1"	103446
	"2022"	"2022"	"New Jersey"	"34"	"1-4 years"	"1-4"	420242
	"2022"	"2022"	"New Jersey"	"34"	"5-9 years"	"5-9"	555784
	"2022"	"2022"	"New Jersey"	"34"	"10-14 years"	"10-14"	582998
	"2022"	"2022"	"New Jersey"	"34"	"15-19 years"	"15-19"	584764
	"2022"	"2022"	"New Jersey"	"34"	"20-24 years"	"20-24"	553034
	"2022"	"2022"	"New Jersey"	"34"	"25-29 years"	"25-29"	580058
	"2022"	"2022"	"New Jersey"	"34"	"30-34 years"	"30-34"	617755
	"2022"	"2022"	"New Jersey"	"34"	"35-39 years"	"35-39"	620305
	"2022"	"2022"	"New Jersey"	"34"	"40-44 years"	"40-44"	610767
	"2022"	"2022"	"New Jersey"	"34"	"45-49 years"	"45-49"	576494
	"2022"	"2022"	"New Jersey"	"34"	"50-54 years"	"50-54"	624665
	"2022"	"2022"	"New Jersey"	"34"	"55-59 years"	"55-59"	642313
	"2022"	"2022"	"New Jersey"	"34"	"60-64 years "	"60-64"	622775
	"2022"	"2022"	"New Jersey"	"34"	"65-69 years"	"65-69"	520281
	"2022"	"2022"	"New Jersey"	"34"	"70-74 years"	"70-74"	407809
	"2022"	"2022"	"New Jersey"	"34"	"75-79 years"	"75-79"	300645
	"2022"	"2022"	"New Jersey"	"34"	"80-84 years"	"80-84"	186068
	"2022"	"2022"	"New Jersey"	"34"	"85+ years"	"85+"	185024
"Total"	"2022"	"2022"	"New Jersey"	"34"			9295227
	"2022"	"2022"	"New Mexico"	"35"	"< 1 year"	"1"	21273
	"2022"	"2022"	"New Mexico"	"35"	"1-4 years"	"1-4"	89105
	"2022"	"2022"	"New Mexico"	"35"	"5-9 years"	"5-9"	125796
	"2022"	"2022"	"New Mexico"	"35"	"10-14 years"	"10-14"	137714
	"2022"	"2022"	"New Mexico"	"35"	"15-19 years"	"15-19"	143168
	"2022"	"2022"	"New Mexico"	"35"	"20-24 years"	"20-24"	141085
	"2022"	"2022"	"New Mexico"	"35"	"25-29 years"	"25-29"	135668
	"2022"	"2022"	"New Mexico"	"35"	"30-34 years"	"30-34"	141883
	"2022"	"2022"	"New Mexico"	"35"	"35-39 years"	"35-39"	139680
	"2022"	"2022"	"New Mexico"	"35"	"40-44 years"	"40-44"	130704
	"2022"	"2022"	"New Mexico"	"35"	"45-49 years"	"45-49"	115889
	"2022"	"2022"	"New Mexico"	"35"	"50-54 years"	"50-54"	119153
	"2022"	"2022"	"New Mexico"	"35"	"55-59 years"	"55-59"	125585
	"2022"	"2022"	"New Mexico"	"35"	"60-64 years "	"60-64"	138552
	"2022"	"2022"	"New Mexico"	"35"	"65-69 years"	"65-69"	130719
	"2022"	"2022"	"New Mexico"	"35"	"70-74 years"	"70-74"	112827
	"2022"	"2022"	"New Mexico"	"35"	"75-79 years"	"75-79"	79081
	"2022"	"2022"	"New Mexico"	"35"	"80-84 years"	"80-84"	46466
	"2022"	"2022"	"New Mexico"	"35"	"85+ years"	"85+"	39520
"Total"	"2022"	"2022"	"New Mexico"	"35"			2113868
	"2022"	"2022"	"New York"	"36"	"< 1 year"	"1"	212504
	"2022"	"2022"	"New York"	"36"	"1-4 years"	"1-4"	853051
	"2022"	"2022"	"New York"	"36"	"5-9 years"	"5-9"	1120849
	"2022"	"2022"	"New York"	"36"	"10-14 years"	"10-14"	1143929
	"2022"	"2022"	"New York"	"36"	"15-19 years"	"15-19"	1208727
	"2022"	"2022"	"New York"	"36"	"20-24 years"	"20-24"	1252061
	"2022"	"2022"	"New York"	"36"	"25-29 years"	"25-29"	1356675
	"2022"	"2022"	"New York"	"36"	"30-34 years"	"30-34"	1421038
	"2022"	"2022"	"New York"	"36"	"35-39 years"	"35-39"	1317575
	"2022"	"2022"	"New York"	"36"	"40-44 years"	"40-44"	1229200
	"2022"	"2022"	"New York"	"36"	"45-49 years"	"45-49"	1144651
	"2022"	"2022"	"New York"	"36"	"50-54 years"	"50-54"	1263209
	"2022"	"2022"	"New York"	"36"	"55-59 years"	"55-59"	1327717
	"2022"	"2022"	"New York"	"36"	"60-64 years "	"60-64"	1311406
	"2022"	"2022"	"New York"	"36"	"65-69 years"	"65-69"	1130302
	"2022"	"2022"	"New York"	"36"	"70-74 years"	"70-74"	914106
	"2022"	"2022"	"New York"	"36"	"75-79 years"	"75-79"	655169
	"2022"	"2022"	"New York"	"36"	"80-84 years"	"80-84"	414565
	"2022"	"2022"	"New York"	"36"	"85+ years"	"85+"	427013
"Total"	"2022"	"2022"	"New York"	"36"			19703747
	"2022"	"2022"	"North Carolina"	"37"	"< 1 year"	"1"	121260
	"2022"	"2022"	"North Carolina"	"37"	"1-4 years"	"1-4"	481979
	"2022"	"2022"	"North Carolina"	"37"	"5-9 years"	"5-9"	636205
	"2022"	"2022"	"North Carolina"	"37"	"10-14 years"	"10-14"	673163
	"2022"	"2022"	"North Carolina"	"37"	"15-19 years"	"15-19"	715022
	"2022"	"2022"	"North Carolina"	"37"	"20-24 years"	"20-24"	717758
	"2022"	"2022"	"North Carolina"	"37"	"25-29 years"	"25-29"	704835
	"2022"	"2022"	"North Carolina"	"37"	"30-34 years"	"30-34"	737561
	"2022"	"2022"	"North Carolina"	"37"	"35-39 years"	"35-39"	685948
	"2022"	"2022"	"North Carolina"	"37"	"40-44 years"	"40-44"	674129
	"2022"	"2022"	"North Carolina"	"37"	"45-49 years"	"45-49"	647581
	"2022"	"2022"	"North Carolina"	"37"	"50-54 years"	"50-54"	702832
	"2022"	"2022"	"North Carolina"	"37"	"55-59 years"	"55-59"	689142
	"2022"	"2022"	"North Carolina"	"37"	"60-64 years "	"60-64"	681478
	"2022"	"2022"	"North Carolina"	"37"	"65-69 years"	"65-69"	606354
	"2022"	"2022"	"North Carolina"	"37"	"70-74 years"	"70-74"	500069
	"2022"	"2022"	"North Carolina"	"37"	"75-79 years"	"75-79"	356715
	"2022"	"2022"	"North Carolina"	"37"	"80-84 years"	"80-84"	204006
	"2022"	"2022"	"North Carolina"	"37"	"85+ years"	"85+"	174756
"Total"	"2022"	"2022"	"North Carolina"	"37"			10710793
	"2022"	"2022"	"North Dakota"	"38"	"< 1 year"	"1"	9760
	"2022"	"2022"	"North Dakota"	"38"	"1-4 years"	"1-4"	40217
	"2022"	"2022"	"North Dakota"	"38"	"5-9 years"	"5-9"	53451
	"2022"	"2022"	"North Dakota"	"38"	"10-14 years"	"10-14"	51172
	"2022"	"2022"	"North Dakota"	"38"	"15-19 years"	"15-19"	54420
	"2022"	"2022"	"North Dakota"	"38"	"20-24 years"	"20-24"	62470
	"2022"	"2022"	"North Dakota"	"38"	"25-29 years"	"25-29"	54445
	"2022"	"2022"	"North Dakota"	"38"	"30-34 years"	"30-34"	55919
	"2022"	"2022"	"North Dakota"	"38"	"35-39 years"	"35-39"	53365
	"2022"	"2022"	"North Dakota"	"38"	"40-44 years"	"40-44"	47990
	"2022"	"2022"	"North Dakota"	"38"	"45-49 years"	"45-49"	39180
	"2022"	"2022"	"North Dakota"	"38"	"50-54 years"	"50-54"	39321
	"2022"	"2022"	"North Dakota"	"38"	"55-59 years"	"55-59"	42341
	"2022"	"2022"	"North Dakota"	"38"	"60-64 years "	"60-64"	47359
	"2022"	"2022"	"North Dakota"	"38"	"65-69 years"	"65-69"	42675
	"2022"	"2022"	"North Dakota"	"38"	"70-74 years"	"70-74"	32694
	"2022"	"2022"	"North Dakota"	"38"	"75-79 years"	"75-79"	22327
	"2022"	"2022"	"North Dakota"	"38"	"80-84 years"	"80-84"	14325
	"2022"	"2022"	"North Dakota"	"38"	"85+ years"	"85+"	17626
"Total"	"2022"	"2022"	"North Dakota"	"38"			781057
	"2022"	"2022"	"Ohio"	"39"	"< 1 year"	"1"	128258
	"2022"	"2022"	"Ohio"	"39"	"1-4 years"	"1-4"	539042
	"2022"	"2022"	"Ohio"	"39"	"5-9 years"	"5-9"	720158
	"2022"	"2022"	"Ohio"	"39"	"10-14 years"	"10-14"	743254
	"2022"	"2022"	"Ohio"	"39"	"15-19 years"	"15-19"	761508
	"2022"	"2022"	"Ohio"	"39"	"20-24 years"	"20-24"	745727
	"2022"	"2022"	"Ohio"	"39"	"25-29 years"	"25-29"	761326
	"2022"	"2022"	"Ohio"	"39"	"30-34 years"	"30-34"	796319
	"2022"	"2022"	"Ohio"	"39"	"35-39 years"	"35-39"	745367
	"2022"	"2022"	"Ohio"	"39"	"40-44 years"	"40-44"	726537
	"2022"	"2022"	"Ohio"	"39"	"45-49 years"	"45-49"	667869
	"2022"	"2022"	"Ohio"	"39"	"50-54 years"	"50-54"	739773
	"2022"	"2022"	"Ohio"	"39"	"55-59 years"	"55-59"	757440
	"2022"	"2022"	"Ohio"	"39"	"60-64 years "	"60-64"	796558
	"2022"	"2022"	"Ohio"	"39"	"65-69 years"	"65-69"	714247
	"2022"	"2022"	"Ohio"	"39"	"70-74 years"	"70-74"	573049
	"2022"	"2022"	"Ohio"	"39"	"75-79 years"	"75-79"	392260
	"2022"	"2022"	"Ohio"	"39"	"80-84 years"	"80-84"	242594
	"2022"	"2022"	"Ohio"	"39"	"85+ years"	"85+"	226588
"Total"	"2022"	"2022"	"Ohio"	"39"			11777874
	"2022"	"2022"	"Oklahoma"	"40"	"< 1 year"	"1"	47882
	"2022"	"2022"	"Oklahoma"	"40"	"1-4 years"	"1-4"	198294
	"2022"	"2022"	"Oklahoma"	"40"	"5-9 years"	"5-9"	271227
	"2022"	"2022"	"Oklahoma"	"40"	"10-14 years"	"10-14"	279926
	"2022"	"2022"	"Oklahoma"	"40"	"15-19 years"	"15-19"	280350
	"2022"	"2022"	"Oklahoma"	"40"	"20-24 years"	"20-24"	284345
	"2022"	"2022"	"Oklahoma"	"40"	"25-29 years"	"25-29"	267378
	"2022"	"2022"	"Oklahoma"	"40"	"30-34 years"	"30-34"	276843
	"2022"	"2022"	"Oklahoma"	"40"	"35-39 years"	"35-39"	269574
	"2022"	"2022"	"Oklahoma"	"40"	"40-44 years"	"40-44"	258878
	"2022"	"2022"	"Oklahoma"	"40"	"45-49 years"	"45-49"	227254
	"2022"	"2022"	"Oklahoma"	"40"	"50-54 years"	"50-54"	231134
	"2022"	"2022"	"Oklahoma"	"40"	"55-59 years"	"55-59"	231992
	"2022"	"2022"	"Oklahoma"	"40"	"60-64 years "	"60-64"	245174
	"2022"	"2022"	"Oklahoma"	"40"	"65-69 years"	"65-69"	217011
	"2022"	"2022"	"Oklahoma"	"40"	"70-74 years"	"70-74"	172460
	"2022"	"2022"	"Oklahoma"	"40"	"75-79 years"	"75-79"	124195
	"2022"	"2022"	"Oklahoma"	"40"	"80-84 years"	"80-84"	75683
	"2022"	"2022"	"Oklahoma"	"40"	"85+ years"	"85+"	66629
"Total"	"2022"	"2022"	"Oklahoma"	"40"			4026229
	"2022"	"2022"	"Oregon"	"41"	"< 1 year"	"1"	40270
	"2022"	"2022"	"Oregon"	"41"	"1-4 years"	"1-4"	166514
	"2022"	"2022"	"Oregon"	"41"	"5-9 years"	"5-9"	235065
	"2022"	"2022"	"Oregon"	"41"	"10-14 years"	"10-14"	249846
	"2022"	"2022"	"Oregon"	"41"	"15-19 years"	"15-19"	256516
	"2022"	"2022"	"Oregon"	"41"	"20-24 years"	"20-24"	261229
	"2022"	"2022"	"Oregon"	"41"	"25-29 years"	"25-29"	283077
	"2022"	"2022"	"Oregon"	"41"	"30-34 years"	"30-34"	311679
	"2022"	"2022"	"Oregon"	"41"	"35-39 years"	"35-39"	301925
	"2022"	"2022"	"Oregon"	"41"	"40-44 years"	"40-44"	292832
	"2022"	"2022"	"Oregon"	"41"	"45-49 years"	"45-49"	259443
	"2022"	"2022"	"Oregon"	"41"	"50-54 years"	"50-54"	261954
	"2022"	"2022"	"Oregon"	"41"	"55-59 years"	"55-59"	249714
	"2022"	"2022"	"Oregon"	"41"	"60-64 years "	"60-64"	266252
	"2022"	"2022"	"Oregon"	"41"	"65-69 years"	"65-69"	262415
	"2022"	"2022"	"Oregon"	"41"	"70-74 years"	"70-74"	226054
	"2022"	"2022"	"Oregon"	"41"	"75-79 years"	"75-79"	156763
	"2022"	"2022"	"Oregon"	"41"	"80-84 years"	"80-84"	88449
	"2022"	"2022"	"Oregon"	"41"	"85+ years"	"85+"	77375
"Total"	"2022"	"2022"	"Oregon"	"41"			4247372
	"2022"	"2022"	"Pennsylvania"	"42"	"< 1 year"	"1"	131211
	"2022"	"2022"	"Pennsylvania"	"42"	"1-4 years"	"1-4"	545211
	"2022"	"2022"	"Pennsylvania"	"42"	"5-9 years"	"5-9"	732293
	"2022"	"2022"	"Pennsylvania"	"42"	"10-14 years"	"10-14"	766828
	"2022"	"2022"	"Pennsylvania"	"42"	"15-19 years"	"15-19"	840110
	"2022"	"2022"	"Pennsylvania"	"42"	"20-24 years"	"20-24"	806167
	"2022"	"2022"	"Pennsylvania"	"42"	"25-29 years"	"25-29"	807064
	"2022"	"2022"	"Pennsylvania"	"42"	"30-34 years"	"30-34"	880228
	"2022"	"2022"	"Pennsylvania"	"42"	"35-39 years"	"35-39"	839416
	"2022"	"2022"	"Pennsylvania"	"42"	"40-44 years"	"40-44"	789368
	"2022"	"2022"	"Pennsylvania"	"42"	"45-49 years"	"45-49"	723543
	"2022"	"2022"	"Pennsylvania"	"42"	"50-54 years"	"50-54"	819073
	"2022"	"2022"	"Pennsylvania"	"42"	"55-59 years"	"55-59"	869092
	"2022"	"2022"	"Pennsylvania"	"42"	"60-64 years "	"60-64"	907658
	"2022"	"2022"	"Pennsylvania"	"42"	"65-69 years"	"65-69"	820207
	"2022"	"2022"	"Pennsylvania"	"42"	"70-74 years"	"70-74"	657910
	"2022"	"2022"	"Pennsylvania"	"42"	"75-79 years"	"75-79"	465868
	"2022"	"2022"	"Pennsylvania"	"42"	"80-84 years"	"80-84"	290639
	"2022"	"2022"	"Pennsylvania"	"42"	"85+ years"	"85+"	293104
"Total"	"2022"	"2022"	"Pennsylvania"	"42"			12984990
	"2022"	"2022"	"Rhode Island"	"44"	"< 1 year"	"1"	10489
	"2022"	"2022"	"Rhode Island"	"44"	"1-4 years"	"1-4"	42858
	"2022"	"2022"	"Rhode Island"	"44"	"5-9 years"	"5-9"	56969
	"2022"	"2022"	"Rhode Island"	"44"	"10-14 years"	"10-14"	58810
	"2022"	"2022"	"Rhode Island"	"44"	"15-19 years"	"15-19"	73059
	"2022"	"2022"	"Rhode Island"	"44"	"20-24 years"	"20-24"	75052
	"2022"	"2022"	"Rhode Island"	"44"	"25-29 years"	"25-29"	73148
	"2022"	"2022"	"Rhode Island"	"44"	"30-34 years"	"30-34"	79725
	"2022"	"2022"	"Rhode Island"	"44"	"35-39 years"	"35-39"	72428
	"2022"	"2022"	"Rhode Island"	"44"	"40-44 years"	"40-44"	67305
	"2022"	"2022"	"Rhode Island"	"44"	"45-49 years"	"45-49"	60710
	"2022"	"2022"	"Rhode Island"	"44"	"50-54 years"	"50-54"	69992
	"2022"	"2022"	"Rhode Island"	"44"	"55-59 years"	"55-59"	76512
	"2022"	"2022"	"Rhode Island"	"44"	"60-64 years "	"60-64"	76886
	"2022"	"2022"	"Rhode Island"	"44"	"65-69 years"	"65-69"	67512
	"2022"	"2022"	"Rhode Island"	"44"	"70-74 years"	"70-74"	52784
	"2022"	"2022"	"Rhode Island"	"44"	"75-79 years"	"75-79"	37775
	"2022"	"2022"	"Rhode Island"	"44"	"80-84 years"	"80-84"	22752
	"2022"	"2022"	"Rhode Island"	"44"	"85+ years"	"85+"	24732
"Total"	"2022"	"2022"	"Rhode Island"	"44"			1099498
	"2022"	"2022"	"South Carolina"	"45"	"< 1 year"	"1"	57404
	"2022"	"2022"	"South Carolina"	"45"	"1-4 years"	"1-4"	232201
	"2022"	"2022"	"South Carolina"	"45"	"5-9 years"	"5-9"	310322
	"2022"	"2022"	"South Carolina"	"45"	"10-14 years"	"10-14"	331429
	"2022"	"2022"	"South Carolina"	"45"	"15-19 years"	"15-19"	346662
	"2022"	"2022"	"South Carolina"	"45"	"20-24 years"	"20-24"	338663
	"2022"	"2022"	"South Carolina"	"45"	"25-29 years"	"25-29"	328141
	"2022"	"2022"	"South Carolina"	"45"	"30-34 years"	"30-34"	354837
	"2022"	"2022"	"South Carolina"	"45"	"35-39 years"	"35-39"	331237
	"2022"	"2022"	"South Carolina"	"45"	"40-44 years"	"40-44"	325055
	"2022"	"2022"	"South Carolina"	"45"	"45-49 years"	"45-49"	303824
	"2022"	"2022"	"South Carolina"	"45"	"50-54 years"	"50-54"	332062
	"2022"	"2022"	"South Carolina"	"45"	"55-59 years"	"55-59"	344909
	"2022"	"2022"	"South Carolina"	"45"	"60-64 years "	"60-64"	353740
	"2022"	"2022"	"South Carolina"	"45"	"65-69 years"	"65-69"	327950
	"2022"	"2022"	"South Carolina"	"45"	"70-74 years"	"70-74"	276659
	"2022"	"2022"	"South Carolina"	"45"	"75-79 years"	"75-79"	197367
	"2022"	"2022"	"South Carolina"	"45"	"80-84 years"	"80-84"	108806
	"2022"	"2022"	"South Carolina"	"45"	"85+ years"	"85+"	86667
"Total"	"2022"	"2022"	"South Carolina"	"45"			5287935
	"2022"	"2022"	"South Dakota"	"46"	"< 1 year"	"1"	11297
	"2022"	"2022"	"South Dakota"	"46"	"1-4 years"	"1-4"	46920
	"2022"	"2022"	"South Dakota"	"46"	"5-9 years"	"5-9"	62028
	"2022"	"2022"	"South Dakota"	"46"	"10-14 years"	"10-14"	63122
	"2022"	"2022"	"South Dakota"	"46"	"15-19 years"	"15-19"	61638
	"2022"	"2022"	"South Dakota"	"46"	"20-24 years"	"20-24"	60023
	"2022"	"2022"	"South Dakota"	"46"	"25-29 years"	"25-29"	56838
	"2022"	"2022"	"South Dakota"	"46"	"30-34 years"	"30-34"	57776
	"2022"	"2022"	"South Dakota"	"46"	"35-39 years"	"35-39"	58574
	"2022"	"2022"	"South Dakota"	"46"	"40-44 years"	"40-44"	56142
	"2022"	"2022"	"South Dakota"	"46"	"45-49 years"	"45-49"	47685
	"2022"	"2022"	"South Dakota"	"46"	"50-54 years"	"50-54"	48694
	"2022"	"2022"	"South Dakota"	"46"	"55-59 years"	"55-59"	54142
	"2022"	"2022"	"South Dakota"	"46"	"60-64 years "	"60-64"	61357
	"2022"	"2022"	"South Dakota"	"46"	"65-69 years"	"65-69"	56875
	"2022"	"2022"	"South Dakota"	"46"	"70-74 years"	"70-74"	43757
	"2022"	"2022"	"South Dakota"	"46"	"75-79 years"	"75-79"	27329
	"2022"	"2022"	"South Dakota"	"46"	"80-84 years"	"80-84"	16659
	"2022"	"2022"	"South Dakota"	"46"	"85+ years"	"85+"	18867
"Total"	"2022"	"2022"	"South Dakota"	"46"			909723
	"2022"	"2022"	"Tennessee"	"47"	"< 1 year"	"1"	81900
	"2022"	"2022"	"Tennessee"	"47"	"1-4 years"	"1-4"	329970
	"2022"	"2022"	"Tennessee"	"47"	"5-9 years"	"5-9"	430895
	"2022"	"2022"	"Tennessee"	"47"	"10-14 years"	"10-14"	447757
	"2022"	"2022"	"Tennessee"	"47"	"15-19 years"	"15-19"	448795
	"2022"	"2022"	"Tennessee"	"47"	"20-24 years"	"20-24"	458030
	"2022"	"2022"	"Tennessee"	"47"	"25-29 years"	"25-29"	483482
	"2022"	"2022"	"Tennessee"	"47"	"30-34 years"	"30-34"	497016
	"2022"	"2022"	"Tennessee"	"47"	"35-39 years"	"35-39"	454458
	"2022"	"2022"	"Tennessee"	"47"	"40-44 years"	"40-44"	445199
	"2022"	"2022"	"Tennessee"	"47"	"45-49 years"	"45-49"	420046
	"2022"	"2022"	"Tennessee"	"47"	"50-54 years"	"50-54"	454429
	"2022"	"2022"	"Tennessee"	"47"	"55-59 years"	"55-59"	454685
	"2022"	"2022"	"Tennessee"	"47"	"60-64 years "	"60-64"	451675
	"2022"	"2022"	"Tennessee"	"47"	"65-69 years"	"65-69"	402268
	"2022"	"2022"	"Tennessee"	"47"	"70-74 years"	"70-74"	325215
	"2022"	"2022"	"Tennessee"	"47"	"75-79 years"	"75-79"	231542
	"2022"	"2022"	"Tennessee"	"47"	"80-84 years"	"80-84"	134370
	"2022"	"2022"	"Tennessee"	"47"	"85+ years"	"85+"	110485
"Total"	"2022"	"2022"	"Tennessee"	"47"			7062217
	"2022"	"2022"	"Texas"	"48"	"< 1 year"	"1"	384203
	"2022"	"2022"	"Texas"	"48"	"1-4 years"	"1-4"	1538937
	"2022"	"2022"	"Texas"	"48"	"5-9 years"	"5-9"	2109482
	"2022"	"2022"	"Texas"	"48"	"10-14 years"	"10-14"	2174022
	"2022"	"2022"	"Texas"	"48"	"15-19 years"	"15-19"	2167923
	"2022"	"2022"	"Texas"	"48"	"20-24 years"	"20-24"	2083144
	"2022"	"2022"	"Texas"	"48"	"25-29 years"	"25-29"	2137938
	"2022"	"2022"	"Texas"	"48"	"30-34 years"	"30-34"	2219521
	"2022"	"2022"	"Texas"	"48"	"35-39 years"	"35-39"	2167195
	"2022"	"2022"	"Texas"	"48"	"40-44 years"	"40-44"	2063006
	"2022"	"2022"	"Texas"	"48"	"45-49 years"	"45-49"	1862189
	"2022"	"2022"	"Texas"	"48"	"50-54 years"	"50-54"	1828631
	"2022"	"2022"	"Texas"	"48"	"55-59 years"	"55-59"	1698075
	"2022"	"2022"	"Texas"	"48"	"60-64 years "	"60-64"	1637440
	"2022"	"2022"	"Texas"	"48"	"65-69 years"	"65-69"	1387933
	"2022"	"2022"	"Texas"	"48"	"70-74 years"	"70-74"	1080167
	"2022"	"2022"	"Texas"	"48"	"75-79 years"	"75-79"	750614
	"2022"	"2022"	"Texas"	"48"	"80-84 years"	"80-84"	439305
	"2022"	"2022"	"Texas"	"48"	"85+ years"	"85+"	383763
"Total"	"2022"	"2022"	"Texas"	"48"			30113488
	"2022"	"2022"	"Utah"	"49"	"< 1 year"	"1"	46088
	"2022"	"2022"	"Utah"	"49"	"1-4 years"	"1-4"	188877
	"2022"	"2022"	"Utah"	"49"	"5-9 years"	"5-9"	260435
	"2022"	"2022"	"Utah"	"49"	"10-14 years"	"10-14"	277129
	"2022"	"2022"	"Utah"	"49"	"15-19 years"	"15-19"	278288
	"2022"	"2022"	"Utah"	"49"	"20-24 years"	"20-24"	286653
	"2022"	"2022"	"Utah"	"49"	"25-29 years"	"25-29"	259560
	"2022"	"2022"	"Utah"	"49"	"30-34 years"	"30-34"	242810
	"2022"	"2022"	"Utah"	"49"	"35-39 years"	"35-39"	229128
	"2022"	"2022"	"Utah"	"49"	"40-44 years"	"40-44"	238043
	"2022"	"2022"	"Utah"	"49"	"45-49 years"	"45-49"	198894
	"2022"	"2022"	"Utah"	"49"	"50-54 years"	"50-54"	172638
	"2022"	"2022"	"Utah"	"49"	"55-59 years"	"55-59"	154114
	"2022"	"2022"	"Utah"	"49"	"60-64 years "	"60-64"	156200
	"2022"	"2022"	"Utah"	"49"	"65-69 years"	"65-69"	138277
	"2022"	"2022"	"Utah"	"49"	"70-74 years"	"70-74"	108433
	"2022"	"2022"	"Utah"	"49"	"75-79 years"	"75-79"	75033
	"2022"	"2022"	"Utah"	"49"	"80-84 years"	"80-84"	44203
	"2022"	"2022"	"Utah"	"49"	"85+ years"	"85+"	36208
"Total"	"2022"	"2022"	"Utah"	"49"			3391011
	"2022"	"2022"	"Vermont"	"50"	"< 1 year"	"1"	5445
	"2022"	"2022"	"Vermont"	"50"	"1-4 years"	"1-4"	22575
	"2022"	"2022"	"Vermont"	"50"	"5-9 years"	"5-9"	32071
	"2022"	"2022"	"Vermont"	"50"	"10-14 years"	"10-14"	34303
	"2022"	"2022"	"Vermont"	"50"	"15-19 years"	"15-19"	41792
	"2022"	"2022"	"Vermont"	"50"	"20-24 years"	"20-24"	44204
	"2022"	"2022"	"Vermont"	"50"	"25-29 years"	"25-29"	37681
	"2022"	"2022"	"Vermont"	"50"	"30-34 years"	"30-34"	40206
	"2022"	"2022"	"Vermont"	"50"	"35-39 years"	"35-39"	40472
	"2022"	"2022"	"Vermont"	"50"	"40-44 years"	"40-44"	39239
	"2022"	"2022"	"Vermont"	"50"	"45-49 years"	"45-49"	35909
	"2022"	"2022"	"Vermont"	"50"	"50-54 years"	"50-54"	41093
	"2022"	"2022"	"Vermont"	"50"	"55-59 years"	"55-59"	44745
	"2022"	"2022"	"Vermont"	"50"	"60-64 years "	"60-64"	49423
	"2022"	"2022"	"Vermont"	"50"	"65-69 years"	"65-69"	46028
	"2022"	"2022"	"Vermont"	"50"	"70-74 years"	"70-74"	38034
	"2022"	"2022"	"Vermont"	"50"	"75-79 years"	"75-79"	26478
	"2022"	"2022"	"Vermont"	"50"	"80-84 years"	"80-84"	14878
	"2022"	"2022"	"Vermont"	"50"	"85+ years"	"85+"	13566
"Total"	"2022"	"2022"	"Vermont"	"50"			648142
	"2022"	"2022"	"Virginia"	"51"	"< 1 year"	"1"	95391
	"2022"	"2022"	"Virginia"	"51"	"1-4 years"	"1-4"	394909
	"2022"	"2022"	"Virginia"	"51"	"5-9 years"	"5-9"	523503
	"2022"	"2022"	"Virginia"	"51"	"10-14 years"	"10-14"	540574
	"2022"	"2022"	"Virginia"	"51"	"15-19 years"	"15-19"	562887
	"2022"	"2022"	"Virginia"	"51"	"20-24 years"	"20-24"	569676
	"2022"	"2022"	"Virginia"	"51"	"25-29 years"	"25-29"	575854
	"2022"	"2022"	"Virginia"	"51"	"30-34 years"	"30-34"	601456
	"2022"	"2022"	"Virginia"	"51"	"35-39 years"	"35-39"	598359
	"2022"	"2022"	"Virginia"	"51"	"40-44 years"	"40-44"	576503
	"2022"	"2022"	"Virginia"	"51"	"45-49 years"	"45-49"	522360
	"2022"	"2022"	"Virginia"	"51"	"50-54 years"	"50-54"	556373
	"2022"	"2022"	"Virginia"	"51"	"55-59 years"	"55-59"	563276
	"2022"	"2022"	"Virginia"	"51"	"60-64 years "	"60-64"	550343
	"2022"	"2022"	"Virginia"	"51"	"65-69 years"	"65-69"	474018
	"2022"	"2022"	"Virginia"	"51"	"70-74 years"	"70-74"	385773
	"2022"	"2022"	"Virginia"	"51"	"75-79 years"	"75-79"	279713
	"2022"	"2022"	"Virginia"	"51"	"80-84 years"	"80-84"	165537
	"2022"	"2022"	"Virginia"	"51"	"85+ years"	"85+"	146909
"Total"	"2022"	"2022"	"Virginia"	"51"			8683414
	"2022"	"2022"	"Washington"	"53"	"< 1 year"	"1"	84060
	"2022"	"2022"	"Washington"	"53"	"1-4 years"	"1-4"	345051
	"2022"	"2022"	"Washington"	"53"	"5-9 years"	"5-9"	469292
	"2022"	"2022"	"Washington"	"53"	"10-14 years"	"10-14"	479956
	"2022"	"2022"	"Washington"	"53"	"15-19 years"	"15-19"	465719
	"2022"	"2022"	"Washington"	"53"	"20-24 years"	"20-24"	481254
	"2022"	"2022"	"Washington"	"53"	"25-29 years"	"25-29"	561687
	"2022"	"2022"	"Washington"	"53"	"30-34 years"	"30-34"	623137
	"2022"	"2022"	"Washington"	"53"	"35-39 years"	"35-39"	582385
	"2022"	"2022"	"Washington"	"53"	"40-44 years"	"40-44"	532407
	"2022"	"2022"	"Washington"	"53"	"45-49 years"	"45-49"	458330
	"2022"	"2022"	"Washington"	"53"	"50-54 years"	"50-54"	474538
	"2022"	"2022"	"Washington"	"53"	"55-59 years"	"55-59"	460517
	"2022"	"2022"	"Washington"	"53"	"60-64 years "	"60-64"	475790
	"2022"	"2022"	"Washington"	"53"	"65-69 years"	"65-69"	434662
	"2022"	"2022"	"Washington"	"53"	"70-74 years"	"70-74"	353865
	"2022"	"2022"	"Washington"	"53"	"75-79 years"	"75-79"	246079
	"2022"	"2022"	"Washington"	"53"	"80-84 years"	"80-84"	139045
	"2022"	"2022"	"Washington"	"53"	"85+ years"	"85+"	126349
"Total"	"2022"	"2022"	"Washington"	"53"			7794123
	"2022"	"2022"	"West Virginia"	"54"	"< 1 year"	"1"	16852
	"2022"	"2022"	"West Virginia"	"54"	"1-4 years"	"1-4"	70953
	"2022"	"2022"	"West Virginia"	"54"	"5-9 years"	"5-9"	97700
	"2022"	"2022"	"West Virginia"	"54"	"10-14 years"	"10-14"	104164
	"2022"	"2022"	"West Virginia"	"54"	"15-19 years"	"15-19"	108826
	"2022"	"2022"	"West Virginia"	"54"	"20-24 years"	"20-24"	111057
	"2022"	"2022"	"West Virginia"	"54"	"25-29 years"	"25-29"	104899
	"2022"	"2022"	"West Virginia"	"54"	"30-34 years"	"30-34"	108759
	"2022"	"2022"	"West Virginia"	"54"	"35-39 years"	"35-39"	102041
	"2022"	"2022"	"West Virginia"	"54"	"40-44 years"	"40-44"	110131
	"2022"	"2022"	"West Virginia"	"54"	"45-49 years"	"45-49"	107417
	"2022"	"2022"	"West Virginia"	"54"	"50-54 years"	"50-54"	116033
	"2022"	"2022"	"West Virginia"	"54"	"55-59 years"	"55-59"	117590
	"2022"	"2022"	"West Virginia"	"54"	"60-64 years "	"60-64"	123786
	"2022"	"2022"	"West Virginia"	"54"	"65-69 years"	"65-69"	119159
	"2022"	"2022"	"West Virginia"	"54"	"70-74 years"	"70-74"	104199
	"2022"	"2022"	"West Virginia"	"54"	"75-79 years"	"75-79"	71205
	"2022"	"2022"	"West Virginia"	"54"	"80-84 years"	"80-84"	42660
	"2022"	"2022"	"West Virginia"	"54"	"85+ years"	"85+"	36691
"Total"	"2022"	"2022"	"West Virginia"	"54"			1774122
	"2022"	"2022"	"Wisconsin"	"55"	"< 1 year"	"1"	60559
	"2022"	"2022"	"Wisconsin"	"55"	"1-4 years"	"1-4"	254544
	"2022"	"2022"	"Wisconsin"	"55"	"5-9 years"	"5-9"	345541
	"2022"	"2022"	"Wisconsin"	"55"	"10-14 years"	"10-14"	369431
	"2022"	"2022"	"Wisconsin"	"55"	"15-19 years"	"15-19"	388342
	"2022"	"2022"	"Wisconsin"	"55"	"20-24 years"	"20-24"	394395
	"2022"	"2022"	"Wisconsin"	"55"	"25-29 years"	"25-29"	369797
	"2022"	"2022"	"Wisconsin"	"55"	"30-34 years"	"30-34"	368696
	"2022"	"2022"	"Wisconsin"	"55"	"35-39 years"	"35-39"	375817
	"2022"	"2022"	"Wisconsin"	"55"	"40-44 years"	"40-44"	372831
	"2022"	"2022"	"Wisconsin"	"55"	"45-49 years"	"45-49"	330900
	"2022"	"2022"	"Wisconsin"	"55"	"50-54 years"	"50-54"	361695
	"2022"	"2022"	"Wisconsin"	"55"	"55-59 years"	"55-59"	397603
	"2022"	"2022"	"Wisconsin"	"55"	"60-64 years "	"60-64"	419352
	"2022"	"2022"	"Wisconsin"	"55"	"65-69 years"	"65-69"	368503
	"2022"	"2022"	"Wisconsin"	"55"	"70-74 years"	"70-74"	293145
	"2022"	"2022"	"Wisconsin"	"55"	"75-79 years"	"75-79"	197496
	"2022"	"2022"	"Wisconsin"	"55"	"80-84 years"	"80-84"	120531
	"2022"	"2022"	"Wisconsin"	"55"	"85+ years"	"85+"	114797
"Total"	"2022"	"2022"	"Wisconsin"	"55"			5903975
	"2022"	"2022"	"Wyoming"	"56"	"< 1 year"	"1"	6068
	"2022"	"2022"	"Wyoming"	"56"	"1-4 years"	"1-4"	25347
	"2022"	"2022"	"Wyoming"	"56"	"5-9 years"	"5-9"	36225
	"2022"	"2022"	"Wyoming"	"56"	"10-14 years"	"10-14"	39087
	"2022"	"2022"	"Wyoming"	"56"	"15-19 years"	"15-19"	39572
	"2022"	"2022"	"Wyoming"	"56"	"20-24 years"	"20-24"	37662
	"2022"	"2022"	"Wyoming"	"56"	"25-29 years"	"25-29"	35036
	"2022"	"2022"	"Wyoming"	"56"	"30-34 years"	"30-34"	38084
	"2022"	"2022"	"Wyoming"	"56"	"35-39 years"	"35-39"	39633
	"2022"	"2022"	"Wyoming"	"56"	"40-44 years"	"40-44"	38285
	"2022"	"2022"	"Wyoming"	"56"	"45-49 years"	"45-49"	32654
	"2022"	"2022"	"Wyoming"	"56"	"50-54 years"	"50-54"	32683
	"2022"	"2022"	"Wyoming"	"56"	"55-59 years"	"55-59"	33673
	"2022"	"2022"	"Wyoming"	"56"	"60-64 years "	"60-64"	39798
	"2022"	"2022"	"Wyoming"	"56"	"65-69 years"	"65-69"	38058
	"2022"	"2022"	"Wyoming"	"56"	"70-74 years"	"70-74"	29330
	"2022"	"2022"	"Wyoming"	"56"	"75-79 years"	"75-79"	19397
	"2022"	"2022"	"Wyoming"	"56"	"80-84 years"	"80-84"	11158
	"2022"	"2022"	"Wyoming"	"56"	"85+ years"	"85+"	10228
"Total"	"2022"	"2022"	"Wyoming"	"56"			581978
"Total"	"2022"	"2022"					334017321
	"2023"	"2023"	"Alabama"	"01"	"< 1 year"	"1"	58224
	"2023"	"2023"	"Alabama"	"01"	"1-4 years"	"1-4"	236223
	"2023"	"2023"	"Alabama"	"01"	"5-9 years"	"5-9"	313170
	"2023"	"2023"	"Alabama"	"01"	"10-14 years"	"10-14"	320521
	"2023"	"2023"	"Alabama"	"01"	"15-19 years"	"15-19"	346064
	"2023"	"2023"	"Alabama"	"01"	"20-24 years"	"20-24"	342459
	"2023"	"2023"	"Alabama"	"01"	"25-29 years"	"25-29"	321402
	"2023"	"2023"	"Alabama"	"01"	"30-34 years"	"30-34"	342507
	"2023"	"2023"	"Alabama"	"01"	"35-39 years"	"35-39"	316450
	"2023"	"2023"	"Alabama"	"01"	"40-44 years"	"40-44"	316373
	"2023"	"2023"	"Alabama"	"01"	"45-49 years"	"45-49"	297895
	"2023"	"2023"	"Alabama"	"01"	"50-54 years"	"50-54"	321922
	"2023"	"2023"	"Alabama"	"01"	"55-59 years"	"55-59"	320129
	"2023"	"2023"	"Alabama"	"01"	"60-64 years "	"60-64"	334467
	"2023"	"2023"	"Alabama"	"01"	"65-69 years"	"65-69"	304391
	"2023"	"2023"	"Alabama"	"01"	"70-74 years"	"70-74"	245942
	"2023"	"2023"	"Alabama"	"01"	"75-79 years"	"75-79"	181097
	"2023"	"2023"	"Alabama"	"01"	"80-84 years"	"80-84"	108901
	"2023"	"2023"	"Alabama"	"01"	"85+ years"	"85+"	89536
"Total"	"2023"	"2023"	"Alabama"	"01"			5117673
	"2023"	"2023"	"Alaska"	"02"	"< 1 year"	"1"	9097
	"2023"	"2023"	"Alaska"	"02"	"1-4 years"	"1-4"	36794
	"2023"	"2023"	"Alaska"	"02"	"5-9 years"	"5-9"	49907
	"2023"	"2023"	"Alaska"	"02"	"10-14 years"	"10-14"	50442
	"2023"	"2023"	"Alaska"	"02"	"15-19 years"	"15-19"	46339
	"2023"	"2023"	"Alaska"	"02"	"20-24 years"	"20-24"	50711
	"2023"	"2023"	"Alaska"	"02"	"25-29 years"	"25-29"	53730
	"2023"	"2023"	"Alaska"	"02"	"30-34 years"	"30-34"	59200
	"2023"	"2023"	"Alaska"	"02"	"35-39 years"	"35-39"	56309
	"2023"	"2023"	"Alaska"	"02"	"40-44 years"	"40-44"	50080
	"2023"	"2023"	"Alaska"	"02"	"45-49 years"	"45-49"	41279
	"2023"	"2023"	"Alaska"	"02"	"50-54 years"	"50-54"	41841
	"2023"	"2023"	"Alaska"	"02"	"55-59 years"	"55-59"	41211
	"2023"	"2023"	"Alaska"	"02"	"60-64 years "	"60-64"	44040
	"2023"	"2023"	"Alaska"	"02"	"65-69 years"	"65-69"	39164
	"2023"	"2023"	"Alaska"	"02"	"70-74 years"	"70-74"	30172
	"2023"	"2023"	"Alaska"	"02"	"75-79 years"	"75-79"	18918
	"2023"	"2023"	"Alaska"	"02"	"80-84 years"	"80-84"	10022
	"2023"	"2023"	"Alaska"	"02"	"85+ years"	"85+"	7254
"Total"	"2023"	"2023"	"Alaska"	"02"			736510
	"2023"	"2023"	"Arizona"	"04"	"< 1 year"	"1"	78125
	"2023"	"2023"	"Arizona"	"04"	"1-4 years"	"1-4"	317681
	"2023"	"2023"	"Arizona"	"04"	"5-9 years"	"5-9"	438684
	"2023"	"2023"	"Arizona"	"04"	"10-14 years"	"10-14"	458477
	"2023"	"2023"	"Arizona"	"04"	"15-19 years"	"15-19"	499702
	"2023"	"2023"	"Arizona"	"04"	"20-24 years"	"20-24"	509801
	"2023"	"2023"	"Arizona"	"04"	"25-29 years"	"25-29"	513162
	"2023"	"2023"	"Arizona"	"04"	"30-34 years"	"30-34"	523095
	"2023"	"2023"	"Arizona"	"04"	"35-39 years"	"35-39"	483449
	"2023"	"2023"	"Arizona"	"04"	"40-44 years"	"40-44"	467907
	"2023"	"2023"	"Arizona"	"04"	"45-49 years"	"45-49"	424130
	"2023"	"2023"	"Arizona"	"04"	"50-54 years"	"50-54"	437229
	"2023"	"2023"	"Arizona"	"04"	"55-59 years"	"55-59"	427510
	"2023"	"2023"	"Arizona"	"04"	"60-64 years "	"60-64"	453963
	"2023"	"2023"	"Arizona"	"04"	"65-69 years"	"65-69"	431938
	"2023"	"2023"	"Arizona"	"04"	"70-74 years"	"70-74"	376319
	"2023"	"2023"	"Arizona"	"04"	"75-79 years"	"75-79"	297729
	"2023"	"2023"	"Arizona"	"04"	"80-84 years"	"80-84"	184037
	"2023"	"2023"	"Arizona"	"04"	"85+ years"	"85+"	150089
"Total"	"2023"	"2023"	"Arizona"	"04"			7473027
	"2023"	"2023"	"Arkansas"	"05"	"< 1 year"	"1"	34907
	"2023"	"2023"	"Arkansas"	"05"	"1-4 years"	"1-4"	145531
	"2023"	"2023"	"Arkansas"	"05"	"5-9 years"	"5-9"	195990
	"2023"	"2023"	"Arkansas"	"05"	"10-14 years"	"10-14"	199956
	"2023"	"2023"	"Arkansas"	"05"	"15-19 years"	"15-19"	209484
	"2023"	"2023"	"Arkansas"	"05"	"20-24 years"	"20-24"	205268
	"2023"	"2023"	"Arkansas"	"05"	"25-29 years"	"25-29"	196260
	"2023"	"2023"	"Arkansas"	"05"	"30-34 years"	"30-34"	205550
	"2023"	"2023"	"Arkansas"	"05"	"35-39 years"	"35-39"	193949
	"2023"	"2023"	"Arkansas"	"05"	"40-44 years"	"40-44"	194660
	"2023"	"2023"	"Arkansas"	"05"	"45-49 years"	"45-49"	178219
	"2023"	"2023"	"Arkansas"	"05"	"50-54 years"	"50-54"	184029
	"2023"	"2023"	"Arkansas"	"05"	"55-59 years"	"55-59"	182491
	"2023"	"2023"	"Arkansas"	"05"	"60-64 years "	"60-64"	193403
	"2023"	"2023"	"Arkansas"	"05"	"65-69 years"	"65-69"	175449
	"2023"	"2023"	"Arkansas"	"05"	"70-74 years"	"70-74"	144304
	"2023"	"2023"	"Arkansas"	"05"	"75-79 years"	"75-79"	107517
	"2023"	"2023"	"Arkansas"	"05"	"80-84 years"	"80-84"	66384
	"2023"	"2023"	"Arkansas"	"05"	"85+ years"	"85+"	56112
"Total"	"2023"	"2023"	"Arkansas"	"05"			3069463
	"2023"	"2023"	"California"	"06"	"< 1 year"	"1"	412839
	"2023"	"2023"	"California"	"06"	"1-4 years"	"1-4"	1697646
	"2023"	"2023"	"California"	"06"	"5-9 years"	"5-9"	2351534
	"2023"	"2023"	"California"	"06"	"10-14 years"	"10-14"	2458782
	"2023"	"2023"	"California"	"06"	"15-19 years"	"15-19"	2628042
	"2023"	"2023"	"California"	"06"	"20-24 years"	"20-24"	2549008
	"2023"	"2023"	"California"	"06"	"25-29 years"	"25-29"	2728093
	"2023"	"2023"	"California"	"06"	"30-34 years"	"30-34"	3010792
	"2023"	"2023"	"California"	"06"	"35-39 years"	"35-39"	2825102
	"2023"	"2023"	"California"	"06"	"40-44 years"	"40-44"	2665185
	"2023"	"2023"	"California"	"06"	"45-49 years"	"45-49"	2409763
	"2023"	"2023"	"California"	"06"	"50-54 years"	"50-54"	2455156
	"2023"	"2023"	"California"	"06"	"55-59 years"	"55-59"	2364147
	"2023"	"2023"	"California"	"06"	"60-64 years "	"60-64"	2323850
	"2023"	"2023"	"California"	"06"	"65-69 years"	"65-69"	2034783
	"2023"	"2023"	"California"	"06"	"70-74 years"	"70-74"	1633635
	"2023"	"2023"	"California"	"06"	"75-79 years"	"75-79"	1201708
	"2023"	"2023"	"California"	"06"	"80-84 years"	"80-84"	742277
	"2023"	"2023"	"California"	"06"	"85+ years"	"85+"	706351
"Total"	"2023"	"2023"	"California"	"06"			39198693
	"2023"	"2023"	"Colorado"	"08"	"< 1 year"	"1"	62063
	"2023"	"2023"	"Colorado"	"08"	"1-4 years"	"1-4"	248084
	"2023"	"2023"	"Colorado"	"08"	"5-9 years"	"5-9"	334251
	"2023"	"2023"	"Colorado"	"08"	"10-14 years"	"10-14"	349895
	"2023"	"2023"	"Colorado"	"08"	"15-19 years"	"15-19"	380215
	"2023"	"2023"	"Colorado"	"08"	"20-24 years"	"20-24"	389631
	"2023"	"2023"	"Colorado"	"08"	"25-29 years"	"25-29"	448824
	"2023"	"2023"	"Colorado"	"08"	"30-34 years"	"30-34"	482454
	"2023"	"2023"	"Colorado"	"08"	"35-39 years"	"35-39"	451206
	"2023"	"2023"	"Colorado"	"08"	"40-44 years"	"40-44"	417646
	"2023"	"2023"	"Colorado"	"08"	"45-49 years"	"45-49"	359243
	"2023"	"2023"	"Colorado"	"08"	"50-54 years"	"50-54"	356433
	"2023"	"2023"	"Colorado"	"08"	"55-59 years"	"55-59"	329512
	"2023"	"2023"	"Colorado"	"08"	"60-64 years "	"60-64"	347849
	"2023"	"2023"	"Colorado"	"08"	"65-69 years"	"65-69"	316952
	"2023"	"2023"	"Colorado"	"08"	"70-74 years"	"70-74"	258295
	"2023"	"2023"	"Colorado"	"08"	"75-79 years"	"75-79"	179683
	"2023"	"2023"	"Colorado"	"08"	"80-84 years"	"80-84"	101986
	"2023"	"2023"	"Colorado"	"08"	"85+ years"	"85+"	87117
"Total"	"2023"	"2023"	"Colorado"	"08"			5901339
	"2023"	"2023"	"Connecticut"	"09"	"< 1 year"	"1"	35388
	"2023"	"2023"	"Connecticut"	"09"	"1-4 years"	"1-4"	147083
	"2023"	"2023"	"Connecticut"	"09"	"5-9 years"	"5-9"	197043
	"2023"	"2023"	"Connecticut"	"09"	"10-14 years"	"10-14"	209039
	"2023"	"2023"	"Connecticut"	"09"	"15-19 years"	"15-19"	242494
	"2023"	"2023"	"Connecticut"	"09"	"20-24 years"	"20-24"	240517
	"2023"	"2023"	"Connecticut"	"09"	"25-29 years"	"25-29"	223940
	"2023"	"2023"	"Connecticut"	"09"	"30-34 years"	"30-34"	234216
	"2023"	"2023"	"Connecticut"	"09"	"35-39 years"	"35-39"	238055
	"2023"	"2023"	"Connecticut"	"09"	"40-44 years"	"40-44"	230725
	"2023"	"2023"	"Connecticut"	"09"	"45-49 years"	"45-49"	211400
	"2023"	"2023"	"Connecticut"	"09"	"50-54 years"	"50-54"	234127
	"2023"	"2023"	"Connecticut"	"09"	"55-59 years"	"55-59"	252932
	"2023"	"2023"	"Connecticut"	"09"	"60-64 years "	"60-64"	254933
	"2023"	"2023"	"Connecticut"	"09"	"65-69 years"	"65-69"	222075
	"2023"	"2023"	"Connecticut"	"09"	"70-74 years"	"70-74"	172579
	"2023"	"2023"	"Connecticut"	"09"	"75-79 years"	"75-79"	132105
	"2023"	"2023"	"Connecticut"	"09"	"80-84 years"	"80-84"	83513
	"2023"	"2023"	"Connecticut"	"09"	"85+ years"	"85+"	80859
"Total"	"2023"	"2023"	"Connecticut"	"09"			3643023
	"2023"	"2023"	"Delaware"	"10"	"< 1 year"	"1"	10768
	"2023"	"2023"	"Delaware"	"10"	"1-4 years"	"1-4"	44094
	"2023"	"2023"	"Delaware"	"10"	"5-9 years"	"5-9"	58482
	"2023"	"2023"	"Delaware"	"10"	"10-14 years"	"10-14"	60989
	"2023"	"2023"	"Delaware"	"10"	"15-19 years"	"15-19"	65952
	"2023"	"2023"	"Delaware"	"10"	"20-24 years"	"20-24"	60785
	"2023"	"2023"	"Delaware"	"10"	"25-29 years"	"25-29"	60401
	"2023"	"2023"	"Delaware"	"10"	"30-34 years"	"30-34"	68593
	"2023"	"2023"	"Delaware"	"10"	"35-39 years"	"35-39"	65317
	"2023"	"2023"	"Delaware"	"10"	"40-44 years"	"40-44"	62224
	"2023"	"2023"	"Delaware"	"10"	"45-49 years"	"45-49"	54989
	"2023"	"2023"	"Delaware"	"10"	"50-54 years"	"50-54"	61010
	"2023"	"2023"	"Delaware"	"10"	"55-59 years"	"55-59"	67982
	"2023"	"2023"	"Delaware"	"10"	"60-64 years "	"60-64"	75576
	"2023"	"2023"	"Delaware"	"10"	"65-69 years"	"65-69"	72975
	"2023"	"2023"	"Delaware"	"10"	"70-74 years"	"70-74"	58959
	"2023"	"2023"	"Delaware"	"10"	"75-79 years"	"75-79"	42717
	"2023"	"2023"	"Delaware"	"10"	"80-84 years"	"80-84"	24793
	"2023"	"2023"	"Delaware"	"10"	"85+ years"	"85+"	19817
"Total"	"2023"	"2023"	"Delaware"	"10"			1036423
	"2023"	"2023"	"District of Columbia"	"11"	"< 1 year"	"1"	8305
	"2023"	"2023"	"District of Columbia"	"11"	"1-4 years"	"1-4"	31220
	"2023"	"2023"	"District of Columbia"	"11"	"5-9 years"	"5-9"	37744
	"2023"	"2023"	"District of Columbia"	"11"	"10-14 years"	"10-14"	33211
	"2023"	"2023"	"District of Columbia"	"11"	"15-19 years"	"15-19"	38015
	"2023"	"2023"	"District of Columbia"	"11"	"20-24 years"	"20-24"	48321
	"2023"	"2023"	"District of Columbia"	"11"	"25-29 years"	"25-29"	72858
	"2023"	"2023"	"District of Columbia"	"11"	"30-34 years"	"30-34"	76511
	"2023"	"2023"	"District of Columbia"	"11"	"35-39 years"	"35-39"	64348
	"2023"	"2023"	"District of Columbia"	"11"	"40-44 years"	"40-44"	51153
	"2023"	"2023"	"District of Columbia"	"11"	"45-49 years"	"45-49"	37706
	"2023"	"2023"	"District of Columbia"	"11"	"50-54 years"	"50-54"	34943
	"2023"	"2023"	"District of Columbia"	"11"	"55-59 years"	"55-59"	32481
	"2023"	"2023"	"District of Columbia"	"11"	"60-64 years "	"60-64"	31562
	"2023"	"2023"	"District of Columbia"	"11"	"65-69 years"	"65-69"	27993
	"2023"	"2023"	"District of Columbia"	"11"	"70-74 years"	"70-74"	22885
	"2023"	"2023"	"District of Columbia"	"11"	"75-79 years"	"75-79"	16647
	"2023"	"2023"	"District of Columbia"	"11"	"80-84 years"	"80-84"	10582
	"2023"	"2023"	"District of Columbia"	"11"	"85+ years"	"85+"	10839
"Total"	"2023"	"2023"	"District of Columbia"	"11"			687324
	"2023"	"2023"	"Florida"	"12"	"< 1 year"	"1"	226695
	"2023"	"2023"	"Florida"	"12"	"1-4 years"	"1-4"	916639
	"2023"	"2023"	"Florida"	"12"	"5-9 years"	"5-9"	1232883
	"2023"	"2023"	"Florida"	"12"	"10-14 years"	"10-14"	1261974
	"2023"	"2023"	"Florida"	"12"	"15-19 years"	"15-19"	1332371
	"2023"	"2023"	"Florida"	"12"	"20-24 years"	"20-24"	1327853
	"2023"	"2023"	"Florida"	"12"	"25-29 years"	"25-29"	1380339
	"2023"	"2023"	"Florida"	"12"	"30-34 years"	"30-34"	1521830
	"2023"	"2023"	"Florida"	"12"	"35-39 years"	"35-39"	1487356
	"2023"	"2023"	"Florida"	"12"	"40-44 years"	"40-44"	1443397
	"2023"	"2023"	"Florida"	"12"	"45-49 years"	"45-49"	1349613
	"2023"	"2023"	"Florida"	"12"	"50-54 years"	"50-54"	1443187
	"2023"	"2023"	"Florida"	"12"	"55-59 years"	"55-59"	1487398
	"2023"	"2023"	"Florida"	"12"	"60-64 years "	"60-64"	1557906
	"2023"	"2023"	"Florida"	"12"	"65-69 years"	"65-69"	1439602
	"2023"	"2023"	"Florida"	"12"	"70-74 years"	"70-74"	1244816
	"2023"	"2023"	"Florida"	"12"	"75-79 years"	"75-79"	1007848
	"2023"	"2023"	"Florida"	"12"	"80-84 years"	"80-84"	655097
	"2023"	"2023"	"Florida"	"12"	"85+ years"	"85+"	588064
"Total"	"2023"	"2023"	"Florida"	"12"			22904868
	"2023"	"2023"	"Georgia"	"13"	"< 1 year"	"1"	125342
	"2023"	"2023"	"Georgia"	"13"	"1-4 years"	"1-4"	513339
	"2023"	"2023"	"Georgia"	"13"	"5-9 years"	"5-9"	698520
	"2023"	"2023"	"Georgia"	"13"	"10-14 years"	"10-14"	734331
	"2023"	"2023"	"Georgia"	"13"	"15-19 years"	"15-19"	775696
	"2023"	"2023"	"Georgia"	"13"	"20-24 years"	"20-24"	750056
	"2023"	"2023"	"Georgia"	"13"	"25-29 years"	"25-29"	743943
	"2023"	"2023"	"Georgia"	"13"	"30-34 years"	"30-34"	789741
	"2023"	"2023"	"Georgia"	"13"	"35-39 years"	"35-39"	744534
	"2023"	"2023"	"Georgia"	"13"	"40-44 years"	"40-44"	737201
	"2023"	"2023"	"Georgia"	"13"	"45-49 years"	"45-49"	683475
	"2023"	"2023"	"Georgia"	"13"	"50-54 years"	"50-54"	723340
	"2023"	"2023"	"Georgia"	"13"	"55-59 years"	"55-59"	686897
	"2023"	"2023"	"Georgia"	"13"	"60-64 years "	"60-64"	660463
	"2023"	"2023"	"Georgia"	"13"	"65-69 years"	"65-69"	569167
	"2023"	"2023"	"Georgia"	"13"	"70-74 years"	"70-74"	452511
	"2023"	"2023"	"Georgia"	"13"	"75-79 years"	"75-79"	331041
	"2023"	"2023"	"Georgia"	"13"	"80-84 years"	"80-84"	192545
	"2023"	"2023"	"Georgia"	"13"	"85+ years"	"85+"	152290
"Total"	"2023"	"2023"	"Georgia"	"13"			11064432
	"2023"	"2023"	"Hawaii"	"15"	"< 1 year"	"1"	15183
	"2023"	"2023"	"Hawaii"	"15"	"1-4 years"	"1-4"	62873
	"2023"	"2023"	"Hawaii"	"15"	"5-9 years"	"5-9"	84707
	"2023"	"2023"	"Hawaii"	"15"	"10-14 years"	"10-14"	83964
	"2023"	"2023"	"Hawaii"	"15"	"15-19 years"	"15-19"	78237
	"2023"	"2023"	"Hawaii"	"15"	"20-24 years"	"20-24"	86199
	"2023"	"2023"	"Hawaii"	"15"	"25-29 years"	"25-29"	89447
	"2023"	"2023"	"Hawaii"	"15"	"30-34 years"	"30-34"	98002
	"2023"	"2023"	"Hawaii"	"15"	"35-39 years"	"35-39"	98585
	"2023"	"2023"	"Hawaii"	"15"	"40-44 years"	"40-44"	95089
	"2023"	"2023"	"Hawaii"	"15"	"45-49 years"	"45-49"	83655
	"2023"	"2023"	"Hawaii"	"15"	"50-54 years"	"50-54"	85721
	"2023"	"2023"	"Hawaii"	"15"	"55-59 years"	"55-59"	85822
	"2023"	"2023"	"Hawaii"	"15"	"60-64 years "	"60-64"	90691
	"2023"	"2023"	"Hawaii"	"15"	"65-69 years"	"65-69"	87548
	"2023"	"2023"	"Hawaii"	"15"	"70-74 years"	"70-74"	78557
	"2023"	"2023"	"Hawaii"	"15"	"75-79 years"	"75-79"	59688
	"2023"	"2023"	"Hawaii"	"15"	"80-84 years"	"80-84"	35562
	"2023"	"2023"	"Hawaii"	"15"	"85+ years"	"85+"	41857
"Total"	"2023"	"2023"	"Hawaii"	"15"			1441387
	"2023"	"2023"	"Idaho"	"16"	"< 1 year"	"1"	22181
	"2023"	"2023"	"Idaho"	"16"	"1-4 years"	"1-4"	91487
	"2023"	"2023"	"Idaho"	"16"	"5-9 years"	"5-9"	129481
	"2023"	"2023"	"Idaho"	"16"	"10-14 years"	"10-14"	137012
	"2023"	"2023"	"Idaho"	"16"	"15-19 years"	"15-19"	151428
	"2023"	"2023"	"Idaho"	"16"	"20-24 years"	"20-24"	131903
	"2023"	"2023"	"Idaho"	"16"	"25-29 years"	"25-29"	126182
	"2023"	"2023"	"Idaho"	"16"	"30-34 years"	"30-34"	129985
	"2023"	"2023"	"Idaho"	"16"	"35-39 years"	"35-39"	128471
	"2023"	"2023"	"Idaho"	"16"	"40-44 years"	"40-44"	130033
	"2023"	"2023"	"Idaho"	"16"	"45-49 years"	"45-49"	114693
	"2023"	"2023"	"Idaho"	"16"	"50-54 years"	"50-54"	110372
	"2023"	"2023"	"Idaho"	"16"	"55-59 years"	"55-59"	107987
	"2023"	"2023"	"Idaho"	"16"	"60-64 years "	"60-64"	118452
	"2023"	"2023"	"Idaho"	"16"	"65-69 years"	"65-69"	112356
	"2023"	"2023"	"Idaho"	"16"	"70-74 years"	"70-74"	92802
	"2023"	"2023"	"Idaho"	"16"	"75-79 years"	"75-79"	66328
	"2023"	"2023"	"Idaho"	"16"	"80-84 years"	"80-84"	39154
	"2023"	"2023"	"Idaho"	"16"	"85+ years"	"85+"	30815
"Total"	"2023"	"2023"	"Idaho"	"16"			1971122
	"2023"	"2023"	"Illinois"	"17"	"< 1 year"	"1"	127415
	"2023"	"2023"	"Illinois"	"17"	"1-4 years"	"1-4"	543025
	"2023"	"2023"	"Illinois"	"17"	"5-9 years"	"5-9"	755380
	"2023"	"2023"	"Illinois"	"17"	"10-14 years"	"10-14"	785674
	"2023"	"2023"	"Illinois"	"17"	"15-19 years"	"15-19"	839368
	"2023"	"2023"	"Illinois"	"17"	"20-24 years"	"20-24"	829845
	"2023"	"2023"	"Illinois"	"17"	"25-29 years"	"25-29"	840412
	"2023"	"2023"	"Illinois"	"17"	"30-34 years"	"30-34"	875993
	"2023"	"2023"	"Illinois"	"17"	"35-39 years"	"35-39"	847984
	"2023"	"2023"	"Illinois"	"17"	"40-44 years"	"40-44"	840375
	"2023"	"2023"	"Illinois"	"17"	"45-49 years"	"45-49"	768138
	"2023"	"2023"	"Illinois"	"17"	"50-54 years"	"50-54"	792078
	"2023"	"2023"	"Illinois"	"17"	"55-59 years"	"55-59"	782860
	"2023"	"2023"	"Illinois"	"17"	"60-64 years "	"60-64"	804928
	"2023"	"2023"	"Illinois"	"17"	"65-69 years"	"65-69"	720423
	"2023"	"2023"	"Illinois"	"17"	"70-74 years"	"70-74"	572311
	"2023"	"2023"	"Illinois"	"17"	"75-79 years"	"75-79"	410561
	"2023"	"2023"	"Illinois"	"17"	"80-84 years"	"80-84"	258991
	"2023"	"2023"	"Illinois"	"17"	"85+ years"	"85+"	246498
"Total"	"2023"	"2023"	"Illinois"	"17"			12642259
	"2023"	"2023"	"Indiana"	"18"	"< 1 year"	"1"	79278
	"2023"	"2023"	"Indiana"	"18"	"1-4 years"	"1-4"	328140
	"2023"	"2023"	"Indiana"	"18"	"5-9 years"	"5-9"	441246
	"2023"	"2023"	"Indiana"	"18"	"10-14 years"	"10-14"	453119
	"2023"	"2023"	"Indiana"	"18"	"15-19 years"	"15-19"	474760
	"2023"	"2023"	"Indiana"	"18"	"20-24 years"	"20-24"	480056
	"2023"	"2023"	"Indiana"	"18"	"25-29 years"	"25-29"	444485
	"2023"	"2023"	"Indiana"	"18"	"30-34 years"	"30-34"	461842
	"2023"	"2023"	"Indiana"	"18"	"35-39 years"	"35-39"	435479
	"2023"	"2023"	"Indiana"	"18"	"40-44 years"	"40-44"	437758
	"2023"	"2023"	"Indiana"	"18"	"45-49 years"	"45-49"	400848
	"2023"	"2023"	"Indiana"	"18"	"50-54 years"	"50-54"	418902
	"2023"	"2023"	"Indiana"	"18"	"55-59 years"	"55-59"	412678
	"2023"	"2023"	"Indiana"	"18"	"60-64 years "	"60-64"	431948
	"2023"	"2023"	"Indiana"	"18"	"65-69 years"	"65-69"	391359
	"2023"	"2023"	"Indiana"	"18"	"70-74 years"	"70-74"	311403
	"2023"	"2023"	"Indiana"	"18"	"75-79 years"	"75-79"	218648
	"2023"	"2023"	"Indiana"	"18"	"80-84 years"	"80-84"	135946
	"2023"	"2023"	"Indiana"	"18"	"85+ years"	"85+"	122236
"Total"	"2023"	"2023"	"Indiana"	"18"			6880131
	"2023"	"2023"	"Iowa"	"19"	"< 1 year"	"1"	36417
	"2023"	"2023"	"Iowa"	"19"	"1-4 years"	"1-4"	149943
	"2023"	"2023"	"Iowa"	"19"	"5-9 years"	"5-9"	203217
	"2023"	"2023"	"Iowa"	"19"	"10-14 years"	"10-14"	207717
	"2023"	"2023"	"Iowa"	"19"	"15-19 years"	"15-19"	228517
	"2023"	"2023"	"Iowa"	"19"	"20-24 years"	"20-24"	228841
	"2023"	"2023"	"Iowa"	"19"	"25-29 years"	"25-29"	199815
	"2023"	"2023"	"Iowa"	"19"	"30-34 years"	"30-34"	203413
	"2023"	"2023"	"Iowa"	"19"	"35-39 years"	"35-39"	199081
	"2023"	"2023"	"Iowa"	"19"	"40-44 years"	"40-44"	206956
	"2023"	"2023"	"Iowa"	"19"	"45-49 years"	"45-49"	179753
	"2023"	"2023"	"Iowa"	"19"	"50-54 years"	"50-54"	182325
	"2023"	"2023"	"Iowa"	"19"	"55-59 years"	"55-59"	187672
	"2023"	"2023"	"Iowa"	"19"	"60-64 years "	"60-64"	208043
	"2023"	"2023"	"Iowa"	"19"	"65-69 years"	"65-69"	190507
	"2023"	"2023"	"Iowa"	"19"	"70-74 years"	"70-74"	155368
	"2023"	"2023"	"Iowa"	"19"	"75-79 years"	"75-79"	108539
	"2023"	"2023"	"Iowa"	"19"	"80-84 years"	"80-84"	69941
	"2023"	"2023"	"Iowa"	"19"	"85+ years"	"85+"	72349
"Total"	"2023"	"2023"	"Iowa"	"19"			3218414
	"2023"	"2023"	"Kansas"	"20"	"< 1 year"	"1"	34592
	"2023"	"2023"	"Kansas"	"20"	"1-4 years"	"1-4"	140855
	"2023"	"2023"	"Kansas"	"20"	"5-9 years"	"5-9"	191810
	"2023"	"2023"	"Kansas"	"20"	"10-14 years"	"10-14"	202054
	"2023"	"2023"	"Kansas"	"20"	"15-19 years"	"15-19"	211401
	"2023"	"2023"	"Kansas"	"20"	"20-24 years"	"20-24"	217350
	"2023"	"2023"	"Kansas"	"20"	"25-29 years"	"25-29"	189720
	"2023"	"2023"	"Kansas"	"20"	"30-34 years"	"30-34"	190580
	"2023"	"2023"	"Kansas"	"20"	"35-39 years"	"35-39"	190598
	"2023"	"2023"	"Kansas"	"20"	"40-44 years"	"40-44"	190793
	"2023"	"2023"	"Kansas"	"20"	"45-49 years"	"45-49"	165408
	"2023"	"2023"	"Kansas"	"20"	"50-54 years"	"50-54"	164700
	"2023"	"2023"	"Kansas"	"20"	"55-59 years"	"55-59"	165270
	"2023"	"2023"	"Kansas"	"20"	"60-64 years "	"60-64"	182694
	"2023"	"2023"	"Kansas"	"20"	"65-69 years"	"65-69"	168162
	"2023"	"2023"	"Kansas"	"20"	"70-74 years"	"70-74"	134347
	"2023"	"2023"	"Kansas"	"20"	"75-79 years"	"75-79"	94410
	"2023"	"2023"	"Kansas"	"20"	"80-84 years"	"80-84"	58604
	"2023"	"2023"	"Kansas"	"20"	"85+ years"	"85+"	58152
"Total"	"2023"	"2023"	"Kansas"	"20"			2951500
	"2023"	"2023"	"Kentucky"	"21"	"< 1 year"	"1"	52699
	"2023"	"2023"	"Kentucky"	"21"	"1-4 years"	"1-4"	213281
	"2023"	"2023"	"Kentucky"	"21"	"5-9 years"	"5-9"	283951
	"2023"	"2023"	"Kentucky"	"21"	"10-14 years"	"10-14"	289180
	"2023"	"2023"	"Kentucky"	"21"	"15-19 years"	"15-19"	296719
	"2023"	"2023"	"Kentucky"	"21"	"20-24 years"	"20-24"	299916
	"2023"	"2023"	"Kentucky"	"21"	"25-29 years"	"25-29"	294721
	"2023"	"2023"	"Kentucky"	"21"	"30-34 years"	"30-34"	307446
	"2023"	"2023"	"Kentucky"	"21"	"35-39 years"	"35-39"	281306
	"2023"	"2023"	"Kentucky"	"21"	"40-44 years"	"40-44"	288510
	"2023"	"2023"	"Kentucky"	"21"	"45-49 years"	"45-49"	271635
	"2023"	"2023"	"Kentucky"	"21"	"50-54 years"	"50-54"	285108
	"2023"	"2023"	"Kentucky"	"21"	"55-59 years"	"55-59"	285219
	"2023"	"2023"	"Kentucky"	"21"	"60-64 years "	"60-64"	295267
	"2023"	"2023"	"Kentucky"	"21"	"65-69 years"	"65-69"	267401
	"2023"	"2023"	"Kentucky"	"21"	"70-74 years"	"70-74"	216553
	"2023"	"2023"	"Kentucky"	"21"	"75-79 years"	"75-79"	154074
	"2023"	"2023"	"Kentucky"	"21"	"80-84 years"	"80-84"	91748
	"2023"	"2023"	"Kentucky"	"21"	"85+ years"	"85+"	75861
"Total"	"2023"	"2023"	"Kentucky"	"21"			4550595
	"2023"	"2023"	"Louisiana"	"22"	"< 1 year"	"1"	56145
	"2023"	"2023"	"Louisiana"	"22"	"1-4 years"	"1-4"	224662
	"2023"	"2023"	"Louisiana"	"22"	"5-9 years"	"5-9"	299830
	"2023"	"2023"	"Louisiana"	"22"	"10-14 years"	"10-14"	299660
	"2023"	"2023"	"Louisiana"	"22"	"15-19 years"	"15-19"	308460
	"2023"	"2023"	"Louisiana"	"22"	"20-24 years"	"20-24"	301868
	"2023"	"2023"	"Louisiana"	"22"	"25-29 years"	"25-29"	287434
	"2023"	"2023"	"Louisiana"	"22"	"30-34 years"	"30-34"	315460
	"2023"	"2023"	"Louisiana"	"22"	"35-39 years"	"35-39"	307240
	"2023"	"2023"	"Louisiana"	"22"	"40-44 years"	"40-44"	302477
	"2023"	"2023"	"Louisiana"	"22"	"45-49 years"	"45-49"	260561
	"2023"	"2023"	"Louisiana"	"22"	"50-54 years"	"50-54"	264584
	"2023"	"2023"	"Louisiana"	"22"	"55-59 years"	"55-59"	274933
	"2023"	"2023"	"Louisiana"	"22"	"60-64 years "	"60-64"	291567
	"2023"	"2023"	"Louisiana"	"22"	"65-69 years"	"65-69"	266591
	"2023"	"2023"	"Louisiana"	"22"	"70-74 years"	"70-74"	211594
	"2023"	"2023"	"Louisiana"	"22"	"75-79 years"	"75-79"	149535
	"2023"	"2023"	"Louisiana"	"22"	"80-84 years"	"80-84"	89599
	"2023"	"2023"	"Louisiana"	"22"	"85+ years"	"85+"	75871
"Total"	"2023"	"2023"	"Louisiana"	"22"			4588071
	"2023"	"2023"	"Maine"	"23"	"< 1 year"	"1"	11843
	"2023"	"2023"	"Maine"	"23"	"1-4 years"	"1-4"	49853
	"2023"	"2023"	"Maine"	"23"	"5-9 years"	"5-9"	68462
	"2023"	"2023"	"Maine"	"23"	"10-14 years"	"10-14"	71863
	"2023"	"2023"	"Maine"	"23"	"15-19 years"	"15-19"	81996
	"2023"	"2023"	"Maine"	"23"	"20-24 years"	"20-24"	78023
	"2023"	"2023"	"Maine"	"23"	"25-29 years"	"25-29"	79897
	"2023"	"2023"	"Maine"	"23"	"30-34 years"	"30-34"	89395
	"2023"	"2023"	"Maine"	"23"	"35-39 years"	"35-39"	88714
	"2023"	"2023"	"Maine"	"23"	"40-44 years"	"40-44"	84905
	"2023"	"2023"	"Maine"	"23"	"45-49 years"	"45-49"	78266
	"2023"	"2023"	"Maine"	"23"	"50-54 years"	"50-54"	88811
	"2023"	"2023"	"Maine"	"23"	"55-59 years"	"55-59"	97127
	"2023"	"2023"	"Maine"	"23"	"60-64 years "	"60-64"	109379
	"2023"	"2023"	"Maine"	"23"	"65-69 years"	"65-69"	103820
	"2023"	"2023"	"Maine"	"23"	"70-74 years"	"70-74"	86307
	"2023"	"2023"	"Maine"	"23"	"75-79 years"	"75-79"	61970
	"2023"	"2023"	"Maine"	"23"	"80-84 years"	"80-84"	36829
	"2023"	"2023"	"Maine"	"23"	"85+ years"	"85+"	32186
"Total"	"2023"	"2023"	"Maine"	"23"			1399646
	"2023"	"2023"	"Maryland"	"24"	"< 1 year"	"1"	67853
	"2023"	"2023"	"Maryland"	"24"	"1-4 years"	"1-4"	284590
	"2023"	"2023"	"Maryland"	"24"	"5-9 years"	"5-9"	380755
	"2023"	"2023"	"Maryland"	"24"	"10-14 years"	"10-14"	391209
	"2023"	"2023"	"Maryland"	"24"	"15-19 years"	"15-19"	402239
	"2023"	"2023"	"Maryland"	"24"	"20-24 years"	"20-24"	372829
	"2023"	"2023"	"Maryland"	"24"	"25-29 years"	"25-29"	382588
	"2023"	"2023"	"Maryland"	"24"	"30-34 years"	"30-34"	426904
	"2023"	"2023"	"Maryland"	"24"	"35-39 years"	"35-39"	432939
	"2023"	"2023"	"Maryland"	"24"	"40-44 years"	"40-44"	420518
	"2023"	"2023"	"Maryland"	"24"	"45-49 years"	"45-49"	372744
	"2023"	"2023"	"Maryland"	"24"	"50-54 years"	"50-54"	396988
	"2023"	"2023"	"Maryland"	"24"	"55-59 years"	"55-59"	411139
	"2023"	"2023"	"Maryland"	"24"	"60-64 years "	"60-64"	407503
	"2023"	"2023"	"Maryland"	"24"	"65-69 years"	"65-69"	347042
	"2023"	"2023"	"Maryland"	"24"	"70-74 years"	"70-74"	275299
	"2023"	"2023"	"Maryland"	"24"	"75-79 years"	"75-79"	203789
	"2023"	"2023"	"Maryland"	"24"	"80-84 years"	"80-84"	125533
	"2023"	"2023"	"Maryland"	"24"	"85+ years"	"85+"	114601
"Total"	"2023"	"2023"	"Maryland"	"24"			6217062
	"2023"	"2023"	"Massachusetts"	"25"	"< 1 year"	"1"	69162
	"2023"	"2023"	"Massachusetts"	"25"	"1-4 years"	"1-4"	277801
	"2023"	"2023"	"Massachusetts"	"25"	"5-9 years"	"5-9"	369001
	"2023"	"2023"	"Massachusetts"	"25"	"10-14 years"	"10-14"	385610
	"2023"	"2023"	"Massachusetts"	"25"	"15-19 years"	"15-19"	460907
	"2023"	"2023"	"Massachusetts"	"25"	"20-24 years"	"20-24"	491560
	"2023"	"2023"	"Massachusetts"	"25"	"25-29 years"	"25-29"	486321
	"2023"	"2023"	"Massachusetts"	"25"	"30-34 years"	"30-34"	500575
	"2023"	"2023"	"Massachusetts"	"25"	"35-39 years"	"35-39"	485595
	"2023"	"2023"	"Massachusetts"	"25"	"40-44 years"	"40-44"	447313
	"2023"	"2023"	"Massachusetts"	"25"	"45-49 years"	"45-49"	407408
	"2023"	"2023"	"Massachusetts"	"25"	"50-54 years"	"50-54"	443739
	"2023"	"2023"	"Massachusetts"	"25"	"55-59 years"	"55-59"	470580
	"2023"	"2023"	"Massachusetts"	"25"	"60-64 years "	"60-64"	474909
	"2023"	"2023"	"Massachusetts"	"25"	"65-69 years"	"65-69"	418554
	"2023"	"2023"	"Massachusetts"	"25"	"70-74 years"	"70-74"	335060
	"2023"	"2023"	"Massachusetts"	"25"	"75-79 years"	"75-79"	247944
	"2023"	"2023"	"Massachusetts"	"25"	"80-84 years"	"80-84"	150638
	"2023"	"2023"	"Massachusetts"	"25"	"85+ years"	"85+"	143891
"Total"	"2023"	"2023"	"Massachusetts"	"25"			7066568
	"2023"	"2023"	"Michigan"	"26"	"< 1 year"	"1"	100626
	"2023"	"2023"	"Michigan"	"26"	"1-4 years"	"1-4"	431702
	"2023"	"2023"	"Michigan"	"26"	"5-9 years"	"5-9"	589704
	"2023"	"2023"	"Michigan"	"26"	"10-14 years"	"10-14"	607174
	"2023"	"2023"	"Michigan"	"26"	"15-19 years"	"15-19"	650625
	"2023"	"2023"	"Michigan"	"26"	"20-24 years"	"20-24"	673303
	"2023"	"2023"	"Michigan"	"26"	"25-29 years"	"25-29"	646040
	"2023"	"2023"	"Michigan"	"26"	"30-34 years"	"30-34"	686413
	"2023"	"2023"	"Michigan"	"26"	"35-39 years"	"35-39"	619385
	"2023"	"2023"	"Michigan"	"26"	"40-44 years"	"40-44"	613164
	"2023"	"2023"	"Michigan"	"26"	"45-49 years"	"45-49"	567665
	"2023"	"2023"	"Michigan"	"26"	"50-54 years"	"50-54"	629048
	"2023"	"2023"	"Michigan"	"26"	"55-59 years"	"55-59"	649937
	"2023"	"2023"	"Michigan"	"26"	"60-64 years "	"60-64"	690456
	"2023"	"2023"	"Michigan"	"26"	"65-69 years"	"65-69"	641315
	"2023"	"2023"	"Michigan"	"26"	"70-74 years"	"70-74"	513609
	"2023"	"2023"	"Michigan"	"26"	"75-79 years"	"75-79"	361448
	"2023"	"2023"	"Michigan"	"26"	"80-84 years"	"80-84"	221905
	"2023"	"2023"	"Michigan"	"26"	"85+ years"	"85+"	189837
"Total"	"2023"	"2023"	"Michigan"	"26"			10083356
	"2023"	"2023"	"Minnesota"	"27"	"< 1 year"	"1"	63091
	"2023"	"2023"	"Minnesota"	"27"	"1-4 years"	"1-4"	266146
	"2023"	"2023"	"Minnesota"	"27"	"5-9 years"	"5-9"	364301
	"2023"	"2023"	"Minnesota"	"27"	"10-14 years"	"10-14"	373679
	"2023"	"2023"	"Minnesota"	"27"	"15-19 years"	"15-19"	385367
	"2023"	"2023"	"Minnesota"	"27"	"20-24 years"	"20-24"	360661
	"2023"	"2023"	"Minnesota"	"27"	"25-29 years"	"25-29"	360047
	"2023"	"2023"	"Minnesota"	"27"	"30-34 years"	"30-34"	383421
	"2023"	"2023"	"Minnesota"	"27"	"35-39 years"	"35-39"	394580
	"2023"	"2023"	"Minnesota"	"27"	"40-44 years"	"40-44"	389610
	"2023"	"2023"	"Minnesota"	"27"	"45-49 years"	"45-49"	328513
	"2023"	"2023"	"Minnesota"	"27"	"50-54 years"	"50-54"	334046
	"2023"	"2023"	"Minnesota"	"27"	"55-59 years"	"55-59"	347036
	"2023"	"2023"	"Minnesota"	"27"	"60-64 years "	"60-64"	378888
	"2023"	"2023"	"Minnesota"	"27"	"65-69 years"	"65-69"	335315
	"2023"	"2023"	"Minnesota"	"27"	"70-74 years"	"70-74"	267408
	"2023"	"2023"	"Minnesota"	"27"	"75-79 years"	"75-79"	185381
	"2023"	"2023"	"Minnesota"	"27"	"80-84 years"	"80-84"	118226
	"2023"	"2023"	"Minnesota"	"27"	"85+ years"	"85+"	117332
"Total"	"2023"	"2023"	"Minnesota"	"27"			5753048
	"2023"	"2023"	"Mississippi"	"28"	"< 1 year"	"1"	34656
	"2023"	"2023"	"Mississippi"	"28"	"1-4 years"	"1-4"	140184
	"2023"	"2023"	"Mississippi"	"28"	"5-9 years"	"5-9"	183633
	"2023"	"2023"	"Mississippi"	"28"	"10-14 years"	"10-14"	193081
	"2023"	"2023"	"Mississippi"	"28"	"15-19 years"	"15-19"	212903
	"2023"	"2023"	"Mississippi"	"28"	"20-24 years"	"20-24"	201225
	"2023"	"2023"	"Mississippi"	"28"	"25-29 years"	"25-29"	182960
	"2023"	"2023"	"Mississippi"	"28"	"30-34 years"	"30-34"	193415
	"2023"	"2023"	"Mississippi"	"28"	"35-39 years"	"35-39"	179402
	"2023"	"2023"	"Mississippi"	"28"	"40-44 years"	"40-44"	185688
	"2023"	"2023"	"Mississippi"	"28"	"45-49 years"	"45-49"	171020
	"2023"	"2023"	"Mississippi"	"28"	"50-54 years"	"50-54"	180334
	"2023"	"2023"	"Mississippi"	"28"	"55-59 years"	"55-59"	179069
	"2023"	"2023"	"Mississippi"	"28"	"60-64 years "	"60-64"	188277
	"2023"	"2023"	"Mississippi"	"28"	"65-69 years"	"65-69"	171155
	"2023"	"2023"	"Mississippi"	"28"	"70-74 years"	"70-74"	137530
	"2023"	"2023"	"Mississippi"	"28"	"75-79 years"	"75-79"	98609
	"2023"	"2023"	"Mississippi"	"28"	"80-84 years"	"80-84"	59542
	"2023"	"2023"	"Mississippi"	"28"	"85+ years"	"85+"	50489
"Total"	"2023"	"2023"	"Mississippi"	"28"			2943172
	"2023"	"2023"	"Missouri"	"29"	"< 1 year"	"1"	68029
	"2023"	"2023"	"Missouri"	"29"	"1-4 years"	"1-4"	284668
	"2023"	"2023"	"Missouri"	"29"	"5-9 years"	"5-9"	381736
	"2023"	"2023"	"Missouri"	"29"	"10-14 years"	"10-14"	392016
	"2023"	"2023"	"Missouri"	"29"	"15-19 years"	"15-19"	409057
	"2023"	"2023"	"Missouri"	"29"	"20-24 years"	"20-24"	407663
	"2023"	"2023"	"Missouri"	"29"	"25-29 years"	"25-29"	397486
	"2023"	"2023"	"Missouri"	"29"	"30-34 years"	"30-34"	419479
	"2023"	"2023"	"Missouri"	"29"	"35-39 years"	"35-39"	402522
	"2023"	"2023"	"Missouri"	"29"	"40-44 years"	"40-44"	398898
	"2023"	"2023"	"Missouri"	"29"	"45-49 years"	"45-49"	352825
	"2023"	"2023"	"Missouri"	"29"	"50-54 years"	"50-54"	367669
	"2023"	"2023"	"Missouri"	"29"	"55-59 years"	"55-59"	374989
	"2023"	"2023"	"Missouri"	"29"	"60-64 years "	"60-64"	414157
	"2023"	"2023"	"Missouri"	"29"	"65-69 years"	"65-69"	371555
	"2023"	"2023"	"Missouri"	"29"	"70-74 years"	"70-74"	295727
	"2023"	"2023"	"Missouri"	"29"	"75-79 years"	"75-79"	213709
	"2023"	"2023"	"Missouri"	"29"	"80-84 years"	"80-84"	134164
	"2023"	"2023"	"Missouri"	"29"	"85+ years"	"85+"	121689
"Total"	"2023"	"2023"	"Missouri"	"29"			6208038
	"2023"	"2023"	"Montana"	"30"	"< 1 year"	"1"	11047
	"2023"	"2023"	"Montana"	"30"	"1-4 years"	"1-4"	46229
	"2023"	"2023"	"Montana"	"30"	"5-9 years"	"5-9"	65988
	"2023"	"2023"	"Montana"	"30"	"10-14 years"	"10-14"	68395
	"2023"	"2023"	"Montana"	"30"	"15-19 years"	"15-19"	70340
	"2023"	"2023"	"Montana"	"30"	"20-24 years"	"20-24"	74649
	"2023"	"2023"	"Montana"	"30"	"25-29 years"	"25-29"	72028
	"2023"	"2023"	"Montana"	"30"	"30-34 years"	"30-34"	75816
	"2023"	"2023"	"Montana"	"30"	"35-39 years"	"35-39"	73380
	"2023"	"2023"	"Montana"	"30"	"40-44 years"	"40-44"	73720
	"2023"	"2023"	"Montana"	"30"	"45-49 years"	"45-49"	63293
	"2023"	"2023"	"Montana"	"30"	"50-54 years"	"50-54"	62689
	"2023"	"2023"	"Montana"	"30"	"55-59 years"	"55-59"	64541
	"2023"	"2023"	"Montana"	"30"	"60-64 years "	"60-64"	77044
	"2023"	"2023"	"Montana"	"30"	"65-69 years"	"65-69"	76249
	"2023"	"2023"	"Montana"	"30"	"70-74 years"	"70-74"	64349
	"2023"	"2023"	"Montana"	"30"	"75-79 years"	"75-79"	43639
	"2023"	"2023"	"Montana"	"30"	"80-84 years"	"80-84"	25829
	"2023"	"2023"	"Montana"	"30"	"85+ years"	"85+"	22077
"Total"	"2023"	"2023"	"Montana"	"30"			1131302
	"2023"	"2023"	"Nebraska"	"31"	"< 1 year"	"1"	24497
	"2023"	"2023"	"Nebraska"	"31"	"1-4 years"	"1-4"	100226
	"2023"	"2023"	"Nebraska"	"31"	"5-9 years"	"5-9"	135572
	"2023"	"2023"	"Nebraska"	"31"	"10-14 years"	"10-14"	137392
	"2023"	"2023"	"Nebraska"	"31"	"15-19 years"	"15-19"	141853
	"2023"	"2023"	"Nebraska"	"31"	"20-24 years"	"20-24"	141004
	"2023"	"2023"	"Nebraska"	"31"	"25-29 years"	"25-29"	127276
	"2023"	"2023"	"Nebraska"	"31"	"30-34 years"	"30-34"	127941
	"2023"	"2023"	"Nebraska"	"31"	"35-39 years"	"35-39"	130217
	"2023"	"2023"	"Nebraska"	"31"	"40-44 years"	"40-44"	130451
	"2023"	"2023"	"Nebraska"	"31"	"45-49 years"	"45-49"	111268
	"2023"	"2023"	"Nebraska"	"31"	"50-54 years"	"50-54"	109780
	"2023"	"2023"	"Nebraska"	"31"	"55-59 years"	"55-59"	109153
	"2023"	"2023"	"Nebraska"	"31"	"60-64 years "	"60-64"	121225
	"2023"	"2023"	"Nebraska"	"31"	"65-69 years"	"65-69"	110520
	"2023"	"2023"	"Nebraska"	"31"	"70-74 years"	"70-74"	90305
	"2023"	"2023"	"Nebraska"	"31"	"75-79 years"	"75-79"	62340
	"2023"	"2023"	"Nebraska"	"31"	"80-84 years"	"80-84"	38749
	"2023"	"2023"	"Nebraska"	"31"	"85+ years"	"85+"	38095
"Total"	"2023"	"2023"	"Nebraska"	"31"			1987864
	"2023"	"2023"	"Nevada"	"32"	"< 1 year"	"1"	32704
	"2023"	"2023"	"Nevada"	"32"	"1-4 years"	"1-4"	139599
	"2023"	"2023"	"Nevada"	"32"	"5-9 years"	"5-9"	191700
	"2023"	"2023"	"Nevada"	"32"	"10-14 years"	"10-14"	199010
	"2023"	"2023"	"Nevada"	"32"	"15-19 years"	"15-19"	196683
	"2023"	"2023"	"Nevada"	"32"	"20-24 years"	"20-24"	186765
	"2023"	"2023"	"Nevada"	"32"	"25-29 years"	"25-29"	219640
	"2023"	"2023"	"Nevada"	"32"	"30-34 years"	"30-34"	244115
	"2023"	"2023"	"Nevada"	"32"	"35-39 years"	"35-39"	230333
	"2023"	"2023"	"Nevada"	"32"	"40-44 years"	"40-44"	219407
	"2023"	"2023"	"Nevada"	"32"	"45-49 years"	"45-49"	195638
	"2023"	"2023"	"Nevada"	"32"	"50-54 years"	"50-54"	205339
	"2023"	"2023"	"Nevada"	"32"	"55-59 years"	"55-59"	198381
	"2023"	"2023"	"Nevada"	"32"	"60-64 years "	"60-64"	198088
	"2023"	"2023"	"Nevada"	"32"	"65-69 years"	"65-69"	181303
	"2023"	"2023"	"Nevada"	"32"	"70-74 years"	"70-74"	150296
	"2023"	"2023"	"Nevada"	"32"	"75-79 years"	"75-79"	113267
	"2023"	"2023"	"Nevada"	"32"	"80-84 years"	"80-84"	64971
	"2023"	"2023"	"Nevada"	"32"	"85+ years"	"85+"	47124
"Total"	"2023"	"2023"	"Nevada"	"32"			3214363
	"2023"	"2023"	"New Hampshire"	"33"	"< 1 year"	"1"	12143
	"2023"	"2023"	"New Hampshire"	"33"	"1-4 years"	"1-4"	50431
	"2023"	"2023"	"New Hampshire"	"33"	"5-9 years"	"5-9"	67762
	"2023"	"2023"	"New Hampshire"	"33"	"10-14 years"	"10-14"	73145
	"2023"	"2023"	"New Hampshire"	"33"	"15-19 years"	"15-19"	83150
	"2023"	"2023"	"New Hampshire"	"33"	"20-24 years"	"20-24"	85154
	"2023"	"2023"	"New Hampshire"	"33"	"25-29 years"	"25-29"	85347
	"2023"	"2023"	"New Hampshire"	"33"	"30-34 years"	"30-34"	93452
	"2023"	"2023"	"New Hampshire"	"33"	"35-39 years"	"35-39"	91073
	"2023"	"2023"	"New Hampshire"	"33"	"40-44 years"	"40-44"	85532
	"2023"	"2023"	"New Hampshire"	"33"	"45-49 years"	"45-49"	77607
	"2023"	"2023"	"New Hampshire"	"33"	"50-54 years"	"50-54"	91925
	"2023"	"2023"	"New Hampshire"	"33"	"55-59 years"	"55-59"	101922
	"2023"	"2023"	"New Hampshire"	"33"	"60-64 years "	"60-64"	111705
	"2023"	"2023"	"New Hampshire"	"33"	"65-69 years"	"65-69"	98538
	"2023"	"2023"	"New Hampshire"	"33"	"70-74 years"	"70-74"	76629
	"2023"	"2023"	"New Hampshire"	"33"	"75-79 years"	"75-79"	55158
	"2023"	"2023"	"New Hampshire"	"33"	"80-84 years"	"80-84"	32114
	"2023"	"2023"	"New Hampshire"	"33"	"85+ years"	"85+"	29412
"Total"	"2023"	"2023"	"New Hampshire"	"33"			1402199
	"2023"	"2023"	"New Jersey"	"34"	"< 1 year"	"1"	103424
	"2023"	"2023"	"New Jersey"	"34"	"1-4 years"	"1-4"	422642
	"2023"	"2023"	"New Jersey"	"34"	"5-9 years"	"5-9"	560885
	"2023"	"2023"	"New Jersey"	"34"	"10-14 years"	"10-14"	578294
	"2023"	"2023"	"New Jersey"	"34"	"15-19 years"	"15-19"	591987
	"2023"	"2023"	"New Jersey"	"34"	"20-24 years"	"20-24"	562874
	"2023"	"2023"	"New Jersey"	"34"	"25-29 years"	"25-29"	582450
	"2023"	"2023"	"New Jersey"	"34"	"30-34 years"	"30-34"	630984
	"2023"	"2023"	"New Jersey"	"34"	"35-39 years"	"35-39"	628990
	"2023"	"2023"	"New Jersey"	"34"	"40-44 years"	"40-44"	620678
	"2023"	"2023"	"New Jersey"	"34"	"45-49 years"	"45-49"	581307
	"2023"	"2023"	"New Jersey"	"34"	"50-54 years"	"50-54"	613073
	"2023"	"2023"	"New Jersey"	"34"	"55-59 years"	"55-59"	628274
	"2023"	"2023"	"New Jersey"	"34"	"60-64 years "	"60-64"	623443
	"2023"	"2023"	"New Jersey"	"34"	"65-69 years"	"65-69"	534955
	"2023"	"2023"	"New Jersey"	"34"	"70-74 years"	"70-74"	415470
	"2023"	"2023"	"New Jersey"	"34"	"75-79 years"	"75-79"	313044
	"2023"	"2023"	"New Jersey"	"34"	"80-84 years"	"80-84"	198422
	"2023"	"2023"	"New Jersey"	"34"	"85+ years"	"85+"	188446
"Total"	"2023"	"2023"	"New Jersey"	"34"			9379642
	"2023"	"2023"	"New Mexico"	"35"	"< 1 year"	"1"	21417
	"2023"	"2023"	"New Mexico"	"35"	"1-4 years"	"1-4"	87304
	"2023"	"2023"	"New Mexico"	"35"	"5-9 years"	"5-9"	123612
	"2023"	"2023"	"New Mexico"	"35"	"10-14 years"	"10-14"	134156
	"2023"	"2023"	"New Mexico"	"35"	"15-19 years"	"15-19"	144826
	"2023"	"2023"	"New Mexico"	"35"	"20-24 years"	"20-24"	143427
	"2023"	"2023"	"New Mexico"	"35"	"25-29 years"	"25-29"	135176
	"2023"	"2023"	"New Mexico"	"35"	"30-34 years"	"30-34"	143138
	"2023"	"2023"	"New Mexico"	"35"	"35-39 years"	"35-39"	139932
	"2023"	"2023"	"New Mexico"	"35"	"40-44 years"	"40-44"	133972
	"2023"	"2023"	"New Mexico"	"35"	"45-49 years"	"45-49"	117276
	"2023"	"2023"	"New Mexico"	"35"	"50-54 years"	"50-54"	118678
	"2023"	"2023"	"New Mexico"	"35"	"55-59 years"	"55-59"	121202
	"2023"	"2023"	"New Mexico"	"35"	"60-64 years "	"60-64"	137347
	"2023"	"2023"	"New Mexico"	"35"	"65-69 years"	"65-69"	131491
	"2023"	"2023"	"New Mexico"	"35"	"70-74 years"	"70-74"	114430
	"2023"	"2023"	"New Mexico"	"35"	"75-79 years"	"75-79"	83745
	"2023"	"2023"	"New Mexico"	"35"	"80-84 years"	"80-84"	49304
	"2023"	"2023"	"New Mexico"	"35"	"85+ years"	"85+"	40731
"Total"	"2023"	"2023"	"New Mexico"	"35"			2121164
	"2023"	"2023"	"New York"	"36"	"< 1 year"	"1"	209655
	"2023"	"2023"	"New York"	"36"	"1-4 years"	"1-4"	838197
	"2023"	"2023"	"New York"	"36"	"5-9 years"	"5-9"	1109073
	"2023"	"2023"	"New York"	"36"	"10-14 years"	"10-14"	1128647
	"2023"	"2023"	"New York"	"36"	"15-19 years"	"15-19"	1211709
	"2023"	"2023"	"New York"	"36"	"20-24 years"	"20-24"	1265115
	"2023"	"2023"	"New York"	"36"	"25-29 years"	"25-29"	1354092
	"2023"	"2023"	"New York"	"36"	"30-34 years"	"30-34"	1423536
	"2023"	"2023"	"New York"	"36"	"35-39 years"	"35-39"	1327787
	"2023"	"2023"	"New York"	"36"	"40-44 years"	"40-44"	1243232
	"2023"	"2023"	"New York"	"36"	"45-49 years"	"45-49"	1146824
	"2023"	"2023"	"New York"	"36"	"50-54 years"	"50-54"	1232726
	"2023"	"2023"	"New York"	"36"	"55-59 years"	"55-59"	1294133
	"2023"	"2023"	"New York"	"36"	"60-64 years "	"60-64"	1308187
	"2023"	"2023"	"New York"	"36"	"65-69 years"	"65-69"	1154689
	"2023"	"2023"	"New York"	"36"	"70-74 years"	"70-74"	928233
	"2023"	"2023"	"New York"	"36"	"75-79 years"	"75-79"	686358
	"2023"	"2023"	"New York"	"36"	"80-84 years"	"80-84"	437650
	"2023"	"2023"	"New York"	"36"	"85+ years"	"85+"	437524
"Total"	"2023"	"2023"	"New York"	"36"			19737367
	"2023"	"2023"	"North Carolina"	"37"	"< 1 year"	"1"	121068
	"2023"	"2023"	"North Carolina"	"37"	"1-4 years"	"1-4"	489047
	"2023"	"2023"	"North Carolina"	"37"	"5-9 years"	"5-9"	643221
	"2023"	"2023"	"North Carolina"	"37"	"10-14 years"	"10-14"	665679
	"2023"	"2023"	"North Carolina"	"37"	"15-19 years"	"15-19"	730883
	"2023"	"2023"	"North Carolina"	"37"	"20-24 years"	"20-24"	733019
	"2023"	"2023"	"North Carolina"	"37"	"25-29 years"	"25-29"	711221
	"2023"	"2023"	"North Carolina"	"37"	"30-34 years"	"30-34"	757283
	"2023"	"2023"	"North Carolina"	"37"	"35-39 years"	"35-39"	704065
	"2023"	"2023"	"North Carolina"	"37"	"40-44 years"	"40-44"	687529
	"2023"	"2023"	"North Carolina"	"37"	"45-49 years"	"45-49"	651930
	"2023"	"2023"	"North Carolina"	"37"	"50-54 years"	"50-54"	703604
	"2023"	"2023"	"North Carolina"	"37"	"55-59 years"	"55-59"	684471
	"2023"	"2023"	"North Carolina"	"37"	"60-64 years "	"60-64"	689624
	"2023"	"2023"	"North Carolina"	"37"	"65-69 years"	"65-69"	622121
	"2023"	"2023"	"North Carolina"	"37"	"70-74 years"	"70-74"	510549
	"2023"	"2023"	"North Carolina"	"37"	"75-79 years"	"75-79"	376506
	"2023"	"2023"	"North Carolina"	"37"	"80-84 years"	"80-84"	219520
	"2023"	"2023"	"North Carolina"	"37"	"85+ years"	"85+"	179849
"Total"	"2023"	"2023"	"North Carolina"	"37"			10881189
	"2023"	"2023"	"North Dakota"	"38"	"< 1 year"	"1"	9682
	"2023"	"2023"	"North Dakota"	"38"	"1-4 years"	"1-4"	39812
	"2023"	"2023"	"North Dakota"	"38"	"5-9 years"	"5-9"	53612
	"2023"	"2023"	"North Dakota"	"38"	"10-14 years"	"10-14"	51319
	"2023"	"2023"	"North Dakota"	"38"	"15-19 years"	"15-19"	56331
	"2023"	"2023"	"North Dakota"	"38"	"20-24 years"	"20-24"	63373
	"2023"	"2023"	"North Dakota"	"38"	"25-29 years"	"25-29"	54597
	"2023"	"2023"	"North Dakota"	"38"	"30-34 years"	"30-34"	56461
	"2023"	"2023"	"North Dakota"	"38"	"35-39 years"	"35-39"	53538
	"2023"	"2023"	"North Dakota"	"38"	"40-44 years"	"40-44"	49736
	"2023"	"2023"	"North Dakota"	"38"	"45-49 years"	"45-49"	40289
	"2023"	"2023"	"North Dakota"	"38"	"50-54 years"	"50-54"	39121
	"2023"	"2023"	"North Dakota"	"38"	"55-59 years"	"55-59"	40772
	"2023"	"2023"	"North Dakota"	"38"	"60-64 years "	"60-64"	46571
	"2023"	"2023"	"North Dakota"	"38"	"65-69 years"	"65-69"	43499
	"2023"	"2023"	"North Dakota"	"38"	"70-74 years"	"70-74"	34098
	"2023"	"2023"	"North Dakota"	"38"	"75-79 years"	"75-79"	23371
	"2023"	"2023"	"North Dakota"	"38"	"80-84 years"	"80-84"	15037
	"2023"	"2023"	"North Dakota"	"38"	"85+ years"	"85+"	17828
"Total"	"2023"	"2023"	"North Dakota"	"38"			789047
	"2023"	"2023"	"Ohio"	"39"	"< 1 year"	"1"	128164
	"2023"	"2023"	"Ohio"	"39"	"1-4 years"	"1-4"	533072
	"2023"	"2023"	"Ohio"	"39"	"5-9 years"	"5-9"	720042
	"2023"	"2023"	"Ohio"	"39"	"10-14 years"	"10-14"	734944
	"2023"	"2023"	"Ohio"	"39"	"15-19 years"	"15-19"	770046
	"2023"	"2023"	"Ohio"	"39"	"20-24 years"	"20-24"	751264
	"2023"	"2023"	"Ohio"	"39"	"25-29 years"	"25-29"	759801
	"2023"	"2023"	"Ohio"	"39"	"30-34 years"	"30-34"	806105
	"2023"	"2023"	"Ohio"	"39"	"35-39 years"	"35-39"	754055
	"2023"	"2023"	"Ohio"	"39"	"40-44 years"	"40-44"	737168
	"2023"	"2023"	"Ohio"	"39"	"45-49 years"	"45-49"	671573
	"2023"	"2023"	"Ohio"	"39"	"50-54 years"	"50-54"	728337
	"2023"	"2023"	"Ohio"	"39"	"55-59 years"	"55-59"	736041
	"2023"	"2023"	"Ohio"	"39"	"60-64 years "	"60-64"	784540
	"2023"	"2023"	"Ohio"	"39"	"65-69 years"	"65-69"	728504
	"2023"	"2023"	"Ohio"	"39"	"70-74 years"	"70-74"	583260
	"2023"	"2023"	"Ohio"	"39"	"75-79 years"	"75-79"	412497
	"2023"	"2023"	"Ohio"	"39"	"80-84 years"	"80-84"	255057
	"2023"	"2023"	"Ohio"	"39"	"85+ years"	"85+"	229564
"Total"	"2023"	"2023"	"Ohio"	"39"			11824034
	"2023"	"2023"	"Oklahoma"	"40"	"< 1 year"	"1"	48301
	"2023"	"2023"	"Oklahoma"	"40"	"1-4 years"	"1-4"	197186
	"2023"	"2023"	"Oklahoma"	"40"	"5-9 years"	"5-9"	270587
	"2023"	"2023"	"Oklahoma"	"40"	"10-14 years"	"10-14"	278650
	"2023"	"2023"	"Oklahoma"	"40"	"15-19 years"	"15-19"	285992
	"2023"	"2023"	"Oklahoma"	"40"	"20-24 years"	"20-24"	287673
	"2023"	"2023"	"Oklahoma"	"40"	"25-29 years"	"25-29"	269546
	"2023"	"2023"	"Oklahoma"	"40"	"30-34 years"	"30-34"	280246
	"2023"	"2023"	"Oklahoma"	"40"	"35-39 years"	"35-39"	269623
	"2023"	"2023"	"Oklahoma"	"40"	"40-44 years"	"40-44"	267584
	"2023"	"2023"	"Oklahoma"	"40"	"45-49 years"	"45-49"	231081
	"2023"	"2023"	"Oklahoma"	"40"	"50-54 years"	"50-54"	232695
	"2023"	"2023"	"Oklahoma"	"40"	"55-59 years"	"55-59"	225062
	"2023"	"2023"	"Oklahoma"	"40"	"60-64 years "	"60-64"	245618
	"2023"	"2023"	"Oklahoma"	"40"	"65-69 years"	"65-69"	221296
	"2023"	"2023"	"Oklahoma"	"40"	"70-74 years"	"70-74"	176142
	"2023"	"2023"	"Oklahoma"	"40"	"75-79 years"	"75-79"	128728
	"2023"	"2023"	"Oklahoma"	"40"	"80-84 years"	"80-84"	79676
	"2023"	"2023"	"Oklahoma"	"40"	"85+ years"	"85+"	68196
"Total"	"2023"	"2023"	"Oklahoma"	"40"			4063882
	"2023"	"2023"	"Oregon"	"41"	"< 1 year"	"1"	38706
	"2023"	"2023"	"Oregon"	"41"	"1-4 years"	"1-4"	164408
	"2023"	"2023"	"Oregon"	"41"	"5-9 years"	"5-9"	230818
	"2023"	"2023"	"Oregon"	"41"	"10-14 years"	"10-14"	243603
	"2023"	"2023"	"Oregon"	"41"	"15-19 years"	"15-19"	257530
	"2023"	"2023"	"Oregon"	"41"	"20-24 years"	"20-24"	262336
	"2023"	"2023"	"Oregon"	"41"	"25-29 years"	"25-29"	281075
	"2023"	"2023"	"Oregon"	"41"	"30-34 years"	"30-34"	313458
	"2023"	"2023"	"Oregon"	"41"	"35-39 years"	"35-39"	302226
	"2023"	"2023"	"Oregon"	"41"	"40-44 years"	"40-44"	297023
	"2023"	"2023"	"Oregon"	"41"	"45-49 years"	"45-49"	263674
	"2023"	"2023"	"Oregon"	"41"	"50-54 years"	"50-54"	260889
	"2023"	"2023"	"Oregon"	"41"	"55-59 years"	"55-59"	244592
	"2023"	"2023"	"Oregon"	"41"	"60-64 years "	"60-64"	261543
	"2023"	"2023"	"Oregon"	"41"	"65-69 years"	"65-69"	260589
	"2023"	"2023"	"Oregon"	"41"	"70-74 years"	"70-74"	230633
	"2023"	"2023"	"Oregon"	"41"	"75-79 years"	"75-79"	165578
	"2023"	"2023"	"Oregon"	"41"	"80-84 years"	"80-84"	95894
	"2023"	"2023"	"Oregon"	"41"	"85+ years"	"85+"	79078
"Total"	"2023"	"2023"	"Oregon"	"41"			4253653
	"2023"	"2023"	"Pennsylvania"	"42"	"< 1 year"	"1"	128857
	"2023"	"2023"	"Pennsylvania"	"42"	"1-4 years"	"1-4"	540360
	"2023"	"2023"	"Pennsylvania"	"42"	"5-9 years"	"5-9"	730058
	"2023"	"2023"	"Pennsylvania"	"42"	"10-14 years"	"10-14"	756994
	"2023"	"2023"	"Pennsylvania"	"42"	"15-19 years"	"15-19"	847941
	"2023"	"2023"	"Pennsylvania"	"42"	"20-24 years"	"20-24"	812259
	"2023"	"2023"	"Pennsylvania"	"42"	"25-29 years"	"25-29"	798773
	"2023"	"2023"	"Pennsylvania"	"42"	"30-34 years"	"30-34"	880262
	"2023"	"2023"	"Pennsylvania"	"42"	"35-39 years"	"35-39"	853716
	"2023"	"2023"	"Pennsylvania"	"42"	"40-44 years"	"40-44"	805422
	"2023"	"2023"	"Pennsylvania"	"42"	"45-49 years"	"45-49"	726851
	"2023"	"2023"	"Pennsylvania"	"42"	"50-54 years"	"50-54"	800526
	"2023"	"2023"	"Pennsylvania"	"42"	"55-59 years"	"55-59"	844273
	"2023"	"2023"	"Pennsylvania"	"42"	"60-64 years "	"60-64"	894718
	"2023"	"2023"	"Pennsylvania"	"42"	"65-69 years"	"65-69"	835544
	"2023"	"2023"	"Pennsylvania"	"42"	"70-74 years"	"70-74"	671668
	"2023"	"2023"	"Pennsylvania"	"42"	"75-79 years"	"75-79"	486518
	"2023"	"2023"	"Pennsylvania"	"42"	"80-84 years"	"80-84"	307467
	"2023"	"2023"	"Pennsylvania"	"42"	"85+ years"	"85+"	295514
"Total"	"2023"	"2023"	"Pennsylvania"	"42"			13017721
	"2023"	"2023"	"Rhode Island"	"44"	"< 1 year"	"1"	10093
	"2023"	"2023"	"Rhode Island"	"44"	"1-4 years"	"1-4"	42645
	"2023"	"2023"	"Rhode Island"	"44"	"5-9 years"	"5-9"	56798
	"2023"	"2023"	"Rhode Island"	"44"	"10-14 years"	"10-14"	57817
	"2023"	"2023"	"Rhode Island"	"44"	"15-19 years"	"15-19"	73090
	"2023"	"2023"	"Rhode Island"	"44"	"20-24 years"	"20-24"	75401
	"2023"	"2023"	"Rhode Island"	"44"	"25-29 years"	"25-29"	72142
	"2023"	"2023"	"Rhode Island"	"44"	"30-34 years"	"30-34"	80047
	"2023"	"2023"	"Rhode Island"	"44"	"35-39 years"	"35-39"	74356
	"2023"	"2023"	"Rhode Island"	"44"	"40-44 years"	"40-44"	69099
	"2023"	"2023"	"Rhode Island"	"44"	"45-49 years"	"45-49"	60811
	"2023"	"2023"	"Rhode Island"	"44"	"50-54 years"	"50-54"	67849
	"2023"	"2023"	"Rhode Island"	"44"	"55-59 years"	"55-59"	74888
	"2023"	"2023"	"Rhode Island"	"44"	"60-64 years "	"60-64"	76477
	"2023"	"2023"	"Rhode Island"	"44"	"65-69 years"	"65-69"	69510
	"2023"	"2023"	"Rhode Island"	"44"	"70-74 years"	"70-74"	54008
	"2023"	"2023"	"Rhode Island"	"44"	"75-79 years"	"75-79"	39445
	"2023"	"2023"	"Rhode Island"	"44"	"80-84 years"	"80-84"	24272
	"2023"	"2023"	"Rhode Island"	"44"	"85+ years"	"85+"	24681
"Total"	"2023"	"2023"	"Rhode Island"	"44"			1103429
	"2023"	"2023"	"South Carolina"	"45"	"< 1 year"	"1"	57842
	"2023"	"2023"	"South Carolina"	"45"	"1-4 years"	"1-4"	235099
	"2023"	"2023"	"South Carolina"	"45"	"5-9 years"	"5-9"	313888
	"2023"	"2023"	"South Carolina"	"45"	"10-14 years"	"10-14"	328508
	"2023"	"2023"	"South Carolina"	"45"	"15-19 years"	"15-19"	356169
	"2023"	"2023"	"South Carolina"	"45"	"20-24 years"	"20-24"	345070
	"2023"	"2023"	"South Carolina"	"45"	"25-29 years"	"25-29"	332497
	"2023"	"2023"	"South Carolina"	"45"	"30-34 years"	"30-34"	361580
	"2023"	"2023"	"South Carolina"	"45"	"35-39 years"	"35-39"	340318
	"2023"	"2023"	"South Carolina"	"45"	"40-44 years"	"40-44"	334182
	"2023"	"2023"	"South Carolina"	"45"	"45-49 years"	"45-49"	308309
	"2023"	"2023"	"South Carolina"	"45"	"50-54 years"	"50-54"	334471
	"2023"	"2023"	"South Carolina"	"45"	"55-59 years"	"55-59"	342543
	"2023"	"2023"	"South Carolina"	"45"	"60-64 years "	"60-64"	360417
	"2023"	"2023"	"South Carolina"	"45"	"65-69 years"	"65-69"	337757
	"2023"	"2023"	"South Carolina"	"45"	"70-74 years"	"70-74"	281621
	"2023"	"2023"	"South Carolina"	"45"	"75-79 years"	"75-79"	209455
	"2023"	"2023"	"South Carolina"	"45"	"80-84 years"	"80-84"	118213
	"2023"	"2023"	"South Carolina"	"45"	"85+ years"	"85+"	89891
"Total"	"2023"	"2023"	"South Carolina"	"45"			5387830
	"2023"	"2023"	"South Dakota"	"46"	"< 1 year"	"1"	11239
	"2023"	"2023"	"South Dakota"	"46"	"1-4 years"	"1-4"	46354
	"2023"	"2023"	"South Dakota"	"46"	"5-9 years"	"5-9"	62269
	"2023"	"2023"	"South Dakota"	"46"	"10-14 years"	"10-14"	62645
	"2023"	"2023"	"South Dakota"	"46"	"15-19 years"	"15-19"	63115
	"2023"	"2023"	"South Dakota"	"46"	"20-24 years"	"20-24"	60828
	"2023"	"2023"	"South Dakota"	"46"	"25-29 years"	"25-29"	57009
	"2023"	"2023"	"South Dakota"	"46"	"30-34 years"	"30-34"	58134
	"2023"	"2023"	"South Dakota"	"46"	"35-39 years"	"35-39"	58891
	"2023"	"2023"	"South Dakota"	"46"	"40-44 years"	"40-44"	57844
	"2023"	"2023"	"South Dakota"	"46"	"45-49 years"	"45-49"	49126
	"2023"	"2023"	"South Dakota"	"46"	"50-54 years"	"50-54"	48574
	"2023"	"2023"	"South Dakota"	"46"	"55-59 years"	"55-59"	52089
	"2023"	"2023"	"South Dakota"	"46"	"60-64 years "	"60-64"	61305
	"2023"	"2023"	"South Dakota"	"46"	"65-69 years"	"65-69"	57974
	"2023"	"2023"	"South Dakota"	"46"	"70-74 years"	"70-74"	45508
	"2023"	"2023"	"South Dakota"	"46"	"75-79 years"	"75-79"	28953
	"2023"	"2023"	"South Dakota"	"46"	"80-84 years"	"80-84"	17476
	"2023"	"2023"	"South Dakota"	"46"	"85+ years"	"85+"	18972
"Total"	"2023"	"2023"	"South Dakota"	"46"			918305
	"2023"	"2023"	"Tennessee"	"47"	"< 1 year"	"1"	82804
	"2023"	"2023"	"Tennessee"	"47"	"1-4 years"	"1-4"	331216
	"2023"	"2023"	"Tennessee"	"47"	"5-9 years"	"5-9"	434747
	"2023"	"2023"	"Tennessee"	"47"	"10-14 years"	"10-14"	443708
	"2023"	"2023"	"Tennessee"	"47"	"15-19 years"	"15-19"	458668
	"2023"	"2023"	"Tennessee"	"47"	"20-24 years"	"20-24"	464709
	"2023"	"2023"	"Tennessee"	"47"	"25-29 years"	"25-29"	485700
	"2023"	"2023"	"Tennessee"	"47"	"30-34 years"	"30-34"	507131
	"2023"	"2023"	"Tennessee"	"47"	"35-39 years"	"35-39"	462698
	"2023"	"2023"	"Tennessee"	"47"	"40-44 years"	"40-44"	453382
	"2023"	"2023"	"Tennessee"	"47"	"45-49 years"	"45-49"	423489
	"2023"	"2023"	"Tennessee"	"47"	"50-54 years"	"50-54"	455205
	"2023"	"2023"	"Tennessee"	"47"	"55-59 years"	"55-59"	447939
	"2023"	"2023"	"Tennessee"	"47"	"60-64 years "	"60-64"	455951
	"2023"	"2023"	"Tennessee"	"47"	"65-69 years"	"65-69"	411478
	"2023"	"2023"	"Tennessee"	"47"	"70-74 years"	"70-74"	330193
	"2023"	"2023"	"Tennessee"	"47"	"75-79 years"	"75-79"	242289
	"2023"	"2023"	"Tennessee"	"47"	"80-84 years"	"80-84"	143438
	"2023"	"2023"	"Tennessee"	"47"	"85+ years"	"85+"	113559
"Total"	"2023"	"2023"	"Tennessee"	"47"			7148304
	"2023"	"2023"	"Texas"	"48"	"< 1 year"	"1"	391251
	"2023"	"2023"	"Texas"	"48"	"1-4 years"	"1-4"	1561803
	"2023"	"2023"	"Texas"	"48"	"5-9 years"	"5-9"	2124904
	"2023"	"2023"	"Texas"	"48"	"10-14 years"	"10-14"	2172076
	"2023"	"2023"	"Texas"	"48"	"15-19 years"	"15-19"	2219928
	"2023"	"2023"	"Texas"	"48"	"20-24 years"	"20-24"	2143281
	"2023"	"2023"	"Texas"	"48"	"25-29 years"	"25-29"	2178189
	"2023"	"2023"	"Texas"	"48"	"30-34 years"	"30-34"	2281484
	"2023"	"2023"	"Texas"	"48"	"35-39 years"	"35-39"	2209553
	"2023"	"2023"	"Texas"	"48"	"40-44 years"	"40-44"	2135825
	"2023"	"2023"	"Texas"	"48"	"45-49 years"	"45-49"	1900473
	"2023"	"2023"	"Texas"	"48"	"50-54 years"	"50-54"	1856158
	"2023"	"2023"	"Texas"	"48"	"55-59 years"	"55-59"	1691941
	"2023"	"2023"	"Texas"	"48"	"60-64 years "	"60-64"	1657433
	"2023"	"2023"	"Texas"	"48"	"65-69 years"	"65-69"	1430472
	"2023"	"2023"	"Texas"	"48"	"70-74 years"	"70-74"	1111504
	"2023"	"2023"	"Texas"	"48"	"75-79 years"	"75-79"	794434
	"2023"	"2023"	"Texas"	"48"	"80-84 years"	"80-84"	470217
	"2023"	"2023"	"Texas"	"48"	"85+ years"	"85+"	396964
"Total"	"2023"	"2023"	"Texas"	"48"			30727890
	"2023"	"2023"	"Utah"	"49"	"< 1 year"	"1"	45445
	"2023"	"2023"	"Utah"	"49"	"1-4 years"	"1-4"	186940
	"2023"	"2023"	"Utah"	"49"	"5-9 years"	"5-9"	256627
	"2023"	"2023"	"Utah"	"49"	"10-14 years"	"10-14"	273245
	"2023"	"2023"	"Utah"	"49"	"15-19 years"	"15-19"	284862
	"2023"	"2023"	"Utah"	"49"	"20-24 years"	"20-24"	296406
	"2023"	"2023"	"Utah"	"49"	"25-29 years"	"25-29"	266805
	"2023"	"2023"	"Utah"	"49"	"30-34 years"	"30-34"	249326
	"2023"	"2023"	"Utah"	"49"	"35-39 years"	"35-39"	228313
	"2023"	"2023"	"Utah"	"49"	"40-44 years"	"40-44"	240278
	"2023"	"2023"	"Utah"	"49"	"45-49 years"	"45-49"	209232
	"2023"	"2023"	"Utah"	"49"	"50-54 years"	"50-54"	177753
	"2023"	"2023"	"Utah"	"49"	"55-59 years"	"55-59"	153633
	"2023"	"2023"	"Utah"	"49"	"60-64 years "	"60-64"	156708
	"2023"	"2023"	"Utah"	"49"	"65-69 years"	"65-69"	141815
	"2023"	"2023"	"Utah"	"49"	"70-74 years"	"70-74"	112336
	"2023"	"2023"	"Utah"	"49"	"75-79 years"	"75-79"	78970
	"2023"	"2023"	"Utah"	"49"	"80-84 years"	"80-84"	47526
	"2023"	"2023"	"Utah"	"49"	"85+ years"	"85+"	37002
"Total"	"2023"	"2023"	"Utah"	"49"			3443222
	"2023"	"2023"	"Vermont"	"50"	"< 1 year"	"1"	5093
	"2023"	"2023"	"Vermont"	"50"	"1-4 years"	"1-4"	22306
	"2023"	"2023"	"Vermont"	"50"	"5-9 years"	"5-9"	31689
	"2023"	"2023"	"Vermont"	"50"	"10-14 years"	"10-14"	33587
	"2023"	"2023"	"Vermont"	"50"	"15-19 years"	"15-19"	41813
	"2023"	"2023"	"Vermont"	"50"	"20-24 years"	"20-24"	43951
	"2023"	"2023"	"Vermont"	"50"	"25-29 years"	"25-29"	36927
	"2023"	"2023"	"Vermont"	"50"	"30-34 years"	"30-34"	40699
	"2023"	"2023"	"Vermont"	"50"	"35-39 years"	"35-39"	40659
	"2023"	"2023"	"Vermont"	"50"	"40-44 years"	"40-44"	40330
	"2023"	"2023"	"Vermont"	"50"	"45-49 years"	"45-49"	36354
	"2023"	"2023"	"Vermont"	"50"	"50-54 years"	"50-54"	40074
	"2023"	"2023"	"Vermont"	"50"	"55-59 years"	"55-59"	43158
	"2023"	"2023"	"Vermont"	"50"	"60-64 years "	"60-64"	48583
	"2023"	"2023"	"Vermont"	"50"	"65-69 years"	"65-69"	46608
	"2023"	"2023"	"Vermont"	"50"	"70-74 years"	"70-74"	38928
	"2023"	"2023"	"Vermont"	"50"	"75-79 years"	"75-79"	27912
	"2023"	"2023"	"Vermont"	"50"	"80-84 years"	"80-84"	16218
	"2023"	"2023"	"Vermont"	"50"	"85+ years"	"85+"	13819
"Total"	"2023"	"2023"	"Vermont"	"50"			648708
	"2023"	"2023"	"Virginia"	"51"	"< 1 year"	"1"	94042
	"2023"	"2023"	"Virginia"	"51"	"1-4 years"	"1-4"	391675
	"2023"	"2023"	"Virginia"	"51"	"5-9 years"	"5-9"	524823
	"2023"	"2023"	"Virginia"	"51"	"10-14 years"	"10-14"	534556
	"2023"	"2023"	"Virginia"	"51"	"15-19 years"	"15-19"	569576
	"2023"	"2023"	"Virginia"	"51"	"20-24 years"	"20-24"	574474
	"2023"	"2023"	"Virginia"	"51"	"25-29 years"	"25-29"	571677
	"2023"	"2023"	"Virginia"	"51"	"30-34 years"	"30-34"	605539
	"2023"	"2023"	"Virginia"	"51"	"35-39 years"	"35-39"	601361
	"2023"	"2023"	"Virginia"	"51"	"40-44 years"	"40-44"	588579
	"2023"	"2023"	"Virginia"	"51"	"45-49 years"	"45-49"	526512
	"2023"	"2023"	"Virginia"	"51"	"50-54 years"	"50-54"	550428
	"2023"	"2023"	"Virginia"	"51"	"55-59 years"	"55-59"	549470
	"2023"	"2023"	"Virginia"	"51"	"60-64 years "	"60-64"	553074
	"2023"	"2023"	"Virginia"	"51"	"65-69 years"	"65-69"	484734
	"2023"	"2023"	"Virginia"	"51"	"70-74 years"	"70-74"	391477
	"2023"	"2023"	"Virginia"	"51"	"75-79 years"	"75-79"	293388
	"2023"	"2023"	"Virginia"	"51"	"80-84 years"	"80-84"	178009
	"2023"	"2023"	"Virginia"	"51"	"85+ years"	"85+"	151291
"Total"	"2023"	"2023"	"Virginia"	"51"			8734685
	"2023"	"2023"	"Washington"	"53"	"< 1 year"	"1"	82730
	"2023"	"2023"	"Washington"	"53"	"1-4 years"	"1-4"	341503
	"2023"	"2023"	"Washington"	"53"	"5-9 years"	"5-9"	464553
	"2023"	"2023"	"Washington"	"53"	"10-14 years"	"10-14"	473693
	"2023"	"2023"	"Washington"	"53"	"15-19 years"	"15-19"	472811
	"2023"	"2023"	"Washington"	"53"	"20-24 years"	"20-24"	485120
	"2023"	"2023"	"Washington"	"53"	"25-29 years"	"25-29"	566100
	"2023"	"2023"	"Washington"	"53"	"30-34 years"	"30-34"	633016
	"2023"	"2023"	"Washington"	"53"	"35-39 years"	"35-39"	591452
	"2023"	"2023"	"Washington"	"53"	"40-44 years"	"40-44"	547976
	"2023"	"2023"	"Washington"	"53"	"45-49 years"	"45-49"	465998
	"2023"	"2023"	"Washington"	"53"	"50-54 years"	"50-54"	469696
	"2023"	"2023"	"Washington"	"53"	"55-59 years"	"55-59"	450269
	"2023"	"2023"	"Washington"	"53"	"60-64 years "	"60-64"	473094
	"2023"	"2023"	"Washington"	"53"	"65-69 years"	"65-69"	438896
	"2023"	"2023"	"Washington"	"53"	"70-74 years"	"70-74"	362085
	"2023"	"2023"	"Washington"	"53"	"75-79 years"	"75-79"	259663
	"2023"	"2023"	"Washington"	"53"	"80-84 years"	"80-84"	149686
	"2023"	"2023"	"Washington"	"53"	"85+ years"	"85+"	128979
"Total"	"2023"	"2023"	"Washington"	"53"			7857320
	"2023"	"2023"	"West Virginia"	"54"	"< 1 year"	"1"	16751
	"2023"	"2023"	"West Virginia"	"54"	"1-4 years"	"1-4"	70227
	"2023"	"2023"	"West Virginia"	"54"	"5-9 years"	"5-9"	96115
	"2023"	"2023"	"West Virginia"	"54"	"10-14 years"	"10-14"	102641
	"2023"	"2023"	"West Virginia"	"54"	"15-19 years"	"15-19"	109665
	"2023"	"2023"	"West Virginia"	"54"	"20-24 years"	"20-24"	111676
	"2023"	"2023"	"West Virginia"	"54"	"25-29 years"	"25-29"	104536
	"2023"	"2023"	"West Virginia"	"54"	"30-34 years"	"30-34"	110033
	"2023"	"2023"	"West Virginia"	"54"	"35-39 years"	"35-39"	101222
	"2023"	"2023"	"West Virginia"	"54"	"40-44 years"	"40-44"	109215
	"2023"	"2023"	"West Virginia"	"54"	"45-49 years"	"45-49"	107073
	"2023"	"2023"	"West Virginia"	"54"	"50-54 years"	"50-54"	115209
	"2023"	"2023"	"West Virginia"	"54"	"55-59 years"	"55-59"	114582
	"2023"	"2023"	"West Virginia"	"54"	"60-64 years "	"60-64"	120912
	"2023"	"2023"	"West Virginia"	"54"	"65-69 years"	"65-69"	119535
	"2023"	"2023"	"West Virginia"	"54"	"70-74 years"	"70-74"	104441
	"2023"	"2023"	"West Virginia"	"54"	"75-79 years"	"75-79"	74781
	"2023"	"2023"	"West Virginia"	"54"	"80-84 years"	"80-84"	44343
	"2023"	"2023"	"West Virginia"	"54"	"85+ years"	"85+"	37538
"Total"	"2023"	"2023"	"West Virginia"	"54"			1770495
	"2023"	"2023"	"Wisconsin"	"55"	"< 1 year"	"1"	59768
	"2023"	"2023"	"Wisconsin"	"55"	"1-4 years"	"1-4"	251906
	"2023"	"2023"	"Wisconsin"	"55"	"5-9 years"	"5-9"	343637
	"2023"	"2023"	"Wisconsin"	"55"	"10-14 years"	"10-14"	362130
	"2023"	"2023"	"Wisconsin"	"55"	"15-19 years"	"15-19"	392482
	"2023"	"2023"	"Wisconsin"	"55"	"20-24 years"	"20-24"	399862
	"2023"	"2023"	"Wisconsin"	"55"	"25-29 years"	"25-29"	369979
	"2023"	"2023"	"Wisconsin"	"55"	"30-34 years"	"30-34"	375815
	"2023"	"2023"	"Wisconsin"	"55"	"35-39 years"	"35-39"	372885
	"2023"	"2023"	"Wisconsin"	"55"	"40-44 years"	"40-44"	379119
	"2023"	"2023"	"Wisconsin"	"55"	"45-49 years"	"45-49"	336448
	"2023"	"2023"	"Wisconsin"	"55"	"50-54 years"	"50-54"	353339
	"2023"	"2023"	"Wisconsin"	"55"	"55-59 years"	"55-59"	384016
	"2023"	"2023"	"Wisconsin"	"55"	"60-64 years "	"60-64"	417924
	"2023"	"2023"	"Wisconsin"	"55"	"65-69 years"	"65-69"	376866
	"2023"	"2023"	"Wisconsin"	"55"	"70-74 years"	"70-74"	302636
	"2023"	"2023"	"Wisconsin"	"55"	"75-79 years"	"75-79"	207885
	"2023"	"2023"	"Wisconsin"	"55"	"80-84 years"	"80-84"	127771
	"2023"	"2023"	"Wisconsin"	"55"	"85+ years"	"85+"	115937
"Total"	"2023"	"2023"	"Wisconsin"	"55"			5930405
	"2023"	"2023"	"Wyoming"	"56"	"< 1 year"	"1"	6004
	"2023"	"2023"	"Wyoming"	"56"	"1-4 years"	"1-4"	25016
	"2023"	"2023"	"Wyoming"	"56"	"5-9 years"	"5-9"	35651
	"2023"	"2023"	"Wyoming"	"56"	"10-14 years"	"10-14"	38198
	"2023"	"2023"	"Wyoming"	"56"	"15-19 years"	"15-19"	40265
	"2023"	"2023"	"Wyoming"	"56"	"20-24 years"	"20-24"	38105
	"2023"	"2023"	"Wyoming"	"56"	"25-29 years"	"25-29"	35132
	"2023"	"2023"	"Wyoming"	"56"	"30-34 years"	"30-34"	37982
	"2023"	"2023"	"Wyoming"	"56"	"35-39 years"	"35-39"	39037
	"2023"	"2023"	"Wyoming"	"56"	"40-44 years"	"40-44"	39400
	"2023"	"2023"	"Wyoming"	"56"	"45-49 years"	"45-49"	33638
	"2023"	"2023"	"Wyoming"	"56"	"50-54 years"	"50-54"	32850
	"2023"	"2023"	"Wyoming"	"56"	"55-59 years"	"55-59"	32559
	"2023"	"2023"	"Wyoming"	"56"	"60-64 years "	"60-64"	39157
	"2023"	"2023"	"Wyoming"	"56"	"65-69 years"	"65-69"	38591
	"2023"	"2023"	"Wyoming"	"56"	"70-74 years"	"70-74"	30539
	"2023"	"2023"	"Wyoming"	"56"	"75-79 years"	"75-79"	20537
	"2023"	"2023"	"Wyoming"	"56"	"80-84 years"	"80-84"	11916
	"2023"	"2023"	"Wyoming"	"56"	"85+ years"	"85+"	10490
"Total"	"2023"	"2023"	"Wyoming"	"56"			585067
"Total"	"2023"	"2023"					336806231
	"2024"	"2024"	"Alabama"	"01"	"< 1 year"	"1"	57258
	"2024"	"2024"	"Alabama"	"01"	"1-4 years"	"1-4"	238188
	"2024"	"2024"	"Alabama"	"01"	"5-9 years"	"5-9"	313184
	"2024"	"2024"	"Alabama"	"01"	"10-14 years"	"10-14"	319050
	"2024"	"2024"	"Alabama"	"01"	"15-19 years"	"15-19"	349785
	"2024"	"2024"	"Alabama"	"01"	"20-24 years"	"20-24"	345567
	"2024"	"2024"	"Alabama"	"01"	"25-29 years"	"25-29"	324094
	"2024"	"2024"	"Alabama"	"01"	"30-34 years"	"30-34"	343402
	"2024"	"2024"	"Alabama"	"01"	"35-39 years"	"35-39"	323350
	"2024"	"2024"	"Alabama"	"01"	"40-44 years"	"40-44"	318565
	"2024"	"2024"	"Alabama"	"01"	"45-49 years"	"45-49"	301067
	"2024"	"2024"	"Alabama"	"01"	"50-54 years"	"50-54"	318500
	"2024"	"2024"	"Alabama"	"01"	"55-59 years"	"55-59"	314633
	"2024"	"2024"	"Alabama"	"01"	"60-64 years "	"60-64"	335155
	"2024"	"2024"	"Alabama"	"01"	"65-69 years"	"65-69"	308626
	"2024"	"2024"	"Alabama"	"01"	"70-74 years"	"70-74"	251507
	"2024"	"2024"	"Alabama"	"01"	"75-79 years"	"75-79"	189911
	"2024"	"2024"	"Alabama"	"01"	"80-84 years"	"80-84"	113143
	"2024"	"2024"	"Alabama"	"01"	"85+ years"	"85+"	92714
"Total"	"2024"	"2024"	"Alabama"	"01"			5157699
	"2024"	"2024"	"Alaska"	"02"	"< 1 year"	"1"	9004
	"2024"	"2024"	"Alaska"	"02"	"1-4 years"	"1-4"	36532
	"2024"	"2024"	"Alaska"	"02"	"5-9 years"	"5-9"	48967
	"2024"	"2024"	"Alaska"	"02"	"10-14 years"	"10-14"	50410
	"2024"	"2024"	"Alaska"	"02"	"15-19 years"	"15-19"	46950
	"2024"	"2024"	"Alaska"	"02"	"20-24 years"	"20-24"	50718
	"2024"	"2024"	"Alaska"	"02"	"25-29 years"	"25-29"	53856
	"2024"	"2024"	"Alaska"	"02"	"30-34 years"	"30-34"	58575
	"2024"	"2024"	"Alaska"	"02"	"35-39 years"	"35-39"	57310
	"2024"	"2024"	"Alaska"	"02"	"40-44 years"	"40-44"	51758
	"2024"	"2024"	"Alaska"	"02"	"45-49 years"	"45-49"	42250
	"2024"	"2024"	"Alaska"	"02"	"50-54 years"	"50-54"	41061
	"2024"	"2024"	"Alaska"	"02"	"55-59 years"	"55-59"	40135
	"2024"	"2024"	"Alaska"	"02"	"60-64 years "	"60-64"	43401
	"2024"	"2024"	"Alaska"	"02"	"65-69 years"	"65-69"	39151
	"2024"	"2024"	"Alaska"	"02"	"70-74 years"	"70-74"	31427
	"2024"	"2024"	"Alaska"	"02"	"75-79 years"	"75-79"	20246
	"2024"	"2024"	"Alaska"	"02"	"80-84 years"	"80-84"	10837
	"2024"	"2024"	"Alaska"	"02"	"85+ years"	"85+"	7545
"Total"	"2024"	"2024"	"Alaska"	"02"			740133
	"2024"	"2024"	"Arizona"	"04"	"< 1 year"	"1"	77871
	"2024"	"2024"	"Arizona"	"04"	"1-4 years"	"1-4"	319089
	"2024"	"2024"	"Arizona"	"04"	"5-9 years"	"5-9"	434914
	"2024"	"2024"	"Arizona"	"04"	"10-14 years"	"10-14"	457027
	"2024"	"2024"	"Arizona"	"04"	"15-19 years"	"15-19"	504902
	"2024"	"2024"	"Arizona"	"04"	"20-24 years"	"20-24"	522035
	"2024"	"2024"	"Arizona"	"04"	"25-29 years"	"25-29"	522340
	"2024"	"2024"	"Arizona"	"04"	"30-34 years"	"30-34"	532494
	"2024"	"2024"	"Arizona"	"04"	"35-39 years"	"35-39"	497567
	"2024"	"2024"	"Arizona"	"04"	"40-44 years"	"40-44"	476971
	"2024"	"2024"	"Arizona"	"04"	"45-49 years"	"45-49"	431851
	"2024"	"2024"	"Arizona"	"04"	"50-54 years"	"50-54"	435841
	"2024"	"2024"	"Arizona"	"04"	"55-59 years"	"55-59"	425731
	"2024"	"2024"	"Arizona"	"04"	"60-64 years "	"60-64"	455299
	"2024"	"2024"	"Arizona"	"04"	"65-69 years"	"65-69"	439170
	"2024"	"2024"	"Arizona"	"04"	"70-74 years"	"70-74"	383582
	"2024"	"2024"	"Arizona"	"04"	"75-79 years"	"75-79"	312594
	"2024"	"2024"	"Arizona"	"04"	"80-84 years"	"80-84"	194766
	"2024"	"2024"	"Arizona"	"04"	"85+ years"	"85+"	158340
"Total"	"2024"	"2024"	"Arizona"	"04"			7582384
	"2024"	"2024"	"Arkansas"	"05"	"< 1 year"	"1"	34746
	"2024"	"2024"	"Arkansas"	"05"	"1-4 years"	"1-4"	144421
	"2024"	"2024"	"Arkansas"	"05"	"5-9 years"	"5-9"	194868
	"2024"	"2024"	"Arkansas"	"05"	"10-14 years"	"10-14"	198811
	"2024"	"2024"	"Arkansas"	"05"	"15-19 years"	"15-19"	210391
	"2024"	"2024"	"Arkansas"	"05"	"20-24 years"	"20-24"	207746
	"2024"	"2024"	"Arkansas"	"05"	"25-29 years"	"25-29"	199133
	"2024"	"2024"	"Arkansas"	"05"	"30-34 years"	"30-34"	205671
	"2024"	"2024"	"Arkansas"	"05"	"35-39 years"	"35-39"	196443
	"2024"	"2024"	"Arkansas"	"05"	"40-44 years"	"40-44"	196358
	"2024"	"2024"	"Arkansas"	"05"	"45-49 years"	"45-49"	181082
	"2024"	"2024"	"Arkansas"	"05"	"50-54 years"	"50-54"	183316
	"2024"	"2024"	"Arkansas"	"05"	"55-59 years"	"55-59"	178739
	"2024"	"2024"	"Arkansas"	"05"	"60-64 years "	"60-64"	193787
	"2024"	"2024"	"Arkansas"	"05"	"65-69 years"	"65-69"	177595
	"2024"	"2024"	"Arkansas"	"05"	"70-74 years"	"70-74"	146884
	"2024"	"2024"	"Arkansas"	"05"	"75-79 years"	"75-79"	111765
	"2024"	"2024"	"Arkansas"	"05"	"80-84 years"	"80-84"	68601
	"2024"	"2024"	"Arkansas"	"05"	"85+ years"	"85+"	57997
"Total"	"2024"	"2024"	"Arkansas"	"05"			3088354
	"2024"	"2024"	"California"	"06"	"< 1 year"	"1"	403878
	"2024"	"2024"	"California"	"06"	"1-4 years"	"1-4"	1683799
	"2024"	"2024"	"California"	"06"	"5-9 years"	"5-9"	2316903
	"2024"	"2024"	"California"	"06"	"10-14 years"	"10-14"	2443409
	"2024"	"2024"	"California"	"06"	"15-19 years"	"15-19"	2637621
	"2024"	"2024"	"California"	"06"	"20-24 years"	"20-24"	2584143
	"2024"	"2024"	"California"	"06"	"25-29 years"	"25-29"	2707162
	"2024"	"2024"	"California"	"06"	"30-34 years"	"30-34"	3008951
	"2024"	"2024"	"California"	"06"	"35-39 years"	"35-39"	2879986
	"2024"	"2024"	"California"	"06"	"40-44 years"	"40-44"	2708803
	"2024"	"2024"	"California"	"06"	"45-49 years"	"45-49"	2433559
	"2024"	"2024"	"California"	"06"	"50-54 years"	"50-54"	2423891
	"2024"	"2024"	"California"	"06"	"55-59 years"	"55-59"	2346714
	"2024"	"2024"	"California"	"06"	"60-64 years "	"60-64"	2330571
	"2024"	"2024"	"California"	"06"	"65-69 years"	"65-69"	2066097
	"2024"	"2024"	"California"	"06"	"70-74 years"	"70-74"	1679379
	"2024"	"2024"	"California"	"06"	"75-79 years"	"75-79"	1267564
	"2024"	"2024"	"California"	"06"	"80-84 years"	"80-84"	780091
	"2024"	"2024"	"California"	"06"	"85+ years"	"85+"	728742
"Total"	"2024"	"2024"	"California"	"06"			39431263
	"2024"	"2024"	"Colorado"	"08"	"< 1 year"	"1"	62268
	"2024"	"2024"	"Colorado"	"08"	"1-4 years"	"1-4"	249390
	"2024"	"2024"	"Colorado"	"08"	"5-9 years"	"5-9"	330583
	"2024"	"2024"	"Colorado"	"08"	"10-14 years"	"10-14"	346484
	"2024"	"2024"	"Colorado"	"08"	"15-19 years"	"15-19"	380196
	"2024"	"2024"	"Colorado"	"08"	"20-24 years"	"20-24"	395247
	"2024"	"2024"	"Colorado"	"08"	"25-29 years"	"25-29"	449746
	"2024"	"2024"	"Colorado"	"08"	"30-34 years"	"30-34"	489279
	"2024"	"2024"	"Colorado"	"08"	"35-39 years"	"35-39"	459215
	"2024"	"2024"	"Colorado"	"08"	"40-44 years"	"40-44"	427100
	"2024"	"2024"	"Colorado"	"08"	"45-49 years"	"45-49"	367249
	"2024"	"2024"	"Colorado"	"08"	"50-54 years"	"50-54"	353290
	"2024"	"2024"	"Colorado"	"08"	"55-59 years"	"55-59"	327236
	"2024"	"2024"	"Colorado"	"08"	"60-64 years "	"60-64"	344309
	"2024"	"2024"	"Colorado"	"08"	"65-69 years"	"65-69"	319938
	"2024"	"2024"	"Colorado"	"08"	"70-74 years"	"70-74"	265740
	"2024"	"2024"	"Colorado"	"08"	"75-79 years"	"75-79"	191813
	"2024"	"2024"	"Colorado"	"08"	"80-84 years"	"80-84"	108388
	"2024"	"2024"	"Colorado"	"08"	"85+ years"	"85+"	90022
"Total"	"2024"	"2024"	"Colorado"	"08"			5957493
	"2024"	"2024"	"Connecticut"	"09"	"< 1 year"	"1"	34968
	"2024"	"2024"	"Connecticut"	"09"	"1-4 years"	"1-4"	148566
	"2024"	"2024"	"Connecticut"	"09"	"5-9 years"	"5-9"	197797
	"2024"	"2024"	"Connecticut"	"09"	"10-14 years"	"10-14"	207615
	"2024"	"2024"	"Connecticut"	"09"	"15-19 years"	"15-19"	242197
	"2024"	"2024"	"Connecticut"	"09"	"20-24 years"	"20-24"	244204
	"2024"	"2024"	"Connecticut"	"09"	"25-29 years"	"25-29"	225443
	"2024"	"2024"	"Connecticut"	"09"	"30-34 years"	"30-34"	238337
	"2024"	"2024"	"Connecticut"	"09"	"35-39 years"	"35-39"	242575
	"2024"	"2024"	"Connecticut"	"09"	"40-44 years"	"40-44"	235693
	"2024"	"2024"	"Connecticut"	"09"	"45-49 years"	"45-49"	215154
	"2024"	"2024"	"Connecticut"	"09"	"50-54 years"	"50-54"	226239
	"2024"	"2024"	"Connecticut"	"09"	"55-59 years"	"55-59"	246579
	"2024"	"2024"	"Connecticut"	"09"	"60-64 years "	"60-64"	255499
	"2024"	"2024"	"Connecticut"	"09"	"65-69 years"	"65-69"	227264
	"2024"	"2024"	"Connecticut"	"09"	"70-74 years"	"70-74"	178647
	"2024"	"2024"	"Connecticut"	"09"	"75-79 years"	"75-79"	137719
	"2024"	"2024"	"Connecticut"	"09"	"80-84 years"	"80-84"	88448
	"2024"	"2024"	"Connecticut"	"09"	"85+ years"	"85+"	82125
"Total"	"2024"	"2024"	"Connecticut"	"09"			3675069
	"2024"	"2024"	"Delaware"	"10"	"< 1 year"	"1"	10512
	"2024"	"2024"	"Delaware"	"10"	"1-4 years"	"1-4"	44564
	"2024"	"2024"	"Delaware"	"10"	"5-9 years"	"5-9"	58546
	"2024"	"2024"	"Delaware"	"10"	"10-14 years"	"10-14"	61074
	"2024"	"2024"	"Delaware"	"10"	"15-19 years"	"15-19"	66702
	"2024"	"2024"	"Delaware"	"10"	"20-24 years"	"20-24"	62294
	"2024"	"2024"	"Delaware"	"10"	"25-29 years"	"25-29"	61188
	"2024"	"2024"	"Delaware"	"10"	"30-34 years"	"30-34"	68386
	"2024"	"2024"	"Delaware"	"10"	"35-39 years"	"35-39"	67626
	"2024"	"2024"	"Delaware"	"10"	"40-44 years"	"40-44"	63288
	"2024"	"2024"	"Delaware"	"10"	"45-49 years"	"45-49"	56603
	"2024"	"2024"	"Delaware"	"10"	"50-54 years"	"50-54"	59687
	"2024"	"2024"	"Delaware"	"10"	"55-59 years"	"55-59"	66168
	"2024"	"2024"	"Delaware"	"10"	"60-64 years "	"60-64"	76251
	"2024"	"2024"	"Delaware"	"10"	"65-69 years"	"65-69"	75149
	"2024"	"2024"	"Delaware"	"10"	"70-74 years"	"70-74"	61363
	"2024"	"2024"	"Delaware"	"10"	"75-79 years"	"75-79"	45342
	"2024"	"2024"	"Delaware"	"10"	"80-84 years"	"80-84"	26472
	"2024"	"2024"	"Delaware"	"10"	"85+ years"	"85+"	20702
"Total"	"2024"	"2024"	"Delaware"	"10"			1051917
	"2024"	"2024"	"District of Columbia"	"11"	"< 1 year"	"1"	8013
	"2024"	"2024"	"District of Columbia"	"11"	"1-4 years"	"1-4"	31425
	"2024"	"2024"	"District of Columbia"	"11"	"5-9 years"	"5-9"	37747
	"2024"	"2024"	"District of Columbia"	"11"	"10-14 years"	"10-14"	34089
	"2024"	"2024"	"District of Columbia"	"11"	"15-19 years"	"15-19"	39282
	"2024"	"2024"	"District of Columbia"	"11"	"20-24 years"	"20-24"	49364
	"2024"	"2024"	"District of Columbia"	"11"	"25-29 years"	"25-29"	74572
	"2024"	"2024"	"District of Columbia"	"11"	"30-34 years"	"30-34"	77718
	"2024"	"2024"	"District of Columbia"	"11"	"35-39 years"	"35-39"	66788
	"2024"	"2024"	"District of Columbia"	"11"	"40-44 years"	"40-44"	53373
	"2024"	"2024"	"District of Columbia"	"11"	"45-49 years"	"45-49"	39842
	"2024"	"2024"	"District of Columbia"	"11"	"50-54 years"	"50-54"	34925
	"2024"	"2024"	"District of Columbia"	"11"	"55-59 years"	"55-59"	32379
	"2024"	"2024"	"District of Columbia"	"11"	"60-64 years "	"60-64"	31774
	"2024"	"2024"	"District of Columbia"	"11"	"65-69 years"	"65-69"	27903
	"2024"	"2024"	"District of Columbia"	"11"	"70-74 years"	"70-74"	23312
	"2024"	"2024"	"District of Columbia"	"11"	"75-79 years"	"75-79"	17506
	"2024"	"2024"	"District of Columbia"	"11"	"80-84 years"	"80-84"	11135
	"2024"	"2024"	"District of Columbia"	"11"	"85+ years"	"85+"	11103
"Total"	"2024"	"2024"	"District of Columbia"	"11"			702250
	"2024"	"2024"	"Florida"	"12"	"< 1 year"	"1"	224172
	"2024"	"2024"	"Florida"	"12"	"1-4 years"	"1-4"	930214
	"2024"	"2024"	"Florida"	"12"	"5-9 years"	"5-9"	1246330
	"2024"	"2024"	"Florida"	"12"	"10-14 years"	"10-14"	1278305
	"2024"	"2024"	"Florida"	"12"	"15-19 years"	"15-19"	1358366
	"2024"	"2024"	"Florida"	"12"	"20-24 years"	"20-24"	1363683
	"2024"	"2024"	"Florida"	"12"	"25-29 years"	"25-29"	1409137
	"2024"	"2024"	"Florida"	"12"	"30-34 years"	"30-34"	1544783
	"2024"	"2024"	"Florida"	"12"	"35-39 years"	"35-39"	1547081
	"2024"	"2024"	"Florida"	"12"	"40-44 years"	"40-44"	1492138
	"2024"	"2024"	"Florida"	"12"	"45-49 years"	"45-49"	1385042
	"2024"	"2024"	"Florida"	"12"	"50-54 years"	"50-54"	1445140
	"2024"	"2024"	"Florida"	"12"	"55-59 years"	"55-59"	1473078
	"2024"	"2024"	"Florida"	"12"	"60-64 years "	"60-64"	1583484
	"2024"	"2024"	"Florida"	"12"	"65-69 years"	"65-69"	1473698
	"2024"	"2024"	"Florida"	"12"	"70-74 years"	"70-74"	1269857
	"2024"	"2024"	"Florida"	"12"	"75-79 years"	"75-79"	1049160
	"2024"	"2024"	"Florida"	"12"	"80-84 years"	"80-84"	686480
	"2024"	"2024"	"Florida"	"12"	"85+ years"	"85+"	612067
"Total"	"2024"	"2024"	"Florida"	"12"			23372215
	"2024"	"2024"	"Georgia"	"13"	"< 1 year"	"1"	124703
	"2024"	"2024"	"Georgia"	"13"	"1-4 years"	"1-4"	513267
	"2024"	"2024"	"Georgia"	"13"	"5-9 years"	"5-9"	695243
	"2024"	"2024"	"Georgia"	"13"	"10-14 years"	"10-14"	729792
	"2024"	"2024"	"Georgia"	"13"	"15-19 years"	"15-19"	781386
	"2024"	"2024"	"Georgia"	"13"	"20-24 years"	"20-24"	760062
	"2024"	"2024"	"Georgia"	"13"	"25-29 years"	"25-29"	747942
	"2024"	"2024"	"Georgia"	"13"	"30-34 years"	"30-34"	794867
	"2024"	"2024"	"Georgia"	"13"	"35-39 years"	"35-39"	761989
	"2024"	"2024"	"Georgia"	"13"	"40-44 years"	"40-44"	745308
	"2024"	"2024"	"Georgia"	"13"	"45-49 years"	"45-49"	693749
	"2024"	"2024"	"Georgia"	"13"	"50-54 years"	"50-54"	718039
	"2024"	"2024"	"Georgia"	"13"	"55-59 years"	"55-59"	683425
	"2024"	"2024"	"Georgia"	"13"	"60-64 years "	"60-64"	670765
	"2024"	"2024"	"Georgia"	"13"	"65-69 years"	"65-69"	582670
	"2024"	"2024"	"Georgia"	"13"	"70-74 years"	"70-74"	464003
	"2024"	"2024"	"Georgia"	"13"	"75-79 years"	"75-79"	350274
	"2024"	"2024"	"Georgia"	"13"	"80-84 years"	"80-84"	203535
	"2024"	"2024"	"Georgia"	"13"	"85+ years"	"85+"	159859
"Total"	"2024"	"2024"	"Georgia"	"13"			11180878
	"2024"	"2024"	"Hawaii"	"15"	"< 1 year"	"1"	14644
	"2024"	"2024"	"Hawaii"	"15"	"1-4 years"	"1-4"	61980
	"2024"	"2024"	"Hawaii"	"15"	"5-9 years"	"5-9"	83635
	"2024"	"2024"	"Hawaii"	"15"	"10-14 years"	"10-14"	84676
	"2024"	"2024"	"Hawaii"	"15"	"15-19 years"	"15-19"	78433
	"2024"	"2024"	"Hawaii"	"15"	"20-24 years"	"20-24"	86841
	"2024"	"2024"	"Hawaii"	"15"	"25-29 years"	"25-29"	88805
	"2024"	"2024"	"Hawaii"	"15"	"30-34 years"	"30-34"	97684
	"2024"	"2024"	"Hawaii"	"15"	"35-39 years"	"35-39"	98898
	"2024"	"2024"	"Hawaii"	"15"	"40-44 years"	"40-44"	96219
	"2024"	"2024"	"Hawaii"	"15"	"45-49 years"	"45-49"	85351
	"2024"	"2024"	"Hawaii"	"15"	"50-54 years"	"50-54"	84344
	"2024"	"2024"	"Hawaii"	"15"	"55-59 years"	"55-59"	84464
	"2024"	"2024"	"Hawaii"	"15"	"60-64 years "	"60-64"	89848
	"2024"	"2024"	"Hawaii"	"15"	"65-69 years"	"65-69"	87122
	"2024"	"2024"	"Hawaii"	"15"	"70-74 years"	"70-74"	79359
	"2024"	"2024"	"Hawaii"	"15"	"75-79 years"	"75-79"	62819
	"2024"	"2024"	"Hawaii"	"15"	"80-84 years"	"80-84"	38354
	"2024"	"2024"	"Hawaii"	"15"	"85+ years"	"85+"	42670
"Total"	"2024"	"2024"	"Hawaii"	"15"			1446146
	"2024"	"2024"	"Idaho"	"16"	"< 1 year"	"1"	22669
	"2024"	"2024"	"Idaho"	"16"	"1-4 years"	"1-4"	91845
	"2024"	"2024"	"Idaho"	"16"	"5-9 years"	"5-9"	128383
	"2024"	"2024"	"Idaho"	"16"	"10-14 years"	"10-14"	136280
	"2024"	"2024"	"Idaho"	"16"	"15-19 years"	"15-19"	152739
	"2024"	"2024"	"Idaho"	"16"	"20-24 years"	"20-24"	135598
	"2024"	"2024"	"Idaho"	"16"	"25-29 years"	"25-29"	128987
	"2024"	"2024"	"Idaho"	"16"	"30-34 years"	"30-34"	132043
	"2024"	"2024"	"Idaho"	"16"	"35-39 years"	"35-39"	130207
	"2024"	"2024"	"Idaho"	"16"	"40-44 years"	"40-44"	132143
	"2024"	"2024"	"Idaho"	"16"	"45-49 years"	"45-49"	119091
	"2024"	"2024"	"Idaho"	"16"	"50-54 years"	"50-54"	110899
	"2024"	"2024"	"Idaho"	"16"	"55-59 years"	"55-59"	107996
	"2024"	"2024"	"Idaho"	"16"	"60-64 years "	"60-64"	118332
	"2024"	"2024"	"Idaho"	"16"	"65-69 years"	"65-69"	114460
	"2024"	"2024"	"Idaho"	"16"	"70-74 years"	"70-74"	96033
	"2024"	"2024"	"Idaho"	"16"	"75-79 years"	"75-79"	70315
	"2024"	"2024"	"Idaho"	"16"	"80-84 years"	"80-84"	41672
	"2024"	"2024"	"Idaho"	"16"	"85+ years"	"85+"	31927
"Total"	"2024"	"2024"	"Idaho"	"16"			2001619
	"2024"	"2024"	"Illinois"	"17"	"< 1 year"	"1"	126023
	"2024"	"2024"	"Illinois"	"17"	"1-4 years"	"1-4"	534357
	"2024"	"2024"	"Illinois"	"17"	"5-9 years"	"5-9"	749826
	"2024"	"2024"	"Illinois"	"17"	"10-14 years"	"10-14"	777506
	"2024"	"2024"	"Illinois"	"17"	"15-19 years"	"15-19"	837982
	"2024"	"2024"	"Illinois"	"17"	"20-24 years"	"20-24"	847264
	"2024"	"2024"	"Illinois"	"17"	"25-29 years"	"25-29"	847881
	"2024"	"2024"	"Illinois"	"17"	"30-34 years"	"30-34"	889365
	"2024"	"2024"	"Illinois"	"17"	"35-39 years"	"35-39"	855717
	"2024"	"2024"	"Illinois"	"17"	"40-44 years"	"40-44"	846345
	"2024"	"2024"	"Illinois"	"17"	"45-49 years"	"45-49"	780047
	"2024"	"2024"	"Illinois"	"17"	"50-54 years"	"50-54"	780328
	"2024"	"2024"	"Illinois"	"17"	"55-59 years"	"55-59"	768015
	"2024"	"2024"	"Illinois"	"17"	"60-64 years "	"60-64"	798204
	"2024"	"2024"	"Illinois"	"17"	"65-69 years"	"65-69"	730192
	"2024"	"2024"	"Illinois"	"17"	"70-74 years"	"70-74"	587843
	"2024"	"2024"	"Illinois"	"17"	"75-79 years"	"75-79"	432584
	"2024"	"2024"	"Illinois"	"17"	"80-84 years"	"80-84"	268742
	"2024"	"2024"	"Illinois"	"17"	"85+ years"	"85+"	251937
"Total"	"2024"	"2024"	"Illinois"	"17"			12710158
	"2024"	"2024"	"Indiana"	"18"	"< 1 year"	"1"	78935
	"2024"	"2024"	"Indiana"	"18"	"1-4 years"	"1-4"	326961
	"2024"	"2024"	"Indiana"	"18"	"5-9 years"	"5-9"	439421
	"2024"	"2024"	"Indiana"	"18"	"10-14 years"	"10-14"	451025
	"2024"	"2024"	"Indiana"	"18"	"15-19 years"	"15-19"	475743
	"2024"	"2024"	"Indiana"	"18"	"20-24 years"	"20-24"	486598
	"2024"	"2024"	"Indiana"	"18"	"25-29 years"	"25-29"	447380
	"2024"	"2024"	"Indiana"	"18"	"30-34 years"	"30-34"	466421
	"2024"	"2024"	"Indiana"	"18"	"35-39 years"	"35-39"	442057
	"2024"	"2024"	"Indiana"	"18"	"40-44 years"	"40-44"	439541
	"2024"	"2024"	"Indiana"	"18"	"45-49 years"	"45-49"	407994
	"2024"	"2024"	"Indiana"	"18"	"50-54 years"	"50-54"	414249
	"2024"	"2024"	"Indiana"	"18"	"55-59 years"	"55-59"	403877
	"2024"	"2024"	"Indiana"	"18"	"60-64 years "	"60-64"	430163
	"2024"	"2024"	"Indiana"	"18"	"65-69 years"	"65-69"	396444
	"2024"	"2024"	"Indiana"	"18"	"70-74 years"	"70-74"	320319
	"2024"	"2024"	"Indiana"	"18"	"75-79 years"	"75-79"	231162
	"2024"	"2024"	"Indiana"	"18"	"80-84 years"	"80-84"	140712
	"2024"	"2024"	"Indiana"	"18"	"85+ years"	"85+"	125273
"Total"	"2024"	"2024"	"Indiana"	"18"			6924275
	"2024"	"2024"	"Iowa"	"19"	"< 1 year"	"1"	36272
	"2024"	"2024"	"Iowa"	"19"	"1-4 years"	"1-4"	150118
	"2024"	"2024"	"Iowa"	"19"	"5-9 years"	"5-9"	202276
	"2024"	"2024"	"Iowa"	"19"	"10-14 years"	"10-14"	206998
	"2024"	"2024"	"Iowa"	"19"	"15-19 years"	"15-19"	230001
	"2024"	"2024"	"Iowa"	"19"	"20-24 years"	"20-24"	232189
	"2024"	"2024"	"Iowa"	"19"	"25-29 years"	"25-29"	202306
	"2024"	"2024"	"Iowa"	"19"	"30-34 years"	"30-34"	206733
	"2024"	"2024"	"Iowa"	"19"	"35-39 years"	"35-39"	199256
	"2024"	"2024"	"Iowa"	"19"	"40-44 years"	"40-44"	208966
	"2024"	"2024"	"Iowa"	"19"	"45-49 years"	"45-49"	185896
	"2024"	"2024"	"Iowa"	"19"	"50-54 years"	"50-54"	179038
	"2024"	"2024"	"Iowa"	"19"	"55-59 years"	"55-59"	183571
	"2024"	"2024"	"Iowa"	"19"	"60-64 years "	"60-64"	205489
	"2024"	"2024"	"Iowa"	"19"	"65-69 years"	"65-69"	192687
	"2024"	"2024"	"Iowa"	"19"	"70-74 years"	"70-74"	160192
	"2024"	"2024"	"Iowa"	"19"	"75-79 years"	"75-79"	114574
	"2024"	"2024"	"Iowa"	"19"	"80-84 years"	"80-84"	71395
	"2024"	"2024"	"Iowa"	"19"	"85+ years"	"85+"	73531
"Total"	"2024"	"2024"	"Iowa"	"19"			3241488
	"2024"	"2024"	"Kansas"	"20"	"< 1 year"	"1"	33889
	"2024"	"2024"	"Kansas"	"20"	"1-4 years"	"1-4"	140183
	"2024"	"2024"	"Kansas"	"20"	"5-9 years"	"5-9"	189638
	"2024"	"2024"	"Kansas"	"20"	"10-14 years"	"10-14"	200550
	"2024"	"2024"	"Kansas"	"20"	"15-19 years"	"15-19"	213495
	"2024"	"2024"	"Kansas"	"20"	"20-24 years"	"20-24"	221395
	"2024"	"2024"	"Kansas"	"20"	"25-29 years"	"25-29"	192861
	"2024"	"2024"	"Kansas"	"20"	"30-34 years"	"30-34"	192130
	"2024"	"2024"	"Kansas"	"20"	"35-39 years"	"35-39"	190172
	"2024"	"2024"	"Kansas"	"20"	"40-44 years"	"40-44"	193651
	"2024"	"2024"	"Kansas"	"20"	"45-49 years"	"45-49"	169856
	"2024"	"2024"	"Kansas"	"20"	"50-54 years"	"50-54"	162809
	"2024"	"2024"	"Kansas"	"20"	"55-59 years"	"55-59"	160982
	"2024"	"2024"	"Kansas"	"20"	"60-64 years "	"60-64"	180818
	"2024"	"2024"	"Kansas"	"20"	"65-69 years"	"65-69"	169638
	"2024"	"2024"	"Kansas"	"20"	"70-74 years"	"70-74"	139064
	"2024"	"2024"	"Kansas"	"20"	"75-79 years"	"75-79"	99506
	"2024"	"2024"	"Kansas"	"20"	"80-84 years"	"80-84"	60887
	"2024"	"2024"	"Kansas"	"20"	"85+ years"	"85+"	59082
"Total"	"2024"	"2024"	"Kansas"	"20"			2970606
	"2024"	"2024"	"Kentucky"	"21"	"< 1 year"	"1"	52554
	"2024"	"2024"	"Kentucky"	"21"	"1-4 years"	"1-4"	214157
	"2024"	"2024"	"Kentucky"	"21"	"5-9 years"	"5-9"	283941
	"2024"	"2024"	"Kentucky"	"21"	"10-14 years"	"10-14"	289508
	"2024"	"2024"	"Kentucky"	"21"	"15-19 years"	"15-19"	299066
	"2024"	"2024"	"Kentucky"	"21"	"20-24 years"	"20-24"	304686
	"2024"	"2024"	"Kentucky"	"21"	"25-29 years"	"25-29"	298013
	"2024"	"2024"	"Kentucky"	"21"	"30-34 years"	"30-34"	310716
	"2024"	"2024"	"Kentucky"	"21"	"35-39 years"	"35-39"	287362
	"2024"	"2024"	"Kentucky"	"21"	"40-44 years"	"40-44"	288881
	"2024"	"2024"	"Kentucky"	"21"	"45-49 years"	"45-49"	276216
	"2024"	"2024"	"Kentucky"	"21"	"50-54 years"	"50-54"	281935
	"2024"	"2024"	"Kentucky"	"21"	"55-59 years"	"55-59"	279100
	"2024"	"2024"	"Kentucky"	"21"	"60-64 years "	"60-64"	295542
	"2024"	"2024"	"Kentucky"	"21"	"65-69 years"	"65-69"	270195
	"2024"	"2024"	"Kentucky"	"21"	"70-74 years"	"70-74"	221071
	"2024"	"2024"	"Kentucky"	"21"	"75-79 years"	"75-79"	162236
	"2024"	"2024"	"Kentucky"	"21"	"80-84 years"	"80-84"	94602
	"2024"	"2024"	"Kentucky"	"21"	"85+ years"	"85+"	78591
"Total"	"2024"	"2024"	"Kentucky"	"21"			4588372
	"2024"	"2024"	"Louisiana"	"22"	"< 1 year"	"1"	53388
	"2024"	"2024"	"Louisiana"	"22"	"1-4 years"	"1-4"	225177
	"2024"	"2024"	"Louisiana"	"22"	"5-9 years"	"5-9"	297097
	"2024"	"2024"	"Louisiana"	"22"	"10-14 years"	"10-14"	298574
	"2024"	"2024"	"Louisiana"	"22"	"15-19 years"	"15-19"	310708
	"2024"	"2024"	"Louisiana"	"22"	"20-24 years"	"20-24"	304486
	"2024"	"2024"	"Louisiana"	"22"	"25-29 years"	"25-29"	287670
	"2024"	"2024"	"Louisiana"	"22"	"30-34 years"	"30-34"	312129
	"2024"	"2024"	"Louisiana"	"22"	"35-39 years"	"35-39"	307937
	"2024"	"2024"	"Louisiana"	"22"	"40-44 years"	"40-44"	305018
	"2024"	"2024"	"Louisiana"	"22"	"45-49 years"	"45-49"	266635
	"2024"	"2024"	"Louisiana"	"22"	"50-54 years"	"50-54"	259324
	"2024"	"2024"	"Louisiana"	"22"	"55-59 years"	"55-59"	266603
	"2024"	"2024"	"Louisiana"	"22"	"60-64 years "	"60-64"	288467
	"2024"	"2024"	"Louisiana"	"22"	"65-69 years"	"65-69"	269187
	"2024"	"2024"	"Louisiana"	"22"	"70-74 years"	"70-74"	217115
	"2024"	"2024"	"Louisiana"	"22"	"75-79 years"	"75-79"	157205
	"2024"	"2024"	"Louisiana"	"22"	"80-84 years"	"80-84"	93076
	"2024"	"2024"	"Louisiana"	"22"	"85+ years"	"85+"	77944
"Total"	"2024"	"2024"	"Louisiana"	"22"			4597740
	"2024"	"2024"	"Maine"	"23"	"< 1 year"	"1"	11539
	"2024"	"2024"	"Maine"	"23"	"1-4 years"	"1-4"	49011
	"2024"	"2024"	"Maine"	"23"	"5-9 years"	"5-9"	67897
	"2024"	"2024"	"Maine"	"23"	"10-14 years"	"10-14"	71258
	"2024"	"2024"	"Maine"	"23"	"15-19 years"	"15-19"	81706
	"2024"	"2024"	"Maine"	"23"	"20-24 years"	"20-24"	78504
	"2024"	"2024"	"Maine"	"23"	"25-29 years"	"25-29"	79469
	"2024"	"2024"	"Maine"	"23"	"30-34 years"	"30-34"	89839
	"2024"	"2024"	"Maine"	"23"	"35-39 years"	"35-39"	91112
	"2024"	"2024"	"Maine"	"23"	"40-44 years"	"40-44"	86204
	"2024"	"2024"	"Maine"	"23"	"45-49 years"	"45-49"	79478
	"2024"	"2024"	"Maine"	"23"	"50-54 years"	"50-54"	86241
	"2024"	"2024"	"Maine"	"23"	"55-59 years"	"55-59"	94033
	"2024"	"2024"	"Maine"	"23"	"60-64 years "	"60-64"	108456
	"2024"	"2024"	"Maine"	"23"	"65-69 years"	"65-69"	104762
	"2024"	"2024"	"Maine"	"23"	"70-74 years"	"70-74"	88467
	"2024"	"2024"	"Maine"	"23"	"75-79 years"	"75-79"	65636
	"2024"	"2024"	"Maine"	"23"	"80-84 years"	"80-84"	38793
	"2024"	"2024"	"Maine"	"23"	"85+ years"	"85+"	32607
"Total"	"2024"	"2024"	"Maine"	"23"			1405012
	"2024"	"2024"	"Maryland"	"24"	"< 1 year"	"1"	65992
	"2024"	"2024"	"Maryland"	"24"	"1-4 years"	"1-4"	283539
	"2024"	"2024"	"Maryland"	"24"	"5-9 years"	"5-9"	381453
	"2024"	"2024"	"Maryland"	"24"	"10-14 years"	"10-14"	391255
	"2024"	"2024"	"Maryland"	"24"	"15-19 years"	"15-19"	405956
	"2024"	"2024"	"Maryland"	"24"	"20-24 years"	"20-24"	378746
	"2024"	"2024"	"Maryland"	"24"	"25-29 years"	"25-29"	382238
	"2024"	"2024"	"Maryland"	"24"	"30-34 years"	"30-34"	426075
	"2024"	"2024"	"Maryland"	"24"	"35-39 years"	"35-39"	438421
	"2024"	"2024"	"Maryland"	"24"	"40-44 years"	"40-44"	427256
	"2024"	"2024"	"Maryland"	"24"	"45-49 years"	"45-49"	381619
	"2024"	"2024"	"Maryland"	"24"	"50-54 years"	"50-54"	387406
	"2024"	"2024"	"Maryland"	"24"	"55-59 years"	"55-59"	401861
	"2024"	"2024"	"Maryland"	"24"	"60-64 years "	"60-64"	409403
	"2024"	"2024"	"Maryland"	"24"	"65-69 years"	"65-69"	354731
	"2024"	"2024"	"Maryland"	"24"	"70-74 years"	"70-74"	282374
	"2024"	"2024"	"Maryland"	"24"	"75-79 years"	"75-79"	214874
	"2024"	"2024"	"Maryland"	"24"	"80-84 years"	"80-84"	132142
	"2024"	"2024"	"Maryland"	"24"	"85+ years"	"85+"	117879
"Total"	"2024"	"2024"	"Maryland"	"24"			6263220
	"2024"	"2024"	"Massachusetts"	"25"	"< 1 year"	"1"	69047
	"2024"	"2024"	"Massachusetts"	"25"	"1-4 years"	"1-4"	280711
	"2024"	"2024"	"Massachusetts"	"25"	"5-9 years"	"5-9"	369161
	"2024"	"2024"	"Massachusetts"	"25"	"10-14 years"	"10-14"	384929
	"2024"	"2024"	"Massachusetts"	"25"	"15-19 years"	"15-19"	461374
	"2024"	"2024"	"Massachusetts"	"25"	"20-24 years"	"20-24"	500912
	"2024"	"2024"	"Massachusetts"	"25"	"25-29 years"	"25-29"	492501
	"2024"	"2024"	"Massachusetts"	"25"	"30-34 years"	"30-34"	504575
	"2024"	"2024"	"Massachusetts"	"25"	"35-39 years"	"35-39"	497792
	"2024"	"2024"	"Massachusetts"	"25"	"40-44 years"	"40-44"	456492
	"2024"	"2024"	"Massachusetts"	"25"	"45-49 years"	"45-49"	414128
	"2024"	"2024"	"Massachusetts"	"25"	"50-54 years"	"50-54"	431848
	"2024"	"2024"	"Massachusetts"	"25"	"55-59 years"	"55-59"	460096
	"2024"	"2024"	"Massachusetts"	"25"	"60-64 years "	"60-64"	475671
	"2024"	"2024"	"Massachusetts"	"25"	"65-69 years"	"65-69"	426134
	"2024"	"2024"	"Massachusetts"	"25"	"70-74 years"	"70-74"	343812
	"2024"	"2024"	"Massachusetts"	"25"	"75-79 years"	"75-79"	262078
	"2024"	"2024"	"Massachusetts"	"25"	"80-84 years"	"80-84"	159094
	"2024"	"2024"	"Massachusetts"	"25"	"85+ years"	"85+"	145816
"Total"	"2024"	"2024"	"Massachusetts"	"25"			7136171
	"2024"	"2024"	"Michigan"	"26"	"< 1 year"	"1"	99339
	"2024"	"2024"	"Michigan"	"26"	"1-4 years"	"1-4"	426835
	"2024"	"2024"	"Michigan"	"26"	"5-9 years"	"5-9"	586900
	"2024"	"2024"	"Michigan"	"26"	"10-14 years"	"10-14"	605605
	"2024"	"2024"	"Michigan"	"26"	"15-19 years"	"15-19"	648667
	"2024"	"2024"	"Michigan"	"26"	"20-24 years"	"20-24"	679458
	"2024"	"2024"	"Michigan"	"26"	"25-29 years"	"25-29"	647063
	"2024"	"2024"	"Michigan"	"26"	"30-34 years"	"30-34"	696006
	"2024"	"2024"	"Michigan"	"26"	"35-39 years"	"35-39"	635780
	"2024"	"2024"	"Michigan"	"26"	"40-44 years"	"40-44"	618287
	"2024"	"2024"	"Michigan"	"26"	"45-49 years"	"45-49"	576684
	"2024"	"2024"	"Michigan"	"26"	"50-54 years"	"50-54"	613704
	"2024"	"2024"	"Michigan"	"26"	"55-59 years"	"55-59"	635373
	"2024"	"2024"	"Michigan"	"26"	"60-64 years "	"60-64"	684835
	"2024"	"2024"	"Michigan"	"26"	"65-69 years"	"65-69"	649408
	"2024"	"2024"	"Michigan"	"26"	"70-74 years"	"70-74"	529304
	"2024"	"2024"	"Michigan"	"26"	"75-79 years"	"75-79"	382447
	"2024"	"2024"	"Michigan"	"26"	"80-84 years"	"80-84"	231544
	"2024"	"2024"	"Michigan"	"26"	"85+ years"	"85+"	193220
"Total"	"2024"	"2024"	"Michigan"	"26"			10140459
	"2024"	"2024"	"Minnesota"	"27"	"< 1 year"	"1"	61413
	"2024"	"2024"	"Minnesota"	"27"	"1-4 years"	"1-4"	264367
	"2024"	"2024"	"Minnesota"	"27"	"5-9 years"	"5-9"	361890
	"2024"	"2024"	"Minnesota"	"27"	"10-14 years"	"10-14"	373331
	"2024"	"2024"	"Minnesota"	"27"	"15-19 years"	"15-19"	387278
	"2024"	"2024"	"Minnesota"	"27"	"20-24 years"	"20-24"	368595
	"2024"	"2024"	"Minnesota"	"27"	"25-29 years"	"25-29"	361352
	"2024"	"2024"	"Minnesota"	"27"	"30-34 years"	"30-34"	387062
	"2024"	"2024"	"Minnesota"	"27"	"35-39 years"	"35-39"	395467
	"2024"	"2024"	"Minnesota"	"27"	"40-44 years"	"40-44"	396029
	"2024"	"2024"	"Minnesota"	"27"	"45-49 years"	"45-49"	339831
	"2024"	"2024"	"Minnesota"	"27"	"50-54 years"	"50-54"	326755
	"2024"	"2024"	"Minnesota"	"27"	"55-59 years"	"55-59"	337370
	"2024"	"2024"	"Minnesota"	"27"	"60-64 years "	"60-64"	375264
	"2024"	"2024"	"Minnesota"	"27"	"65-69 years"	"65-69"	341502
	"2024"	"2024"	"Minnesota"	"27"	"70-74 years"	"70-74"	276597
	"2024"	"2024"	"Minnesota"	"27"	"75-79 years"	"75-79"	196501
	"2024"	"2024"	"Minnesota"	"27"	"80-84 years"	"80-84"	122588
	"2024"	"2024"	"Minnesota"	"27"	"85+ years"	"85+"	119959
"Total"	"2024"	"2024"	"Minnesota"	"27"			5793151
	"2024"	"2024"	"Mississippi"	"28"	"< 1 year"	"1"	33395
	"2024"	"2024"	"Mississippi"	"28"	"1-4 years"	"1-4"	140217
	"2024"	"2024"	"Mississippi"	"28"	"5-9 years"	"5-9"	182336
	"2024"	"2024"	"Mississippi"	"28"	"10-14 years"	"10-14"	189124
	"2024"	"2024"	"Mississippi"	"28"	"15-19 years"	"15-19"	213865
	"2024"	"2024"	"Mississippi"	"28"	"20-24 years"	"20-24"	202356
	"2024"	"2024"	"Mississippi"	"28"	"25-29 years"	"25-29"	181997
	"2024"	"2024"	"Mississippi"	"28"	"30-34 years"	"30-34"	192489
	"2024"	"2024"	"Mississippi"	"28"	"35-39 years"	"35-39"	180597
	"2024"	"2024"	"Mississippi"	"28"	"40-44 years"	"40-44"	184899
	"2024"	"2024"	"Mississippi"	"28"	"45-49 years"	"45-49"	172833
	"2024"	"2024"	"Mississippi"	"28"	"50-54 years"	"50-54"	177864
	"2024"	"2024"	"Mississippi"	"28"	"55-59 years"	"55-59"	174951
	"2024"	"2024"	"Mississippi"	"28"	"60-64 years "	"60-64"	187335
	"2024"	"2024"	"Mississippi"	"28"	"65-69 years"	"65-69"	172758
	"2024"	"2024"	"Mississippi"	"28"	"70-74 years"	"70-74"	140521
	"2024"	"2024"	"Mississippi"	"28"	"75-79 years"	"75-79"	103014
	"2024"	"2024"	"Mississippi"	"28"	"80-84 years"	"80-84"	61116
	"2024"	"2024"	"Mississippi"	"28"	"85+ years"	"85+"	51378
"Total"	"2024"	"2024"	"Mississippi"	"28"			2943045
	"2024"	"2024"	"Missouri"	"29"	"< 1 year"	"1"	67214
	"2024"	"2024"	"Missouri"	"29"	"1-4 years"	"1-4"	282292
	"2024"	"2024"	"Missouri"	"29"	"5-9 years"	"5-9"	380372
	"2024"	"2024"	"Missouri"	"29"	"10-14 years"	"10-14"	391031
	"2024"	"2024"	"Missouri"	"29"	"15-19 years"	"15-19"	410523
	"2024"	"2024"	"Missouri"	"29"	"20-24 years"	"20-24"	412540
	"2024"	"2024"	"Missouri"	"29"	"25-29 years"	"25-29"	399854
	"2024"	"2024"	"Missouri"	"29"	"30-34 years"	"30-34"	422455
	"2024"	"2024"	"Missouri"	"29"	"35-39 years"	"35-39"	406416
	"2024"	"2024"	"Missouri"	"29"	"40-44 years"	"40-44"	403823
	"2024"	"2024"	"Missouri"	"29"	"45-49 years"	"45-49"	361687
	"2024"	"2024"	"Missouri"	"29"	"50-54 years"	"50-54"	362248
	"2024"	"2024"	"Missouri"	"29"	"55-59 years"	"55-59"	364848
	"2024"	"2024"	"Missouri"	"29"	"60-64 years "	"60-64"	410580
	"2024"	"2024"	"Missouri"	"29"	"65-69 years"	"65-69"	377955
	"2024"	"2024"	"Missouri"	"29"	"70-74 years"	"70-74"	303997
	"2024"	"2024"	"Missouri"	"29"	"75-79 years"	"75-79"	223841
	"2024"	"2024"	"Missouri"	"29"	"80-84 years"	"80-84"	139165
	"2024"	"2024"	"Missouri"	"29"	"85+ years"	"85+"	124625
"Total"	"2024"	"2024"	"Missouri"	"29"			6245466
	"2024"	"2024"	"Montana"	"30"	"< 1 year"	"1"	11285
	"2024"	"2024"	"Montana"	"30"	"1-4 years"	"1-4"	45327
	"2024"	"2024"	"Montana"	"30"	"5-9 years"	"5-9"	64694
	"2024"	"2024"	"Montana"	"30"	"10-14 years"	"10-14"	67947
	"2024"	"2024"	"Montana"	"30"	"15-19 years"	"15-19"	70544
	"2024"	"2024"	"Montana"	"30"	"20-24 years"	"20-24"	75429
	"2024"	"2024"	"Montana"	"30"	"25-29 years"	"25-29"	72276
	"2024"	"2024"	"Montana"	"30"	"30-34 years"	"30-34"	75819
	"2024"	"2024"	"Montana"	"30"	"35-39 years"	"35-39"	73927
	"2024"	"2024"	"Montana"	"30"	"40-44 years"	"40-44"	74727
	"2024"	"2024"	"Montana"	"30"	"45-49 years"	"45-49"	65801
	"2024"	"2024"	"Montana"	"30"	"50-54 years"	"50-54"	61958
	"2024"	"2024"	"Montana"	"30"	"55-59 years"	"55-59"	62758
	"2024"	"2024"	"Montana"	"30"	"60-64 years "	"60-64"	75390
	"2024"	"2024"	"Montana"	"30"	"65-69 years"	"65-69"	76467
	"2024"	"2024"	"Montana"	"30"	"70-74 years"	"70-74"	66311
	"2024"	"2024"	"Montana"	"30"	"75-79 years"	"75-79"	46663
	"2024"	"2024"	"Montana"	"30"	"80-84 years"	"80-84"	27103
	"2024"	"2024"	"Montana"	"30"	"85+ years"	"85+"	22807
"Total"	"2024"	"2024"	"Montana"	"30"			1137233
	"2024"	"2024"	"Nebraska"	"31"	"< 1 year"	"1"	24343
	"2024"	"2024"	"Nebraska"	"31"	"1-4 years"	"1-4"	100256
	"2024"	"2024"	"Nebraska"	"31"	"5-9 years"	"5-9"	134662
	"2024"	"2024"	"Nebraska"	"31"	"10-14 years"	"10-14"	137649
	"2024"	"2024"	"Nebraska"	"31"	"15-19 years"	"15-19"	143688
	"2024"	"2024"	"Nebraska"	"31"	"20-24 years"	"20-24"	144745
	"2024"	"2024"	"Nebraska"	"31"	"25-29 years"	"25-29"	128993
	"2024"	"2024"	"Nebraska"	"31"	"30-34 years"	"30-34"	130241
	"2024"	"2024"	"Nebraska"	"31"	"35-39 years"	"35-39"	129533
	"2024"	"2024"	"Nebraska"	"31"	"40-44 years"	"40-44"	132614
	"2024"	"2024"	"Nebraska"	"31"	"45-49 years"	"45-49"	114514
	"2024"	"2024"	"Nebraska"	"31"	"50-54 years"	"50-54"	108779
	"2024"	"2024"	"Nebraska"	"31"	"55-59 years"	"55-59"	106226
	"2024"	"2024"	"Nebraska"	"31"	"60-64 years "	"60-64"	119773
	"2024"	"2024"	"Nebraska"	"31"	"65-69 years"	"65-69"	111854
	"2024"	"2024"	"Nebraska"	"31"	"70-74 years"	"70-74"	92863
	"2024"	"2024"	"Nebraska"	"31"	"75-79 years"	"75-79"	66410
	"2024"	"2024"	"Nebraska"	"31"	"80-84 years"	"80-84"	40167
	"2024"	"2024"	"Nebraska"	"31"	"85+ years"	"85+"	38155
"Total"	"2024"	"2024"	"Nebraska"	"31"			2005465
	"2024"	"2024"	"Nevada"	"32"	"< 1 year"	"1"	31955
	"2024"	"2024"	"Nevada"	"32"	"1-4 years"	"1-4"	138573
	"2024"	"2024"	"Nevada"	"32"	"5-9 years"	"5-9"	191381
	"2024"	"2024"	"Nevada"	"32"	"10-14 years"	"10-14"	198779
	"2024"	"2024"	"Nevada"	"32"	"15-19 years"	"15-19"	199565
	"2024"	"2024"	"Nevada"	"32"	"20-24 years"	"20-24"	190118
	"2024"	"2024"	"Nevada"	"32"	"25-29 years"	"25-29"	222458
	"2024"	"2024"	"Nevada"	"32"	"30-34 years"	"30-34"	248233
	"2024"	"2024"	"Nevada"	"32"	"35-39 years"	"35-39"	237906
	"2024"	"2024"	"Nevada"	"32"	"40-44 years"	"40-44"	226233
	"2024"	"2024"	"Nevada"	"32"	"45-49 years"	"45-49"	200407
	"2024"	"2024"	"Nevada"	"32"	"50-54 years"	"50-54"	204719
	"2024"	"2024"	"Nevada"	"32"	"55-59 years"	"55-59"	199775
	"2024"	"2024"	"Nevada"	"32"	"60-64 years "	"60-64"	201399
	"2024"	"2024"	"Nevada"	"32"	"65-69 years"	"65-69"	184294
	"2024"	"2024"	"Nevada"	"32"	"70-74 years"	"70-74"	153694
	"2024"	"2024"	"Nevada"	"32"	"75-79 years"	"75-79"	119056
	"2024"	"2024"	"Nevada"	"32"	"80-84 years"	"80-84"	68995
	"2024"	"2024"	"Nevada"	"32"	"85+ years"	"85+"	49927
"Total"	"2024"	"2024"	"Nevada"	"32"			3267467
	"2024"	"2024"	"New Hampshire"	"33"	"< 1 year"	"1"	11838
	"2024"	"2024"	"New Hampshire"	"33"	"1-4 years"	"1-4"	50259
	"2024"	"2024"	"New Hampshire"	"33"	"5-9 years"	"5-9"	67042
	"2024"	"2024"	"New Hampshire"	"33"	"10-14 years"	"10-14"	72283
	"2024"	"2024"	"New Hampshire"	"33"	"15-19 years"	"15-19"	82440
	"2024"	"2024"	"New Hampshire"	"33"	"20-24 years"	"20-24"	85297
	"2024"	"2024"	"New Hampshire"	"33"	"25-29 years"	"25-29"	84548
	"2024"	"2024"	"New Hampshire"	"33"	"30-34 years"	"30-34"	94581
	"2024"	"2024"	"New Hampshire"	"33"	"35-39 years"	"35-39"	93080
	"2024"	"2024"	"New Hampshire"	"33"	"40-44 years"	"40-44"	87262
	"2024"	"2024"	"New Hampshire"	"33"	"45-49 years"	"45-49"	78410
	"2024"	"2024"	"New Hampshire"	"33"	"50-54 years"	"50-54"	88575
	"2024"	"2024"	"New Hampshire"	"33"	"55-59 years"	"55-59"	98658
	"2024"	"2024"	"New Hampshire"	"33"	"60-64 years "	"60-64"	111415
	"2024"	"2024"	"New Hampshire"	"33"	"65-69 years"	"65-69"	101484
	"2024"	"2024"	"New Hampshire"	"33"	"70-74 years"	"70-74"	79158
	"2024"	"2024"	"New Hampshire"	"33"	"75-79 years"	"75-79"	58698
	"2024"	"2024"	"New Hampshire"	"33"	"80-84 years"	"80-84"	34066
	"2024"	"2024"	"New Hampshire"	"33"	"85+ years"	"85+"	29938
"Total"	"2024"	"2024"	"New Hampshire"	"33"			1409032
	"2024"	"2024"	"New Jersey"	"34"	"< 1 year"	"1"	102387
	"2024"	"2024"	"New Jersey"	"34"	"1-4 years"	"1-4"	426265
	"2024"	"2024"	"New Jersey"	"34"	"5-9 years"	"5-9"	566482
	"2024"	"2024"	"New Jersey"	"34"	"10-14 years"	"10-14"	579665
	"2024"	"2024"	"New Jersey"	"34"	"15-19 years"	"15-19"	596063
	"2024"	"2024"	"New Jersey"	"34"	"20-24 years"	"20-24"	578666
	"2024"	"2024"	"New Jersey"	"34"	"25-29 years"	"25-29"	591473
	"2024"	"2024"	"New Jersey"	"34"	"30-34 years"	"30-34"	643791
	"2024"	"2024"	"New Jersey"	"34"	"35-39 years"	"35-39"	644183
	"2024"	"2024"	"New Jersey"	"34"	"40-44 years"	"40-44"	629883
	"2024"	"2024"	"New Jersey"	"34"	"45-49 years"	"45-49"	591193
	"2024"	"2024"	"New Jersey"	"34"	"50-54 years"	"50-54"	601903
	"2024"	"2024"	"New Jersey"	"34"	"55-59 years"	"55-59"	617640
	"2024"	"2024"	"New Jersey"	"34"	"60-64 years "	"60-64"	625155
	"2024"	"2024"	"New Jersey"	"34"	"65-69 years"	"65-69"	548014
	"2024"	"2024"	"New Jersey"	"34"	"70-74 years"	"70-74"	428689
	"2024"	"2024"	"New Jersey"	"34"	"75-79 years"	"75-79"	328476
	"2024"	"2024"	"New Jersey"	"34"	"80-84 years"	"80-84"	207677
	"2024"	"2024"	"New Jersey"	"34"	"85+ years"	"85+"	193246
"Total"	"2024"	"2024"	"New Jersey"	"34"			9500851
	"2024"	"2024"	"New Mexico"	"35"	"< 1 year"	"1"	20675
	"2024"	"2024"	"New Mexico"	"35"	"1-4 years"	"1-4"	86646
	"2024"	"2024"	"New Mexico"	"35"	"5-9 years"	"5-9"	121314
	"2024"	"2024"	"New Mexico"	"35"	"10-14 years"	"10-14"	132017
	"2024"	"2024"	"New Mexico"	"35"	"15-19 years"	"15-19"	145545
	"2024"	"2024"	"New Mexico"	"35"	"20-24 years"	"20-24"	145991
	"2024"	"2024"	"New Mexico"	"35"	"25-29 years"	"25-29"	136351
	"2024"	"2024"	"New Mexico"	"35"	"30-34 years"	"30-34"	144117
	"2024"	"2024"	"New Mexico"	"35"	"35-39 years"	"35-39"	140642
	"2024"	"2024"	"New Mexico"	"35"	"40-44 years"	"40-44"	136842
	"2024"	"2024"	"New Mexico"	"35"	"45-49 years"	"45-49"	119775
	"2024"	"2024"	"New Mexico"	"35"	"50-54 years"	"50-54"	117259
	"2024"	"2024"	"New Mexico"	"35"	"55-59 years"	"55-59"	118242
	"2024"	"2024"	"New Mexico"	"35"	"60-64 years "	"60-64"	135259
	"2024"	"2024"	"New Mexico"	"35"	"65-69 years"	"65-69"	131437
	"2024"	"2024"	"New Mexico"	"35"	"70-74 years"	"70-74"	116000
	"2024"	"2024"	"New Mexico"	"35"	"75-79 years"	"75-79"	88458
	"2024"	"2024"	"New Mexico"	"35"	"80-84 years"	"80-84"	51580
	"2024"	"2024"	"New Mexico"	"35"	"85+ years"	"85+"	42106
"Total"	"2024"	"2024"	"New Mexico"	"35"			2130256
	"2024"	"2024"	"New York"	"36"	"< 1 year"	"1"	209647
	"2024"	"2024"	"New York"	"36"	"1-4 years"	"1-4"	834164
	"2024"	"2024"	"New York"	"36"	"5-9 years"	"5-9"	1104732
	"2024"	"2024"	"New York"	"36"	"10-14 years"	"10-14"	1128934
	"2024"	"2024"	"New York"	"36"	"15-19 years"	"15-19"	1210695
	"2024"	"2024"	"New York"	"36"	"20-24 years"	"20-24"	1282451
	"2024"	"2024"	"New York"	"36"	"25-29 years"	"25-29"	1363615
	"2024"	"2024"	"New York"	"36"	"30-34 years"	"30-34"	1434965
	"2024"	"2024"	"New York"	"36"	"35-39 years"	"35-39"	1354878
	"2024"	"2024"	"New York"	"36"	"40-44 years"	"40-44"	1255845
	"2024"	"2024"	"New York"	"36"	"45-49 years"	"45-49"	1160155
	"2024"	"2024"	"New York"	"36"	"50-54 years"	"50-54"	1200408
	"2024"	"2024"	"New York"	"36"	"55-59 years"	"55-59"	1264751
	"2024"	"2024"	"New York"	"36"	"60-64 years "	"60-64"	1307456
	"2024"	"2024"	"New York"	"36"	"65-69 years"	"65-69"	1174486
	"2024"	"2024"	"New York"	"36"	"70-74 years"	"70-74"	950101
	"2024"	"2024"	"New York"	"36"	"75-79 years"	"75-79"	723360
	"2024"	"2024"	"New York"	"36"	"80-84 years"	"80-84"	455957
	"2024"	"2024"	"New York"	"36"	"85+ years"	"85+"	450648
"Total"	"2024"	"2024"	"New York"	"36"			19867248
	"2024"	"2024"	"North Carolina"	"37"	"< 1 year"	"1"	121300
	"2024"	"2024"	"North Carolina"	"37"	"1-4 years"	"1-4"	496255
	"2024"	"2024"	"North Carolina"	"37"	"5-9 years"	"5-9"	646383
	"2024"	"2024"	"North Carolina"	"37"	"10-14 years"	"10-14"	663944
	"2024"	"2024"	"North Carolina"	"37"	"15-19 years"	"15-19"	737041
	"2024"	"2024"	"North Carolina"	"37"	"20-24 years"	"20-24"	746757
	"2024"	"2024"	"North Carolina"	"37"	"25-29 years"	"25-29"	723283
	"2024"	"2024"	"North Carolina"	"37"	"30-34 years"	"30-34"	771355
	"2024"	"2024"	"North Carolina"	"37"	"35-39 years"	"35-39"	729658
	"2024"	"2024"	"North Carolina"	"37"	"40-44 years"	"40-44"	697524
	"2024"	"2024"	"North Carolina"	"37"	"45-49 years"	"45-49"	661782
	"2024"	"2024"	"North Carolina"	"37"	"50-54 years"	"50-54"	696991
	"2024"	"2024"	"North Carolina"	"37"	"55-59 years"	"55-59"	682064
	"2024"	"2024"	"North Carolina"	"37"	"60-64 years "	"60-64"	697618
	"2024"	"2024"	"North Carolina"	"37"	"65-69 years"	"65-69"	634623
	"2024"	"2024"	"North Carolina"	"37"	"70-74 years"	"70-74"	524860
	"2024"	"2024"	"North Carolina"	"37"	"75-79 years"	"75-79"	397386
	"2024"	"2024"	"North Carolina"	"37"	"80-84 years"	"80-84"	232048
	"2024"	"2024"	"North Carolina"	"37"	"85+ years"	"85+"	185152
"Total"	"2024"	"2024"	"North Carolina"	"37"			11046024
	"2024"	"2024"	"North Dakota"	"38"	"< 1 year"	"1"	9574
	"2024"	"2024"	"North Dakota"	"38"	"1-4 years"	"1-4"	39420
	"2024"	"2024"	"North Dakota"	"38"	"5-9 years"	"5-9"	53102
	"2024"	"2024"	"North Dakota"	"38"	"10-14 years"	"10-14"	51875
	"2024"	"2024"	"North Dakota"	"38"	"15-19 years"	"15-19"	57460
	"2024"	"2024"	"North Dakota"	"38"	"20-24 years"	"20-24"	64555
	"2024"	"2024"	"North Dakota"	"38"	"25-29 years"	"25-29"	55242
	"2024"	"2024"	"North Dakota"	"38"	"30-34 years"	"30-34"	56523
	"2024"	"2024"	"North Dakota"	"38"	"35-39 years"	"35-39"	54095
	"2024"	"2024"	"North Dakota"	"38"	"40-44 years"	"40-44"	51021
	"2024"	"2024"	"North Dakota"	"38"	"45-49 years"	"45-49"	41810
	"2024"	"2024"	"North Dakota"	"38"	"50-54 years"	"50-54"	38772
	"2024"	"2024"	"North Dakota"	"38"	"55-59 years"	"55-59"	39756
	"2024"	"2024"	"North Dakota"	"38"	"60-64 years "	"60-64"	45599
	"2024"	"2024"	"North Dakota"	"38"	"65-69 years"	"65-69"	43962
	"2024"	"2024"	"North Dakota"	"38"	"70-74 years"	"70-74"	35544
	"2024"	"2024"	"North Dakota"	"38"	"75-79 years"	"75-79"	24691
	"2024"	"2024"	"North Dakota"	"38"	"80-84 years"	"80-84"	15656
	"2024"	"2024"	"North Dakota"	"38"	"85+ years"	"85+"	17911
"Total"	"2024"	"2024"	"North Dakota"	"38"			796568
	"2024"	"2024"	"Ohio"	"39"	"< 1 year"	"1"	126011
	"2024"	"2024"	"Ohio"	"39"	"1-4 years"	"1-4"	529516
	"2024"	"2024"	"Ohio"	"39"	"5-9 years"	"5-9"	716903
	"2024"	"2024"	"Ohio"	"39"	"10-14 years"	"10-14"	732049
	"2024"	"2024"	"Ohio"	"39"	"15-19 years"	"15-19"	769796
	"2024"	"2024"	"Ohio"	"39"	"20-24 years"	"20-24"	758434
	"2024"	"2024"	"Ohio"	"39"	"25-29 years"	"25-29"	765077
	"2024"	"2024"	"Ohio"	"39"	"30-34 years"	"30-34"	810685
	"2024"	"2024"	"Ohio"	"39"	"35-39 years"	"35-39"	771477
	"2024"	"2024"	"Ohio"	"39"	"40-44 years"	"40-44"	742868
	"2024"	"2024"	"Ohio"	"39"	"45-49 years"	"45-49"	683374
	"2024"	"2024"	"Ohio"	"39"	"50-54 years"	"50-54"	712365
	"2024"	"2024"	"Ohio"	"39"	"55-59 years"	"55-59"	720347
	"2024"	"2024"	"Ohio"	"39"	"60-64 years "	"60-64"	774863
	"2024"	"2024"	"Ohio"	"39"	"65-69 years"	"65-69"	736979
	"2024"	"2024"	"Ohio"	"39"	"70-74 years"	"70-74"	598086
	"2024"	"2024"	"Ohio"	"39"	"75-79 years"	"75-79"	438941
	"2024"	"2024"	"Ohio"	"39"	"80-84 years"	"80-84"	262548
	"2024"	"2024"	"Ohio"	"39"	"85+ years"	"85+"	232985
"Total"	"2024"	"2024"	"Ohio"	"39"			11883304
	"2024"	"2024"	"Oklahoma"	"40"	"< 1 year"	"1"	47258
	"2024"	"2024"	"Oklahoma"	"40"	"1-4 years"	"1-4"	196875
	"2024"	"2024"	"Oklahoma"	"40"	"5-9 years"	"5-9"	267731
	"2024"	"2024"	"Oklahoma"	"40"	"10-14 years"	"10-14"	278403
	"2024"	"2024"	"Oklahoma"	"40"	"15-19 years"	"15-19"	288943
	"2024"	"2024"	"Oklahoma"	"40"	"20-24 years"	"20-24"	291562
	"2024"	"2024"	"Oklahoma"	"40"	"25-29 years"	"25-29"	272956
	"2024"	"2024"	"Oklahoma"	"40"	"30-34 years"	"30-34"	281487
	"2024"	"2024"	"Oklahoma"	"40"	"35-39 years"	"35-39"	271577
	"2024"	"2024"	"Oklahoma"	"40"	"40-44 years"	"40-44"	272652
	"2024"	"2024"	"Oklahoma"	"40"	"45-49 years"	"45-49"	237177
	"2024"	"2024"	"Oklahoma"	"40"	"50-54 years"	"50-54"	231368
	"2024"	"2024"	"Oklahoma"	"40"	"55-59 years"	"55-59"	221057
	"2024"	"2024"	"Oklahoma"	"40"	"60-64 years "	"60-64"	244464
	"2024"	"2024"	"Oklahoma"	"40"	"65-69 years"	"65-69"	224032
	"2024"	"2024"	"Oklahoma"	"40"	"70-74 years"	"70-74"	181170
	"2024"	"2024"	"Oklahoma"	"40"	"75-79 years"	"75-79"	133640
	"2024"	"2024"	"Oklahoma"	"40"	"80-84 years"	"80-84"	82932
	"2024"	"2024"	"Oklahoma"	"40"	"85+ years"	"85+"	70109
"Total"	"2024"	"2024"	"Oklahoma"	"40"			4095393
	"2024"	"2024"	"Oregon"	"41"	"< 1 year"	"1"	38672
	"2024"	"2024"	"Oregon"	"41"	"1-4 years"	"1-4"	162727
	"2024"	"2024"	"Oregon"	"41"	"5-9 years"	"5-9"	225955
	"2024"	"2024"	"Oregon"	"41"	"10-14 years"	"10-14"	241561
	"2024"	"2024"	"Oregon"	"41"	"15-19 years"	"15-19"	258991
	"2024"	"2024"	"Oregon"	"41"	"20-24 years"	"20-24"	265029
	"2024"	"2024"	"Oregon"	"41"	"25-29 years"	"25-29"	280084
	"2024"	"2024"	"Oregon"	"41"	"30-34 years"	"30-34"	313293
	"2024"	"2024"	"Oregon"	"41"	"35-39 years"	"35-39"	306461
	"2024"	"2024"	"Oregon"	"41"	"40-44 years"	"40-44"	300228
	"2024"	"2024"	"Oregon"	"41"	"45-49 years"	"45-49"	269549
	"2024"	"2024"	"Oregon"	"41"	"50-54 years"	"50-54"	258418
	"2024"	"2024"	"Oregon"	"41"	"55-59 years"	"55-59"	243452
	"2024"	"2024"	"Oregon"	"41"	"60-64 years "	"60-64"	257147
	"2024"	"2024"	"Oregon"	"41"	"65-69 years"	"65-69"	257434
	"2024"	"2024"	"Oregon"	"41"	"70-74 years"	"70-74"	235195
	"2024"	"2024"	"Oregon"	"41"	"75-79 years"	"75-79"	175356
	"2024"	"2024"	"Oregon"	"41"	"80-84 years"	"80-84"	101792
	"2024"	"2024"	"Oregon"	"41"	"85+ years"	"85+"	81027
"Total"	"2024"	"2024"	"Oregon"	"41"			4272371
	"2024"	"2024"	"Pennsylvania"	"42"	"< 1 year"	"1"	127300
	"2024"	"2024"	"Pennsylvania"	"42"	"1-4 years"	"1-4"	536630
	"2024"	"2024"	"Pennsylvania"	"42"	"5-9 years"	"5-9"	726383
	"2024"	"2024"	"Pennsylvania"	"42"	"10-14 years"	"10-14"	754508
	"2024"	"2024"	"Pennsylvania"	"42"	"15-19 years"	"15-19"	849753
	"2024"	"2024"	"Pennsylvania"	"42"	"20-24 years"	"20-24"	820942
	"2024"	"2024"	"Pennsylvania"	"42"	"25-29 years"	"25-29"	797724
	"2024"	"2024"	"Pennsylvania"	"42"	"30-34 years"	"30-34"	878221
	"2024"	"2024"	"Pennsylvania"	"42"	"35-39 years"	"35-39"	875277
	"2024"	"2024"	"Pennsylvania"	"42"	"40-44 years"	"40-44"	819654
	"2024"	"2024"	"Pennsylvania"	"42"	"45-49 years"	"45-49"	739018
	"2024"	"2024"	"Pennsylvania"	"42"	"50-54 years"	"50-54"	778493
	"2024"	"2024"	"Pennsylvania"	"42"	"55-59 years"	"55-59"	823206
	"2024"	"2024"	"Pennsylvania"	"42"	"60-64 years "	"60-64"	885710
	"2024"	"2024"	"Pennsylvania"	"42"	"65-69 years"	"65-69"	845166
	"2024"	"2024"	"Pennsylvania"	"42"	"70-74 years"	"70-74"	690929
	"2024"	"2024"	"Pennsylvania"	"42"	"75-79 years"	"75-79"	512453
	"2024"	"2024"	"Pennsylvania"	"42"	"80-84 years"	"80-84"	318797
	"2024"	"2024"	"Pennsylvania"	"42"	"85+ years"	"85+"	298587
"Total"	"2024"	"2024"	"Pennsylvania"	"42"			13078751
	"2024"	"2024"	"Rhode Island"	"44"	"< 1 year"	"1"	9966
	"2024"	"2024"	"Rhode Island"	"44"	"1-4 years"	"1-4"	42434
	"2024"	"2024"	"Rhode Island"	"44"	"5-9 years"	"5-9"	56835
	"2024"	"2024"	"Rhode Island"	"44"	"10-14 years"	"10-14"	57552
	"2024"	"2024"	"Rhode Island"	"44"	"15-19 years"	"15-19"	72782
	"2024"	"2024"	"Rhode Island"	"44"	"20-24 years"	"20-24"	76530
	"2024"	"2024"	"Rhode Island"	"44"	"25-29 years"	"25-29"	71958
	"2024"	"2024"	"Rhode Island"	"44"	"30-34 years"	"30-34"	80360
	"2024"	"2024"	"Rhode Island"	"44"	"35-39 years"	"35-39"	77162
	"2024"	"2024"	"Rhode Island"	"44"	"40-44 years"	"40-44"	70949
	"2024"	"2024"	"Rhode Island"	"44"	"45-49 years"	"45-49"	61833
	"2024"	"2024"	"Rhode Island"	"44"	"50-54 years"	"50-54"	65646
	"2024"	"2024"	"Rhode Island"	"44"	"55-59 years"	"55-59"	73033
	"2024"	"2024"	"Rhode Island"	"44"	"60-64 years "	"60-64"	76669
	"2024"	"2024"	"Rhode Island"	"44"	"65-69 years"	"65-69"	70751
	"2024"	"2024"	"Rhode Island"	"44"	"70-74 years"	"70-74"	55810
	"2024"	"2024"	"Rhode Island"	"44"	"75-79 years"	"75-79"	41600
	"2024"	"2024"	"Rhode Island"	"44"	"80-84 years"	"80-84"	25606
	"2024"	"2024"	"Rhode Island"	"44"	"85+ years"	"85+"	24832
"Total"	"2024"	"2024"	"Rhode Island"	"44"			1112308
	"2024"	"2024"	"South Carolina"	"45"	"< 1 year"	"1"	57766
	"2024"	"2024"	"South Carolina"	"45"	"1-4 years"	"1-4"	237956
	"2024"	"2024"	"South Carolina"	"45"	"5-9 years"	"5-9"	314315
	"2024"	"2024"	"South Carolina"	"45"	"10-14 years"	"10-14"	327448
	"2024"	"2024"	"South Carolina"	"45"	"15-19 years"	"15-19"	362265
	"2024"	"2024"	"South Carolina"	"45"	"20-24 years"	"20-24"	352074
	"2024"	"2024"	"South Carolina"	"45"	"25-29 years"	"25-29"	338331
	"2024"	"2024"	"South Carolina"	"45"	"30-34 years"	"30-34"	364958
	"2024"	"2024"	"South Carolina"	"45"	"35-39 years"	"35-39"	352059
	"2024"	"2024"	"South Carolina"	"45"	"40-44 years"	"40-44"	340390
	"2024"	"2024"	"South Carolina"	"45"	"45-49 years"	"45-49"	315186
	"2024"	"2024"	"South Carolina"	"45"	"50-54 years"	"50-54"	332931
	"2024"	"2024"	"South Carolina"	"45"	"55-59 years"	"55-59"	339889
	"2024"	"2024"	"South Carolina"	"45"	"60-64 years "	"60-64"	366318
	"2024"	"2024"	"South Carolina"	"45"	"65-69 years"	"65-69"	345542
	"2024"	"2024"	"South Carolina"	"45"	"70-74 years"	"70-74"	289534
	"2024"	"2024"	"South Carolina"	"45"	"75-79 years"	"75-79"	222145
	"2024"	"2024"	"South Carolina"	"45"	"80-84 years"	"80-84"	125919
	"2024"	"2024"	"South Carolina"	"45"	"85+ years"	"85+"	93805
"Total"	"2024"	"2024"	"South Carolina"	"45"			5478831
	"2024"	"2024"	"South Dakota"	"46"	"< 1 year"	"1"	11392
	"2024"	"2024"	"South Dakota"	"46"	"1-4 years"	"1-4"	45952
	"2024"	"2024"	"South Dakota"	"46"	"5-9 years"	"5-9"	61716
	"2024"	"2024"	"South Dakota"	"46"	"10-14 years"	"10-14"	62561
	"2024"	"2024"	"South Dakota"	"46"	"15-19 years"	"15-19"	63724
	"2024"	"2024"	"South Dakota"	"46"	"20-24 years"	"20-24"	61825
	"2024"	"2024"	"South Dakota"	"46"	"25-29 years"	"25-29"	57182
	"2024"	"2024"	"South Dakota"	"46"	"30-34 years"	"30-34"	58479
	"2024"	"2024"	"South Dakota"	"46"	"35-39 years"	"35-39"	58794
	"2024"	"2024"	"South Dakota"	"46"	"40-44 years"	"40-44"	58908
	"2024"	"2024"	"South Dakota"	"46"	"45-49 years"	"45-49"	50957
	"2024"	"2024"	"South Dakota"	"46"	"50-54 years"	"50-54"	48353
	"2024"	"2024"	"South Dakota"	"46"	"55-59 years"	"55-59"	50372
	"2024"	"2024"	"South Dakota"	"46"	"60-64 years "	"60-64"	60654
	"2024"	"2024"	"South Dakota"	"46"	"65-69 years"	"65-69"	58400
	"2024"	"2024"	"South Dakota"	"46"	"70-74 years"	"70-74"	47340
	"2024"	"2024"	"South Dakota"	"46"	"75-79 years"	"75-79"	30910
	"2024"	"2024"	"South Dakota"	"46"	"80-84 years"	"80-84"	18073
	"2024"	"2024"	"South Dakota"	"46"	"85+ years"	"85+"	19077
"Total"	"2024"	"2024"	"South Dakota"	"46"			924669
	"2024"	"2024"	"Tennessee"	"47"	"< 1 year"	"1"	83031
	"2024"	"2024"	"Tennessee"	"47"	"1-4 years"	"1-4"	333151
	"2024"	"2024"	"Tennessee"	"47"	"5-9 years"	"5-9"	435924
	"2024"	"2024"	"Tennessee"	"47"	"10-14 years"	"10-14"	443243
	"2024"	"2024"	"Tennessee"	"47"	"15-19 years"	"15-19"	463377
	"2024"	"2024"	"Tennessee"	"47"	"20-24 years"	"20-24"	470868
	"2024"	"2024"	"Tennessee"	"47"	"25-29 years"	"25-29"	490750
	"2024"	"2024"	"Tennessee"	"47"	"30-34 years"	"30-34"	512733
	"2024"	"2024"	"Tennessee"	"47"	"35-39 years"	"35-39"	475200
	"2024"	"2024"	"Tennessee"	"47"	"40-44 years"	"40-44"	457219
	"2024"	"2024"	"Tennessee"	"47"	"45-49 years"	"45-49"	429804
	"2024"	"2024"	"Tennessee"	"47"	"50-54 years"	"50-54"	450976
	"2024"	"2024"	"Tennessee"	"47"	"55-59 years"	"55-59"	443138
	"2024"	"2024"	"Tennessee"	"47"	"60-64 years "	"60-64"	460377
	"2024"	"2024"	"Tennessee"	"47"	"65-69 years"	"65-69"	417471
	"2024"	"2024"	"Tennessee"	"47"	"70-74 years"	"70-74"	338716
	"2024"	"2024"	"Tennessee"	"47"	"75-79 years"	"75-79"	254308
	"2024"	"2024"	"Tennessee"	"47"	"80-84 years"	"80-84"	149961
	"2024"	"2024"	"Tennessee"	"47"	"85+ years"	"85+"	117503
"Total"	"2024"	"2024"	"Tennessee"	"47"			7227750
	"2024"	"2024"	"Texas"	"48"	"< 1 year"	"1"	388999
	"2024"	"2024"	"Texas"	"48"	"1-4 years"	"1-4"	1588475
	"2024"	"2024"	"Texas"	"48"	"5-9 years"	"5-9"	2122128
	"2024"	"2024"	"Texas"	"48"	"10-14 years"	"10-14"	2185481
	"2024"	"2024"	"Texas"	"48"	"15-19 years"	"15-19"	2251478
	"2024"	"2024"	"Texas"	"48"	"20-24 years"	"20-24"	2200837
	"2024"	"2024"	"Texas"	"48"	"25-29 years"	"25-29"	2221643
	"2024"	"2024"	"Texas"	"48"	"30-34 years"	"30-34"	2327887
	"2024"	"2024"	"Texas"	"48"	"35-39 years"	"35-39"	2260688
	"2024"	"2024"	"Texas"	"48"	"40-44 years"	"40-44"	2190525
	"2024"	"2024"	"Texas"	"48"	"45-49 years"	"45-49"	1948229
	"2024"	"2024"	"Texas"	"48"	"50-54 years"	"50-54"	1871838
	"2024"	"2024"	"Texas"	"48"	"55-59 years"	"55-59"	1696125
	"2024"	"2024"	"Texas"	"48"	"60-64 years "	"60-64"	1673786
	"2024"	"2024"	"Texas"	"48"	"65-69 years"	"65-69"	1465686
	"2024"	"2024"	"Texas"	"48"	"70-74 years"	"70-74"	1150090
	"2024"	"2024"	"Texas"	"48"	"75-79 years"	"75-79"	839427
	"2024"	"2024"	"Texas"	"48"	"80-84 years"	"80-84"	496232
	"2024"	"2024"	"Texas"	"48"	"85+ years"	"85+"	411277
"Total"	"2024"	"2024"	"Texas"	"48"			31290831
	"2024"	"2024"	"Utah"	"49"	"< 1 year"	"1"	45749
	"2024"	"2024"	"Utah"	"49"	"1-4 years"	"1-4"	185238
	"2024"	"2024"	"Utah"	"49"	"5-9 years"	"5-9"	253512
	"2024"	"2024"	"Utah"	"49"	"10-14 years"	"10-14"	271114
	"2024"	"2024"	"Utah"	"49"	"15-19 years"	"15-19"	289338
	"2024"	"2024"	"Utah"	"49"	"20-24 years"	"20-24"	306602
	"2024"	"2024"	"Utah"	"49"	"25-29 years"	"25-29"	275944
	"2024"	"2024"	"Utah"	"49"	"30-34 years"	"30-34"	256107
	"2024"	"2024"	"Utah"	"49"	"35-39 years"	"35-39"	231858
	"2024"	"2024"	"Utah"	"49"	"40-44 years"	"40-44"	240771
	"2024"	"2024"	"Utah"	"49"	"45-49 years"	"45-49"	219347
	"2024"	"2024"	"Utah"	"49"	"50-54 years"	"50-54"	182421
	"2024"	"2024"	"Utah"	"49"	"55-59 years"	"55-59"	155800
	"2024"	"2024"	"Utah"	"49"	"60-64 years "	"60-64"	156739
	"2024"	"2024"	"Utah"	"49"	"65-69 years"	"65-69"	144579
	"2024"	"2024"	"Utah"	"49"	"70-74 years"	"70-74"	116971
	"2024"	"2024"	"Utah"	"49"	"75-79 years"	"75-79"	83530
	"2024"	"2024"	"Utah"	"49"	"80-84 years"	"80-84"	50170
	"2024"	"2024"	"Utah"	"49"	"85+ years"	"85+"	37823
"Total"	"2024"	"2024"	"Utah"	"49"			3503613
	"2024"	"2024"	"Vermont"	"50"	"< 1 year"	"1"	5028
	"2024"	"2024"	"Vermont"	"50"	"1-4 years"	"1-4"	21766
	"2024"	"2024"	"Vermont"	"50"	"5-9 years"	"5-9"	30902
	"2024"	"2024"	"Vermont"	"50"	"10-14 years"	"10-14"	33341
	"2024"	"2024"	"Vermont"	"50"	"15-19 years"	"15-19"	41525
	"2024"	"2024"	"Vermont"	"50"	"20-24 years"	"20-24"	43892
	"2024"	"2024"	"Vermont"	"50"	"25-29 years"	"25-29"	36295
	"2024"	"2024"	"Vermont"	"50"	"30-34 years"	"30-34"	40768
	"2024"	"2024"	"Vermont"	"50"	"35-39 years"	"35-39"	40975
	"2024"	"2024"	"Vermont"	"50"	"40-44 years"	"40-44"	40911
	"2024"	"2024"	"Vermont"	"50"	"45-49 years"	"45-49"	37147
	"2024"	"2024"	"Vermont"	"50"	"50-54 years"	"50-54"	38877
	"2024"	"2024"	"Vermont"	"50"	"55-59 years"	"55-59"	41850
	"2024"	"2024"	"Vermont"	"50"	"60-64 years "	"60-64"	47595
	"2024"	"2024"	"Vermont"	"50"	"65-69 years"	"65-69"	46758
	"2024"	"2024"	"Vermont"	"50"	"70-74 years"	"70-74"	39920
	"2024"	"2024"	"Vermont"	"50"	"75-79 years"	"75-79"	29551
	"2024"	"2024"	"Vermont"	"50"	"80-84 years"	"80-84"	17240
	"2024"	"2024"	"Vermont"	"50"	"85+ years"	"85+"	14152
"Total"	"2024"	"2024"	"Vermont"	"50"			648493
	"2024"	"2024"	"Virginia"	"51"	"< 1 year"	"1"	93267
	"2024"	"2024"	"Virginia"	"51"	"1-4 years"	"1-4"	389615
	"2024"	"2024"	"Virginia"	"51"	"5-9 years"	"5-9"	525526
	"2024"	"2024"	"Virginia"	"51"	"10-14 years"	"10-14"	534374
	"2024"	"2024"	"Virginia"	"51"	"15-19 years"	"15-19"	572697
	"2024"	"2024"	"Virginia"	"51"	"20-24 years"	"20-24"	582682
	"2024"	"2024"	"Virginia"	"51"	"25-29 years"	"25-29"	573763
	"2024"	"2024"	"Virginia"	"51"	"30-34 years"	"30-34"	610145
	"2024"	"2024"	"Virginia"	"51"	"35-39 years"	"35-39"	610134
	"2024"	"2024"	"Virginia"	"51"	"40-44 years"	"40-44"	597506
	"2024"	"2024"	"Virginia"	"51"	"45-49 years"	"45-49"	536567
	"2024"	"2024"	"Virginia"	"51"	"50-54 years"	"50-54"	542435
	"2024"	"2024"	"Virginia"	"51"	"55-59 years"	"55-59"	539140
	"2024"	"2024"	"Virginia"	"51"	"60-64 years "	"60-64"	556231
	"2024"	"2024"	"Virginia"	"51"	"65-69 years"	"65-69"	492972
	"2024"	"2024"	"Virginia"	"51"	"70-74 years"	"70-74"	401189
	"2024"	"2024"	"Virginia"	"51"	"75-79 years"	"75-79"	308561
	"2024"	"2024"	"Virginia"	"51"	"80-84 years"	"80-84"	187753
	"2024"	"2024"	"Virginia"	"51"	"85+ years"	"85+"	156638
"Total"	"2024"	"2024"	"Virginia"	"51"			8811195
	"2024"	"2024"	"Washington"	"53"	"< 1 year"	"1"	82846
	"2024"	"2024"	"Washington"	"53"	"1-4 years"	"1-4"	341887
	"2024"	"2024"	"Washington"	"53"	"5-9 years"	"5-9"	460775
	"2024"	"2024"	"Washington"	"53"	"10-14 years"	"10-14"	472146
	"2024"	"2024"	"Washington"	"53"	"15-19 years"	"15-19"	479184
	"2024"	"2024"	"Washington"	"53"	"20-24 years"	"20-24"	493374
	"2024"	"2024"	"Washington"	"53"	"25-29 years"	"25-29"	573386
	"2024"	"2024"	"Washington"	"53"	"30-34 years"	"30-34"	641421
	"2024"	"2024"	"Washington"	"53"	"35-39 years"	"35-39"	608909
	"2024"	"2024"	"Washington"	"53"	"40-44 years"	"40-44"	562450
	"2024"	"2024"	"Washington"	"53"	"45-49 years"	"45-49"	480122
	"2024"	"2024"	"Washington"	"53"	"50-54 years"	"50-54"	463095
	"2024"	"2024"	"Washington"	"53"	"55-59 years"	"55-59"	448110
	"2024"	"2024"	"Washington"	"53"	"60-64 years "	"60-64"	470886
	"2024"	"2024"	"Washington"	"53"	"65-69 years"	"65-69"	440970
	"2024"	"2024"	"Washington"	"53"	"70-74 years"	"70-74"	372089
	"2024"	"2024"	"Washington"	"53"	"75-79 years"	"75-79"	274624
	"2024"	"2024"	"Washington"	"53"	"80-84 years"	"80-84"	159464
	"2024"	"2024"	"Washington"	"53"	"85+ years"	"85+"	132442
"Total"	"2024"	"2024"	"Washington"	"53"			7958180
	"2024"	"2024"	"West Virginia"	"54"	"< 1 year"	"1"	16528
	"2024"	"2024"	"West Virginia"	"54"	"1-4 years"	"1-4"	69592
	"2024"	"2024"	"West Virginia"	"54"	"5-9 years"	"5-9"	94350
	"2024"	"2024"	"West Virginia"	"54"	"10-14 years"	"10-14"	101901
	"2024"	"2024"	"West Virginia"	"54"	"15-19 years"	"15-19"	109616
	"2024"	"2024"	"West Virginia"	"54"	"20-24 years"	"20-24"	112680
	"2024"	"2024"	"West Virginia"	"54"	"25-29 years"	"25-29"	105156
	"2024"	"2024"	"West Virginia"	"54"	"30-34 years"	"30-34"	110315
	"2024"	"2024"	"West Virginia"	"54"	"35-39 years"	"35-39"	102751
	"2024"	"2024"	"West Virginia"	"54"	"40-44 years"	"40-44"	107071
	"2024"	"2024"	"West Virginia"	"54"	"45-49 years"	"45-49"	107591
	"2024"	"2024"	"West Virginia"	"54"	"50-54 years"	"50-54"	113552
	"2024"	"2024"	"West Virginia"	"54"	"55-59 years"	"55-59"	112363
	"2024"	"2024"	"West Virginia"	"54"	"60-64 years "	"60-64"	119067
	"2024"	"2024"	"West Virginia"	"54"	"65-69 years"	"65-69"	119118
	"2024"	"2024"	"West Virginia"	"54"	"70-74 years"	"70-74"	104829
	"2024"	"2024"	"West Virginia"	"54"	"75-79 years"	"75-79"	79312
	"2024"	"2024"	"West Virginia"	"54"	"80-84 years"	"80-84"	45567
	"2024"	"2024"	"West Virginia"	"54"	"85+ years"	"85+"	38620
"Total"	"2024"	"2024"	"West Virginia"	"54"			1769979
	"2024"	"2024"	"Wisconsin"	"55"	"< 1 year"	"1"	59096
	"2024"	"2024"	"Wisconsin"	"55"	"1-4 years"	"1-4"	248772
	"2024"	"2024"	"Wisconsin"	"55"	"5-9 years"	"5-9"	340691
	"2024"	"2024"	"Wisconsin"	"55"	"10-14 years"	"10-14"	357267
	"2024"	"2024"	"Wisconsin"	"55"	"15-19 years"	"15-19"	393411
	"2024"	"2024"	"Wisconsin"	"55"	"20-24 years"	"20-24"	406315
	"2024"	"2024"	"Wisconsin"	"55"	"25-29 years"	"25-29"	373247
	"2024"	"2024"	"Wisconsin"	"55"	"30-34 years"	"30-34"	381437
	"2024"	"2024"	"Wisconsin"	"55"	"35-39 years"	"35-39"	372922
	"2024"	"2024"	"Wisconsin"	"55"	"40-44 years"	"40-44"	382082
	"2024"	"2024"	"Wisconsin"	"55"	"45-49 years"	"45-49"	344851
	"2024"	"2024"	"Wisconsin"	"55"	"50-54 years"	"50-54"	344460
	"2024"	"2024"	"Wisconsin"	"55"	"55-59 years"	"55-59"	372404
	"2024"	"2024"	"Wisconsin"	"55"	"60-64 years "	"60-64"	415287
	"2024"	"2024"	"Wisconsin"	"55"	"65-69 years"	"65-69"	383725
	"2024"	"2024"	"Wisconsin"	"55"	"70-74 years"	"70-74"	312908
	"2024"	"2024"	"Wisconsin"	"55"	"75-79 years"	"75-79"	221312
	"2024"	"2024"	"Wisconsin"	"55"	"80-84 years"	"80-84"	132851
	"2024"	"2024"	"Wisconsin"	"55"	"85+ years"	"85+"	117937
"Total"	"2024"	"2024"	"Wisconsin"	"55"			5960975
	"2024"	"2024"	"Wyoming"	"56"	"< 1 year"	"1"	5979
	"2024"	"2024"	"Wyoming"	"56"	"1-4 years"	"1-4"	24760
	"2024"	"2024"	"Wyoming"	"56"	"5-9 years"	"5-9"	34926
	"2024"	"2024"	"Wyoming"	"56"	"10-14 years"	"10-14"	37396
	"2024"	"2024"	"Wyoming"	"56"	"15-19 years"	"15-19"	40590
	"2024"	"2024"	"Wyoming"	"56"	"20-24 years"	"20-24"	39050
	"2024"	"2024"	"Wyoming"	"56"	"25-29 years"	"25-29"	35151
	"2024"	"2024"	"Wyoming"	"56"	"30-34 years"	"30-34"	37882
	"2024"	"2024"	"Wyoming"	"56"	"35-39 years"	"35-39"	38805
	"2024"	"2024"	"Wyoming"	"56"	"40-44 years"	"40-44"	39908
	"2024"	"2024"	"Wyoming"	"56"	"45-49 years"	"45-49"	34656
	"2024"	"2024"	"Wyoming"	"56"	"50-54 years"	"50-54"	32794
	"2024"	"2024"	"Wyoming"	"56"	"55-59 years"	"55-59"	31815
	"2024"	"2024"	"Wyoming"	"56"	"60-64 years "	"60-64"	38238
	"2024"	"2024"	"Wyoming"	"56"	"65-69 years"	"65-69"	38831
	"2024"	"2024"	"Wyoming"	"56"	"70-74 years"	"70-74"	31726
	"2024"	"2024"	"Wyoming"	"56"	"75-79 years"	"75-79"	21772
	"2024"	"2024"	"Wyoming"	"56"	"80-84 years"	"80-84"	12555
	"2024"	"2024"	"Wyoming"	"56"	"85+ years"	"85+"	10784
"Total"	"2024"	"2024"	"Wyoming"	"56"			587618
"Total"	"2024"	"2024"					340110988
"Total"							1674612020
"---"
"Dataset: Single-Race Population Estimates 2020-2024 by State and Single-Year Age"
"Query Parameters:"
"Group By: Yearly July 1st Estimates; States; Five-Year Age Groups"
"Show Totals: True"
"Show Zero Values: True"
"---"
"Help: See http://wonder.cdc.gov/wonder/help/single-race.html for more information."
"---"
"Query Date: May 9, 2026 3:44:36 PM"
"---"
"Suggested Citation: Single-race Population Estimates, United States, 2020-2024. July 1st resident population by state, age, sex,"
"single-race, and Hispanic origin, on CDC WONDER Online Database. The 2020-2024 postcensal series of estimates of the July 1"
"resident population are based on the Blended Base produced by the US Census Bureau in lieu of the April 1, 2020 decennial"
"population count, Released by the Census Bureau on June 26, 2025. Accessed at"
"http://wonder.cdc.gov/single-race-single-year-v2024.html on May 9, 2026 3:44:36 PM"
"---"
Footnotes:
"1. Estimates for 2020-2024 are single-race Vintage 2024 postcensal estimates of the July 1 resident population, based on the"
"modified Blended Base produced by the US Census Bureau in lieu of the April 1, 2020 decennial population count, and released by"
"the Census Bureau on June 26, 2025."
"---"
Caveats: