"Notes"	"Yearly July 1st Estimates"	"Yearly July 1st Estimates Code"	"States"	"States Code"	"Five-Year Age Groups"	"Five-Year Age Groups Code"	Population
	"2010"	"2010"	"Alabama"	"01"	"< 1 year"	"1"	59248
	"2010"	"2010"	"Alabama"	"01"	"1-4 years"	"1-4"	244998
	"2010"	"2010"	"Alabama"	"01"	"5-9 years"	"5-9"	307255
	"2010"	"2010"	"Alabama"	"01"	"10-14 years"	"10-14"	320129
	"2010"	"2010"	"Alabama"	"01"	"15-19 years"	"15-19"	340824
	"2010"	"2010"	"Alabama"	"01"	"20-24 years"	"20-24"	337762
	"2010"	"2010"	"Alabama"	"01"	"25-29 years"	"25-29"	311137
	"2010"	"2010"	"Alabama"	"01"	"30-34 years"	"30-34"	299429
	"2010"	"2010"	"Alabama"	"01"	"35-39 years"	"35-39"	306600
	"2010"	"2010"	"Alabama"	"01"	"40-44 years"	"40-44"	311592
	"2010"	"2010"	"Alabama"	"01"	"45-49 years"	"45-49"	345435
	"2010"	"2010"	"Alabama"	"01"	"50-54 years"	"50-54"	347915
	"2010"	"2010"	"Alabama"	"01"	"55-59 years"	"55-59"	314046
	"2010"	"2010"	"Alabama"	"01"	"60-64 years "	"60-64"	278302
	"2010"	"2010"	"Alabama"	"01"	"65-69 years"	"65-69"	210709
	"2010"	"2010"	"Alabama"	"01"	"70-74 years"	"70-74"	161559
	"2010"	"2010"	"Alabama"	"01"	"75-79 years"	"75-79"	123132
	"2010"	"2010"	"Alabama"	"01"	"80-84 years"	"80-84"	89198
	"2010"	"2010"	"Alabama"	"01"	"85+ years"	"85+"	76244
"Total"	"2010"	"2010"	"Alabama"	"01"			4785514
	"2010"	"2010"	"Alaska"	"02"	"< 1 year"	"1"	11050
	"2010"	"2010"	"Alaska"	"02"	"1-4 years"	"1-4"	43371
	"2010"	"2010"	"Alaska"	"02"	"5-9 years"	"5-9"	51071
	"2010"	"2010"	"Alaska"	"02"	"10-14 years"	"10-14"	50924
	"2010"	"2010"	"Alaska"	"02"	"15-19 years"	"15-19"	51993
	"2010"	"2010"	"Alaska"	"02"	"20-24 years"	"20-24"	54977
	"2010"	"2010"	"Alaska"	"02"	"25-29 years"	"25-29"	56136
	"2010"	"2010"	"Alaska"	"02"	"30-34 years"	"30-34"	48338
	"2010"	"2010"	"Alaska"	"02"	"35-39 years"	"35-39"	45772
	"2010"	"2010"	"Alaska"	"02"	"40-44 years"	"40-44"	47254
	"2010"	"2010"	"Alaska"	"02"	"45-49 years"	"45-49"	54387
	"2010"	"2010"	"Alaska"	"02"	"50-54 years"	"50-54"	56346
	"2010"	"2010"	"Alaska"	"02"	"55-59 years"	"55-59"	50292
	"2010"	"2010"	"Alaska"	"02"	"60-64 years "	"60-64"	36497
	"2010"	"2010"	"Alaska"	"02"	"65-69 years"	"65-69"	22461
	"2010"	"2010"	"Alaska"	"02"	"70-74 years"	"70-74"	13374
	"2010"	"2010"	"Alaska"	"02"	"75-79 years"	"75-79"	8928
	"2010"	"2010"	"Alaska"	"02"	"80-84 years"	"80-84"	6046
	"2010"	"2010"	"Alaska"	"02"	"85+ years"	"85+"	4765
"Total"	"2010"	"2010"	"Alaska"	"02"			713982
	"2010"	"2010"	"Arizona"	"04"	"< 1 year"	"1"	86667
	"2010"	"2010"	"Arizona"	"04"	"1-4 years"	"1-4"	366802
	"2010"	"2010"	"Arizona"	"04"	"5-9 years"	"5-9"	453017
	"2010"	"2010"	"Arizona"	"04"	"10-14 years"	"10-14"	449243
	"2010"	"2010"	"Arizona"	"04"	"15-19 years"	"15-19"	459917
	"2010"	"2010"	"Arizona"	"04"	"20-24 years"	"20-24"	446746
	"2010"	"2010"	"Arizona"	"04"	"25-29 years"	"25-29"	439880
	"2010"	"2010"	"Arizona"	"04"	"30-34 years"	"30-34"	418561
	"2010"	"2010"	"Arizona"	"04"	"35-39 years"	"35-39"	414142
	"2010"	"2010"	"Arizona"	"04"	"40-44 years"	"40-44"	408455
	"2010"	"2010"	"Arizona"	"04"	"45-49 years"	"45-49"	426040
	"2010"	"2010"	"Arizona"	"04"	"50-54 years"	"50-54"	417143
	"2010"	"2010"	"Arizona"	"04"	"55-59 years"	"55-59"	377436
	"2010"	"2010"	"Arizona"	"04"	"60-64 years "	"60-64"	354191
	"2010"	"2010"	"Arizona"	"04"	"65-69 years"	"65-69"	284893
	"2010"	"2010"	"Arizona"	"04"	"70-74 years"	"70-74"	217073
	"2010"	"2010"	"Arizona"	"04"	"75-79 years"	"75-79"	162989
	"2010"	"2010"	"Arizona"	"04"	"80-84 years"	"80-84"	119419
	"2010"	"2010"	"Arizona"	"04"	"85+ years"	"85+"	104728
"Total"	"2010"	"2010"	"Arizona"	"04"			6407342
	"2010"	"2010"	"Arkansas"	"05"	"< 1 year"	"1"	38236
	"2010"	"2010"	"Arkansas"	"05"	"1-4 years"	"1-4"	159166
	"2010"	"2010"	"Arkansas"	"05"	"5-9 years"	"5-9"	196925
	"2010"	"2010"	"Arkansas"	"05"	"10-14 years"	"10-14"	198046
	"2010"	"2010"	"Arkansas"	"05"	"15-19 years"	"15-19"	203275
	"2010"	"2010"	"Arkansas"	"05"	"20-24 years"	"20-24"	201534
	"2010"	"2010"	"Arkansas"	"05"	"25-29 years"	"25-29"	192225
	"2010"	"2010"	"Arkansas"	"05"	"30-34 years"	"30-34"	184826
	"2010"	"2010"	"Arkansas"	"05"	"35-39 years"	"35-39"	183048
	"2010"	"2010"	"Arkansas"	"05"	"40-44 years"	"40-44"	182938
	"2010"	"2010"	"Arkansas"	"05"	"45-49 years"	"45-49"	204810
	"2010"	"2010"	"Arkansas"	"05"	"50-54 years"	"50-54"	202138
	"2010"	"2010"	"Arkansas"	"05"	"55-59 years"	"55-59"	184983
	"2010"	"2010"	"Arkansas"	"05"	"60-64 years "	"60-64"	168302
	"2010"	"2010"	"Arkansas"	"05"	"65-69 years"	"65-69"	133676
	"2010"	"2010"	"Arkansas"	"05"	"70-74 years"	"70-74"	101801
	"2010"	"2010"	"Arkansas"	"05"	"75-79 years"	"75-79"	77957
	"2010"	"2010"	"Arkansas"	"05"	"80-84 years"	"80-84"	56365
	"2010"	"2010"	"Arkansas"	"05"	"85+ years"	"85+"	51747
"Total"	"2010"	"2010"	"Arkansas"	"05"			2921998
	"2010"	"2010"	"California"	"06"	"< 1 year"	"1"	495747
	"2010"	"2010"	"California"	"06"	"1-4 years"	"1-4"	2034481
	"2010"	"2010"	"California"	"06"	"5-9 years"	"5-9"	2504784
	"2010"	"2010"	"California"	"06"	"10-14 years"	"10-14"	2583947
	"2010"	"2010"	"California"	"06"	"15-19 years"	"15-19"	2808271
	"2010"	"2010"	"California"	"06"	"20-24 years"	"20-24"	2785011
	"2010"	"2010"	"California"	"06"	"25-29 years"	"25-29"	2748712
	"2010"	"2010"	"California"	"06"	"30-34 years"	"30-34"	2584545
	"2010"	"2010"	"California"	"06"	"35-39 years"	"35-39"	2563184
	"2010"	"2010"	"California"	"06"	"40-44 years"	"40-44"	2612397
	"2010"	"2010"	"California"	"06"	"45-49 years"	"45-49"	2682402
	"2010"	"2010"	"California"	"06"	"50-54 years"	"50-54"	2571433
	"2010"	"2010"	"California"	"06"	"55-59 years"	"55-59"	2219875
	"2010"	"2010"	"California"	"06"	"60-64 years "	"60-64"	1851458
	"2010"	"2010"	"California"	"06"	"65-69 years"	"65-69"	1316027
	"2010"	"2010"	"California"	"06"	"70-74 years"	"70-74"	978476
	"2010"	"2010"	"California"	"06"	"75-79 years"	"75-79"	767115
	"2010"	"2010"	"California"	"06"	"80-84 years"	"80-84"	604932
	"2010"	"2010"	"California"	"06"	"85+ years"	"85+"	606753
"Total"	"2010"	"2010"	"California"	"06"			37319550
	"2010"	"2010"	"Colorado"	"08"	"< 1 year"	"1"	66935
	"2010"	"2010"	"Colorado"	"08"	"1-4 years"	"1-4"	277186
	"2010"	"2010"	"Colorado"	"08"	"5-9 years"	"5-9"	348955
	"2010"	"2010"	"Colorado"	"08"	"10-14 years"	"10-14"	333934
	"2010"	"2010"	"Colorado"	"08"	"15-19 years"	"15-19"	339765
	"2010"	"2010"	"Colorado"	"08"	"20-24 years"	"20-24"	349967
	"2010"	"2010"	"Colorado"	"08"	"25-29 years"	"25-29"	373858
	"2010"	"2010"	"Colorado"	"08"	"30-34 years"	"30-34"	356452
	"2010"	"2010"	"Colorado"	"08"	"35-39 years"	"35-39"	352441
	"2010"	"2010"	"Colorado"	"08"	"40-44 years"	"40-44"	348010
	"2010"	"2010"	"Colorado"	"08"	"45-49 years"	"45-49"	369746
	"2010"	"2010"	"Colorado"	"08"	"50-54 years"	"50-54"	371959
	"2010"	"2010"	"Colorado"	"08"	"55-59 years"	"55-59"	330720
	"2010"	"2010"	"Colorado"	"08"	"60-64 years "	"60-64"	273193
	"2010"	"2010"	"Colorado"	"08"	"65-69 years"	"65-69"	184622
	"2010"	"2010"	"Colorado"	"08"	"70-74 years"	"70-74"	128718
	"2010"	"2010"	"Colorado"	"08"	"75-79 years"	"75-79"	97140
	"2010"	"2010"	"Colorado"	"08"	"80-84 years"	"80-84"	73592
	"2010"	"2010"	"Colorado"	"08"	"85+ years"	"85+"	70346
"Total"	"2010"	"2010"	"Colorado"	"08"			5047539
	"2010"	"2010"	"Connecticut"	"09"	"< 1 year"	"1"	38079
	"2010"	"2010"	"Connecticut"	"09"	"1-4 years"	"1-4"	163184
	"2010"	"2010"	"Connecticut"	"09"	"5-9 years"	"5-9"	221826
	"2010"	"2010"	"Connecticut"	"09"	"10-14 years"	"10-14"	239611
	"2010"	"2010"	"Connecticut"	"09"	"15-19 years"	"15-19"	253587
	"2010"	"2010"	"Connecticut"	"09"	"20-24 years"	"20-24"	229175
	"2010"	"2010"	"Connecticut"	"09"	"25-29 years"	"25-29"	215021
	"2010"	"2010"	"Connecticut"	"09"	"30-34 years"	"30-34"	206953
	"2010"	"2010"	"Connecticut"	"09"	"35-39 years"	"35-39"	220237
	"2010"	"2010"	"Connecticut"	"09"	"40-44 years"	"40-44"	260424
	"2010"	"2010"	"Connecticut"	"09"	"45-49 years"	"45-49"	290501
	"2010"	"2010"	"Connecticut"	"09"	"50-54 years"	"50-54"	284955
	"2010"	"2010"	"Connecticut"	"09"	"55-59 years"	"55-59"	242306
	"2010"	"2010"	"Connecticut"	"09"	"60-64 years "	"60-64"	204598
	"2010"	"2010"	"Connecticut"	"09"	"65-69 years"	"65-69"	150716
	"2010"	"2010"	"Connecticut"	"09"	"70-74 years"	"70-74"	106204
	"2010"	"2010"	"Connecticut"	"09"	"75-79 years"	"75-79"	88869
	"2010"	"2010"	"Connecticut"	"09"	"80-84 years"	"80-84"	77462
	"2010"	"2010"	"Connecticut"	"09"	"85+ years"	"85+"	85465
"Total"	"2010"	"2010"	"Connecticut"	"09"			3579173
	"2010"	"2010"	"Delaware"	"10"	"< 1 year"	"1"	11000
	"2010"	"2010"	"Delaware"	"10"	"1-4 years"	"1-4"	44883
	"2010"	"2010"	"Delaware"	"10"	"5-9 years"	"5-9"	56428
	"2010"	"2010"	"Delaware"	"10"	"10-14 years"	"10-14"	56874
	"2010"	"2010"	"Delaware"	"10"	"15-19 years"	"15-19"	64079
	"2010"	"2010"	"Delaware"	"10"	"20-24 years"	"20-24"	63251
	"2010"	"2010"	"Delaware"	"10"	"25-29 years"	"25-29"	57737
	"2010"	"2010"	"Delaware"	"10"	"30-34 years"	"30-34"	54205
	"2010"	"2010"	"Delaware"	"10"	"35-39 years"	"35-39"	54865
	"2010"	"2010"	"Delaware"	"10"	"40-44 years"	"40-44"	60593
	"2010"	"2010"	"Delaware"	"10"	"45-49 years"	"45-49"	67434
	"2010"	"2010"	"Delaware"	"10"	"50-54 years"	"50-54"	66231
	"2010"	"2010"	"Delaware"	"10"	"55-59 years"	"55-59"	58320
	"2010"	"2010"	"Delaware"	"10"	"60-64 years "	"60-64"	53647
	"2010"	"2010"	"Delaware"	"10"	"65-69 years"	"65-69"	42078
	"2010"	"2010"	"Delaware"	"10"	"70-74 years"	"70-74"	30932
	"2010"	"2010"	"Delaware"	"10"	"75-79 years"	"75-79"	23885
	"2010"	"2010"	"Delaware"	"10"	"80-84 years"	"80-84"	17355
	"2010"	"2010"	"Delaware"	"10"	"85+ years"	"85+"	15850
"Total"	"2010"	"2010"	"Delaware"	"10"			899647
	"2010"	"2010"	"District of Columbia"	"11"	"< 1 year"	"1"	7604
	"2010"	"2010"	"District of Columbia"	"11"	"1-4 years"	"1-4"	25672
	"2010"	"2010"	"District of Columbia"	"11"	"5-9 years"	"5-9"	26156
	"2010"	"2010"	"District of Columbia"	"11"	"10-14 years"	"10-14"	24940
	"2010"	"2010"	"District of Columbia"	"11"	"15-19 years"	"15-19"	39844
	"2010"	"2010"	"District of Columbia"	"11"	"20-24 years"	"20-24"	63410
	"2010"	"2010"	"District of Columbia"	"11"	"25-29 years"	"25-29"	70601
	"2010"	"2010"	"District of Columbia"	"11"	"30-34 years"	"30-34"	56239
	"2010"	"2010"	"District of Columbia"	"11"	"35-39 years"	"35-39"	43232
	"2010"	"2010"	"District of Columbia"	"11"	"40-44 years"	"40-44"	38038
	"2010"	"2010"	"District of Columbia"	"11"	"45-49 years"	"45-49"	38620
	"2010"	"2010"	"District of Columbia"	"11"	"50-54 years"	"50-54"	37272
	"2010"	"2010"	"District of Columbia"	"11"	"55-59 years"	"55-59"	34494
	"2010"	"2010"	"District of Columbia"	"11"	"60-64 years "	"60-64"	30055
	"2010"	"2010"	"District of Columbia"	"11"	"65-69 years"	"65-69"	21621
	"2010"	"2010"	"District of Columbia"	"11"	"70-74 years"	"70-74"	15568
	"2010"	"2010"	"District of Columbia"	"11"	"75-79 years"	"75-79"	11809
	"2010"	"2010"	"District of Columbia"	"11"	"80-84 years"	"80-84"	9702
	"2010"	"2010"	"District of Columbia"	"11"	"85+ years"	"85+"	10405
"Total"	"2010"	"2010"	"District of Columbia"	"11"			605282
	"2010"	"2010"	"Florida"	"12"	"< 1 year"	"1"	207974
	"2010"	"2010"	"Florida"	"12"	"1-4 years"	"1-4"	863558
	"2010"	"2010"	"Florida"	"12"	"5-9 years"	"5-9"	1079257
	"2010"	"2010"	"Florida"	"12"	"10-14 years"	"10-14"	1131105
	"2010"	"2010"	"Florida"	"12"	"15-19 years"	"15-19"	1221149
	"2010"	"2010"	"Florida"	"12"	"20-24 years"	"20-24"	1239616
	"2010"	"2010"	"Florida"	"12"	"25-29 years"	"25-29"	1184614
	"2010"	"2010"	"Florida"	"12"	"30-34 years"	"30-34"	1116644
	"2010"	"2010"	"Florida"	"12"	"35-39 years"	"35-39"	1172438
	"2010"	"2010"	"Florida"	"12"	"40-44 years"	"40-44"	1252901
	"2010"	"2010"	"Florida"	"12"	"45-49 years"	"45-49"	1398606
	"2010"	"2010"	"Florida"	"12"	"50-54 years"	"50-54"	1346741
	"2010"	"2010"	"Florida"	"12"	"55-59 years"	"55-59"	1210160
	"2010"	"2010"	"Florida"	"12"	"60-64 years "	"60-64"	1143092
	"2010"	"2010"	"Florida"	"12"	"65-69 years"	"65-69"	964853
	"2010"	"2010"	"Florida"	"12"	"70-74 years"	"70-74"	773877
	"2010"	"2010"	"Florida"	"12"	"75-79 years"	"75-79"	616394
	"2010"	"2010"	"Florida"	"12"	"80-84 years"	"80-84"	484517
	"2010"	"2010"	"Florida"	"12"	"85+ years"	"85+"	438647
"Total"	"2010"	"2010"	"Florida"	"12"			18846143
	"2010"	"2010"	"Georgia"	"13"	"< 1 year"	"1"	132596
	"2010"	"2010"	"Georgia"	"13"	"1-4 years"	"1-4"	552179
	"2010"	"2010"	"Georgia"	"13"	"5-9 years"	"5-9"	694421
	"2010"	"2010"	"Georgia"	"13"	"10-14 years"	"10-14"	691573
	"2010"	"2010"	"Georgia"	"13"	"15-19 years"	"15-19"	709771
	"2010"	"2010"	"Georgia"	"13"	"20-24 years"	"20-24"	684161
	"2010"	"2010"	"Georgia"	"13"	"25-29 years"	"25-29"	673576
	"2010"	"2010"	"Georgia"	"13"	"30-34 years"	"30-34"	664104
	"2010"	"2010"	"Georgia"	"13"	"35-39 years"	"35-39"	693677
	"2010"	"2010"	"Georgia"	"13"	"40-44 years"	"40-44"	701357
	"2010"	"2010"	"Georgia"	"13"	"45-49 years"	"45-49"	723258
	"2010"	"2010"	"Georgia"	"13"	"50-54 years"	"50-54"	671650
	"2010"	"2010"	"Georgia"	"13"	"55-59 years"	"55-59"	577882
	"2010"	"2010"	"Georgia"	"13"	"60-64 years "	"60-64"	500986
	"2010"	"2010"	"Georgia"	"13"	"65-69 years"	"65-69"	359247
	"2010"	"2010"	"Georgia"	"13"	"70-74 years"	"70-74"	252949
	"2010"	"2010"	"Georgia"	"13"	"75-79 years"	"75-79"	183803
	"2010"	"2010"	"Georgia"	"13"	"80-84 years"	"80-84"	129895
	"2010"	"2010"	"Georgia"	"13"	"85+ years"	"85+"	115124
"Total"	"2010"	"2010"	"Georgia"	"13"			9712209
	"2010"	"2010"	"Hawaii"	"15"	"< 1 year"	"1"	18026
	"2010"	"2010"	"Hawaii"	"15"	"1-4 years"	"1-4"	69749
	"2010"	"2010"	"Hawaii"	"15"	"5-9 years"	"5-9"	83258
	"2010"	"2010"	"Hawaii"	"15"	"10-14 years"	"10-14"	81517
	"2010"	"2010"	"Hawaii"	"15"	"15-19 years"	"15-19"	85812
	"2010"	"2010"	"Hawaii"	"15"	"20-24 years"	"20-24"	96774
	"2010"	"2010"	"Hawaii"	"15"	"25-29 years"	"25-29"	97827
	"2010"	"2010"	"Hawaii"	"15"	"30-34 years"	"30-34"	88685
	"2010"	"2010"	"Hawaii"	"15"	"35-39 years"	"35-39"	86325
	"2010"	"2010"	"Hawaii"	"15"	"40-44 years"	"40-44"	89659
	"2010"	"2010"	"Hawaii"	"15"	"45-49 years"	"45-49"	95344
	"2010"	"2010"	"Hawaii"	"15"	"50-54 years"	"50-54"	97856
	"2010"	"2010"	"Hawaii"	"15"	"55-59 years"	"55-59"	93506
	"2010"	"2010"	"Hawaii"	"15"	"60-64 years "	"60-64"	83043
	"2010"	"2010"	"Hawaii"	"15"	"65-69 years"	"65-69"	59962
	"2010"	"2010"	"Hawaii"	"15"	"70-74 years"	"70-74"	41767
	"2010"	"2010"	"Hawaii"	"15"	"75-79 years"	"75-79"	34476
	"2010"	"2010"	"Hawaii"	"15"	"80-84 years"	"80-84"	29756
	"2010"	"2010"	"Hawaii"	"15"	"85+ years"	"85+"	30662
"Total"	"2010"	"2010"	"Hawaii"	"15"			1364004
	"2010"	"2010"	"Idaho"	"16"	"< 1 year"	"1"	23606
	"2010"	"2010"	"Idaho"	"16"	"1-4 years"	"1-4"	97882
	"2010"	"2010"	"Idaho"	"16"	"5-9 years"	"5-9"	121251
	"2010"	"2010"	"Idaho"	"16"	"10-14 years"	"10-14"	117309
	"2010"	"2010"	"Idaho"	"16"	"15-19 years"	"15-19"	115060
	"2010"	"2010"	"Idaho"	"16"	"20-24 years"	"20-24"	108465
	"2010"	"2010"	"Idaho"	"16"	"25-29 years"	"25-29"	106600
	"2010"	"2010"	"Idaho"	"16"	"30-34 years"	"30-34"	102692
	"2010"	"2010"	"Idaho"	"16"	"35-39 years"	"35-39"	96610
	"2010"	"2010"	"Idaho"	"16"	"40-44 years"	"40-44"	95076
	"2010"	"2010"	"Idaho"	"16"	"45-49 years"	"45-49"	103025
	"2010"	"2010"	"Idaho"	"16"	"50-54 years"	"50-54"	105198
	"2010"	"2010"	"Idaho"	"16"	"55-59 years"	"55-59"	97595
	"2010"	"2010"	"Idaho"	"16"	"60-64 years "	"60-64"	84318
	"2010"	"2010"	"Idaho"	"16"	"65-69 years"	"65-69"	63907
	"2010"	"2010"	"Idaho"	"16"	"70-74 years"	"70-74"	46653
	"2010"	"2010"	"Idaho"	"16"	"75-79 years"	"75-79"	34438
	"2010"	"2010"	"Idaho"	"16"	"80-84 years"	"80-84"	25670
	"2010"	"2010"	"Idaho"	"16"	"85+ years"	"85+"	25464
"Total"	"2010"	"2010"	"Idaho"	"16"			1570819
	"2010"	"2010"	"Illinois"	"17"	"< 1 year"	"1"	163767
	"2010"	"2010"	"Illinois"	"17"	"1-4 years"	"1-4"	671033
	"2010"	"2010"	"Illinois"	"17"	"5-9 years"	"5-9"	857438
	"2010"	"2010"	"Illinois"	"17"	"10-14 years"	"10-14"	877818
	"2010"	"2010"	"Illinois"	"17"	"15-19 years"	"15-19"	920259
	"2010"	"2010"	"Illinois"	"17"	"20-24 years"	"20-24"	880138
	"2010"	"2010"	"Illinois"	"17"	"25-29 years"	"25-29"	909788
	"2010"	"2010"	"Illinois"	"17"	"30-34 years"	"30-34"	868881
	"2010"	"2010"	"Illinois"	"17"	"35-39 years"	"35-39"	851287
	"2010"	"2010"	"Illinois"	"17"	"40-44 years"	"40-44"	870048
	"2010"	"2010"	"Illinois"	"17"	"45-49 years"	"45-49"	936046
	"2010"	"2010"	"Illinois"	"17"	"50-54 years"	"50-54"	932381
	"2010"	"2010"	"Illinois"	"17"	"55-59 years"	"55-59"	812811
	"2010"	"2010"	"Illinois"	"17"	"60-64 years "	"60-64"	672857
	"2010"	"2010"	"Illinois"	"17"	"65-69 years"	"65-69"	487940
	"2010"	"2010"	"Illinois"	"17"	"70-74 years"	"70-74"	366102
	"2010"	"2010"	"Illinois"	"17"	"75-79 years"	"75-79"	288997
	"2010"	"2010"	"Illinois"	"17"	"80-84 years"	"80-84"	235865
	"2010"	"2010"	"Illinois"	"17"	"85+ years"	"85+"	237089
"Total"	"2010"	"2010"	"Illinois"	"17"			12840545
	"2010"	"2010"	"Indiana"	"18"	"< 1 year"	"1"	84025
	"2010"	"2010"	"Indiana"	"18"	"1-4 years"	"1-4"	349062
	"2010"	"2010"	"Indiana"	"18"	"5-9 years"	"5-9"	443848
	"2010"	"2010"	"Indiana"	"18"	"10-14 years"	"10-14"	452339
	"2010"	"2010"	"Indiana"	"18"	"15-19 years"	"15-19"	474487
	"2010"	"2010"	"Indiana"	"18"	"20-24 years"	"20-24"	453942
	"2010"	"2010"	"Indiana"	"18"	"25-29 years"	"25-29"	419425
	"2010"	"2010"	"Indiana"	"18"	"30-34 years"	"30-34"	409535
	"2010"	"2010"	"Indiana"	"18"	"35-39 years"	"35-39"	414443
	"2010"	"2010"	"Indiana"	"18"	"40-44 years"	"40-44"	424380
	"2010"	"2010"	"Indiana"	"18"	"45-49 years"	"45-49"	471679
	"2010"	"2010"	"Indiana"	"18"	"50-54 years"	"50-54"	473504
	"2010"	"2010"	"Indiana"	"18"	"55-59 years"	"55-59"	421314
	"2010"	"2010"	"Indiana"	"18"	"60-64 years "	"60-64"	354298
	"2010"	"2010"	"Indiana"	"18"	"65-69 years"	"65-69"	260115
	"2010"	"2010"	"Indiana"	"18"	"70-74 years"	"70-74"	194405
	"2010"	"2010"	"Indiana"	"18"	"75-79 years"	"75-79"	151655
	"2010"	"2010"	"Indiana"	"18"	"80-84 years"	"80-84"	121752
	"2010"	"2010"	"Indiana"	"18"	"85+ years"	"85+"	116347
"Total"	"2010"	"2010"	"Indiana"	"18"			6490555
	"2010"	"2010"	"Iowa"	"19"	"< 1 year"	"1"	39292
	"2010"	"2010"	"Iowa"	"19"	"1-4 years"	"1-4"	162772
	"2010"	"2010"	"Iowa"	"19"	"5-9 years"	"5-9"	200870
	"2010"	"2010"	"Iowa"	"19"	"10-14 years"	"10-14"	201211
	"2010"	"2010"	"Iowa"	"19"	"15-19 years"	"15-19"	216857
	"2010"	"2010"	"Iowa"	"19"	"20-24 years"	"20-24"	213972
	"2010"	"2010"	"Iowa"	"19"	"25-29 years"	"25-29"	197878
	"2010"	"2010"	"Iowa"	"19"	"30-34 years"	"30-34"	186140
	"2010"	"2010"	"Iowa"	"19"	"35-39 years"	"35-39"	176452
	"2010"	"2010"	"Iowa"	"19"	"40-44 years"	"40-44"	187339
	"2010"	"2010"	"Iowa"	"19"	"45-49 years"	"45-49"	215027
	"2010"	"2010"	"Iowa"	"19"	"50-54 years"	"50-54"	223412
	"2010"	"2010"	"Iowa"	"19"	"55-59 years"	"55-59"	205519
	"2010"	"2010"	"Iowa"	"19"	"60-64 years "	"60-64"	170420
	"2010"	"2010"	"Iowa"	"19"	"65-69 years"	"65-69"	124741
	"2010"	"2010"	"Iowa"	"19"	"70-74 years"	"70-74"	100454
	"2010"	"2010"	"Iowa"	"19"	"75-79 years"	"75-79"	83233
	"2010"	"2010"	"Iowa"	"19"	"80-84 years"	"80-84"	70090
	"2010"	"2010"	"Iowa"	"19"	"85+ years"	"85+"	75140
"Total"	"2010"	"2010"	"Iowa"	"19"			3050819
	"2010"	"2010"	"Kansas"	"20"	"< 1 year"	"1"	40618
	"2010"	"2010"	"Kansas"	"20"	"1-4 years"	"1-4"	164908
	"2010"	"2010"	"Kansas"	"20"	"5-9 years"	"5-9"	202625
	"2010"	"2010"	"Kansas"	"20"	"10-14 years"	"10-14"	199341
	"2010"	"2010"	"Kansas"	"20"	"15-19 years"	"15-19"	204126
	"2010"	"2010"	"Kansas"	"20"	"20-24 years"	"20-24"	204787
	"2010"	"2010"	"Kansas"	"20"	"25-29 years"	"25-29"	198152
	"2010"	"2010"	"Kansas"	"20"	"30-34 years"	"30-34"	181258
	"2010"	"2010"	"Kansas"	"20"	"35-39 years"	"35-39"	171883
	"2010"	"2010"	"Kansas"	"20"	"40-44 years"	"40-44"	174321
	"2010"	"2010"	"Kansas"	"20"	"45-49 years"	"45-49"	200323
	"2010"	"2010"	"Kansas"	"20"	"50-54 years"	"50-54"	204653
	"2010"	"2010"	"Kansas"	"20"	"55-59 years"	"55-59"	183629
	"2010"	"2010"	"Kansas"	"20"	"60-64 years "	"60-64"	150575
	"2010"	"2010"	"Kansas"	"20"	"65-69 years"	"65-69"	108288
	"2010"	"2010"	"Kansas"	"20"	"70-74 years"	"70-74"	82863
	"2010"	"2010"	"Kansas"	"20"	"75-79 years"	"75-79"	69249
	"2010"	"2010"	"Kansas"	"20"	"80-84 years"	"80-84"	56994
	"2010"	"2010"	"Kansas"	"20"	"85+ years"	"85+"	59673
"Total"	"2010"	"2010"	"Kansas"	"20"			2858266
	"2010"	"2010"	"Kentucky"	"21"	"< 1 year"	"1"	55060
	"2010"	"2010"	"Kentucky"	"21"	"1-4 years"	"1-4"	227160
	"2010"	"2010"	"Kentucky"	"21"	"5-9 years"	"5-9"	282861
	"2010"	"2010"	"Kentucky"	"21"	"10-14 years"	"10-14"	284643
	"2010"	"2010"	"Kentucky"	"21"	"15-19 years"	"15-19"	296466
	"2010"	"2010"	"Kentucky"	"21"	"20-24 years"	"20-24"	293324
	"2010"	"2010"	"Kentucky"	"21"	"25-29 years"	"25-29"	285164
	"2010"	"2010"	"Kentucky"	"21"	"30-34 years"	"30-34"	282255
	"2010"	"2010"	"Kentucky"	"21"	"35-39 years"	"35-39"	283875
	"2010"	"2010"	"Kentucky"	"21"	"40-44 years"	"40-44"	291693
	"2010"	"2010"	"Kentucky"	"21"	"45-49 years"	"45-49"	322715
	"2010"	"2010"	"Kentucky"	"21"	"50-54 years"	"50-54"	319896
	"2010"	"2010"	"Kentucky"	"21"	"55-59 years"	"55-59"	289658
	"2010"	"2010"	"Kentucky"	"21"	"60-64 years "	"60-64"	253300
	"2010"	"2010"	"Kentucky"	"21"	"65-69 years"	"65-69"	186282
	"2010"	"2010"	"Kentucky"	"21"	"70-74 years"	"70-74"	140417
	"2010"	"2010"	"Kentucky"	"21"	"75-79 years"	"75-79"	105484
	"2010"	"2010"	"Kentucky"	"21"	"80-84 years"	"80-84"	78531
	"2010"	"2010"	"Kentucky"	"21"	"85+ years"	"85+"	69680
"Total"	"2010"	"2010"	"Kentucky"	"21"			4348464
	"2010"	"2010"	"Louisiana"	"22"	"< 1 year"	"1"	61043
	"2010"	"2010"	"Louisiana"	"22"	"1-4 years"	"1-4"	252850
	"2010"	"2010"	"Louisiana"	"22"	"5-9 years"	"5-9"	306364
	"2010"	"2010"	"Louisiana"	"22"	"10-14 years"	"10-14"	307781
	"2010"	"2010"	"Louisiana"	"22"	"15-19 years"	"15-19"	324063
	"2010"	"2010"	"Louisiana"	"22"	"20-24 years"	"20-24"	340563
	"2010"	"2010"	"Louisiana"	"22"	"25-29 years"	"25-29"	334185
	"2010"	"2010"	"Louisiana"	"22"	"30-34 years"	"30-34"	298644
	"2010"	"2010"	"Louisiana"	"22"	"35-39 years"	"35-39"	276248
	"2010"	"2010"	"Louisiana"	"22"	"40-44 years"	"40-44"	288035
	"2010"	"2010"	"Louisiana"	"22"	"45-49 years"	"45-49"	323761
	"2010"	"2010"	"Louisiana"	"22"	"50-54 years"	"50-54"	329775
	"2010"	"2010"	"Louisiana"	"22"	"55-59 years"	"55-59"	294731
	"2010"	"2010"	"Louisiana"	"22"	"60-64 years "	"60-64"	245814
	"2010"	"2010"	"Louisiana"	"22"	"65-69 years"	"65-69"	179320
	"2010"	"2010"	"Louisiana"	"22"	"70-74 years"	"70-74"	134470
	"2010"	"2010"	"Louisiana"	"22"	"75-79 years"	"75-79"	102979
	"2010"	"2010"	"Louisiana"	"22"	"80-84 years"	"80-84"	77623
	"2010"	"2010"	"Louisiana"	"22"	"85+ years"	"85+"	66386
"Total"	"2010"	"2010"	"Louisiana"	"22"			4544635
	"2010"	"2010"	"Maine"	"23"	"< 1 year"	"1"	13295
	"2010"	"2010"	"Maine"	"23"	"1-4 years"	"1-4"	55956
	"2010"	"2010"	"Maine"	"23"	"5-9 years"	"5-9"	73858
	"2010"	"2010"	"Maine"	"23"	"10-14 years"	"10-14"	78784
	"2010"	"2010"	"Maine"	"23"	"15-19 years"	"15-19"	87941
	"2010"	"2010"	"Maine"	"23"	"20-24 years"	"20-24"	79562
	"2010"	"2010"	"Maine"	"23"	"25-29 years"	"25-29"	72796
	"2010"	"2010"	"Maine"	"23"	"30-34 years"	"30-34"	71984
	"2010"	"2010"	"Maine"	"23"	"35-39 years"	"35-39"	78946
	"2010"	"2010"	"Maine"	"23"	"40-44 years"	"40-44"	91055
	"2010"	"2010"	"Maine"	"23"	"45-49 years"	"45-49"	106968
	"2010"	"2010"	"Maine"	"23"	"50-54 years"	"50-54"	110945
	"2010"	"2010"	"Maine"	"23"	"55-59 years"	"55-59"	102979
	"2010"	"2010"	"Maine"	"23"	"60-64 years "	"60-64"	90617
	"2010"	"2010"	"Maine"	"23"	"65-69 years"	"65-69"	65491
	"2010"	"2010"	"Maine"	"23"	"70-74 years"	"70-74"	47808
	"2010"	"2010"	"Maine"	"23"	"75-79 years"	"75-79"	38875
	"2010"	"2010"	"Maine"	"23"	"80-84 years"	"80-84"	30443
	"2010"	"2010"	"Maine"	"23"	"85+ years"	"85+"	29348
"Total"	"2010"	"2010"	"Maine"	"23"			1327651
	"2010"	"2010"	"Maryland"	"24"	"< 1 year"	"1"	72337
	"2010"	"2010"	"Maryland"	"24"	"1-4 years"	"1-4"	293049
	"2010"	"2010"	"Maryland"	"24"	"5-9 years"	"5-9"	366524
	"2010"	"2010"	"Maryland"	"24"	"10-14 years"	"10-14"	379140
	"2010"	"2010"	"Maryland"	"24"	"15-19 years"	"15-19"	405736
	"2010"	"2010"	"Maryland"	"24"	"20-24 years"	"20-24"	395123
	"2010"	"2010"	"Maryland"	"24"	"25-29 years"	"25-29"	395606
	"2010"	"2010"	"Maryland"	"24"	"30-34 years"	"30-34"	371637
	"2010"	"2010"	"Maryland"	"24"	"35-39 years"	"35-39"	375494
	"2010"	"2010"	"Maryland"	"24"	"40-44 years"	"40-44"	417262
	"2010"	"2010"	"Maryland"	"24"	"45-49 years"	"45-49"	460755
	"2010"	"2010"	"Maryland"	"24"	"50-54 years"	"50-54"	442580
	"2010"	"2010"	"Maryland"	"24"	"55-59 years"	"55-59"	380551
	"2010"	"2010"	"Maryland"	"24"	"60-64 years "	"60-64"	321043
	"2010"	"2010"	"Maryland"	"24"	"65-69 years"	"65-69"	228422
	"2010"	"2010"	"Maryland"	"24"	"70-74 years"	"70-74"	161050
	"2010"	"2010"	"Maryland"	"24"	"75-79 years"	"75-79"	124617
	"2010"	"2010"	"Maryland"	"24"	"80-84 years"	"80-84"	98756
	"2010"	"2010"	"Maryland"	"24"	"85+ years"	"85+"	99102
"Total"	"2010"	"2010"	"Maryland"	"24"			5788784
	"2010"	"2010"	"Massachusetts"	"25"	"< 1 year"	"1"	72364
	"2010"	"2010"	"Massachusetts"	"25"	"1-4 years"	"1-4"	295183
	"2010"	"2010"	"Massachusetts"	"25"	"5-9 years"	"5-9"	384931
	"2010"	"2010"	"Massachusetts"	"25"	"10-14 years"	"10-14"	405019
	"2010"	"2010"	"Massachusetts"	"25"	"15-19 years"	"15-19"	466475
	"2010"	"2010"	"Massachusetts"	"25"	"20-24 years"	"20-24"	478754
	"2010"	"2010"	"Massachusetts"	"25"	"25-29 years"	"25-29"	445094
	"2010"	"2010"	"Massachusetts"	"25"	"30-34 years"	"30-34"	406091
	"2010"	"2010"	"Massachusetts"	"25"	"35-39 years"	"35-39"	415408
	"2010"	"2010"	"Massachusetts"	"25"	"40-44 years"	"40-44"	467254
	"2010"	"2010"	"Massachusetts"	"25"	"45-49 years"	"45-49"	514754
	"2010"	"2010"	"Massachusetts"	"25"	"50-54 years"	"50-54"	498450
	"2010"	"2010"	"Massachusetts"	"25"	"55-59 years"	"55-59"	435747
	"2010"	"2010"	"Massachusetts"	"25"	"60-64 years "	"60-64"	374337
	"2010"	"2010"	"Massachusetts"	"25"	"65-69 years"	"65-69"	266873
	"2010"	"2010"	"Massachusetts"	"25"	"70-74 years"	"70-74"	192976
	"2010"	"2010"	"Massachusetts"	"25"	"75-79 years"	"75-79"	161977
	"2010"	"2010"	"Massachusetts"	"25"	"80-84 years"	"80-84"	138353
	"2010"	"2010"	"Massachusetts"	"25"	"85+ years"	"85+"	146400
"Total"	"2010"	"2010"	"Massachusetts"	"25"			6566440
	"2010"	"2010"	"Michigan"	"26"	"< 1 year"	"1"	115060
	"2010"	"2010"	"Michigan"	"26"	"1-4 years"	"1-4"	479189
	"2010"	"2010"	"Michigan"	"26"	"5-9 years"	"5-9"	634266
	"2010"	"2010"	"Michigan"	"26"	"10-14 years"	"10-14"	673397
	"2010"	"2010"	"Michigan"	"26"	"15-19 years"	"15-19"	734608
	"2010"	"2010"	"Michigan"	"26"	"20-24 years"	"20-24"	674137
	"2010"	"2010"	"Michigan"	"26"	"25-29 years"	"25-29"	588661
	"2010"	"2010"	"Michigan"	"26"	"30-34 years"	"30-34"	575293
	"2010"	"2010"	"Michigan"	"26"	"35-39 years"	"35-39"	605838
	"2010"	"2010"	"Michigan"	"26"	"40-44 years"	"40-44"	663800
	"2010"	"2010"	"Michigan"	"26"	"45-49 years"	"45-49"	740465
	"2010"	"2010"	"Michigan"	"26"	"50-54 years"	"50-54"	764655
	"2010"	"2010"	"Michigan"	"26"	"55-59 years"	"55-59"	686750
	"2010"	"2010"	"Michigan"	"26"	"60-64 years "	"60-64"	575204
	"2010"	"2010"	"Michigan"	"26"	"65-69 years"	"65-69"	420932
	"2010"	"2010"	"Michigan"	"26"	"70-74 years"	"70-74"	307549
	"2010"	"2010"	"Michigan"	"26"	"75-79 years"	"75-79"	243616
	"2010"	"2010"	"Michigan"	"26"	"80-84 years"	"80-84"	200818
	"2010"	"2010"	"Michigan"	"26"	"85+ years"	"85+"	193359
"Total"	"2010"	"2010"	"Michigan"	"26"			9877597
	"2010"	"2010"	"Minnesota"	"27"	"< 1 year"	"1"	69284
	"2010"	"2010"	"Minnesota"	"27"	"1-4 years"	"1-4"	285985
	"2010"	"2010"	"Minnesota"	"27"	"5-9 years"	"5-9"	355491
	"2010"	"2010"	"Minnesota"	"27"	"10-14 years"	"10-14"	352540
	"2010"	"2010"	"Minnesota"	"27"	"15-19 years"	"15-19"	368296
	"2010"	"2010"	"Minnesota"	"27"	"20-24 years"	"20-24"	354596
	"2010"	"2010"	"Minnesota"	"27"	"25-29 years"	"25-29"	372297
	"2010"	"2010"	"Minnesota"	"27"	"30-34 years"	"30-34"	345424
	"2010"	"2010"	"Minnesota"	"27"	"35-39 years"	"35-39"	326270
	"2010"	"2010"	"Minnesota"	"27"	"40-44 years"	"40-44"	352184
	"2010"	"2010"	"Minnesota"	"27"	"45-49 years"	"45-49"	403573
	"2010"	"2010"	"Minnesota"	"27"	"50-54 years"	"50-54"	403014
	"2010"	"2010"	"Minnesota"	"27"	"55-59 years"	"55-59"	352058
	"2010"	"2010"	"Minnesota"	"27"	"60-64 years "	"60-64"	283590
	"2010"	"2010"	"Minnesota"	"27"	"65-69 years"	"65-69"	203814
	"2010"	"2010"	"Minnesota"	"27"	"70-74 years"	"70-74"	152914
	"2010"	"2010"	"Minnesota"	"27"	"75-79 years"	"75-79"	122069
	"2010"	"2010"	"Minnesota"	"27"	"80-84 years"	"80-84"	100067
	"2010"	"2010"	"Minnesota"	"27"	"85+ years"	"85+"	107468
"Total"	"2010"	"2010"	"Minnesota"	"27"			5310934
	"2010"	"2010"	"Mississippi"	"28"	"< 1 year"	"1"	39606
	"2010"	"2010"	"Mississippi"	"28"	"1-4 years"	"1-4"	170325
	"2010"	"2010"	"Mississippi"	"28"	"5-9 years"	"5-9"	205250
	"2010"	"2010"	"Mississippi"	"28"	"10-14 years"	"10-14"	208395
	"2010"	"2010"	"Mississippi"	"28"	"15-19 years"	"15-19"	223198
	"2010"	"2010"	"Mississippi"	"28"	"20-24 years"	"20-24"	212615
	"2010"	"2010"	"Mississippi"	"28"	"25-29 years"	"25-29"	198948
	"2010"	"2010"	"Mississippi"	"28"	"30-34 years"	"30-34"	189367
	"2010"	"2010"	"Mississippi"	"28"	"35-39 years"	"35-39"	186654
	"2010"	"2010"	"Mississippi"	"28"	"40-44 years"	"40-44"	187836
	"2010"	"2010"	"Mississippi"	"28"	"45-49 years"	"45-49"	207544
	"2010"	"2010"	"Mississippi"	"28"	"50-54 years"	"50-54"	208773
	"2010"	"2010"	"Mississippi"	"28"	"55-59 years"	"55-59"	187614
	"2010"	"2010"	"Mississippi"	"28"	"60-64 years "	"60-64"	162360
	"2010"	"2010"	"Mississippi"	"28"	"65-69 years"	"65-69"	121029
	"2010"	"2010"	"Mississippi"	"28"	"70-74 years"	"70-74"	94309
	"2010"	"2010"	"Mississippi"	"28"	"75-79 years"	"75-79"	70079
	"2010"	"2010"	"Mississippi"	"28"	"80-84 years"	"80-84"	51986
	"2010"	"2010"	"Mississippi"	"28"	"85+ years"	"85+"	44727
"Total"	"2010"	"2010"	"Mississippi"	"28"			2970615
	"2010"	"2010"	"Missouri"	"29"	"< 1 year"	"1"	75970
	"2010"	"2010"	"Missouri"	"29"	"1-4 years"	"1-4"	313593
	"2010"	"2010"	"Missouri"	"29"	"5-9 years"	"5-9"	390337
	"2010"	"2010"	"Missouri"	"29"	"10-14 years"	"10-14"	397092
	"2010"	"2010"	"Missouri"	"29"	"15-19 years"	"15-19"	422111
	"2010"	"2010"	"Missouri"	"29"	"20-24 years"	"20-24"	414646
	"2010"	"2010"	"Missouri"	"29"	"25-29 years"	"25-29"	403711
	"2010"	"2010"	"Missouri"	"29"	"30-34 years"	"30-34"	375010
	"2010"	"2010"	"Missouri"	"29"	"35-39 years"	"35-39"	365823
	"2010"	"2010"	"Missouri"	"29"	"40-44 years"	"40-44"	380618
	"2010"	"2010"	"Missouri"	"29"	"45-49 years"	"45-49"	441754
	"2010"	"2010"	"Missouri"	"29"	"50-54 years"	"50-54"	444893
	"2010"	"2010"	"Missouri"	"29"	"55-59 years"	"55-59"	392590
	"2010"	"2010"	"Missouri"	"29"	"60-64 years "	"60-64"	336659
	"2010"	"2010"	"Missouri"	"29"	"65-69 years"	"65-69"	257893
	"2010"	"2010"	"Missouri"	"29"	"70-74 years"	"70-74"	194455
	"2010"	"2010"	"Missouri"	"29"	"75-79 years"	"75-79"	155272
	"2010"	"2010"	"Missouri"	"29"	"80-84 years"	"80-84"	119071
	"2010"	"2010"	"Missouri"	"29"	"85+ years"	"85+"	114591
"Total"	"2010"	"2010"	"Missouri"	"29"			5996089
	"2010"	"2010"	"Montana"	"30"	"< 1 year"	"1"	12183
	"2010"	"2010"	"Montana"	"30"	"1-4 years"	"1-4"	50249
	"2010"	"2010"	"Montana"	"30"	"5-9 years"	"5-9"	60802
	"2010"	"2010"	"Montana"	"30"	"10-14 years"	"10-14"	61116
	"2010"	"2010"	"Montana"	"30"	"15-19 years"	"15-19"	66702
	"2010"	"2010"	"Montana"	"30"	"20-24 years"	"20-24"	67444
	"2010"	"2010"	"Montana"	"30"	"25-29 years"	"25-29"	64170
	"2010"	"2010"	"Montana"	"30"	"30-34 years"	"30-34"	59147
	"2010"	"2010"	"Montana"	"30"	"35-39 years"	"35-39"	55368
	"2010"	"2010"	"Montana"	"30"	"40-44 years"	"40-44"	57357
	"2010"	"2010"	"Montana"	"30"	"45-49 years"	"45-49"	70231
	"2010"	"2010"	"Montana"	"30"	"50-54 years"	"50-54"	78561
	"2010"	"2010"	"Montana"	"30"	"55-59 years"	"55-59"	76213
	"2010"	"2010"	"Montana"	"30"	"60-64 years "	"60-64"	63743
	"2010"	"2010"	"Montana"	"30"	"65-69 years"	"65-69"	46812
	"2010"	"2010"	"Montana"	"30"	"70-74 years"	"70-74"	34469
	"2010"	"2010"	"Montana"	"30"	"75-79 years"	"75-79"	25674
	"2010"	"2010"	"Montana"	"30"	"80-84 years"	"80-84"	20369
	"2010"	"2010"	"Montana"	"30"	"85+ years"	"85+"	20120
"Total"	"2010"	"2010"	"Montana"	"30"			990730
	"2010"	"2010"	"Nebraska"	"31"	"< 1 year"	"1"	26073
	"2010"	"2010"	"Nebraska"	"31"	"1-4 years"	"1-4"	105851
	"2010"	"2010"	"Nebraska"	"31"	"5-9 years"	"5-9"	129206
	"2010"	"2010"	"Nebraska"	"31"	"10-14 years"	"10-14"	123033
	"2010"	"2010"	"Nebraska"	"31"	"15-19 years"	"15-19"	129190
	"2010"	"2010"	"Nebraska"	"31"	"20-24 years"	"20-24"	128925
	"2010"	"2010"	"Nebraska"	"31"	"25-29 years"	"25-29"	129121
	"2010"	"2010"	"Nebraska"	"31"	"30-34 years"	"30-34"	117142
	"2010"	"2010"	"Nebraska"	"31"	"35-39 years"	"35-39"	110240
	"2010"	"2010"	"Nebraska"	"31"	"40-44 years"	"40-44"	110459
	"2010"	"2010"	"Nebraska"	"31"	"45-49 years"	"45-49"	127538
	"2010"	"2010"	"Nebraska"	"31"	"50-54 years"	"50-54"	130341
	"2010"	"2010"	"Nebraska"	"31"	"55-59 years"	"55-59"	118408
	"2010"	"2010"	"Nebraska"	"31"	"60-64 years "	"60-64"	96758
	"2010"	"2010"	"Nebraska"	"31"	"65-69 years"	"65-69"	69214
	"2010"	"2010"	"Nebraska"	"31"	"70-74 years"	"70-74"	54412
	"2010"	"2010"	"Nebraska"	"31"	"75-79 years"	"75-79"	46260
	"2010"	"2010"	"Nebraska"	"31"	"80-84 years"	"80-84"	37869
	"2010"	"2010"	"Nebraska"	"31"	"85+ years"	"85+"	39551
"Total"	"2010"	"2010"	"Nebraska"	"31"			1829591
	"2010"	"2010"	"Nevada"	"32"	"< 1 year"	"1"	36219
	"2010"	"2010"	"Nevada"	"32"	"1-4 years"	"1-4"	150339
	"2010"	"2010"	"Nevada"	"32"	"5-9 years"	"5-9"	182664
	"2010"	"2010"	"Nevada"	"32"	"10-14 years"	"10-14"	182893
	"2010"	"2010"	"Nevada"	"32"	"15-19 years"	"15-19"	181360
	"2010"	"2010"	"Nevada"	"32"	"20-24 years"	"20-24"	178484
	"2010"	"2010"	"Nevada"	"32"	"25-29 years"	"25-29"	196019
	"2010"	"2010"	"Nevada"	"32"	"30-34 years"	"30-34"	191013
	"2010"	"2010"	"Nevada"	"32"	"35-39 years"	"35-39"	190298
	"2010"	"2010"	"Nevada"	"32"	"40-44 years"	"40-44"	191833
	"2010"	"2010"	"Nevada"	"32"	"45-49 years"	"45-49"	193495
	"2010"	"2010"	"Nevada"	"32"	"50-54 years"	"50-54"	183219
	"2010"	"2010"	"Nevada"	"32"	"55-59 years"	"55-59"	165472
	"2010"	"2010"	"Nevada"	"32"	"60-64 years "	"60-64"	152058
	"2010"	"2010"	"Nevada"	"32"	"65-69 years"	"65-69"	116420
	"2010"	"2010"	"Nevada"	"32"	"70-74 years"	"70-74"	83107
	"2010"	"2010"	"Nevada"	"32"	"75-79 years"	"75-79"	57833
	"2010"	"2010"	"Nevada"	"32"	"80-84 years"	"80-84"	39139
	"2010"	"2010"	"Nevada"	"32"	"85+ years"	"85+"	30618
"Total"	"2010"	"2010"	"Nevada"	"32"			2702483
	"2010"	"2010"	"New Hampshire"	"33"	"< 1 year"	"1"	13019
	"2010"	"2010"	"New Hampshire"	"33"	"1-4 years"	"1-4"	56433
	"2010"	"2010"	"New Hampshire"	"33"	"5-9 years"	"5-9"	77446
	"2010"	"2010"	"New Hampshire"	"33"	"10-14 years"	"10-14"	84205
	"2010"	"2010"	"New Hampshire"	"33"	"15-19 years"	"15-19"	93768
	"2010"	"2010"	"New Hampshire"	"33"	"20-24 years"	"20-24"	84619
	"2010"	"2010"	"New Hampshire"	"33"	"25-29 years"	"25-29"	73458
	"2010"	"2010"	"New Hampshire"	"33"	"30-34 years"	"30-34"	71562
	"2010"	"2010"	"New Hampshire"	"33"	"35-39 years"	"35-39"	80998
	"2010"	"2010"	"New Hampshire"	"33"	"40-44 years"	"40-44"	96559
	"2010"	"2010"	"New Hampshire"	"33"	"45-49 years"	"45-49"	112842
	"2010"	"2010"	"New Hampshire"	"33"	"50-54 years"	"50-54"	112722
	"2010"	"2010"	"New Hampshire"	"33"	"55-59 years"	"55-59"	96993
	"2010"	"2010"	"New Hampshire"	"33"	"60-64 years "	"60-64"	82788
	"2010"	"2010"	"New Hampshire"	"33"	"65-69 years"	"65-69"	57717
	"2010"	"2010"	"New Hampshire"	"33"	"70-74 years"	"70-74"	39830
	"2010"	"2010"	"New Hampshire"	"33"	"75-79 years"	"75-79"	31775
	"2010"	"2010"	"New Hampshire"	"33"	"80-84 years"	"80-84"	25067
	"2010"	"2010"	"New Hampshire"	"33"	"85+ years"	"85+"	25006
"Total"	"2010"	"2010"	"New Hampshire"	"33"			1316807
	"2010"	"2010"	"New Jersey"	"34"	"< 1 year"	"1"	105604
	"2010"	"2010"	"New Jersey"	"34"	"1-4 years"	"1-4"	435177
	"2010"	"2010"	"New Jersey"	"34"	"5-9 years"	"5-9"	563529
	"2010"	"2010"	"New Jersey"	"34"	"10-14 years"	"10-14"	586519
	"2010"	"2010"	"New Jersey"	"34"	"15-19 years"	"15-19"	598142
	"2010"	"2010"	"New Jersey"	"34"	"20-24 years"	"20-24"	542082
	"2010"	"2010"	"New Jersey"	"34"	"25-29 years"	"25-29"	554002
	"2010"	"2010"	"New Jersey"	"34"	"30-34 years"	"30-34"	558090
	"2010"	"2010"	"New Jersey"	"34"	"35-39 years"	"35-39"	584628
	"2010"	"2010"	"New Jersey"	"34"	"40-44 years"	"40-44"	647605
	"2010"	"2010"	"New Jersey"	"34"	"45-49 years"	"45-49"	702949
	"2010"	"2010"	"New Jersey"	"34"	"50-54 years"	"50-54"	676638
	"2010"	"2010"	"New Jersey"	"34"	"55-59 years"	"55-59"	569950
	"2010"	"2010"	"New Jersey"	"34"	"60-64 years "	"60-64"	484016
	"2010"	"2010"	"New Jersey"	"34"	"65-69 years"	"65-69"	353835
	"2010"	"2010"	"New Jersey"	"34"	"70-74 years"	"70-74"	261408
	"2010"	"2010"	"New Jersey"	"34"	"75-79 years"	"75-79"	214950
	"2010"	"2010"	"New Jersey"	"34"	"80-84 years"	"80-84"	179310
	"2010"	"2010"	"New Jersey"	"34"	"85+ years"	"85+"	181017
"Total"	"2010"	"2010"	"New Jersey"	"34"			8799451
	"2010"	"2010"	"New Mexico"	"35"	"< 1 year"	"1"	27906
	"2010"	"2010"	"New Mexico"	"35"	"1-4 years"	"1-4"	116842
	"2010"	"2010"	"New Mexico"	"35"	"5-9 years"	"5-9"	143508
	"2010"	"2010"	"New Mexico"	"35"	"10-14 years"	"10-14"	142004
	"2010"	"2010"	"New Mexico"	"35"	"15-19 years"	"15-19"	149449
	"2010"	"2010"	"New Mexico"	"35"	"20-24 years"	"20-24"	143510
	"2010"	"2010"	"New Mexico"	"35"	"25-29 years"	"25-29"	140222
	"2010"	"2010"	"New Mexico"	"35"	"30-34 years"	"30-34"	128671
	"2010"	"2010"	"New Mexico"	"35"	"35-39 years"	"35-39"	123177
	"2010"	"2010"	"New Mexico"	"35"	"40-44 years"	"40-44"	125294
	"2010"	"2010"	"New Mexico"	"35"	"45-49 years"	"45-49"	143681
	"2010"	"2010"	"New Mexico"	"35"	"50-54 years"	"50-54"	147379
	"2010"	"2010"	"New Mexico"	"35"	"55-59 years"	"55-59"	137422
	"2010"	"2010"	"New Mexico"	"35"	"60-64 years "	"60-64"	121452
	"2010"	"2010"	"New Mexico"	"35"	"65-69 years"	"65-69"	88495
	"2010"	"2010"	"New Mexico"	"35"	"70-74 years"	"70-74"	66427
	"2010"	"2010"	"New Mexico"	"35"	"75-79 years"	"75-79"	50379
	"2010"	"2010"	"New Mexico"	"35"	"80-84 years"	"80-84"	36484
	"2010"	"2010"	"New Mexico"	"35"	"85+ years"	"85+"	32312
"Total"	"2010"	"2010"	"New Mexico"	"35"			2064614
	"2010"	"2010"	"New York"	"36"	"< 1 year"	"1"	235886
	"2010"	"2010"	"New York"	"36"	"1-4 years"	"1-4"	923852
	"2010"	"2010"	"New York"	"36"	"5-9 years"	"5-9"	1161713
	"2010"	"2010"	"New York"	"36"	"10-14 years"	"10-14"	1208362
	"2010"	"2010"	"New York"	"36"	"15-19 years"	"15-19"	1359214
	"2010"	"2010"	"New York"	"36"	"20-24 years"	"20-24"	1414331
	"2010"	"2010"	"New York"	"36"	"25-29 years"	"25-29"	1385206
	"2010"	"2010"	"New York"	"36"	"30-34 years"	"30-34"	1284963
	"2010"	"2010"	"New York"	"36"	"35-39 years"	"35-39"	1247011
	"2010"	"2010"	"New York"	"36"	"40-44 years"	"40-44"	1352354
	"2010"	"2010"	"New York"	"36"	"45-49 years"	"45-49"	1455582
	"2010"	"2010"	"New York"	"36"	"50-54 years"	"50-54"	1423247
	"2010"	"2010"	"New York"	"36"	"55-59 years"	"55-59"	1244064
	"2010"	"2010"	"New York"	"36"	"60-64 years "	"60-64"	1075323
	"2010"	"2010"	"New York"	"36"	"65-69 years"	"65-69"	778585
	"2010"	"2010"	"New York"	"36"	"70-74 years"	"70-74"	589760
	"2010"	"2010"	"New York"	"36"	"75-79 years"	"75-79"	473927
	"2010"	"2010"	"New York"	"36"	"80-84 years"	"80-84"	392115
	"2010"	"2010"	"New York"	"36"	"85+ years"	"85+"	394461
"Total"	"2010"	"2010"	"New York"	"36"			19399956
	"2010"	"2010"	"North Carolina"	"37"	"< 1 year"	"1"	122578
	"2010"	"2010"	"North Carolina"	"37"	"1-4 years"	"1-4"	508234
	"2010"	"2010"	"North Carolina"	"37"	"5-9 years"	"5-9"	635216
	"2010"	"2010"	"North Carolina"	"37"	"10-14 years"	"10-14"	633382
	"2010"	"2010"	"North Carolina"	"37"	"15-19 years"	"15-19"	661902
	"2010"	"2010"	"North Carolina"	"37"	"20-24 years"	"20-24"	673549
	"2010"	"2010"	"North Carolina"	"37"	"25-29 years"	"25-29"	630107
	"2010"	"2010"	"North Carolina"	"37"	"30-34 years"	"30-34"	621796
	"2010"	"2010"	"North Carolina"	"37"	"35-39 years"	"35-39"	655578
	"2010"	"2010"	"North Carolina"	"37"	"40-44 years"	"40-44"	670048
	"2010"	"2010"	"North Carolina"	"37"	"45-49 years"	"45-49"	698590
	"2010"	"2010"	"North Carolina"	"37"	"50-54 years"	"50-54"	672356
	"2010"	"2010"	"North Carolina"	"37"	"55-59 years"	"55-59"	605237
	"2010"	"2010"	"North Carolina"	"37"	"60-64 years "	"60-64"	542792
	"2010"	"2010"	"North Carolina"	"37"	"65-69 years"	"65-69"	406510
	"2010"	"2010"	"North Carolina"	"37"	"70-74 years"	"70-74"	296623
	"2010"	"2010"	"North Carolina"	"37"	"75-79 years"	"75-79"	224959
	"2010"	"2010"	"North Carolina"	"37"	"80-84 years"	"80-84"	166041
	"2010"	"2010"	"North Carolina"	"37"	"85+ years"	"85+"	149088
"Total"	"2010"	"2010"	"North Carolina"	"37"			9574586
	"2010"	"2010"	"North Dakota"	"38"	"< 1 year"	"1"	9034
	"2010"	"2010"	"North Dakota"	"38"	"1-4 years"	"1-4"	35817
	"2010"	"2010"	"North Dakota"	"38"	"5-9 years"	"5-9"	40393
	"2010"	"2010"	"North Dakota"	"38"	"10-14 years"	"10-14"	39809
	"2010"	"2010"	"North Dakota"	"38"	"15-19 years"	"15-19"	47536
	"2010"	"2010"	"North Dakota"	"38"	"20-24 years"	"20-24"	59103
	"2010"	"2010"	"North Dakota"	"38"	"25-29 years"	"25-29"	50015
	"2010"	"2010"	"North Dakota"	"38"	"30-34 years"	"30-34"	41421
	"2010"	"2010"	"North Dakota"	"38"	"35-39 years"	"35-39"	37067
	"2010"	"2010"	"North Dakota"	"38"	"40-44 years"	"40-44"	38156
	"2010"	"2010"	"North Dakota"	"38"	"45-49 years"	"45-49"	45938
	"2010"	"2010"	"North Dakota"	"38"	"50-54 years"	"50-54"	50211
	"2010"	"2010"	"North Dakota"	"38"	"55-59 years"	"55-59"	46319
	"2010"	"2010"	"North Dakota"	"38"	"60-64 years "	"60-64"	36287
	"2010"	"2010"	"North Dakota"	"38"	"65-69 years"	"65-69"	26208
	"2010"	"2010"	"North Dakota"	"38"	"70-74 years"	"70-74"	20817
	"2010"	"2010"	"North Dakota"	"38"	"75-79 years"	"75-79"	18302
	"2010"	"2010"	"North Dakota"	"38"	"80-84 years"	"80-84"	15525
	"2010"	"2010"	"North Dakota"	"38"	"85+ years"	"85+"	16794
"Total"	"2010"	"2010"	"North Dakota"	"38"			674752
	"2010"	"2010"	"Ohio"	"39"	"< 1 year"	"1"	138790
	"2010"	"2010"	"Ohio"	"39"	"1-4 years"	"1-4"	579737
	"2010"	"2010"	"Ohio"	"39"	"5-9 years"	"5-9"	745281
	"2010"	"2010"	"Ohio"	"39"	"10-14 years"	"10-14"	773912
	"2010"	"2010"	"Ohio"	"39"	"15-19 years"	"15-19"	821585
	"2010"	"2010"	"Ohio"	"39"	"20-24 years"	"20-24"	766625
	"2010"	"2010"	"Ohio"	"39"	"25-29 years"	"25-29"	718798
	"2010"	"2010"	"Ohio"	"39"	"30-34 years"	"30-34"	693918
	"2010"	"2010"	"Ohio"	"39"	"35-39 years"	"35-39"	712003
	"2010"	"2010"	"Ohio"	"39"	"40-44 years"	"40-44"	761045
	"2010"	"2010"	"Ohio"	"39"	"45-49 years"	"45-49"	850214
	"2010"	"2010"	"Ohio"	"39"	"50-54 years"	"50-54"	886762
	"2010"	"2010"	"Ohio"	"39"	"55-59 years"	"55-59"	791441
	"2010"	"2010"	"Ohio"	"39"	"60-64 years "	"60-64"	673380
	"2010"	"2010"	"Ohio"	"39"	"65-69 years"	"65-69"	480326
	"2010"	"2010"	"Ohio"	"39"	"70-74 years"	"70-74"	372710
	"2010"	"2010"	"Ohio"	"39"	"75-79 years"	"75-79"	296794
	"2010"	"2010"	"Ohio"	"39"	"80-84 years"	"80-84"	243819
	"2010"	"2010"	"Ohio"	"39"	"85+ years"	"85+"	232309
"Total"	"2010"	"2010"	"Ohio"	"39"			11539449
	"2010"	"2010"	"Oklahoma"	"40"	"< 1 year"	"1"	52161
	"2010"	"2010"	"Oklahoma"	"40"	"1-4 years"	"1-4"	212548
	"2010"	"2010"	"Oklahoma"	"40"	"5-9 years"	"5-9"	259907
	"2010"	"2010"	"Oklahoma"	"40"	"10-14 years"	"10-14"	254565
	"2010"	"2010"	"Oklahoma"	"40"	"15-19 years"	"15-19"	263536
	"2010"	"2010"	"Oklahoma"	"40"	"20-24 years"	"20-24"	270543
	"2010"	"2010"	"Oklahoma"	"40"	"25-29 years"	"25-29"	265825
	"2010"	"2010"	"Oklahoma"	"40"	"30-34 years"	"30-34"	242584
	"2010"	"2010"	"Oklahoma"	"40"	"35-39 years"	"35-39"	232011
	"2010"	"2010"	"Oklahoma"	"40"	"40-44 years"	"40-44"	228866
	"2010"	"2010"	"Oklahoma"	"40"	"45-49 years"	"45-49"	259655
	"2010"	"2010"	"Oklahoma"	"40"	"50-54 years"	"50-54"	264845
	"2010"	"2010"	"Oklahoma"	"40"	"55-59 years"	"55-59"	237574
	"2010"	"2010"	"Oklahoma"	"40"	"60-64 years "	"60-64"	206279
	"2010"	"2010"	"Oklahoma"	"40"	"65-69 years"	"65-69"	160075
	"2010"	"2010"	"Oklahoma"	"40"	"70-74 years"	"70-74"	121722
	"2010"	"2010"	"Oklahoma"	"40"	"75-79 years"	"75-79"	95228
	"2010"	"2010"	"Oklahoma"	"40"	"80-84 years"	"80-84"	69581
	"2010"	"2010"	"Oklahoma"	"40"	"85+ years"	"85+"	62509
"Total"	"2010"	"2010"	"Oklahoma"	"40"			3760014
	"2010"	"2010"	"Oregon"	"41"	"< 1 year"	"1"	46422
	"2010"	"2010"	"Oregon"	"41"	"1-4 years"	"1-4"	191193
	"2010"	"2010"	"Oregon"	"41"	"5-9 years"	"5-9"	236990
	"2010"	"2010"	"Oregon"	"41"	"10-14 years"	"10-14"	242552
	"2010"	"2010"	"Oregon"	"41"	"15-19 years"	"15-19"	253460
	"2010"	"2010"	"Oregon"	"41"	"20-24 years"	"20-24"	254472
	"2010"	"2010"	"Oregon"	"41"	"25-29 years"	"25-29"	264829
	"2010"	"2010"	"Oregon"	"41"	"30-34 years"	"30-34"	260205
	"2010"	"2010"	"Oregon"	"41"	"35-39 years"	"35-39"	250415
	"2010"	"2010"	"Oregon"	"41"	"40-44 years"	"40-44"	249478
	"2010"	"2010"	"Oregon"	"41"	"45-49 years"	"45-49"	261603
	"2010"	"2010"	"Oregon"	"41"	"50-54 years"	"50-54"	275879
	"2010"	"2010"	"Oregon"	"41"	"55-59 years"	"55-59"	274159
	"2010"	"2010"	"Oregon"	"41"	"60-64 years "	"60-64"	239098
	"2010"	"2010"	"Oregon"	"41"	"65-69 years"	"65-69"	171422
	"2010"	"2010"	"Oregon"	"41"	"70-74 years"	"70-74"	121488
	"2010"	"2010"	"Oregon"	"41"	"75-79 years"	"75-79"	91615
	"2010"	"2010"	"Oregon"	"41"	"80-84 years"	"80-84"	73961
	"2010"	"2010"	"Oregon"	"41"	"85+ years"	"85+"	78373
"Total"	"2010"	"2010"	"Oregon"	"41"			3837614
	"2010"	"2010"	"Pennsylvania"	"42"	"< 1 year"	"1"	142275
	"2010"	"2010"	"Pennsylvania"	"42"	"1-4 years"	"1-4"	586854
	"2010"	"2010"	"Pennsylvania"	"42"	"5-9 years"	"5-9"	752270
	"2010"	"2010"	"Pennsylvania"	"42"	"10-14 years"	"10-14"	789640
	"2010"	"2010"	"Pennsylvania"	"42"	"15-19 years"	"15-19"	901574
	"2010"	"2010"	"Pennsylvania"	"42"	"20-24 years"	"20-24"	876564
	"2010"	"2010"	"Pennsylvania"	"42"	"25-29 years"	"25-29"	785479
	"2010"	"2010"	"Pennsylvania"	"42"	"30-34 years"	"30-34"	733828
	"2010"	"2010"	"Pennsylvania"	"42"	"35-39 years"	"35-39"	757760
	"2010"	"2010"	"Pennsylvania"	"42"	"40-44 years"	"40-44"	849309
	"2010"	"2010"	"Pennsylvania"	"42"	"45-49 years"	"45-49"	951746
	"2010"	"2010"	"Pennsylvania"	"42"	"50-54 years"	"50-54"	984938
	"2010"	"2010"	"Pennsylvania"	"42"	"55-59 years"	"55-59"	884661
	"2010"	"2010"	"Pennsylvania"	"42"	"60-64 years "	"60-64"	751655
	"2010"	"2010"	"Pennsylvania"	"42"	"65-69 years"	"65-69"	554964
	"2010"	"2010"	"Pennsylvania"	"42"	"70-74 years"	"70-74"	427731
	"2010"	"2010"	"Pennsylvania"	"42"	"75-79 years"	"75-79"	360496
	"2010"	"2010"	"Pennsylvania"	"42"	"80-84 years"	"80-84"	311324
	"2010"	"2010"	"Pennsylvania"	"42"	"85+ years"	"85+"	308338
"Total"	"2010"	"2010"	"Pennsylvania"	"42"			12711406
	"2010"	"2010"	"Rhode Island"	"44"	"< 1 year"	"1"	11084
	"2010"	"2010"	"Rhode Island"	"44"	"1-4 years"	"1-4"	46248
	"2010"	"2010"	"Rhode Island"	"44"	"5-9 years"	"5-9"	60427
	"2010"	"2010"	"Rhode Island"	"44"	"10-14 years"	"10-14"	63638
	"2010"	"2010"	"Rhode Island"	"44"	"15-19 years"	"15-19"	79792
	"2010"	"2010"	"Rhode Island"	"44"	"20-24 years"	"20-24"	82800
	"2010"	"2010"	"Rhode Island"	"44"	"25-29 years"	"25-29"	66160
	"2010"	"2010"	"Rhode Island"	"44"	"30-34 years"	"30-34"	61610
	"2010"	"2010"	"Rhode Island"	"44"	"35-39 years"	"35-39"	63212
	"2010"	"2010"	"Rhode Island"	"44"	"40-44 years"	"40-44"	72795
	"2010"	"2010"	"Rhode Island"	"44"	"45-49 years"	"45-49"	81055
	"2010"	"2010"	"Rhode Island"	"44"	"50-54 years"	"50-54"	81100
	"2010"	"2010"	"Rhode Island"	"44"	"55-59 years"	"55-59"	71245
	"2010"	"2010"	"Rhode Island"	"44"	"60-64 years "	"60-64"	60402
	"2010"	"2010"	"Rhode Island"	"44"	"65-69 years"	"65-69"	43189
	"2010"	"2010"	"Rhode Island"	"44"	"70-74 years"	"70-74"	31213
	"2010"	"2010"	"Rhode Island"	"44"	"75-79 years"	"75-79"	26469
	"2010"	"2010"	"Rhode Island"	"44"	"80-84 years"	"80-84"	24515
	"2010"	"2010"	"Rhode Island"	"44"	"85+ years"	"85+"	27040
"Total"	"2010"	"2010"	"Rhode Island"	"44"			1053994
	"2010"	"2010"	"South Carolina"	"45"	"< 1 year"	"1"	58429
	"2010"	"2010"	"South Carolina"	"45"	"1-4 years"	"1-4"	243220
	"2010"	"2010"	"South Carolina"	"45"	"5-9 years"	"5-9"	295716
	"2010"	"2010"	"South Carolina"	"45"	"10-14 years"	"10-14"	297901
	"2010"	"2010"	"South Carolina"	"45"	"15-19 years"	"15-19"	327071
	"2010"	"2010"	"South Carolina"	"45"	"20-24 years"	"20-24"	334636
	"2010"	"2010"	"South Carolina"	"45"	"25-29 years"	"25-29"	304571
	"2010"	"2010"	"South Carolina"	"45"	"30-34 years"	"30-34"	289327
	"2010"	"2010"	"South Carolina"	"45"	"35-39 years"	"35-39"	294882
	"2010"	"2010"	"South Carolina"	"45"	"40-44 years"	"40-44"	304959
	"2010"	"2010"	"South Carolina"	"45"	"45-49 years"	"45-49"	332293
	"2010"	"2010"	"South Carolina"	"45"	"50-54 years"	"50-54"	327630
	"2010"	"2010"	"South Carolina"	"45"	"55-59 years"	"55-59"	304906
	"2010"	"2010"	"South Carolina"	"45"	"60-64 years "	"60-64"	283090
	"2010"	"2010"	"South Carolina"	"45"	"65-69 years"	"65-69"	217346
	"2010"	"2010"	"South Carolina"	"45"	"70-74 years"	"70-74"	155110
	"2010"	"2010"	"South Carolina"	"45"	"75-79 years"	"75-79"	113957
	"2010"	"2010"	"South Carolina"	"45"	"80-84 years"	"80-84"	79343
	"2010"	"2010"	"South Carolina"	"45"	"85+ years"	"85+"	71459
"Total"	"2010"	"2010"	"South Carolina"	"45"			4635846
	"2010"	"2010"	"South Dakota"	"46"	"< 1 year"	"1"	11776
	"2010"	"2010"	"South Dakota"	"46"	"1-4 years"	"1-4"	48019
	"2010"	"2010"	"South Dakota"	"46"	"5-9 years"	"5-9"	55826
	"2010"	"2010"	"South Dakota"	"46"	"10-14 years"	"10-14"	54019
	"2010"	"2010"	"South Dakota"	"46"	"15-19 years"	"15-19"	57806
	"2010"	"2010"	"South Dakota"	"46"	"20-24 years"	"20-24"	57571
	"2010"	"2010"	"South Dakota"	"46"	"25-29 years"	"25-29"	55685
	"2010"	"2010"	"South Dakota"	"46"	"30-34 years"	"30-34"	50338
	"2010"	"2010"	"South Dakota"	"46"	"35-39 years"	"35-39"	45713
	"2010"	"2010"	"South Dakota"	"46"	"40-44 years"	"40-44"	47285
	"2010"	"2010"	"South Dakota"	"46"	"45-49 years"	"45-49"	57047
	"2010"	"2010"	"South Dakota"	"46"	"50-54 years"	"50-54"	59436
	"2010"	"2010"	"South Dakota"	"46"	"55-59 years"	"55-59"	54643
	"2010"	"2010"	"South Dakota"	"46"	"60-64 years "	"60-64"	44222
	"2010"	"2010"	"South Dakota"	"46"	"65-69 years"	"65-69"	32128
	"2010"	"2010"	"South Dakota"	"46"	"70-74 years"	"70-74"	25675
	"2010"	"2010"	"South Dakota"	"46"	"75-79 years"	"75-79"	21665
	"2010"	"2010"	"South Dakota"	"46"	"80-84 years"	"80-84"	18012
	"2010"	"2010"	"South Dakota"	"46"	"85+ years"	"85+"	19327
"Total"	"2010"	"2010"	"South Dakota"	"46"			816193
	"2010"	"2010"	"Tennessee"	"47"	"< 1 year"	"1"	78941
	"2010"	"2010"	"Tennessee"	"47"	"1-4 years"	"1-4"	328146
	"2010"	"2010"	"Tennessee"	"47"	"5-9 years"	"5-9"	411807
	"2010"	"2010"	"Tennessee"	"47"	"10-14 years"	"10-14"	419308
	"2010"	"2010"	"Tennessee"	"47"	"15-19 years"	"15-19"	434973
	"2010"	"2010"	"Tennessee"	"47"	"20-24 years"	"20-24"	428864
	"2010"	"2010"	"Tennessee"	"47"	"25-29 years"	"25-29"	417703
	"2010"	"2010"	"Tennessee"	"47"	"30-34 years"	"30-34"	407992
	"2010"	"2010"	"Tennessee"	"47"	"35-39 years"	"35-39"	420555
	"2010"	"2010"	"Tennessee"	"47"	"40-44 years"	"40-44"	431284
	"2010"	"2010"	"Tennessee"	"47"	"45-49 years"	"45-49"	466246
	"2010"	"2010"	"Tennessee"	"47"	"50-54 years"	"50-54"	459924
	"2010"	"2010"	"Tennessee"	"47"	"55-59 years"	"55-59"	417500
	"2010"	"2010"	"Tennessee"	"47"	"60-64 years "	"60-64"	373936
	"2010"	"2010"	"Tennessee"	"47"	"65-69 years"	"65-69"	282075
	"2010"	"2010"	"Tennessee"	"47"	"70-74 years"	"70-74"	207770
	"2010"	"2010"	"Tennessee"	"47"	"75-79 years"	"75-79"	155222
	"2010"	"2010"	"Tennessee"	"47"	"80-84 years"	"80-84"	112431
	"2010"	"2010"	"Tennessee"	"47"	"85+ years"	"85+"	100841
"Total"	"2010"	"2010"	"Tennessee"	"47"			6355518
	"2010"	"2010"	"Texas"	"48"	"< 1 year"	"1"	379377
	"2010"	"2010"	"Texas"	"48"	"1-4 years"	"1-4"	1550636
	"2010"	"2010"	"Texas"	"48"	"5-9 years"	"5-9"	1931066
	"2010"	"2010"	"Texas"	"48"	"10-14 years"	"10-14"	1888796
	"2010"	"2010"	"Texas"	"48"	"15-19 years"	"15-19"	1883825
	"2010"	"2010"	"Texas"	"48"	"20-24 years"	"20-24"	1827551
	"2010"	"2010"	"Texas"	"48"	"25-29 years"	"25-29"	1858704
	"2010"	"2010"	"Texas"	"48"	"30-34 years"	"30-34"	1771919
	"2010"	"2010"	"Texas"	"48"	"35-39 years"	"35-39"	1762177
	"2010"	"2010"	"Texas"	"48"	"40-44 years"	"40-44"	1703511
	"2010"	"2010"	"Texas"	"48"	"45-49 years"	"45-49"	1757591
	"2010"	"2010"	"Texas"	"48"	"50-54 years"	"50-54"	1682531
	"2010"	"2010"	"Texas"	"48"	"55-59 years"	"55-59"	1435230
	"2010"	"2010"	"Texas"	"48"	"60-64 years "	"60-64"	1188280
	"2010"	"2010"	"Texas"	"48"	"65-69 years"	"65-69"	859785
	"2010"	"2010"	"Texas"	"48"	"70-74 years"	"70-74"	624314
	"2010"	"2010"	"Texas"	"48"	"75-79 years"	"75-79"	478730
	"2010"	"2010"	"Texas"	"48"	"80-84 years"	"80-84"	349254
	"2010"	"2010"	"Texas"	"48"	"85+ years"	"85+"	308620
"Total"	"2010"	"2010"	"Texas"	"48"			25241897
	"2010"	"2010"	"Utah"	"49"	"< 1 year"	"1"	53062
	"2010"	"2010"	"Utah"	"49"	"1-4 years"	"1-4"	211266
	"2010"	"2010"	"Utah"	"49"	"5-9 years"	"5-9"	250361
	"2010"	"2010"	"Utah"	"49"	"10-14 years"	"10-14"	229484
	"2010"	"2010"	"Utah"	"49"	"15-19 years"	"15-19"	220415
	"2010"	"2010"	"Utah"	"49"	"20-24 years"	"20-24"	227911
	"2010"	"2010"	"Utah"	"49"	"25-29 years"	"25-29"	228720
	"2010"	"2010"	"Utah"	"49"	"30-34 years"	"30-34"	217695
	"2010"	"2010"	"Utah"	"49"	"35-39 years"	"35-39"	179679
	"2010"	"2010"	"Utah"	"49"	"40-44 years"	"40-44"	155531
	"2010"	"2010"	"Utah"	"49"	"45-49 years"	"45-49"	154466
	"2010"	"2010"	"Utah"	"49"	"50-54 years"	"50-54"	152637
	"2010"	"2010"	"Utah"	"49"	"55-59 years"	"55-59"	134378
	"2010"	"2010"	"Utah"	"49"	"60-64 years "	"60-64"	108654
	"2010"	"2010"	"Utah"	"49"	"65-69 years"	"65-69"	80085
	"2010"	"2010"	"Utah"	"49"	"70-74 years"	"70-74"	59204
	"2010"	"2010"	"Utah"	"49"	"75-79 years"	"75-79"	46017
	"2010"	"2010"	"Utah"	"49"	"80-84 years"	"80-84"	34571
	"2010"	"2010"	"Utah"	"49"	"85+ years"	"85+"	31277
"Total"	"2010"	"2010"	"Utah"	"49"			2775413
	"2010"	"2010"	"Vermont"	"50"	"< 1 year"	"1"	6114
	"2010"	"2010"	"Vermont"	"50"	"1-4 years"	"1-4"	25838
	"2010"	"2010"	"Vermont"	"50"	"5-9 years"	"5-9"	34520
	"2010"	"2010"	"Vermont"	"50"	"10-14 years"	"10-14"	37490
	"2010"	"2010"	"Vermont"	"50"	"15-19 years"	"15-19"	46136
	"2010"	"2010"	"Vermont"	"50"	"20-24 years"	"20-24"	43915
	"2010"	"2010"	"Vermont"	"50"	"25-29 years"	"25-29"	35473
	"2010"	"2010"	"Vermont"	"50"	"30-34 years"	"30-34"	34309
	"2010"	"2010"	"Vermont"	"50"	"35-39 years"	"35-39"	35953
	"2010"	"2010"	"Vermont"	"50"	"40-44 years"	"40-44"	41818
	"2010"	"2010"	"Vermont"	"50"	"45-49 years"	"45-49"	49677
	"2010"	"2010"	"Vermont"	"50"	"50-54 years"	"50-54"	52492
	"2010"	"2010"	"Vermont"	"50"	"55-59 years"	"55-59"	48909
	"2010"	"2010"	"Vermont"	"50"	"60-64 years "	"60-64"	41697
	"2010"	"2010"	"Vermont"	"50"	"65-69 years"	"65-69"	29613
	"2010"	"2010"	"Vermont"	"50"	"70-74 years"	"70-74"	20353
	"2010"	"2010"	"Vermont"	"50"	"75-79 years"	"75-79"	15940
	"2010"	"2010"	"Vermont"	"50"	"80-84 years"	"80-84"	12770
	"2010"	"2010"	"Vermont"	"50"	"85+ years"	"85+"	12869
"Total"	"2010"	"2010"	"Vermont"	"50"			625886
	"2010"	"2010"	"Virginia"	"51"	"< 1 year"	"1"	100858
	"2010"	"2010"	"Virginia"	"51"	"1-4 years"	"1-4"	409531
	"2010"	"2010"	"Virginia"	"51"	"5-9 years"	"5-9"	512350
	"2010"	"2010"	"Virginia"	"51"	"10-14 years"	"10-14"	512190
	"2010"	"2010"	"Virginia"	"51"	"15-19 years"	"15-19"	550425
	"2010"	"2010"	"Virginia"	"51"	"20-24 years"	"20-24"	573519
	"2010"	"2010"	"Virginia"	"51"	"25-29 years"	"25-29"	566488
	"2010"	"2010"	"Virginia"	"51"	"30-34 years"	"30-34"	530421
	"2010"	"2010"	"Virginia"	"51"	"35-39 years"	"35-39"	537557
	"2010"	"2010"	"Virginia"	"51"	"40-44 years"	"40-44"	569210
	"2010"	"2010"	"Virginia"	"51"	"45-49 years"	"45-49"	620177
	"2010"	"2010"	"Virginia"	"51"	"50-54 years"	"50-54"	594927
	"2010"	"2010"	"Virginia"	"51"	"55-59 years"	"55-59"	516388
	"2010"	"2010"	"Virginia"	"51"	"60-64 years "	"60-64"	446390
	"2010"	"2010"	"Virginia"	"51"	"65-69 years"	"65-69"	322814
	"2010"	"2010"	"Virginia"	"51"	"70-74 years"	"70-74"	231515
	"2010"	"2010"	"Virginia"	"51"	"75-79 years"	"75-79"	174320
	"2010"	"2010"	"Virginia"	"51"	"80-84 years"	"80-84"	131366
	"2010"	"2010"	"Virginia"	"51"	"85+ years"	"85+"	123558
"Total"	"2010"	"2010"	"Virginia"	"51"			8024004
	"2010"	"2010"	"Washington"	"53"	"< 1 year"	"1"	87679
	"2010"	"2010"	"Washington"	"53"	"1-4 years"	"1-4"	353446
	"2010"	"2010"	"Washington"	"53"	"5-9 years"	"5-9"	430198
	"2010"	"2010"	"Washington"	"53"	"10-14 years"	"10-14"	438739
	"2010"	"2010"	"Washington"	"53"	"15-19 years"	"15-19"	459582
	"2010"	"2010"	"Washington"	"53"	"20-24 years"	"20-24"	463795
	"2010"	"2010"	"Washington"	"53"	"25-29 years"	"25-29"	481561
	"2010"	"2010"	"Washington"	"53"	"30-34 years"	"30-34"	456678
	"2010"	"2010"	"Washington"	"53"	"35-39 years"	"35-39"	446795
	"2010"	"2010"	"Washington"	"53"	"40-44 years"	"40-44"	461444
	"2010"	"2010"	"Washington"	"53"	"45-49 years"	"45-49"	490795
	"2010"	"2010"	"Washington"	"53"	"50-54 years"	"50-54"	496002
	"2010"	"2010"	"Washington"	"53"	"55-59 years"	"55-59"	455928
	"2010"	"2010"	"Washington"	"53"	"60-64 years "	"60-64"	386584
	"2010"	"2010"	"Washington"	"53"	"65-69 years"	"65-69"	273426
	"2010"	"2010"	"Washington"	"53"	"70-74 years"	"70-74"	188650
	"2010"	"2010"	"Washington"	"53"	"75-79 years"	"75-79"	142174
	"2010"	"2010"	"Washington"	"53"	"80-84 years"	"80-84"	111391
	"2010"	"2010"	"Washington"	"53"	"85+ years"	"85+"	118142
"Total"	"2010"	"2010"	"Washington"	"53"			6743009
	"2010"	"2010"	"West Virginia"	"54"	"< 1 year"	"1"	20191
	"2010"	"2010"	"West Virginia"	"54"	"1-4 years"	"1-4"	83786
	"2010"	"2010"	"West Virginia"	"54"	"5-9 years"	"5-9"	106039
	"2010"	"2010"	"West Virginia"	"54"	"10-14 years"	"10-14"	109069
	"2010"	"2010"	"West Virginia"	"54"	"15-19 years"	"15-19"	119248
	"2010"	"2010"	"West Virginia"	"54"	"20-24 years"	"20-24"	118222
	"2010"	"2010"	"West Virginia"	"54"	"25-29 years"	"25-29"	108395
	"2010"	"2010"	"West Virginia"	"54"	"30-34 years"	"30-34"	112577
	"2010"	"2010"	"West Virginia"	"54"	"35-39 years"	"35-39"	116468
	"2010"	"2010"	"West Virginia"	"54"	"40-44 years"	"40-44"	120500
	"2010"	"2010"	"West Virginia"	"54"	"45-49 years"	"45-49"	132479
	"2010"	"2010"	"West Virginia"	"54"	"50-54 years"	"50-54"	142818
	"2010"	"2010"	"West Virginia"	"54"	"55-59 years"	"55-59"	139571
	"2010"	"2010"	"West Virginia"	"54"	"60-64 years "	"60-64"	126753
	"2010"	"2010"	"West Virginia"	"54"	"65-69 years"	"65-69"	91982
	"2010"	"2010"	"West Virginia"	"54"	"70-74 years"	"70-74"	72082
	"2010"	"2010"	"West Virginia"	"54"	"75-79 years"	"75-79"	54676
	"2010"	"2010"	"West Virginia"	"54"	"80-84 years"	"80-84"	43166
	"2010"	"2010"	"West Virginia"	"54"	"85+ years"	"85+"	36243
"Total"	"2010"	"2010"	"West Virginia"	"54"			1854265
	"2010"	"2010"	"Wisconsin"	"55"	"< 1 year"	"1"	69542
	"2010"	"2010"	"Wisconsin"	"55"	"1-4 years"	"1-4"	288270
	"2010"	"2010"	"Wisconsin"	"55"	"5-9 years"	"5-9"	367926
	"2010"	"2010"	"Wisconsin"	"55"	"10-14 years"	"10-14"	375757
	"2010"	"2010"	"Wisconsin"	"55"	"15-19 years"	"15-19"	399334
	"2010"	"2010"	"Wisconsin"	"55"	"20-24 years"	"20-24"	385985
	"2010"	"2010"	"Wisconsin"	"55"	"25-29 years"	"25-29"	372107
	"2010"	"2010"	"Wisconsin"	"55"	"30-34 years"	"30-34"	351266
	"2010"	"2010"	"Wisconsin"	"55"	"35-39 years"	"35-39"	342874
	"2010"	"2010"	"Wisconsin"	"55"	"40-44 years"	"40-44"	378898
	"2010"	"2010"	"Wisconsin"	"55"	"45-49 years"	"45-49"	435080
	"2010"	"2010"	"Wisconsin"	"55"	"50-54 years"	"50-54"	437169
	"2010"	"2010"	"Wisconsin"	"55"	"55-59 years"	"55-59"	388393
	"2010"	"2010"	"Wisconsin"	"55"	"60-64 years "	"60-64"	317750
	"2010"	"2010"	"Wisconsin"	"55"	"65-69 years"	"65-69"	228500
	"2010"	"2010"	"Wisconsin"	"55"	"70-74 years"	"70-74"	174030
	"2010"	"2010"	"Wisconsin"	"55"	"75-79 years"	"75-79"	140943
	"2010"	"2010"	"Wisconsin"	"55"	"80-84 years"	"80-84"	117330
	"2010"	"2010"	"Wisconsin"	"55"	"85+ years"	"85+"	119384
"Total"	"2010"	"2010"	"Wisconsin"	"55"			5690538
	"2010"	"2010"	"Wyoming"	"56"	"< 1 year"	"1"	7803
	"2010"	"2010"	"Wyoming"	"56"	"1-4 years"	"1-4"	32375
	"2010"	"2010"	"Wyoming"	"56"	"5-9 years"	"5-9"	37393
	"2010"	"2010"	"Wyoming"	"56"	"10-14 years"	"10-14"	35989
	"2010"	"2010"	"Wyoming"	"56"	"15-19 years"	"15-19"	37874
	"2010"	"2010"	"Wyoming"	"56"	"20-24 years"	"20-24"	40418
	"2010"	"2010"	"Wyoming"	"56"	"25-29 years"	"25-29"	41356
	"2010"	"2010"	"Wyoming"	"56"	"30-34 years"	"30-34"	36687
	"2010"	"2010"	"Wyoming"	"56"	"35-39 years"	"35-39"	33762
	"2010"	"2010"	"Wyoming"	"56"	"40-44 years"	"40-44"	33166
	"2010"	"2010"	"Wyoming"	"56"	"45-49 years"	"45-49"	39014
	"2010"	"2010"	"Wyoming"	"56"	"50-54 years"	"50-54"	43969
	"2010"	"2010"	"Wyoming"	"56"	"55-59 years"	"55-59"	41175
	"2010"	"2010"	"Wyoming"	"56"	"60-64 years "	"60-64"	33001
	"2010"	"2010"	"Wyoming"	"56"	"65-69 years"	"65-69"	23154
	"2010"	"2010"	"Wyoming"	"56"	"70-74 years"	"70-74"	16696
	"2010"	"2010"	"Wyoming"	"56"	"75-79 years"	"75-79"	12487
	"2010"	"2010"	"Wyoming"	"56"	"80-84 years"	"80-84"	9462
	"2010"	"2010"	"Wyoming"	"56"	"85+ years"	"85+"	8750
"Total"	"2010"	"2010"	"Wyoming"	"56"			564531
"Total"	"2010"	"2010"					309327143
	"2011"	"2011"	"Alabama"	"01"	"< 1 year"	"1"	59180
	"2011"	"2011"	"Alabama"	"01"	"1-4 years"	"1-4"	243675
	"2011"	"2011"	"Alabama"	"01"	"5-9 years"	"5-9"	304701
	"2011"	"2011"	"Alabama"	"01"	"10-14 years"	"10-14"	321595
	"2011"	"2011"	"Alabama"	"01"	"15-19 years"	"15-19"	329897
	"2011"	"2011"	"Alabama"	"01"	"20-24 years"	"20-24"	346685
	"2011"	"2011"	"Alabama"	"01"	"25-29 years"	"25-29"	310132
	"2011"	"2011"	"Alabama"	"01"	"30-34 years"	"30-34"	304308
	"2011"	"2011"	"Alabama"	"01"	"35-39 years"	"35-39"	296423
	"2011"	"2011"	"Alabama"	"01"	"40-44 years"	"40-44"	314505
	"2011"	"2011"	"Alabama"	"01"	"45-49 years"	"45-49"	337163
	"2011"	"2011"	"Alabama"	"01"	"50-54 years"	"50-54"	349056
	"2011"	"2011"	"Alabama"	"01"	"55-59 years"	"55-59"	320529
	"2011"	"2011"	"Alabama"	"01"	"60-64 years "	"60-64"	289745
	"2011"	"2011"	"Alabama"	"01"	"65-69 years"	"65-69"	214752
	"2011"	"2011"	"Alabama"	"01"	"70-74 years"	"70-74"	164588
	"2011"	"2011"	"Alabama"	"01"	"75-79 years"	"75-79"	124818
	"2011"	"2011"	"Alabama"	"01"	"80-84 years"	"80-84"	90035
	"2011"	"2011"	"Alabama"	"01"	"85+ years"	"85+"	77855
"Total"	"2011"	"2011"	"Alabama"	"01"			4799642
	"2011"	"2011"	"Alaska"	"02"	"< 1 year"	"1"	11715
	"2011"	"2011"	"Alaska"	"02"	"1-4 years"	"1-4"	43663
	"2011"	"2011"	"Alaska"	"02"	"5-9 years"	"5-9"	51374
	"2011"	"2011"	"Alaska"	"02"	"10-14 years"	"10-14"	50871
	"2011"	"2011"	"Alaska"	"02"	"15-19 years"	"15-19"	50794
	"2011"	"2011"	"Alaska"	"02"	"20-24 years"	"20-24"	56375
	"2011"	"2011"	"Alaska"	"02"	"25-29 years"	"25-29"	57854
	"2011"	"2011"	"Alaska"	"02"	"30-34 years"	"30-34"	50261
	"2011"	"2011"	"Alaska"	"02"	"35-39 years"	"35-39"	44736
	"2011"	"2011"	"Alaska"	"02"	"40-44 years"	"40-44"	47367
	"2011"	"2011"	"Alaska"	"02"	"45-49 years"	"45-49"	52458
	"2011"	"2011"	"Alaska"	"02"	"50-54 years"	"50-54"	56267
	"2011"	"2011"	"Alaska"	"02"	"55-59 years"	"55-59"	51366
	"2011"	"2011"	"Alaska"	"02"	"60-64 years "	"60-64"	39027
	"2011"	"2011"	"Alaska"	"02"	"65-69 years"	"65-69"	23508
	"2011"	"2011"	"Alaska"	"02"	"70-74 years"	"70-74"	14322
	"2011"	"2011"	"Alaska"	"02"	"75-79 years"	"75-79"	9191
	"2011"	"2011"	"Alaska"	"02"	"80-84 years"	"80-84"	6241
	"2011"	"2011"	"Alaska"	"02"	"85+ years"	"85+"	4959
"Total"	"2011"	"2011"	"Alaska"	"02"			722349
	"2011"	"2011"	"Arizona"	"04"	"< 1 year"	"1"	86118
	"2011"	"2011"	"Arizona"	"04"	"1-4 years"	"1-4"	359591
	"2011"	"2011"	"Arizona"	"04"	"5-9 years"	"5-9"	450340
	"2011"	"2011"	"Arizona"	"04"	"10-14 years"	"10-14"	451232
	"2011"	"2011"	"Arizona"	"04"	"15-19 years"	"15-19"	453956
	"2011"	"2011"	"Arizona"	"04"	"20-24 years"	"20-24"	464416
	"2011"	"2011"	"Arizona"	"04"	"25-29 years"	"25-29"	441123
	"2011"	"2011"	"Arizona"	"04"	"30-34 years"	"30-34"	427033
	"2011"	"2011"	"Arizona"	"04"	"35-39 years"	"35-39"	406369
	"2011"	"2011"	"Arizona"	"04"	"40-44 years"	"40-44"	416189
	"2011"	"2011"	"Arizona"	"04"	"45-49 years"	"45-49"	418774
	"2011"	"2011"	"Arizona"	"04"	"50-54 years"	"50-54"	423253
	"2011"	"2011"	"Arizona"	"04"	"55-59 years"	"55-59"	385636
	"2011"	"2011"	"Arizona"	"04"	"60-64 years "	"60-64"	369630
	"2011"	"2011"	"Arizona"	"04"	"65-69 years"	"65-69"	293870
	"2011"	"2011"	"Arizona"	"04"	"70-74 years"	"70-74"	226838
	"2011"	"2011"	"Arizona"	"04"	"75-79 years"	"75-79"	167304
	"2011"	"2011"	"Arizona"	"04"	"80-84 years"	"80-84"	122613
	"2011"	"2011"	"Arizona"	"04"	"85+ years"	"85+"	109131
"Total"	"2011"	"2011"	"Arizona"	"04"			6473416
	"2011"	"2011"	"Arkansas"	"05"	"< 1 year"	"1"	38212
	"2011"	"2011"	"Arkansas"	"05"	"1-4 years"	"1-4"	158066
	"2011"	"2011"	"Arkansas"	"05"	"5-9 years"	"5-9"	197498
	"2011"	"2011"	"Arkansas"	"05"	"10-14 years"	"10-14"	199430
	"2011"	"2011"	"Arkansas"	"05"	"15-19 years"	"15-19"	200052
	"2011"	"2011"	"Arkansas"	"05"	"20-24 years"	"20-24"	208123
	"2011"	"2011"	"Arkansas"	"05"	"25-29 years"	"25-29"	191790
	"2011"	"2011"	"Arkansas"	"05"	"30-34 years"	"30-34"	188903
	"2011"	"2011"	"Arkansas"	"05"	"35-39 years"	"35-39"	179642
	"2011"	"2011"	"Arkansas"	"05"	"40-44 years"	"40-44"	185237
	"2011"	"2011"	"Arkansas"	"05"	"45-49 years"	"45-49"	199761
	"2011"	"2011"	"Arkansas"	"05"	"50-54 years"	"50-54"	203729
	"2011"	"2011"	"Arkansas"	"05"	"55-59 years"	"55-59"	188167
	"2011"	"2011"	"Arkansas"	"05"	"60-64 years "	"60-64"	174839
	"2011"	"2011"	"Arkansas"	"05"	"65-69 years"	"65-69"	134980
	"2011"	"2011"	"Arkansas"	"05"	"70-74 years"	"70-74"	104324
	"2011"	"2011"	"Arkansas"	"05"	"75-79 years"	"75-79"	78981
	"2011"	"2011"	"Arkansas"	"05"	"80-84 years"	"80-84"	56599
	"2011"	"2011"	"Arkansas"	"05"	"85+ years"	"85+"	52705
"Total"	"2011"	"2011"	"Arkansas"	"05"			2941038
	"2011"	"2011"	"California"	"06"	"< 1 year"	"1"	509037
	"2011"	"2011"	"California"	"06"	"1-4 years"	"1-4"	2024410
	"2011"	"2011"	"California"	"06"	"5-9 years"	"5-9"	2512962
	"2011"	"2011"	"California"	"06"	"10-14 years"	"10-14"	2562537
	"2011"	"2011"	"California"	"06"	"15-19 years"	"15-19"	2745491
	"2011"	"2011"	"California"	"06"	"20-24 years"	"20-24"	2859559
	"2011"	"2011"	"California"	"06"	"25-29 years"	"25-29"	2773689
	"2011"	"2011"	"California"	"06"	"30-34 years"	"30-34"	2636023
	"2011"	"2011"	"California"	"06"	"35-39 years"	"35-39"	2519123
	"2011"	"2011"	"California"	"06"	"40-44 years"	"40-44"	2633763
	"2011"	"2011"	"California"	"06"	"45-49 years"	"45-49"	2645352
	"2011"	"2011"	"California"	"06"	"50-54 years"	"50-54"	2602087
	"2011"	"2011"	"California"	"06"	"55-59 years"	"55-59"	2281990
	"2011"	"2011"	"California"	"06"	"60-64 years "	"60-64"	1938967
	"2011"	"2011"	"California"	"06"	"65-69 years"	"65-69"	1369222
	"2011"	"2011"	"California"	"06"	"70-74 years"	"70-74"	1008841
	"2011"	"2011"	"California"	"06"	"75-79 years"	"75-79"	776708
	"2011"	"2011"	"California"	"06"	"80-84 years"	"80-84"	609074
	"2011"	"2011"	"California"	"06"	"85+ years"	"85+"	627476
"Total"	"2011"	"2011"	"California"	"06"			37636311
	"2011"	"2011"	"Colorado"	"08"	"< 1 year"	"1"	66019
	"2011"	"2011"	"Colorado"	"08"	"1-4 years"	"1-4"	276072
	"2011"	"2011"	"Colorado"	"08"	"5-9 years"	"5-9"	351720
	"2011"	"2011"	"Colorado"	"08"	"10-14 years"	"10-14"	339734
	"2011"	"2011"	"Colorado"	"08"	"15-19 years"	"15-19"	340286
	"2011"	"2011"	"Colorado"	"08"	"20-24 years"	"20-24"	355965
	"2011"	"2011"	"Colorado"	"08"	"25-29 years"	"25-29"	380800
	"2011"	"2011"	"Colorado"	"08"	"30-34 years"	"30-34"	368333
	"2011"	"2011"	"Colorado"	"08"	"35-39 years"	"35-39"	346617
	"2011"	"2011"	"Colorado"	"08"	"40-44 years"	"40-44"	356843
	"2011"	"2011"	"Colorado"	"08"	"45-49 years"	"45-49"	359339
	"2011"	"2011"	"Colorado"	"08"	"50-54 years"	"50-54"	375222
	"2011"	"2011"	"Colorado"	"08"	"55-59 years"	"55-59"	339260
	"2011"	"2011"	"Colorado"	"08"	"60-64 years "	"60-64"	290437
	"2011"	"2011"	"Colorado"	"08"	"65-69 years"	"65-69"	193811
	"2011"	"2011"	"Colorado"	"08"	"70-74 years"	"70-74"	134579
	"2011"	"2011"	"Colorado"	"08"	"75-79 years"	"75-79"	98820
	"2011"	"2011"	"Colorado"	"08"	"80-84 years"	"80-84"	74992
	"2011"	"2011"	"Colorado"	"08"	"85+ years"	"85+"	73051
"Total"	"2011"	"2011"	"Colorado"	"08"			5121900
	"2011"	"2011"	"Connecticut"	"09"	"< 1 year"	"1"	37640
	"2011"	"2011"	"Connecticut"	"09"	"1-4 years"	"1-4"	160169
	"2011"	"2011"	"Connecticut"	"09"	"5-9 years"	"5-9"	219468
	"2011"	"2011"	"Connecticut"	"09"	"10-14 years"	"10-14"	237806
	"2011"	"2011"	"Connecticut"	"09"	"15-19 years"	"15-19"	256968
	"2011"	"2011"	"Connecticut"	"09"	"20-24 years"	"20-24"	229608
	"2011"	"2011"	"Connecticut"	"09"	"25-29 years"	"25-29"	217724
	"2011"	"2011"	"Connecticut"	"09"	"30-34 years"	"30-34"	210522
	"2011"	"2011"	"Connecticut"	"09"	"35-39 years"	"35-39"	211163
	"2011"	"2011"	"Connecticut"	"09"	"40-44 years"	"40-44"	255574
	"2011"	"2011"	"Connecticut"	"09"	"45-49 years"	"45-49"	284964
	"2011"	"2011"	"Connecticut"	"09"	"50-54 years"	"50-54"	287970
	"2011"	"2011"	"Connecticut"	"09"	"55-59 years"	"55-59"	250094
	"2011"	"2011"	"Connecticut"	"09"	"60-64 years "	"60-64"	211746
	"2011"	"2011"	"Connecticut"	"09"	"65-69 years"	"65-69"	156082
	"2011"	"2011"	"Connecticut"	"09"	"70-74 years"	"70-74"	109266
	"2011"	"2011"	"Connecticut"	"09"	"75-79 years"	"75-79"	88096
	"2011"	"2011"	"Connecticut"	"09"	"80-84 years"	"80-84"	76702
	"2011"	"2011"	"Connecticut"	"09"	"85+ years"	"85+"	87070
"Total"	"2011"	"2011"	"Connecticut"	"09"			3588632
	"2011"	"2011"	"Delaware"	"10"	"< 1 year"	"1"	11219
	"2011"	"2011"	"Delaware"	"10"	"1-4 years"	"1-4"	44656
	"2011"	"2011"	"Delaware"	"10"	"5-9 years"	"5-9"	56346
	"2011"	"2011"	"Delaware"	"10"	"10-14 years"	"10-14"	57148
	"2011"	"2011"	"Delaware"	"10"	"15-19 years"	"15-19"	62598
	"2011"	"2011"	"Delaware"	"10"	"20-24 years"	"20-24"	64957
	"2011"	"2011"	"Delaware"	"10"	"25-29 years"	"25-29"	58430
	"2011"	"2011"	"Delaware"	"10"	"30-34 years"	"30-34"	55833
	"2011"	"2011"	"Delaware"	"10"	"35-39 years"	"35-39"	52878
	"2011"	"2011"	"Delaware"	"10"	"40-44 years"	"40-44"	60222
	"2011"	"2011"	"Delaware"	"10"	"45-49 years"	"45-49"	66428
	"2011"	"2011"	"Delaware"	"10"	"50-54 years"	"50-54"	66956
	"2011"	"2011"	"Delaware"	"10"	"55-59 years"	"55-59"	60047
	"2011"	"2011"	"Delaware"	"10"	"60-64 years "	"60-64"	56108
	"2011"	"2011"	"Delaware"	"10"	"65-69 years"	"65-69"	43401
	"2011"	"2011"	"Delaware"	"10"	"70-74 years"	"70-74"	32180
	"2011"	"2011"	"Delaware"	"10"	"75-79 years"	"75-79"	24115
	"2011"	"2011"	"Delaware"	"10"	"80-84 years"	"80-84"	17790
	"2011"	"2011"	"Delaware"	"10"	"85+ years"	"85+"	16278
"Total"	"2011"	"2011"	"Delaware"	"10"			907590
	"2011"	"2011"	"District of Columbia"	"11"	"< 1 year"	"1"	9290
	"2011"	"2011"	"District of Columbia"	"11"	"1-4 years"	"1-4"	26928
	"2011"	"2011"	"District of Columbia"	"11"	"5-9 years"	"5-9"	26684
	"2011"	"2011"	"District of Columbia"	"11"	"10-14 years"	"10-14"	24799
	"2011"	"2011"	"District of Columbia"	"11"	"15-19 years"	"15-19"	39171
	"2011"	"2011"	"District of Columbia"	"11"	"20-24 years"	"20-24"	60884
	"2011"	"2011"	"District of Columbia"	"11"	"25-29 years"	"25-29"	74739
	"2011"	"2011"	"District of Columbia"	"11"	"30-34 years"	"30-34"	61160
	"2011"	"2011"	"District of Columbia"	"11"	"35-39 years"	"35-39"	43934
	"2011"	"2011"	"District of Columbia"	"11"	"40-44 years"	"40-44"	39385
	"2011"	"2011"	"District of Columbia"	"11"	"45-49 years"	"45-49"	38696
	"2011"	"2011"	"District of Columbia"	"11"	"50-54 years"	"50-54"	37652
	"2011"	"2011"	"District of Columbia"	"11"	"55-59 years"	"55-59"	35308
	"2011"	"2011"	"District of Columbia"	"11"	"60-64 years "	"60-64"	31489
	"2011"	"2011"	"District of Columbia"	"11"	"65-69 years"	"65-69"	22115
	"2011"	"2011"	"District of Columbia"	"11"	"70-74 years"	"70-74"	15942
	"2011"	"2011"	"District of Columbia"	"11"	"75-79 years"	"75-79"	11923
	"2011"	"2011"	"District of Columbia"	"11"	"80-84 years"	"80-84"	9543
	"2011"	"2011"	"District of Columbia"	"11"	"85+ years"	"85+"	10648
"Total"	"2011"	"2011"	"District of Columbia"	"11"			620290
	"2011"	"2011"	"Florida"	"12"	"< 1 year"	"1"	213118
	"2011"	"2011"	"Florida"	"12"	"1-4 years"	"1-4"	859512
	"2011"	"2011"	"Florida"	"12"	"5-9 years"	"5-9"	1083144
	"2011"	"2011"	"Florida"	"12"	"10-14 years"	"10-14"	1135761
	"2011"	"2011"	"Florida"	"12"	"15-19 years"	"15-19"	1193712
	"2011"	"2011"	"Florida"	"12"	"20-24 years"	"20-24"	1282202
	"2011"	"2011"	"Florida"	"12"	"25-29 years"	"25-29"	1205913
	"2011"	"2011"	"Florida"	"12"	"30-34 years"	"30-34"	1144118
	"2011"	"2011"	"Florida"	"12"	"35-39 years"	"35-39"	1143066
	"2011"	"2011"	"Florida"	"12"	"40-44 years"	"40-44"	1259597
	"2011"	"2011"	"Florida"	"12"	"45-49 years"	"45-49"	1377193
	"2011"	"2011"	"Florida"	"12"	"50-54 years"	"50-54"	1371533
	"2011"	"2011"	"Florida"	"12"	"55-59 years"	"55-59"	1238864
	"2011"	"2011"	"Florida"	"12"	"60-64 years "	"60-64"	1188086
	"2011"	"2011"	"Florida"	"12"	"65-69 years"	"65-69"	990317
	"2011"	"2011"	"Florida"	"12"	"70-74 years"	"70-74"	797313
	"2011"	"2011"	"Florida"	"12"	"75-79 years"	"75-79"	625945
	"2011"	"2011"	"Florida"	"12"	"80-84 years"	"80-84"	490888
	"2011"	"2011"	"Florida"	"12"	"85+ years"	"85+"	455325
"Total"	"2011"	"2011"	"Florida"	"12"			19055607
	"2011"	"2011"	"Georgia"	"13"	"< 1 year"	"1"	131842
	"2011"	"2011"	"Georgia"	"13"	"1-4 years"	"1-4"	547338
	"2011"	"2011"	"Georgia"	"13"	"5-9 years"	"5-9"	694674
	"2011"	"2011"	"Georgia"	"13"	"10-14 years"	"10-14"	699457
	"2011"	"2011"	"Georgia"	"13"	"15-19 years"	"15-19"	702033
	"2011"	"2011"	"Georgia"	"13"	"20-24 years"	"20-24"	701639
	"2011"	"2011"	"Georgia"	"13"	"25-29 years"	"25-29"	673813
	"2011"	"2011"	"Georgia"	"13"	"30-34 years"	"30-34"	674119
	"2011"	"2011"	"Georgia"	"13"	"35-39 years"	"35-39"	671832
	"2011"	"2011"	"Georgia"	"13"	"40-44 years"	"40-44"	711307
	"2011"	"2011"	"Georgia"	"13"	"45-49 years"	"45-49"	717750
	"2011"	"2011"	"Georgia"	"13"	"50-54 years"	"50-54"	683738
	"2011"	"2011"	"Georgia"	"13"	"55-59 years"	"55-59"	593603
	"2011"	"2011"	"Georgia"	"13"	"60-64 years "	"60-64"	524697
	"2011"	"2011"	"Georgia"	"13"	"65-69 years"	"65-69"	372481
	"2011"	"2011"	"Georgia"	"13"	"70-74 years"	"70-74"	263581
	"2011"	"2011"	"Georgia"	"13"	"75-79 years"	"75-79"	189106
	"2011"	"2011"	"Georgia"	"13"	"80-84 years"	"80-84"	131974
	"2011"	"2011"	"Georgia"	"13"	"85+ years"	"85+"	118646
"Total"	"2011"	"2011"	"Georgia"	"13"			9803630
	"2011"	"2011"	"Hawaii"	"15"	"< 1 year"	"1"	19137
	"2011"	"2011"	"Hawaii"	"15"	"1-4 years"	"1-4"	71025
	"2011"	"2011"	"Hawaii"	"15"	"5-9 years"	"5-9"	83850
	"2011"	"2011"	"Hawaii"	"15"	"10-14 years"	"10-14"	81718
	"2011"	"2011"	"Hawaii"	"15"	"15-19 years"	"15-19"	83429
	"2011"	"2011"	"Hawaii"	"15"	"20-24 years"	"20-24"	99339
	"2011"	"2011"	"Hawaii"	"15"	"25-29 years"	"25-29"	99742
	"2011"	"2011"	"Hawaii"	"15"	"30-34 years"	"30-34"	91885
	"2011"	"2011"	"Hawaii"	"15"	"35-39 years"	"35-39"	85193
	"2011"	"2011"	"Hawaii"	"15"	"40-44 years"	"40-44"	89798
	"2011"	"2011"	"Hawaii"	"15"	"45-49 years"	"45-49"	93606
	"2011"	"2011"	"Hawaii"	"15"	"50-54 years"	"50-54"	97016
	"2011"	"2011"	"Hawaii"	"15"	"55-59 years"	"55-59"	94403
	"2011"	"2011"	"Hawaii"	"15"	"60-64 years "	"60-64"	86321
	"2011"	"2011"	"Hawaii"	"15"	"65-69 years"	"65-69"	63044
	"2011"	"2011"	"Hawaii"	"15"	"70-74 years"	"70-74"	43446
	"2011"	"2011"	"Hawaii"	"15"	"75-79 years"	"75-79"	34298
	"2011"	"2011"	"Hawaii"	"15"	"80-84 years"	"80-84"	29864
	"2011"	"2011"	"Hawaii"	"15"	"85+ years"	"85+"	32448
"Total"	"2011"	"2011"	"Hawaii"	"15"			1379562
	"2011"	"2011"	"Idaho"	"16"	"< 1 year"	"1"	22901
	"2011"	"2011"	"Idaho"	"16"	"1-4 years"	"1-4"	96577
	"2011"	"2011"	"Idaho"	"16"	"5-9 years"	"5-9"	121425
	"2011"	"2011"	"Idaho"	"16"	"10-14 years"	"10-14"	118761
	"2011"	"2011"	"Idaho"	"16"	"15-19 years"	"15-19"	114304
	"2011"	"2011"	"Idaho"	"16"	"20-24 years"	"20-24"	110337
	"2011"	"2011"	"Idaho"	"16"	"25-29 years"	"25-29"	106078
	"2011"	"2011"	"Idaho"	"16"	"30-34 years"	"30-34"	104714
	"2011"	"2011"	"Idaho"	"16"	"35-39 years"	"35-39"	95885
	"2011"	"2011"	"Idaho"	"16"	"40-44 years"	"40-44"	96711
	"2011"	"2011"	"Idaho"	"16"	"45-49 years"	"45-49"	99914
	"2011"	"2011"	"Idaho"	"16"	"50-54 years"	"50-54"	106156
	"2011"	"2011"	"Idaho"	"16"	"55-59 years"	"55-59"	99517
	"2011"	"2011"	"Idaho"	"16"	"60-64 years "	"60-64"	89237
	"2011"	"2011"	"Idaho"	"16"	"65-69 years"	"65-69"	65875
	"2011"	"2011"	"Idaho"	"16"	"70-74 years"	"70-74"	48850
	"2011"	"2011"	"Idaho"	"16"	"75-79 years"	"75-79"	35332
	"2011"	"2011"	"Idaho"	"16"	"80-84 years"	"80-84"	25809
	"2011"	"2011"	"Idaho"	"16"	"85+ years"	"85+"	25889
"Total"	"2011"	"2011"	"Idaho"	"16"			1584272
	"2011"	"2011"	"Illinois"	"17"	"< 1 year"	"1"	162099
	"2011"	"2011"	"Illinois"	"17"	"1-4 years"	"1-4"	663317
	"2011"	"2011"	"Illinois"	"17"	"5-9 years"	"5-9"	850924
	"2011"	"2011"	"Illinois"	"17"	"10-14 years"	"10-14"	872280
	"2011"	"2011"	"Illinois"	"17"	"15-19 years"	"15-19"	908093
	"2011"	"2011"	"Illinois"	"17"	"20-24 years"	"20-24"	887529
	"2011"	"2011"	"Illinois"	"17"	"25-29 years"	"25-29"	906505
	"2011"	"2011"	"Illinois"	"17"	"30-34 years"	"30-34"	881534
	"2011"	"2011"	"Illinois"	"17"	"35-39 years"	"35-39"	830080
	"2011"	"2011"	"Illinois"	"17"	"40-44 years"	"40-44"	873337
	"2011"	"2011"	"Illinois"	"17"	"45-49 years"	"45-49"	912260
	"2011"	"2011"	"Illinois"	"17"	"50-54 years"	"50-54"	938800
	"2011"	"2011"	"Illinois"	"17"	"55-59 years"	"55-59"	831180
	"2011"	"2011"	"Illinois"	"17"	"60-64 years "	"60-64"	707983
	"2011"	"2011"	"Illinois"	"17"	"65-69 years"	"65-69"	499357
	"2011"	"2011"	"Illinois"	"17"	"70-74 years"	"70-74"	374548
	"2011"	"2011"	"Illinois"	"17"	"75-79 years"	"75-79"	289985
	"2011"	"2011"	"Illinois"	"17"	"80-84 years"	"80-84"	235358
	"2011"	"2011"	"Illinois"	"17"	"85+ years"	"85+"	242614
"Total"	"2011"	"2011"	"Illinois"	"17"			12867783
	"2011"	"2011"	"Indiana"	"18"	"< 1 year"	"1"	83024
	"2011"	"2011"	"Indiana"	"18"	"1-4 years"	"1-4"	346212
	"2011"	"2011"	"Indiana"	"18"	"5-9 years"	"5-9"	441762
	"2011"	"2011"	"Indiana"	"18"	"10-14 years"	"10-14"	453288
	"2011"	"2011"	"Indiana"	"18"	"15-19 years"	"15-19"	468321
	"2011"	"2011"	"Indiana"	"18"	"20-24 years"	"20-24"	464982
	"2011"	"2011"	"Indiana"	"18"	"25-29 years"	"25-29"	416818
	"2011"	"2011"	"Indiana"	"18"	"30-34 years"	"30-34"	416540
	"2011"	"2011"	"Indiana"	"18"	"35-39 years"	"35-39"	402846
	"2011"	"2011"	"Indiana"	"18"	"40-44 years"	"40-44"	428411
	"2011"	"2011"	"Indiana"	"18"	"45-49 years"	"45-49"	458187
	"2011"	"2011"	"Indiana"	"18"	"50-54 years"	"50-54"	476756
	"2011"	"2011"	"Indiana"	"18"	"55-59 years"	"55-59"	430704
	"2011"	"2011"	"Indiana"	"18"	"60-64 years "	"60-64"	372425
	"2011"	"2011"	"Indiana"	"18"	"65-69 years"	"65-69"	264702
	"2011"	"2011"	"Indiana"	"18"	"70-74 years"	"70-74"	199500
	"2011"	"2011"	"Indiana"	"18"	"75-79 years"	"75-79"	152313
	"2011"	"2011"	"Indiana"	"18"	"80-84 years"	"80-84"	121145
	"2011"	"2011"	"Indiana"	"18"	"85+ years"	"85+"	119314
"Total"	"2011"	"2011"	"Indiana"	"18"			6517250
	"2011"	"2011"	"Iowa"	"19"	"< 1 year"	"1"	37707
	"2011"	"2011"	"Iowa"	"19"	"1-4 years"	"1-4"	162000
	"2011"	"2011"	"Iowa"	"19"	"5-9 years"	"5-9"	201942
	"2011"	"2011"	"Iowa"	"19"	"10-14 years"	"10-14"	202054
	"2011"	"2011"	"Iowa"	"19"	"15-19 years"	"15-19"	216627
	"2011"	"2011"	"Iowa"	"19"	"20-24 years"	"20-24"	218886
	"2011"	"2011"	"Iowa"	"19"	"25-29 years"	"25-29"	196882
	"2011"	"2011"	"Iowa"	"19"	"30-34 years"	"30-34"	192026
	"2011"	"2011"	"Iowa"	"19"	"35-39 years"	"35-39"	173167
	"2011"	"2011"	"Iowa"	"19"	"40-44 years"	"40-44"	187710
	"2011"	"2011"	"Iowa"	"19"	"45-49 years"	"45-49"	207039
	"2011"	"2011"	"Iowa"	"19"	"50-54 years"	"50-54"	224510
	"2011"	"2011"	"Iowa"	"19"	"55-59 years"	"55-59"	208925
	"2011"	"2011"	"Iowa"	"19"	"60-64 years "	"60-64"	180577
	"2011"	"2011"	"Iowa"	"19"	"65-69 years"	"65-69"	126312
	"2011"	"2011"	"Iowa"	"19"	"70-74 years"	"70-74"	101403
	"2011"	"2011"	"Iowa"	"19"	"75-79 years"	"75-79"	83266
	"2011"	"2011"	"Iowa"	"19"	"80-84 years"	"80-84"	69498
	"2011"	"2011"	"Iowa"	"19"	"85+ years"	"85+"	76241
"Total"	"2011"	"2011"	"Iowa"	"19"			3066772
	"2011"	"2011"	"Kansas"	"20"	"< 1 year"	"1"	39957
	"2011"	"2011"	"Kansas"	"20"	"1-4 years"	"1-4"	164565
	"2011"	"2011"	"Kansas"	"20"	"5-9 years"	"5-9"	202968
	"2011"	"2011"	"Kansas"	"20"	"10-14 years"	"10-14"	200304
	"2011"	"2011"	"Kansas"	"20"	"15-19 years"	"15-19"	203269
	"2011"	"2011"	"Kansas"	"20"	"20-24 years"	"20-24"	206848
	"2011"	"2011"	"Kansas"	"20"	"25-29 years"	"25-29"	196784
	"2011"	"2011"	"Kansas"	"20"	"30-34 years"	"30-34"	185726
	"2011"	"2011"	"Kansas"	"20"	"35-39 years"	"35-39"	169036
	"2011"	"2011"	"Kansas"	"20"	"40-44 years"	"40-44"	174658
	"2011"	"2011"	"Kansas"	"20"	"45-49 years"	"45-49"	192146
	"2011"	"2011"	"Kansas"	"20"	"50-54 years"	"50-54"	205647
	"2011"	"2011"	"Kansas"	"20"	"55-59 years"	"55-59"	187300
	"2011"	"2011"	"Kansas"	"20"	"60-64 years "	"60-64"	159194
	"2011"	"2011"	"Kansas"	"20"	"65-69 years"	"65-69"	110543
	"2011"	"2011"	"Kansas"	"20"	"70-74 years"	"70-74"	84472
	"2011"	"2011"	"Kansas"	"20"	"75-79 years"	"75-79"	68827
	"2011"	"2011"	"Kansas"	"20"	"80-84 years"	"80-84"	56910
	"2011"	"2011"	"Kansas"	"20"	"85+ years"	"85+"	60523
"Total"	"2011"	"2011"	"Kansas"	"20"			2869677
	"2011"	"2011"	"Kentucky"	"21"	"< 1 year"	"1"	55051
	"2011"	"2011"	"Kentucky"	"21"	"1-4 years"	"1-4"	225760
	"2011"	"2011"	"Kentucky"	"21"	"5-9 years"	"5-9"	282985
	"2011"	"2011"	"Kentucky"	"21"	"10-14 years"	"10-14"	286225
	"2011"	"2011"	"Kentucky"	"21"	"15-19 years"	"15-19"	291087
	"2011"	"2011"	"Kentucky"	"21"	"20-24 years"	"20-24"	302892
	"2011"	"2011"	"Kentucky"	"21"	"25-29 years"	"25-29"	282006
	"2011"	"2011"	"Kentucky"	"21"	"30-34 years"	"30-34"	286400
	"2011"	"2011"	"Kentucky"	"21"	"35-39 years"	"35-39"	276094
	"2011"	"2011"	"Kentucky"	"21"	"40-44 years"	"40-44"	294299
	"2011"	"2011"	"Kentucky"	"21"	"45-49 years"	"45-49"	315188
	"2011"	"2011"	"Kentucky"	"21"	"50-54 years"	"50-54"	322370
	"2011"	"2011"	"Kentucky"	"21"	"55-59 years"	"55-59"	294814
	"2011"	"2011"	"Kentucky"	"21"	"60-64 years "	"60-64"	265338
	"2011"	"2011"	"Kentucky"	"21"	"65-69 years"	"65-69"	189086
	"2011"	"2011"	"Kentucky"	"21"	"70-74 years"	"70-74"	144388
	"2011"	"2011"	"Kentucky"	"21"	"75-79 years"	"75-79"	106658
	"2011"	"2011"	"Kentucky"	"21"	"80-84 years"	"80-84"	78817
	"2011"	"2011"	"Kentucky"	"21"	"85+ years"	"85+"	71359
"Total"	"2011"	"2011"	"Kentucky"	"21"			4370817
	"2011"	"2011"	"Louisiana"	"22"	"< 1 year"	"1"	61719
	"2011"	"2011"	"Louisiana"	"22"	"1-4 years"	"1-4"	251902
	"2011"	"2011"	"Louisiana"	"22"	"5-9 years"	"5-9"	306905
	"2011"	"2011"	"Louisiana"	"22"	"10-14 years"	"10-14"	310322
	"2011"	"2011"	"Louisiana"	"22"	"15-19 years"	"15-19"	312811
	"2011"	"2011"	"Louisiana"	"22"	"20-24 years"	"20-24"	348061
	"2011"	"2011"	"Louisiana"	"22"	"25-29 years"	"25-29"	336177
	"2011"	"2011"	"Louisiana"	"22"	"30-34 years"	"30-34"	309238
	"2011"	"2011"	"Louisiana"	"22"	"35-39 years"	"35-39"	272662
	"2011"	"2011"	"Louisiana"	"22"	"40-44 years"	"40-44"	288449
	"2011"	"2011"	"Louisiana"	"22"	"45-49 years"	"45-49"	314919
	"2011"	"2011"	"Louisiana"	"22"	"50-54 years"	"50-54"	330752
	"2011"	"2011"	"Louisiana"	"22"	"55-59 years"	"55-59"	301439
	"2011"	"2011"	"Louisiana"	"22"	"60-64 years "	"60-64"	259057
	"2011"	"2011"	"Louisiana"	"22"	"65-69 years"	"65-69"	183081
	"2011"	"2011"	"Louisiana"	"22"	"70-74 years"	"70-74"	138173
	"2011"	"2011"	"Louisiana"	"22"	"75-79 years"	"75-79"	103924
	"2011"	"2011"	"Louisiana"	"22"	"80-84 years"	"80-84"	78093
	"2011"	"2011"	"Louisiana"	"22"	"85+ years"	"85+"	68560
"Total"	"2011"	"2011"	"Louisiana"	"22"			4576244
	"2011"	"2011"	"Maine"	"23"	"< 1 year"	"1"	12608
	"2011"	"2011"	"Maine"	"23"	"1-4 years"	"1-4"	55058
	"2011"	"2011"	"Maine"	"23"	"5-9 years"	"5-9"	73382
	"2011"	"2011"	"Maine"	"23"	"10-14 years"	"10-14"	77977
	"2011"	"2011"	"Maine"	"23"	"15-19 years"	"15-19"	86535
	"2011"	"2011"	"Maine"	"23"	"20-24 years"	"20-24"	80164
	"2011"	"2011"	"Maine"	"23"	"25-29 years"	"25-29"	73715
	"2011"	"2011"	"Maine"	"23"	"30-34 years"	"30-34"	72994
	"2011"	"2011"	"Maine"	"23"	"35-39 years"	"35-39"	75284
	"2011"	"2011"	"Maine"	"23"	"40-44 years"	"40-44"	90035
	"2011"	"2011"	"Maine"	"23"	"45-49 years"	"45-49"	103304
	"2011"	"2011"	"Maine"	"23"	"50-54 years"	"50-54"	111446
	"2011"	"2011"	"Maine"	"23"	"55-59 years"	"55-59"	104659
	"2011"	"2011"	"Maine"	"23"	"60-64 years "	"60-64"	95311
	"2011"	"2011"	"Maine"	"23"	"65-69 years"	"65-69"	67430
	"2011"	"2011"	"Maine"	"23"	"70-74 years"	"70-74"	48981
	"2011"	"2011"	"Maine"	"23"	"75-79 years"	"75-79"	39025
	"2011"	"2011"	"Maine"	"23"	"80-84 years"	"80-84"	30553
	"2011"	"2011"	"Maine"	"23"	"85+ years"	"85+"	30012
"Total"	"2011"	"2011"	"Maine"	"23"			1328473
	"2011"	"2011"	"Maryland"	"24"	"< 1 year"	"1"	73330
	"2011"	"2011"	"Maryland"	"24"	"1-4 years"	"1-4"	294297
	"2011"	"2011"	"Maryland"	"24"	"5-9 years"	"5-9"	366289
	"2011"	"2011"	"Maryland"	"24"	"10-14 years"	"10-14"	379108
	"2011"	"2011"	"Maryland"	"24"	"15-19 years"	"15-19"	402537
	"2011"	"2011"	"Maryland"	"24"	"20-24 years"	"20-24"	399764
	"2011"	"2011"	"Maryland"	"24"	"25-29 years"	"25-29"	401778
	"2011"	"2011"	"Maryland"	"24"	"30-34 years"	"30-34"	383230
	"2011"	"2011"	"Maryland"	"24"	"35-39 years"	"35-39"	365020
	"2011"	"2011"	"Maryland"	"24"	"40-44 years"	"40-44"	415619
	"2011"	"2011"	"Maryland"	"24"	"45-49 years"	"45-49"	453150
	"2011"	"2011"	"Maryland"	"24"	"50-54 years"	"50-54"	449889
	"2011"	"2011"	"Maryland"	"24"	"55-59 years"	"55-59"	390147
	"2011"	"2011"	"Maryland"	"24"	"60-64 years "	"60-64"	336362
	"2011"	"2011"	"Maryland"	"24"	"65-69 years"	"65-69"	235826
	"2011"	"2011"	"Maryland"	"24"	"70-74 years"	"70-74"	167180
	"2011"	"2011"	"Maryland"	"24"	"75-79 years"	"75-79"	125732
	"2011"	"2011"	"Maryland"	"24"	"80-84 years"	"80-84"	98681
	"2011"	"2011"	"Maryland"	"24"	"85+ years"	"85+"	102302
"Total"	"2011"	"2011"	"Maryland"	"24"			5840241
	"2011"	"2011"	"Massachusetts"	"25"	"< 1 year"	"1"	73432
	"2011"	"2011"	"Massachusetts"	"25"	"1-4 years"	"1-4"	293985
	"2011"	"2011"	"Massachusetts"	"25"	"5-9 years"	"5-9"	382960
	"2011"	"2011"	"Massachusetts"	"25"	"10-14 years"	"10-14"	402870
	"2011"	"2011"	"Massachusetts"	"25"	"15-19 years"	"15-19"	467630
	"2011"	"2011"	"Massachusetts"	"25"	"20-24 years"	"20-24"	481148
	"2011"	"2011"	"Massachusetts"	"25"	"25-29 years"	"25-29"	457435
	"2011"	"2011"	"Massachusetts"	"25"	"30-34 years"	"30-34"	416979
	"2011"	"2011"	"Massachusetts"	"25"	"35-39 years"	"35-39"	402574
	"2011"	"2011"	"Massachusetts"	"25"	"40-44 years"	"40-44"	462451
	"2011"	"2011"	"Massachusetts"	"25"	"45-49 years"	"45-49"	506807
	"2011"	"2011"	"Massachusetts"	"25"	"50-54 years"	"50-54"	505224
	"2011"	"2011"	"Massachusetts"	"25"	"55-59 years"	"55-59"	446462
	"2011"	"2011"	"Massachusetts"	"25"	"60-64 years "	"60-64"	392266
	"2011"	"2011"	"Massachusetts"	"25"	"65-69 years"	"65-69"	276677
	"2011"	"2011"	"Massachusetts"	"25"	"70-74 years"	"70-74"	197954
	"2011"	"2011"	"Massachusetts"	"25"	"75-79 years"	"75-79"	161053
	"2011"	"2011"	"Massachusetts"	"25"	"80-84 years"	"80-84"	136795
	"2011"	"2011"	"Massachusetts"	"25"	"85+ years"	"85+"	149516
"Total"	"2011"	"2011"	"Massachusetts"	"25"			6614218
	"2011"	"2011"	"Michigan"	"26"	"< 1 year"	"1"	113702
	"2011"	"2011"	"Michigan"	"26"	"1-4 years"	"1-4"	473300
	"2011"	"2011"	"Michigan"	"26"	"5-9 years"	"5-9"	624465
	"2011"	"2011"	"Michigan"	"26"	"10-14 years"	"10-14"	668073
	"2011"	"2011"	"Michigan"	"26"	"15-19 years"	"15-19"	716638
	"2011"	"2011"	"Michigan"	"26"	"20-24 years"	"20-24"	699292
	"2011"	"2011"	"Michigan"	"26"	"25-29 years"	"25-29"	586889
	"2011"	"2011"	"Michigan"	"26"	"30-34 years"	"30-34"	582302
	"2011"	"2011"	"Michigan"	"26"	"35-39 years"	"35-39"	578786
	"2011"	"2011"	"Michigan"	"26"	"40-44 years"	"40-44"	661498
	"2011"	"2011"	"Michigan"	"26"	"45-49 years"	"45-49"	718824
	"2011"	"2011"	"Michigan"	"26"	"50-54 years"	"50-54"	763636
	"2011"	"2011"	"Michigan"	"26"	"55-59 years"	"55-59"	700026
	"2011"	"2011"	"Michigan"	"26"	"60-64 years "	"60-64"	606984
	"2011"	"2011"	"Michigan"	"26"	"65-69 years"	"65-69"	430759
	"2011"	"2011"	"Michigan"	"26"	"70-74 years"	"70-74"	316022
	"2011"	"2011"	"Michigan"	"26"	"75-79 years"	"75-79"	244080
	"2011"	"2011"	"Michigan"	"26"	"80-84 years"	"80-84"	199509
	"2011"	"2011"	"Michigan"	"26"	"85+ years"	"85+"	198268
"Total"	"2011"	"2011"	"Michigan"	"26"			9883053
	"2011"	"2011"	"Minnesota"	"27"	"< 1 year"	"1"	68499
	"2011"	"2011"	"Minnesota"	"27"	"1-4 years"	"1-4"	284936
	"2011"	"2011"	"Minnesota"	"27"	"5-9 years"	"5-9"	357129
	"2011"	"2011"	"Minnesota"	"27"	"10-14 years"	"10-14"	353650
	"2011"	"2011"	"Minnesota"	"27"	"15-19 years"	"15-19"	367414
	"2011"	"2011"	"Minnesota"	"27"	"20-24 years"	"20-24"	354292
	"2011"	"2011"	"Minnesota"	"27"	"25-29 years"	"25-29"	371194
	"2011"	"2011"	"Minnesota"	"27"	"30-34 years"	"30-34"	357802
	"2011"	"2011"	"Minnesota"	"27"	"35-39 years"	"35-39"	318974
	"2011"	"2011"	"Minnesota"	"27"	"40-44 years"	"40-44"	351347
	"2011"	"2011"	"Minnesota"	"27"	"45-49 years"	"45-49"	389750
	"2011"	"2011"	"Minnesota"	"27"	"50-54 years"	"50-54"	409426
	"2011"	"2011"	"Minnesota"	"27"	"55-59 years"	"55-59"	360829
	"2011"	"2011"	"Minnesota"	"27"	"60-64 years "	"60-64"	302263
	"2011"	"2011"	"Minnesota"	"27"	"65-69 years"	"65-69"	208725
	"2011"	"2011"	"Minnesota"	"27"	"70-74 years"	"70-74"	157697
	"2011"	"2011"	"Minnesota"	"27"	"75-79 years"	"75-79"	123063
	"2011"	"2011"	"Minnesota"	"27"	"80-84 years"	"80-84"	100033
	"2011"	"2011"	"Minnesota"	"27"	"85+ years"	"85+"	109597
"Total"	"2011"	"2011"	"Minnesota"	"27"			5346620
	"2011"	"2011"	"Mississippi"	"28"	"< 1 year"	"1"	39225
	"2011"	"2011"	"Mississippi"	"28"	"1-4 years"	"1-4"	167696
	"2011"	"2011"	"Mississippi"	"28"	"5-9 years"	"5-9"	205210
	"2011"	"2011"	"Mississippi"	"28"	"10-14 years"	"10-14"	208995
	"2011"	"2011"	"Mississippi"	"28"	"15-19 years"	"15-19"	216789
	"2011"	"2011"	"Mississippi"	"28"	"20-24 years"	"20-24"	219258
	"2011"	"2011"	"Mississippi"	"28"	"25-29 years"	"25-29"	196850
	"2011"	"2011"	"Mississippi"	"28"	"30-34 years"	"30-34"	193182
	"2011"	"2011"	"Mississippi"	"28"	"35-39 years"	"35-39"	181972
	"2011"	"2011"	"Mississippi"	"28"	"40-44 years"	"40-44"	189449
	"2011"	"2011"	"Mississippi"	"28"	"45-49 years"	"45-49"	201737
	"2011"	"2011"	"Mississippi"	"28"	"50-54 years"	"50-54"	209240
	"2011"	"2011"	"Mississippi"	"28"	"55-59 years"	"55-59"	191088
	"2011"	"2011"	"Mississippi"	"28"	"60-64 years "	"60-64"	169848
	"2011"	"2011"	"Mississippi"	"28"	"65-69 years"	"65-69"	123092
	"2011"	"2011"	"Mississippi"	"28"	"70-74 years"	"70-74"	96070
	"2011"	"2011"	"Mississippi"	"28"	"75-79 years"	"75-79"	71187
	"2011"	"2011"	"Mississippi"	"28"	"80-84 years"	"80-84"	52392
	"2011"	"2011"	"Mississippi"	"28"	"85+ years"	"85+"	45867
"Total"	"2011"	"2011"	"Mississippi"	"28"			2979147
	"2011"	"2011"	"Missouri"	"29"	"< 1 year"	"1"	75738
	"2011"	"2011"	"Missouri"	"29"	"1-4 years"	"1-4"	309677
	"2011"	"2011"	"Missouri"	"29"	"5-9 years"	"5-9"	389650
	"2011"	"2011"	"Missouri"	"29"	"10-14 years"	"10-14"	396870
	"2011"	"2011"	"Missouri"	"29"	"15-19 years"	"15-19"	413196
	"2011"	"2011"	"Missouri"	"29"	"20-24 years"	"20-24"	421109
	"2011"	"2011"	"Missouri"	"29"	"25-29 years"	"25-29"	403652
	"2011"	"2011"	"Missouri"	"29"	"30-34 years"	"30-34"	384689
	"2011"	"2011"	"Missouri"	"29"	"35-39 years"	"35-39"	355038
	"2011"	"2011"	"Missouri"	"29"	"40-44 years"	"40-44"	381697
	"2011"	"2011"	"Missouri"	"29"	"45-49 years"	"45-49"	424391
	"2011"	"2011"	"Missouri"	"29"	"50-54 years"	"50-54"	448813
	"2011"	"2011"	"Missouri"	"29"	"55-59 years"	"55-59"	400797
	"2011"	"2011"	"Missouri"	"29"	"60-64 years "	"60-64"	353016
	"2011"	"2011"	"Missouri"	"29"	"65-69 years"	"65-69"	260948
	"2011"	"2011"	"Missouri"	"29"	"70-74 years"	"70-74"	199389
	"2011"	"2011"	"Missouri"	"29"	"75-79 years"	"75-79"	156014
	"2011"	"2011"	"Missouri"	"29"	"80-84 years"	"80-84"	119404
	"2011"	"2011"	"Missouri"	"29"	"85+ years"	"85+"	117094
"Total"	"2011"	"2011"	"Missouri"	"29"			6011182
	"2011"	"2011"	"Montana"	"30"	"< 1 year"	"1"	12021
	"2011"	"2011"	"Montana"	"30"	"1-4 years"	"1-4"	50045
	"2011"	"2011"	"Montana"	"30"	"5-9 years"	"5-9"	61364
	"2011"	"2011"	"Montana"	"30"	"10-14 years"	"10-14"	61383
	"2011"	"2011"	"Montana"	"30"	"15-19 years"	"15-19"	66162
	"2011"	"2011"	"Montana"	"30"	"20-24 years"	"20-24"	69159
	"2011"	"2011"	"Montana"	"30"	"25-29 years"	"25-29"	63955
	"2011"	"2011"	"Montana"	"30"	"30-34 years"	"30-34"	61134
	"2011"	"2011"	"Montana"	"30"	"35-39 years"	"35-39"	54570
	"2011"	"2011"	"Montana"	"30"	"40-44 years"	"40-44"	57831
	"2011"	"2011"	"Montana"	"30"	"45-49 years"	"45-49"	66623
	"2011"	"2011"	"Montana"	"30"	"50-54 years"	"50-54"	77748
	"2011"	"2011"	"Montana"	"30"	"55-59 years"	"55-59"	77141
	"2011"	"2011"	"Montana"	"30"	"60-64 years "	"60-64"	67866
	"2011"	"2011"	"Montana"	"30"	"65-69 years"	"65-69"	47835
	"2011"	"2011"	"Montana"	"30"	"70-74 years"	"70-74"	35750
	"2011"	"2011"	"Montana"	"30"	"75-79 years"	"75-79"	26028
	"2011"	"2011"	"Montana"	"30"	"80-84 years"	"80-84"	20440
	"2011"	"2011"	"Montana"	"30"	"85+ years"	"85+"	20463
"Total"	"2011"	"2011"	"Montana"	"30"			997518
	"2011"	"2011"	"Nebraska"	"31"	"< 1 year"	"1"	25624
	"2011"	"2011"	"Nebraska"	"31"	"1-4 years"	"1-4"	105726
	"2011"	"2011"	"Nebraska"	"31"	"5-9 years"	"5-9"	130397
	"2011"	"2011"	"Nebraska"	"31"	"10-14 years"	"10-14"	124296
	"2011"	"2011"	"Nebraska"	"31"	"15-19 years"	"15-19"	129382
	"2011"	"2011"	"Nebraska"	"31"	"20-24 years"	"20-24"	129280
	"2011"	"2011"	"Nebraska"	"31"	"25-29 years"	"25-29"	128525
	"2011"	"2011"	"Nebraska"	"31"	"30-34 years"	"30-34"	121022
	"2011"	"2011"	"Nebraska"	"31"	"35-39 years"	"35-39"	109132
	"2011"	"2011"	"Nebraska"	"31"	"40-44 years"	"40-44"	110954
	"2011"	"2011"	"Nebraska"	"31"	"45-49 years"	"45-49"	122604
	"2011"	"2011"	"Nebraska"	"31"	"50-54 years"	"50-54"	131074
	"2011"	"2011"	"Nebraska"	"31"	"55-59 years"	"55-59"	120520
	"2011"	"2011"	"Nebraska"	"31"	"60-64 years "	"60-64"	103047
	"2011"	"2011"	"Nebraska"	"31"	"65-69 years"	"65-69"	70585
	"2011"	"2011"	"Nebraska"	"31"	"70-74 years"	"70-74"	54946
	"2011"	"2011"	"Nebraska"	"31"	"75-79 years"	"75-79"	45820
	"2011"	"2011"	"Nebraska"	"31"	"80-84 years"	"80-84"	37857
	"2011"	"2011"	"Nebraska"	"31"	"85+ years"	"85+"	40123
"Total"	"2011"	"2011"	"Nebraska"	"31"			1840914
	"2011"	"2011"	"Nevada"	"32"	"< 1 year"	"1"	35618
	"2011"	"2011"	"Nevada"	"32"	"1-4 years"	"1-4"	148046
	"2011"	"2011"	"Nevada"	"32"	"5-9 years"	"5-9"	181712
	"2011"	"2011"	"Nevada"	"32"	"10-14 years"	"10-14"	182225
	"2011"	"2011"	"Nevada"	"32"	"15-19 years"	"15-19"	176311
	"2011"	"2011"	"Nevada"	"32"	"20-24 years"	"20-24"	182081
	"2011"	"2011"	"Nevada"	"32"	"25-29 years"	"25-29"	194929
	"2011"	"2011"	"Nevada"	"32"	"30-34 years"	"30-34"	192627
	"2011"	"2011"	"Nevada"	"32"	"35-39 years"	"35-39"	184301
	"2011"	"2011"	"Nevada"	"32"	"40-44 years"	"40-44"	193676
	"2011"	"2011"	"Nevada"	"32"	"45-49 years"	"45-49"	191147
	"2011"	"2011"	"Nevada"	"32"	"50-54 years"	"50-54"	184889
	"2011"	"2011"	"Nevada"	"32"	"55-59 years"	"55-59"	168422
	"2011"	"2011"	"Nevada"	"32"	"60-64 years "	"60-64"	157669
	"2011"	"2011"	"Nevada"	"32"	"65-69 years"	"65-69"	120191
	"2011"	"2011"	"Nevada"	"32"	"70-74 years"	"70-74"	87220
	"2011"	"2011"	"Nevada"	"32"	"75-79 years"	"75-79"	59753
	"2011"	"2011"	"Nevada"	"32"	"80-84 years"	"80-84"	40060
	"2011"	"2011"	"Nevada"	"32"	"85+ years"	"85+"	32237
"Total"	"2011"	"2011"	"Nevada"	"32"			2713114
	"2011"	"2011"	"New Hampshire"	"33"	"< 1 year"	"1"	13090
	"2011"	"2011"	"New Hampshire"	"33"	"1-4 years"	"1-4"	55141
	"2011"	"2011"	"New Hampshire"	"33"	"5-9 years"	"5-9"	76349
	"2011"	"2011"	"New Hampshire"	"33"	"10-14 years"	"10-14"	82755
	"2011"	"2011"	"New Hampshire"	"33"	"15-19 years"	"15-19"	94083
	"2011"	"2011"	"New Hampshire"	"33"	"20-24 years"	"20-24"	85829
	"2011"	"2011"	"New Hampshire"	"33"	"25-29 years"	"25-29"	74482
	"2011"	"2011"	"New Hampshire"	"33"	"30-34 years"	"30-34"	72825
	"2011"	"2011"	"New Hampshire"	"33"	"35-39 years"	"35-39"	76506
	"2011"	"2011"	"New Hampshire"	"33"	"40-44 years"	"40-44"	95257
	"2011"	"2011"	"New Hampshire"	"33"	"45-49 years"	"45-49"	108975
	"2011"	"2011"	"New Hampshire"	"33"	"50-54 years"	"50-54"	114335
	"2011"	"2011"	"New Hampshire"	"33"	"55-59 years"	"55-59"	99602
	"2011"	"2011"	"New Hampshire"	"33"	"60-64 years "	"60-64"	86843
	"2011"	"2011"	"New Hampshire"	"33"	"65-69 years"	"65-69"	59856
	"2011"	"2011"	"New Hampshire"	"33"	"70-74 years"	"70-74"	41296
	"2011"	"2011"	"New Hampshire"	"33"	"75-79 years"	"75-79"	32032
	"2011"	"2011"	"New Hampshire"	"33"	"80-84 years"	"80-84"	25238
	"2011"	"2011"	"New Hampshire"	"33"	"85+ years"	"85+"	25950
"Total"	"2011"	"2011"	"New Hampshire"	"33"			1320444
	"2011"	"2011"	"New Jersey"	"34"	"< 1 year"	"1"	106822
	"2011"	"2011"	"New Jersey"	"34"	"1-4 years"	"1-4"	432352
	"2011"	"2011"	"New Jersey"	"34"	"5-9 years"	"5-9"	560218
	"2011"	"2011"	"New Jersey"	"34"	"10-14 years"	"10-14"	583230
	"2011"	"2011"	"New Jersey"	"34"	"15-19 years"	"15-19"	595388
	"2011"	"2011"	"New Jersey"	"34"	"20-24 years"	"20-24"	547511
	"2011"	"2011"	"New Jersey"	"34"	"25-29 years"	"25-29"	556548
	"2011"	"2011"	"New Jersey"	"34"	"30-34 years"	"30-34"	563809
	"2011"	"2011"	"New Jersey"	"34"	"35-39 years"	"35-39"	567653
	"2011"	"2011"	"New Jersey"	"34"	"40-44 years"	"40-44"	641247
	"2011"	"2011"	"New Jersey"	"34"	"45-49 years"	"45-49"	691353
	"2011"	"2011"	"New Jersey"	"34"	"50-54 years"	"50-54"	684379
	"2011"	"2011"	"New Jersey"	"34"	"55-59 years"	"55-59"	586292
	"2011"	"2011"	"New Jersey"	"34"	"60-64 years "	"60-64"	501567
	"2011"	"2011"	"New Jersey"	"34"	"65-69 years"	"65-69"	365194
	"2011"	"2011"	"New Jersey"	"34"	"70-74 years"	"70-74"	267214
	"2011"	"2011"	"New Jersey"	"34"	"75-79 years"	"75-79"	213880
	"2011"	"2011"	"New Jersey"	"34"	"80-84 years"	"80-84"	178590
	"2011"	"2011"	"New Jersey"	"34"	"85+ years"	"85+"	185305
"Total"	"2011"	"2011"	"New Jersey"	"34"			8828552
	"2011"	"2011"	"New Mexico"	"35"	"< 1 year"	"1"	27716
	"2011"	"2011"	"New Mexico"	"35"	"1-4 years"	"1-4"	116326
	"2011"	"2011"	"New Mexico"	"35"	"5-9 years"	"5-9"	144216
	"2011"	"2011"	"New Mexico"	"35"	"10-14 years"	"10-14"	142791
	"2011"	"2011"	"New Mexico"	"35"	"15-19 years"	"15-19"	146773
	"2011"	"2011"	"New Mexico"	"35"	"20-24 years"	"20-24"	147818
	"2011"	"2011"	"New Mexico"	"35"	"25-29 years"	"25-29"	141615
	"2011"	"2011"	"New Mexico"	"35"	"30-34 years"	"30-34"	132315
	"2011"	"2011"	"New Mexico"	"35"	"35-39 years"	"35-39"	121489
	"2011"	"2011"	"New Mexico"	"35"	"40-44 years"	"40-44"	125922
	"2011"	"2011"	"New Mexico"	"35"	"45-49 years"	"45-49"	137853
	"2011"	"2011"	"New Mexico"	"35"	"50-54 years"	"50-54"	147836
	"2011"	"2011"	"New Mexico"	"35"	"55-59 years"	"55-59"	139285
	"2011"	"2011"	"New Mexico"	"35"	"60-64 years "	"60-64"	127074
	"2011"	"2011"	"New Mexico"	"35"	"65-69 years"	"65-69"	91369
	"2011"	"2011"	"New Mexico"	"35"	"70-74 years"	"70-74"	68507
	"2011"	"2011"	"New Mexico"	"35"	"75-79 years"	"75-79"	51268
	"2011"	"2011"	"New Mexico"	"35"	"80-84 years"	"80-84"	37221
	"2011"	"2011"	"New Mexico"	"35"	"85+ years"	"85+"	33313
"Total"	"2011"	"2011"	"New Mexico"	"35"			2080707
	"2011"	"2011"	"New York"	"36"	"< 1 year"	"1"	244114
	"2011"	"2011"	"New York"	"36"	"1-4 years"	"1-4"	926438
	"2011"	"2011"	"New York"	"36"	"5-9 years"	"5-9"	1155464
	"2011"	"2011"	"New York"	"36"	"10-14 years"	"10-14"	1198236
	"2011"	"2011"	"New York"	"36"	"15-19 years"	"15-19"	1331794
	"2011"	"2011"	"New York"	"36"	"20-24 years"	"20-24"	1432074
	"2011"	"2011"	"New York"	"36"	"25-29 years"	"25-29"	1409252
	"2011"	"2011"	"New York"	"36"	"30-34 years"	"30-34"	1311423
	"2011"	"2011"	"New York"	"36"	"35-39 years"	"35-39"	1216539
	"2011"	"2011"	"New York"	"36"	"40-44 years"	"40-44"	1343213
	"2011"	"2011"	"New York"	"36"	"45-49 years"	"45-49"	1433305
	"2011"	"2011"	"New York"	"36"	"50-54 years"	"50-54"	1436212
	"2011"	"2011"	"New York"	"36"	"55-59 years"	"55-59"	1269907
	"2011"	"2011"	"New York"	"36"	"60-64 years "	"60-64"	1120066
	"2011"	"2011"	"New York"	"36"	"65-69 years"	"65-69"	800149
	"2011"	"2011"	"New York"	"36"	"70-74 years"	"70-74"	601786
	"2011"	"2011"	"New York"	"36"	"75-79 years"	"75-79"	474760
	"2011"	"2011"	"New York"	"36"	"80-84 years"	"80-84"	390528
	"2011"	"2011"	"New York"	"36"	"85+ years"	"85+"	404661
"Total"	"2011"	"2011"	"New York"	"36"			19499921
	"2011"	"2011"	"North Carolina"	"37"	"< 1 year"	"1"	120509
	"2011"	"2011"	"North Carolina"	"37"	"1-4 years"	"1-4"	505150
	"2011"	"2011"	"North Carolina"	"37"	"5-9 years"	"5-9"	635387
	"2011"	"2011"	"North Carolina"	"37"	"10-14 years"	"10-14"	642712
	"2011"	"2011"	"North Carolina"	"37"	"15-19 years"	"15-19"	654799
	"2011"	"2011"	"North Carolina"	"37"	"20-24 years"	"20-24"	684414
	"2011"	"2011"	"North Carolina"	"37"	"25-29 years"	"25-29"	631522
	"2011"	"2011"	"North Carolina"	"37"	"30-34 years"	"30-34"	628750
	"2011"	"2011"	"North Carolina"	"37"	"35-39 years"	"35-39"	634016
	"2011"	"2011"	"North Carolina"	"37"	"40-44 years"	"40-44"	682708
	"2011"	"2011"	"North Carolina"	"37"	"45-49 years"	"45-49"	691128
	"2011"	"2011"	"North Carolina"	"37"	"50-54 years"	"50-54"	682276
	"2011"	"2011"	"North Carolina"	"37"	"55-59 years"	"55-59"	620060
	"2011"	"2011"	"North Carolina"	"37"	"60-64 years "	"60-64"	567033
	"2011"	"2011"	"North Carolina"	"37"	"65-69 years"	"65-69"	420168
	"2011"	"2011"	"North Carolina"	"37"	"70-74 years"	"70-74"	306070
	"2011"	"2011"	"North Carolina"	"37"	"75-79 years"	"75-79"	230992
	"2011"	"2011"	"North Carolina"	"37"	"80-84 years"	"80-84"	167219
	"2011"	"2011"	"North Carolina"	"37"	"85+ years"	"85+"	154000
"Total"	"2011"	"2011"	"North Carolina"	"37"			9658913
	"2011"	"2011"	"North Dakota"	"38"	"< 1 year"	"1"	9167
	"2011"	"2011"	"North Dakota"	"38"	"1-4 years"	"1-4"	36610
	"2011"	"2011"	"North Dakota"	"38"	"5-9 years"	"5-9"	41949
	"2011"	"2011"	"North Dakota"	"38"	"10-14 years"	"10-14"	39967
	"2011"	"2011"	"North Dakota"	"38"	"15-19 years"	"15-19"	47549
	"2011"	"2011"	"North Dakota"	"38"	"20-24 years"	"20-24"	61204
	"2011"	"2011"	"North Dakota"	"38"	"25-29 years"	"25-29"	51230
	"2011"	"2011"	"North Dakota"	"38"	"30-34 years"	"30-34"	43788
	"2011"	"2011"	"North Dakota"	"38"	"35-39 years"	"35-39"	37009
	"2011"	"2011"	"North Dakota"	"38"	"40-44 years"	"40-44"	38358
	"2011"	"2011"	"North Dakota"	"38"	"45-49 years"	"45-49"	43949
	"2011"	"2011"	"North Dakota"	"38"	"50-54 years"	"50-54"	50221
	"2011"	"2011"	"North Dakota"	"38"	"55-59 years"	"55-59"	47521
	"2011"	"2011"	"North Dakota"	"38"	"60-64 years "	"60-64"	38531
	"2011"	"2011"	"North Dakota"	"38"	"65-69 years"	"65-69"	26906
	"2011"	"2011"	"North Dakota"	"38"	"70-74 years"	"70-74"	20852
	"2011"	"2011"	"North Dakota"	"38"	"75-79 years"	"75-79"	18165
	"2011"	"2011"	"North Dakota"	"38"	"80-84 years"	"80-84"	15381
	"2011"	"2011"	"North Dakota"	"38"	"85+ years"	"85+"	17169
"Total"	"2011"	"2011"	"North Dakota"	"38"			685526
	"2011"	"2011"	"Ohio"	"39"	"< 1 year"	"1"	137048
	"2011"	"2011"	"Ohio"	"39"	"1-4 years"	"1-4"	571959
	"2011"	"2011"	"Ohio"	"39"	"5-9 years"	"5-9"	737955
	"2011"	"2011"	"Ohio"	"39"	"10-14 years"	"10-14"	771528
	"2011"	"2011"	"Ohio"	"39"	"15-19 years"	"15-19"	805963
	"2011"	"2011"	"Ohio"	"39"	"20-24 years"	"20-24"	781046
	"2011"	"2011"	"Ohio"	"39"	"25-29 years"	"25-29"	718461
	"2011"	"2011"	"Ohio"	"39"	"30-34 years"	"30-34"	705773
	"2011"	"2011"	"Ohio"	"39"	"35-39 years"	"35-39"	683694
	"2011"	"2011"	"Ohio"	"39"	"40-44 years"	"40-44"	762960
	"2011"	"2011"	"Ohio"	"39"	"45-49 years"	"45-49"	822596
	"2011"	"2011"	"Ohio"	"39"	"50-54 years"	"50-54"	886282
	"2011"	"2011"	"Ohio"	"39"	"55-59 years"	"55-59"	806798
	"2011"	"2011"	"Ohio"	"39"	"60-64 years "	"60-64"	709085
	"2011"	"2011"	"Ohio"	"39"	"65-69 years"	"65-69"	488225
	"2011"	"2011"	"Ohio"	"39"	"70-74 years"	"70-74"	380032
	"2011"	"2011"	"Ohio"	"39"	"75-79 years"	"75-79"	296715
	"2011"	"2011"	"Ohio"	"39"	"80-84 years"	"80-84"	242027
	"2011"	"2011"	"Ohio"	"39"	"85+ years"	"85+"	237588
"Total"	"2011"	"2011"	"Ohio"	"39"			11545735
	"2011"	"2011"	"Oklahoma"	"40"	"< 1 year"	"1"	52192
	"2011"	"2011"	"Oklahoma"	"40"	"1-4 years"	"1-4"	213269
	"2011"	"2011"	"Oklahoma"	"40"	"5-9 years"	"5-9"	261973
	"2011"	"2011"	"Oklahoma"	"40"	"10-14 years"	"10-14"	257822
	"2011"	"2011"	"Oklahoma"	"40"	"15-19 years"	"15-19"	259093
	"2011"	"2011"	"Oklahoma"	"40"	"20-24 years"	"20-24"	277546
	"2011"	"2011"	"Oklahoma"	"40"	"25-29 years"	"25-29"	266482
	"2011"	"2011"	"Oklahoma"	"40"	"30-34 years"	"30-34"	249959
	"2011"	"2011"	"Oklahoma"	"40"	"35-39 years"	"35-39"	228895
	"2011"	"2011"	"Oklahoma"	"40"	"40-44 years"	"40-44"	232504
	"2011"	"2011"	"Oklahoma"	"40"	"45-49 years"	"45-49"	250113
	"2011"	"2011"	"Oklahoma"	"40"	"50-54 years"	"50-54"	266135
	"2011"	"2011"	"Oklahoma"	"40"	"55-59 years"	"55-59"	242448
	"2011"	"2011"	"Oklahoma"	"40"	"60-64 years "	"60-64"	214618
	"2011"	"2011"	"Oklahoma"	"40"	"65-69 years"	"65-69"	161929
	"2011"	"2011"	"Oklahoma"	"40"	"70-74 years"	"70-74"	124458
	"2011"	"2011"	"Oklahoma"	"40"	"75-79 years"	"75-79"	96024
	"2011"	"2011"	"Oklahoma"	"40"	"80-84 years"	"80-84"	69661
	"2011"	"2011"	"Oklahoma"	"40"	"85+ years"	"85+"	63703
"Total"	"2011"	"2011"	"Oklahoma"	"40"			3788824
	"2011"	"2011"	"Oregon"	"41"	"< 1 year"	"1"	45613
	"2011"	"2011"	"Oregon"	"41"	"1-4 years"	"1-4"	190787
	"2011"	"2011"	"Oregon"	"41"	"5-9 years"	"5-9"	237511
	"2011"	"2011"	"Oregon"	"41"	"10-14 years"	"10-14"	242636
	"2011"	"2011"	"Oregon"	"41"	"15-19 years"	"15-19"	249725
	"2011"	"2011"	"Oregon"	"41"	"20-24 years"	"20-24"	261878
	"2011"	"2011"	"Oregon"	"41"	"25-29 years"	"25-29"	265510
	"2011"	"2011"	"Oregon"	"41"	"30-34 years"	"30-34"	266116
	"2011"	"2011"	"Oregon"	"41"	"35-39 years"	"35-39"	247902
	"2011"	"2011"	"Oregon"	"41"	"40-44 years"	"40-44"	255078
	"2011"	"2011"	"Oregon"	"41"	"45-49 years"	"45-49"	254965
	"2011"	"2011"	"Oregon"	"41"	"50-54 years"	"50-54"	274782
	"2011"	"2011"	"Oregon"	"41"	"55-59 years"	"55-59"	276186
	"2011"	"2011"	"Oregon"	"41"	"60-64 years "	"60-64"	253084
	"2011"	"2011"	"Oregon"	"41"	"65-69 years"	"65-69"	177981
	"2011"	"2011"	"Oregon"	"41"	"70-74 years"	"70-74"	127065
	"2011"	"2011"	"Oregon"	"41"	"75-79 years"	"75-79"	92596
	"2011"	"2011"	"Oregon"	"41"	"80-84 years"	"80-84"	73321
	"2011"	"2011"	"Oregon"	"41"	"85+ years"	"85+"	79936
"Total"	"2011"	"2011"	"Oregon"	"41"			3872672
	"2011"	"2011"	"Pennsylvania"	"42"	"< 1 year"	"1"	142402
	"2011"	"2011"	"Pennsylvania"	"42"	"1-4 years"	"1-4"	583349
	"2011"	"2011"	"Pennsylvania"	"42"	"5-9 years"	"5-9"	749332
	"2011"	"2011"	"Pennsylvania"	"42"	"10-14 years"	"10-14"	785027
	"2011"	"2011"	"Pennsylvania"	"42"	"15-19 years"	"15-19"	885929
	"2011"	"2011"	"Pennsylvania"	"42"	"20-24 years"	"20-24"	888619
	"2011"	"2011"	"Pennsylvania"	"42"	"25-29 years"	"25-29"	799793
	"2011"	"2011"	"Pennsylvania"	"42"	"30-34 years"	"30-34"	752673
	"2011"	"2011"	"Pennsylvania"	"42"	"35-39 years"	"35-39"	729156
	"2011"	"2011"	"Pennsylvania"	"42"	"40-44 years"	"40-44"	844535
	"2011"	"2011"	"Pennsylvania"	"42"	"45-49 years"	"45-49"	926690
	"2011"	"2011"	"Pennsylvania"	"42"	"50-54 years"	"50-54"	986823
	"2011"	"2011"	"Pennsylvania"	"42"	"55-59 years"	"55-59"	904261
	"2011"	"2011"	"Pennsylvania"	"42"	"60-64 years "	"60-64"	790130
	"2011"	"2011"	"Pennsylvania"	"42"	"65-69 years"	"65-69"	565027
	"2011"	"2011"	"Pennsylvania"	"42"	"70-74 years"	"70-74"	434632
	"2011"	"2011"	"Pennsylvania"	"42"	"75-79 years"	"75-79"	356113
	"2011"	"2011"	"Pennsylvania"	"42"	"80-84 years"	"80-84"	307366
	"2011"	"2011"	"Pennsylvania"	"42"	"85+ years"	"85+"	315195
"Total"	"2011"	"2011"	"Pennsylvania"	"42"			12747052
	"2011"	"2011"	"Rhode Island"	"44"	"< 1 year"	"1"	11007
	"2011"	"2011"	"Rhode Island"	"44"	"1-4 years"	"1-4"	45480
	"2011"	"2011"	"Rhode Island"	"44"	"5-9 years"	"5-9"	60141
	"2011"	"2011"	"Rhode Island"	"44"	"10-14 years"	"10-14"	62884
	"2011"	"2011"	"Rhode Island"	"44"	"15-19 years"	"15-19"	78021
	"2011"	"2011"	"Rhode Island"	"44"	"20-24 years"	"20-24"	84133
	"2011"	"2011"	"Rhode Island"	"44"	"25-29 years"	"25-29"	66934
	"2011"	"2011"	"Rhode Island"	"44"	"30-34 years"	"30-34"	62967
	"2011"	"2011"	"Rhode Island"	"44"	"35-39 years"	"35-39"	60668
	"2011"	"2011"	"Rhode Island"	"44"	"40-44 years"	"40-44"	71525
	"2011"	"2011"	"Rhode Island"	"44"	"45-49 years"	"45-49"	79062
	"2011"	"2011"	"Rhode Island"	"44"	"50-54 years"	"50-54"	81410
	"2011"	"2011"	"Rhode Island"	"44"	"55-59 years"	"55-59"	73149
	"2011"	"2011"	"Rhode Island"	"44"	"60-64 years "	"60-64"	62649
	"2011"	"2011"	"Rhode Island"	"44"	"65-69 years"	"65-69"	44676
	"2011"	"2011"	"Rhode Island"	"44"	"70-74 years"	"70-74"	31923
	"2011"	"2011"	"Rhode Island"	"44"	"75-79 years"	"75-79"	26066
	"2011"	"2011"	"Rhode Island"	"44"	"80-84 years"	"80-84"	23795
	"2011"	"2011"	"Rhode Island"	"44"	"85+ years"	"85+"	27339
"Total"	"2011"	"2011"	"Rhode Island"	"44"			1053829
	"2011"	"2011"	"South Carolina"	"45"	"< 1 year"	"1"	57007
	"2011"	"2011"	"South Carolina"	"45"	"1-4 years"	"1-4"	241832
	"2011"	"2011"	"South Carolina"	"45"	"5-9 years"	"5-9"	296329
	"2011"	"2011"	"South Carolina"	"45"	"10-14 years"	"10-14"	300642
	"2011"	"2011"	"South Carolina"	"45"	"15-19 years"	"15-19"	318637
	"2011"	"2011"	"South Carolina"	"45"	"20-24 years"	"20-24"	343208
	"2011"	"2011"	"South Carolina"	"45"	"25-29 years"	"25-29"	303712
	"2011"	"2011"	"South Carolina"	"45"	"30-34 years"	"30-34"	295009
	"2011"	"2011"	"South Carolina"	"45"	"35-39 years"	"35-39"	285511
	"2011"	"2011"	"South Carolina"	"45"	"40-44 years"	"40-44"	307669
	"2011"	"2011"	"South Carolina"	"45"	"45-49 years"	"45-49"	327161
	"2011"	"2011"	"South Carolina"	"45"	"50-54 years"	"50-54"	331281
	"2011"	"2011"	"South Carolina"	"45"	"55-59 years"	"55-59"	310349
	"2011"	"2011"	"South Carolina"	"45"	"60-64 years "	"60-64"	295691
	"2011"	"2011"	"South Carolina"	"45"	"65-69 years"	"65-69"	224759
	"2011"	"2011"	"South Carolina"	"45"	"70-74 years"	"70-74"	162240
	"2011"	"2011"	"South Carolina"	"45"	"75-79 years"	"75-79"	117475
	"2011"	"2011"	"South Carolina"	"45"	"80-84 years"	"80-84"	80587
	"2011"	"2011"	"South Carolina"	"45"	"85+ years"	"85+"	73556
"Total"	"2011"	"2011"	"South Carolina"	"45"			4672655
	"2011"	"2011"	"South Dakota"	"46"	"< 1 year"	"1"	11843
	"2011"	"2011"	"South Dakota"	"46"	"1-4 years"	"1-4"	48091
	"2011"	"2011"	"South Dakota"	"46"	"5-9 years"	"5-9"	56944
	"2011"	"2011"	"South Dakota"	"46"	"10-14 years"	"10-14"	54133
	"2011"	"2011"	"South Dakota"	"46"	"15-19 years"	"15-19"	57794
	"2011"	"2011"	"South Dakota"	"46"	"20-24 years"	"20-24"	58288
	"2011"	"2011"	"South Dakota"	"46"	"25-29 years"	"25-29"	55912
	"2011"	"2011"	"South Dakota"	"46"	"30-34 years"	"30-34"	52209
	"2011"	"2011"	"South Dakota"	"46"	"35-39 years"	"35-39"	45583
	"2011"	"2011"	"South Dakota"	"46"	"40-44 years"	"40-44"	47453
	"2011"	"2011"	"South Dakota"	"46"	"45-49 years"	"45-49"	54496
	"2011"	"2011"	"South Dakota"	"46"	"50-54 years"	"50-54"	59794
	"2011"	"2011"	"South Dakota"	"46"	"55-59 years"	"55-59"	56009
	"2011"	"2011"	"South Dakota"	"46"	"60-64 years "	"60-64"	47477
	"2011"	"2011"	"South Dakota"	"46"	"65-69 years"	"65-69"	32909
	"2011"	"2011"	"South Dakota"	"46"	"70-74 years"	"70-74"	25646
	"2011"	"2011"	"South Dakota"	"46"	"75-79 years"	"75-79"	21583
	"2011"	"2011"	"South Dakota"	"46"	"80-84 years"	"80-84"	17949
	"2011"	"2011"	"South Dakota"	"46"	"85+ years"	"85+"	19627
"Total"	"2011"	"2011"	"South Dakota"	"46"			823740
	"2011"	"2011"	"Tennessee"	"47"	"< 1 year"	"1"	78200
	"2011"	"2011"	"Tennessee"	"47"	"1-4 years"	"1-4"	325663
	"2011"	"2011"	"Tennessee"	"47"	"5-9 years"	"5-9"	412030
	"2011"	"2011"	"Tennessee"	"47"	"10-14 years"	"10-14"	421815
	"2011"	"2011"	"Tennessee"	"47"	"15-19 years"	"15-19"	427530
	"2011"	"2011"	"Tennessee"	"47"	"20-24 years"	"20-24"	441970
	"2011"	"2011"	"Tennessee"	"47"	"25-29 years"	"25-29"	417986
	"2011"	"2011"	"Tennessee"	"47"	"30-34 years"	"30-34"	415425
	"2011"	"2011"	"Tennessee"	"47"	"35-39 years"	"35-39"	407468
	"2011"	"2011"	"Tennessee"	"47"	"40-44 years"	"40-44"	437302
	"2011"	"2011"	"Tennessee"	"47"	"45-49 years"	"45-49"	458542
	"2011"	"2011"	"Tennessee"	"47"	"50-54 years"	"50-54"	462832
	"2011"	"2011"	"Tennessee"	"47"	"55-59 years"	"55-59"	426183
	"2011"	"2011"	"Tennessee"	"47"	"60-64 years "	"60-64"	389959
	"2011"	"2011"	"Tennessee"	"47"	"65-69 years"	"65-69"	288183
	"2011"	"2011"	"Tennessee"	"47"	"70-74 years"	"70-74"	213764
	"2011"	"2011"	"Tennessee"	"47"	"75-79 years"	"75-79"	158385
	"2011"	"2011"	"Tennessee"	"47"	"80-84 years"	"80-84"	113753
	"2011"	"2011"	"Tennessee"	"47"	"85+ years"	"85+"	103308
"Total"	"2011"	"2011"	"Tennessee"	"47"			6400298
	"2011"	"2011"	"Texas"	"48"	"< 1 year"	"1"	380125
	"2011"	"2011"	"Texas"	"48"	"1-4 years"	"1-4"	1556717
	"2011"	"2011"	"Texas"	"48"	"5-9 years"	"5-9"	1948780
	"2011"	"2011"	"Texas"	"48"	"10-14 years"	"10-14"	1919782
	"2011"	"2011"	"Texas"	"48"	"15-19 years"	"15-19"	1883621
	"2011"	"2011"	"Texas"	"48"	"20-24 years"	"20-24"	1872833
	"2011"	"2011"	"Texas"	"48"	"25-29 years"	"25-29"	1881601
	"2011"	"2011"	"Texas"	"48"	"30-34 years"	"30-34"	1820252
	"2011"	"2011"	"Texas"	"48"	"35-39 years"	"35-39"	1748835
	"2011"	"2011"	"Texas"	"48"	"40-44 years"	"40-44"	1747353
	"2011"	"2011"	"Texas"	"48"	"45-49 years"	"45-49"	1737990
	"2011"	"2011"	"Texas"	"48"	"50-54 years"	"50-54"	1712380
	"2011"	"2011"	"Texas"	"48"	"55-59 years"	"55-59"	1483204
	"2011"	"2011"	"Texas"	"48"	"60-64 years "	"60-64"	1250315
	"2011"	"2011"	"Texas"	"48"	"65-69 years"	"65-69"	889887
	"2011"	"2011"	"Texas"	"48"	"70-74 years"	"70-74"	647169
	"2011"	"2011"	"Texas"	"48"	"75-79 years"	"75-79"	488532
	"2011"	"2011"	"Texas"	"48"	"80-84 years"	"80-84"	355587
	"2011"	"2011"	"Texas"	"48"	"85+ years"	"85+"	320541
"Total"	"2011"	"2011"	"Texas"	"48"			25645504
	"2011"	"2011"	"Utah"	"49"	"< 1 year"	"1"	51695
	"2011"	"2011"	"Utah"	"49"	"1-4 years"	"1-4"	210689
	"2011"	"2011"	"Utah"	"49"	"5-9 years"	"5-9"	253744
	"2011"	"2011"	"Utah"	"49"	"10-14 years"	"10-14"	234955
	"2011"	"2011"	"Utah"	"49"	"15-19 years"	"15-19"	218140
	"2011"	"2011"	"Utah"	"49"	"20-24 years"	"20-24"	234812
	"2011"	"2011"	"Utah"	"49"	"25-29 years"	"25-29"	222832
	"2011"	"2011"	"Utah"	"49"	"30-34 years"	"30-34"	222917
	"2011"	"2011"	"Utah"	"49"	"35-39 years"	"35-39"	184267
	"2011"	"2011"	"Utah"	"49"	"40-44 years"	"40-44"	161864
	"2011"	"2011"	"Utah"	"49"	"45-49 years"	"45-49"	151656
	"2011"	"2011"	"Utah"	"49"	"50-54 years"	"50-54"	154702
	"2011"	"2011"	"Utah"	"49"	"55-59 years"	"55-59"	138752
	"2011"	"2011"	"Utah"	"49"	"60-64 years "	"60-64"	115538
	"2011"	"2011"	"Utah"	"49"	"65-69 years"	"65-69"	82548
	"2011"	"2011"	"Utah"	"49"	"70-74 years"	"70-74"	61248
	"2011"	"2011"	"Utah"	"49"	"75-79 years"	"75-79"	47078
	"2011"	"2011"	"Utah"	"49"	"80-84 years"	"80-84"	35053
	"2011"	"2011"	"Utah"	"49"	"85+ years"	"85+"	32307
"Total"	"2011"	"2011"	"Utah"	"49"			2814797
	"2011"	"2011"	"Vermont"	"50"	"< 1 year"	"1"	6075
	"2011"	"2011"	"Vermont"	"50"	"1-4 years"	"1-4"	25506
	"2011"	"2011"	"Vermont"	"50"	"5-9 years"	"5-9"	34206
	"2011"	"2011"	"Vermont"	"50"	"10-14 years"	"10-14"	37060
	"2011"	"2011"	"Vermont"	"50"	"15-19 years"	"15-19"	46235
	"2011"	"2011"	"Vermont"	"50"	"20-24 years"	"20-24"	44205
	"2011"	"2011"	"Vermont"	"50"	"25-29 years"	"25-29"	35613
	"2011"	"2011"	"Vermont"	"50"	"30-34 years"	"30-34"	35196
	"2011"	"2011"	"Vermont"	"50"	"35-39 years"	"35-39"	34465
	"2011"	"2011"	"Vermont"	"50"	"40-44 years"	"40-44"	41188
	"2011"	"2011"	"Vermont"	"50"	"45-49 years"	"45-49"	47558
	"2011"	"2011"	"Vermont"	"50"	"50-54 years"	"50-54"	52424
	"2011"	"2011"	"Vermont"	"50"	"55-59 years"	"55-59"	49512
	"2011"	"2011"	"Vermont"	"50"	"60-64 years "	"60-64"	44101
	"2011"	"2011"	"Vermont"	"50"	"65-69 years"	"65-69"	30530
	"2011"	"2011"	"Vermont"	"50"	"70-74 years"	"70-74"	21289
	"2011"	"2011"	"Vermont"	"50"	"75-79 years"	"75-79"	16022
	"2011"	"2011"	"Vermont"	"50"	"80-84 years"	"80-84"	12788
	"2011"	"2011"	"Vermont"	"50"	"85+ years"	"85+"	13224
"Total"	"2011"	"2011"	"Vermont"	"50"			627197
	"2011"	"2011"	"Virginia"	"51"	"< 1 year"	"1"	101885
	"2011"	"2011"	"Virginia"	"51"	"1-4 years"	"1-4"	409777
	"2011"	"2011"	"Virginia"	"51"	"5-9 years"	"5-9"	514503
	"2011"	"2011"	"Virginia"	"51"	"10-14 years"	"10-14"	516153
	"2011"	"2011"	"Virginia"	"51"	"15-19 years"	"15-19"	545517
	"2011"	"2011"	"Virginia"	"51"	"20-24 years"	"20-24"	580667
	"2011"	"2011"	"Virginia"	"51"	"25-29 years"	"25-29"	572959
	"2011"	"2011"	"Virginia"	"51"	"30-34 years"	"30-34"	546790
	"2011"	"2011"	"Virginia"	"51"	"35-39 years"	"35-39"	523884
	"2011"	"2011"	"Virginia"	"51"	"40-44 years"	"40-44"	571773
	"2011"	"2011"	"Virginia"	"51"	"45-49 years"	"45-49"	609800
	"2011"	"2011"	"Virginia"	"51"	"50-54 years"	"50-54"	602872
	"2011"	"2011"	"Virginia"	"51"	"55-59 years"	"55-59"	529638
	"2011"	"2011"	"Virginia"	"51"	"60-64 years "	"60-64"	465553
	"2011"	"2011"	"Virginia"	"51"	"65-69 years"	"65-69"	333149
	"2011"	"2011"	"Virginia"	"51"	"70-74 years"	"70-74"	240292
	"2011"	"2011"	"Virginia"	"51"	"75-79 years"	"75-79"	177283
	"2011"	"2011"	"Virginia"	"51"	"80-84 years"	"80-84"	132435
	"2011"	"2011"	"Virginia"	"51"	"85+ years"	"85+"	127507
"Total"	"2011"	"2011"	"Virginia"	"51"			8102437
	"2011"	"2011"	"Washington"	"53"	"< 1 year"	"1"	86799
	"2011"	"2011"	"Washington"	"53"	"1-4 years"	"1-4"	357972
	"2011"	"2011"	"Washington"	"53"	"5-9 years"	"5-9"	433490
	"2011"	"2011"	"Washington"	"53"	"10-14 years"	"10-14"	439892
	"2011"	"2011"	"Washington"	"53"	"15-19 years"	"15-19"	449725
	"2011"	"2011"	"Washington"	"53"	"20-24 years"	"20-24"	480963
	"2011"	"2011"	"Washington"	"53"	"25-29 years"	"25-29"	488611
	"2011"	"2011"	"Washington"	"53"	"30-34 years"	"30-34"	471552
	"2011"	"2011"	"Washington"	"53"	"35-39 years"	"35-39"	439142
	"2011"	"2011"	"Washington"	"53"	"40-44 years"	"40-44"	469778
	"2011"	"2011"	"Washington"	"53"	"45-49 years"	"45-49"	478352
	"2011"	"2011"	"Washington"	"53"	"50-54 years"	"50-54"	498640
	"2011"	"2011"	"Washington"	"53"	"55-59 years"	"55-59"	465966
	"2011"	"2011"	"Washington"	"53"	"60-64 years "	"60-64"	407897
	"2011"	"2011"	"Washington"	"53"	"65-69 years"	"65-69"	285226
	"2011"	"2011"	"Washington"	"53"	"70-74 years"	"70-74"	196900
	"2011"	"2011"	"Washington"	"53"	"75-79 years"	"75-79"	144114
	"2011"	"2011"	"Washington"	"53"	"80-84 years"	"80-84"	112021
	"2011"	"2011"	"Washington"	"53"	"85+ years"	"85+"	120439
"Total"	"2011"	"2011"	"Washington"	"53"			6827479
	"2011"	"2011"	"West Virginia"	"54"	"< 1 year"	"1"	20347
	"2011"	"2011"	"West Virginia"	"54"	"1-4 years"	"1-4"	83212
	"2011"	"2011"	"West Virginia"	"54"	"5-9 years"	"5-9"	105707
	"2011"	"2011"	"West Virginia"	"54"	"10-14 years"	"10-14"	108790
	"2011"	"2011"	"West Virginia"	"54"	"15-19 years"	"15-19"	116387
	"2011"	"2011"	"West Virginia"	"54"	"20-24 years"	"20-24"	122653
	"2011"	"2011"	"West Virginia"	"54"	"25-29 years"	"25-29"	107522
	"2011"	"2011"	"West Virginia"	"54"	"30-34 years"	"30-34"	113613
	"2011"	"2011"	"West Virginia"	"54"	"35-39 years"	"35-39"	113289
	"2011"	"2011"	"West Virginia"	"54"	"40-44 years"	"40-44"	121447
	"2011"	"2011"	"West Virginia"	"54"	"45-49 years"	"45-49"	128945
	"2011"	"2011"	"West Virginia"	"54"	"50-54 years"	"50-54"	141303
	"2011"	"2011"	"West Virginia"	"54"	"55-59 years"	"55-59"	139504
	"2011"	"2011"	"West Virginia"	"54"	"60-64 years "	"60-64"	132741
	"2011"	"2011"	"West Virginia"	"54"	"65-69 years"	"65-69"	93140
	"2011"	"2011"	"West Virginia"	"54"	"70-74 years"	"70-74"	73255
	"2011"	"2011"	"West Virginia"	"54"	"75-79 years"	"75-79"	54934
	"2011"	"2011"	"West Virginia"	"54"	"80-84 years"	"80-84"	42717
	"2011"	"2011"	"West Virginia"	"54"	"85+ years"	"85+"	37100
"Total"	"2011"	"2011"	"West Virginia"	"54"			1856606
	"2011"	"2011"	"Wisconsin"	"55"	"< 1 year"	"1"	67422
	"2011"	"2011"	"Wisconsin"	"55"	"1-4 years"	"1-4"	286240
	"2011"	"2011"	"Wisconsin"	"55"	"5-9 years"	"5-9"	366843
	"2011"	"2011"	"Wisconsin"	"55"	"10-14 years"	"10-14"	375302
	"2011"	"2011"	"Wisconsin"	"55"	"15-19 years"	"15-19"	396642
	"2011"	"2011"	"Wisconsin"	"55"	"20-24 years"	"20-24"	387451
	"2011"	"2011"	"Wisconsin"	"55"	"25-29 years"	"25-29"	369559
	"2011"	"2011"	"Wisconsin"	"55"	"30-34 years"	"30-34"	359736
	"2011"	"2011"	"Wisconsin"	"55"	"35-39 years"	"35-39"	332778
	"2011"	"2011"	"Wisconsin"	"55"	"40-44 years"	"40-44"	374687
	"2011"	"2011"	"Wisconsin"	"55"	"45-49 years"	"45-49"	421264
	"2011"	"2011"	"Wisconsin"	"55"	"50-54 years"	"50-54"	442547
	"2011"	"2011"	"Wisconsin"	"55"	"55-59 years"	"55-59"	396689
	"2011"	"2011"	"Wisconsin"	"55"	"60-64 years "	"60-64"	337491
	"2011"	"2011"	"Wisconsin"	"55"	"65-69 years"	"65-69"	234430
	"2011"	"2011"	"Wisconsin"	"55"	"70-74 years"	"70-74"	177363
	"2011"	"2011"	"Wisconsin"	"55"	"75-79 years"	"75-79"	141005
	"2011"	"2011"	"Wisconsin"	"55"	"80-84 years"	"80-84"	117263
	"2011"	"2011"	"Wisconsin"	"55"	"85+ years"	"85+"	121128
"Total"	"2011"	"2011"	"Wisconsin"	"55"			5705840
	"2011"	"2011"	"Wyoming"	"56"	"< 1 year"	"1"	7404
	"2011"	"2011"	"Wyoming"	"56"	"1-4 years"	"1-4"	32183
	"2011"	"2011"	"Wyoming"	"56"	"5-9 years"	"5-9"	38188
	"2011"	"2011"	"Wyoming"	"56"	"10-14 years"	"10-14"	36145
	"2011"	"2011"	"Wyoming"	"56"	"15-19 years"	"15-19"	36905
	"2011"	"2011"	"Wyoming"	"56"	"20-24 years"	"20-24"	40913
	"2011"	"2011"	"Wyoming"	"56"	"25-29 years"	"25-29"	41157
	"2011"	"2011"	"Wyoming"	"56"	"30-34 years"	"30-34"	38001
	"2011"	"2011"	"Wyoming"	"56"	"35-39 years"	"35-39"	33276
	"2011"	"2011"	"Wyoming"	"56"	"40-44 years"	"40-44"	33619
	"2011"	"2011"	"Wyoming"	"56"	"45-49 years"	"45-49"	36785
	"2011"	"2011"	"Wyoming"	"56"	"50-54 years"	"50-54"	43556
	"2011"	"2011"	"Wyoming"	"56"	"55-59 years"	"55-59"	42010
	"2011"	"2011"	"Wyoming"	"56"	"60-64 years "	"60-64"	35093
	"2011"	"2011"	"Wyoming"	"56"	"65-69 years"	"65-69"	23764
	"2011"	"2011"	"Wyoming"	"56"	"70-74 years"	"70-74"	17199
	"2011"	"2011"	"Wyoming"	"56"	"75-79 years"	"75-79"	12690
	"2011"	"2011"	"Wyoming"	"56"	"80-84 years"	"80-84"	9611
	"2011"	"2011"	"Wyoming"	"56"	"85+ years"	"85+"	8992
"Total"	"2011"	"2011"	"Wyoming"	"56"			567491
"Total"	"2011"	"2011"					311583481
	"2012"	"2012"	"Alabama"	"01"	"< 1 year"	"1"	58528
	"2012"	"2012"	"Alabama"	"01"	"1-4 years"	"1-4"	240801
	"2012"	"2012"	"Alabama"	"01"	"5-9 years"	"5-9"	305763
	"2012"	"2012"	"Alabama"	"01"	"10-14 years"	"10-14"	319847
	"2012"	"2012"	"Alabama"	"01"	"15-19 years"	"15-19"	323876
	"2012"	"2012"	"Alabama"	"01"	"20-24 years"	"20-24"	353692
	"2012"	"2012"	"Alabama"	"01"	"25-29 years"	"25-29"	309973
	"2012"	"2012"	"Alabama"	"01"	"30-34 years"	"30-34"	306770
	"2012"	"2012"	"Alabama"	"01"	"35-39 years"	"35-39"	292568
	"2012"	"2012"	"Alabama"	"01"	"40-44 years"	"40-44"	316310
	"2012"	"2012"	"Alabama"	"01"	"45-49 years"	"45-49"	327846
	"2012"	"2012"	"Alabama"	"01"	"50-54 years"	"50-54"	347223
	"2012"	"2012"	"Alabama"	"01"	"55-59 years"	"55-59"	327705
	"2012"	"2012"	"Alabama"	"01"	"60-64 years "	"60-64"	287645
	"2012"	"2012"	"Alabama"	"01"	"65-69 years"	"65-69"	231438
	"2012"	"2012"	"Alabama"	"01"	"70-74 years"	"70-74"	169809
	"2012"	"2012"	"Alabama"	"01"	"75-79 years"	"75-79"	126478
	"2012"	"2012"	"Alabama"	"01"	"80-84 years"	"80-84"	90345
	"2012"	"2012"	"Alabama"	"01"	"85+ years"	"85+"	80015
"Total"	"2012"	"2012"	"Alabama"	"01"			4816632
	"2012"	"2012"	"Alaska"	"02"	"< 1 year"	"1"	11108
	"2012"	"2012"	"Alaska"	"02"	"1-4 years"	"1-4"	44107
	"2012"	"2012"	"Alaska"	"02"	"5-9 years"	"5-9"	51919
	"2012"	"2012"	"Alaska"	"02"	"10-14 years"	"10-14"	50786
	"2012"	"2012"	"Alaska"	"02"	"15-19 years"	"15-19"	49555
	"2012"	"2012"	"Alaska"	"02"	"20-24 years"	"20-24"	58811
	"2012"	"2012"	"Alaska"	"02"	"25-29 years"	"25-29"	58957
	"2012"	"2012"	"Alaska"	"02"	"30-34 years"	"30-34"	52335
	"2012"	"2012"	"Alaska"	"02"	"35-39 years"	"35-39"	45131
	"2012"	"2012"	"Alaska"	"02"	"40-44 years"	"40-44"	47241
	"2012"	"2012"	"Alaska"	"02"	"45-49 years"	"45-49"	50283
	"2012"	"2012"	"Alaska"	"02"	"50-54 years"	"50-54"	55613
	"2012"	"2012"	"Alaska"	"02"	"55-59 years"	"55-59"	52314
	"2012"	"2012"	"Alaska"	"02"	"60-64 years "	"60-64"	40206
	"2012"	"2012"	"Alaska"	"02"	"65-69 years"	"65-69"	25886
	"2012"	"2012"	"Alaska"	"02"	"70-74 years"	"70-74"	15428
	"2012"	"2012"	"Alaska"	"02"	"75-79 years"	"75-79"	9576
	"2012"	"2012"	"Alaska"	"02"	"80-84 years"	"80-84"	6419
	"2012"	"2012"	"Alaska"	"02"	"85+ years"	"85+"	5135
"Total"	"2012"	"2012"	"Alaska"	"02"			730810
	"2012"	"2012"	"Arizona"	"04"	"< 1 year"	"1"	85554
	"2012"	"2012"	"Arizona"	"04"	"1-4 years"	"1-4"	354037
	"2012"	"2012"	"Arizona"	"04"	"5-9 years"	"5-9"	456026
	"2012"	"2012"	"Arizona"	"04"	"10-14 years"	"10-14"	452618
	"2012"	"2012"	"Arizona"	"04"	"15-19 years"	"15-19"	452229
	"2012"	"2012"	"Arizona"	"04"	"20-24 years"	"20-24"	480162
	"2012"	"2012"	"Arizona"	"04"	"25-29 years"	"25-29"	441649
	"2012"	"2012"	"Arizona"	"04"	"30-34 years"	"30-34"	435032
	"2012"	"2012"	"Arizona"	"04"	"35-39 years"	"35-39"	406803
	"2012"	"2012"	"Arizona"	"04"	"40-44 years"	"40-44"	420875
	"2012"	"2012"	"Arizona"	"04"	"45-49 years"	"45-49"	412084
	"2012"	"2012"	"Arizona"	"04"	"50-54 years"	"50-54"	426583
	"2012"	"2012"	"Arizona"	"04"	"55-59 years"	"55-59"	396195
	"2012"	"2012"	"Arizona"	"04"	"60-64 years "	"60-64"	366549
	"2012"	"2012"	"Arizona"	"04"	"65-69 years"	"65-69"	319094
	"2012"	"2012"	"Arizona"	"04"	"70-74 years"	"70-74"	239238
	"2012"	"2012"	"Arizona"	"04"	"75-79 years"	"75-79"	172794
	"2012"	"2012"	"Arizona"	"04"	"80-84 years"	"80-84"	125273
	"2012"	"2012"	"Arizona"	"04"	"85+ years"	"85+"	113549
"Total"	"2012"	"2012"	"Arizona"	"04"			6556344
	"2012"	"2012"	"Arkansas"	"05"	"< 1 year"	"1"	38361
	"2012"	"2012"	"Arkansas"	"05"	"1-4 years"	"1-4"	156125
	"2012"	"2012"	"Arkansas"	"05"	"5-9 years"	"5-9"	199486
	"2012"	"2012"	"Arkansas"	"05"	"10-14 years"	"10-14"	198934
	"2012"	"2012"	"Arkansas"	"05"	"15-19 years"	"15-19"	197770
	"2012"	"2012"	"Arkansas"	"05"	"20-24 years"	"20-24"	211627
	"2012"	"2012"	"Arkansas"	"05"	"25-29 years"	"25-29"	191557
	"2012"	"2012"	"Arkansas"	"05"	"30-34 years"	"30-34"	191562
	"2012"	"2012"	"Arkansas"	"05"	"35-39 years"	"35-39"	178027
	"2012"	"2012"	"Arkansas"	"05"	"40-44 years"	"40-44"	186394
	"2012"	"2012"	"Arkansas"	"05"	"45-49 years"	"45-49"	193842
	"2012"	"2012"	"Arkansas"	"05"	"50-54 years"	"50-54"	203239
	"2012"	"2012"	"Arkansas"	"05"	"55-59 years"	"55-59"	191426
	"2012"	"2012"	"Arkansas"	"05"	"60-64 years "	"60-64"	172152
	"2012"	"2012"	"Arkansas"	"05"	"65-69 years"	"65-69"	144121
	"2012"	"2012"	"Arkansas"	"05"	"70-74 years"	"70-74"	108034
	"2012"	"2012"	"Arkansas"	"05"	"75-79 years"	"75-79"	79707
	"2012"	"2012"	"Arkansas"	"05"	"80-84 years"	"80-84"	56775
	"2012"	"2012"	"Arkansas"	"05"	"85+ years"	"85+"	53737
"Total"	"2012"	"2012"	"Arkansas"	"05"			2952876
	"2012"	"2012"	"California"	"06"	"< 1 year"	"1"	496845
	"2012"	"2012"	"California"	"06"	"1-4 years"	"1-4"	2018269
	"2012"	"2012"	"California"	"06"	"5-9 years"	"5-9"	2538442
	"2012"	"2012"	"California"	"06"	"10-14 years"	"10-14"	2537321
	"2012"	"2012"	"California"	"06"	"15-19 years"	"15-19"	2697946
	"2012"	"2012"	"California"	"06"	"20-24 years"	"20-24"	2909870
	"2012"	"2012"	"California"	"06"	"25-29 years"	"25-29"	2794701
	"2012"	"2012"	"California"	"06"	"30-34 years"	"30-34"	2691202
	"2012"	"2012"	"California"	"06"	"35-39 years"	"35-39"	2512819
	"2012"	"2012"	"California"	"06"	"40-44 years"	"40-44"	2635398
	"2012"	"2012"	"California"	"06"	"45-49 years"	"45-49"	2607773
	"2012"	"2012"	"California"	"06"	"50-54 years"	"50-54"	2614431
	"2012"	"2012"	"California"	"06"	"55-59 years"	"55-59"	2347663
	"2012"	"2012"	"California"	"06"	"60-64 years "	"60-64"	1952229
	"2012"	"2012"	"California"	"06"	"65-69 years"	"65-69"	1489265
	"2012"	"2012"	"California"	"06"	"70-74 years"	"70-74"	1049766
	"2012"	"2012"	"California"	"06"	"75-79 years"	"75-79"	791543
	"2012"	"2012"	"California"	"06"	"80-84 years"	"80-84"	612370
	"2012"	"2012"	"California"	"06"	"85+ years"	"85+"	646698
"Total"	"2012"	"2012"	"California"	"06"			37944551
	"2012"	"2012"	"Colorado"	"08"	"< 1 year"	"1"	64722
	"2012"	"2012"	"Colorado"	"08"	"1-4 years"	"1-4"	273871
	"2012"	"2012"	"Colorado"	"08"	"5-9 years"	"5-9"	355108
	"2012"	"2012"	"Colorado"	"08"	"10-14 years"	"10-14"	343683
	"2012"	"2012"	"Colorado"	"08"	"15-19 years"	"15-19"	338714
	"2012"	"2012"	"Colorado"	"08"	"20-24 years"	"20-24"	362676
	"2012"	"2012"	"Colorado"	"08"	"25-29 years"	"25-29"	386337
	"2012"	"2012"	"Colorado"	"08"	"30-34 years"	"30-34"	379623
	"2012"	"2012"	"Colorado"	"08"	"35-39 years"	"35-39"	347790
	"2012"	"2012"	"Colorado"	"08"	"40-44 years"	"40-44"	362302
	"2012"	"2012"	"Colorado"	"08"	"45-49 years"	"45-49"	350611
	"2012"	"2012"	"Colorado"	"08"	"50-54 years"	"50-54"	375132
	"2012"	"2012"	"Colorado"	"08"	"55-59 years"	"55-59"	347861
	"2012"	"2012"	"Colorado"	"08"	"60-64 years "	"60-64"	293905
	"2012"	"2012"	"Colorado"	"08"	"65-69 years"	"65-69"	215908
	"2012"	"2012"	"Colorado"	"08"	"70-74 years"	"70-74"	142288
	"2012"	"2012"	"Colorado"	"08"	"75-79 years"	"75-79"	101348
	"2012"	"2012"	"Colorado"	"08"	"80-84 years"	"80-84"	76163
	"2012"	"2012"	"Colorado"	"08"	"85+ years"	"85+"	75618
"Total"	"2012"	"2012"	"Colorado"	"08"			5193660
	"2012"	"2012"	"Connecticut"	"09"	"< 1 year"	"1"	36883
	"2012"	"2012"	"Connecticut"	"09"	"1-4 years"	"1-4"	157459
	"2012"	"2012"	"Connecticut"	"09"	"5-9 years"	"5-9"	217619
	"2012"	"2012"	"Connecticut"	"09"	"10-14 years"	"10-14"	234556
	"2012"	"2012"	"Connecticut"	"09"	"15-19 years"	"15-19"	257186
	"2012"	"2012"	"Connecticut"	"09"	"20-24 years"	"20-24"	232655
	"2012"	"2012"	"Connecticut"	"09"	"25-29 years"	"25-29"	219131
	"2012"	"2012"	"Connecticut"	"09"	"30-34 years"	"30-34"	214044
	"2012"	"2012"	"Connecticut"	"09"	"35-39 years"	"35-39"	207409
	"2012"	"2012"	"Connecticut"	"09"	"40-44 years"	"40-44"	248904
	"2012"	"2012"	"Connecticut"	"09"	"45-49 years"	"45-49"	278413
	"2012"	"2012"	"Connecticut"	"09"	"50-54 years"	"50-54"	287405
	"2012"	"2012"	"Connecticut"	"09"	"55-59 years"	"55-59"	257883
	"2012"	"2012"	"Connecticut"	"09"	"60-64 years "	"60-64"	209772
	"2012"	"2012"	"Connecticut"	"09"	"65-69 years"	"65-69"	168901
	"2012"	"2012"	"Connecticut"	"09"	"70-74 years"	"70-74"	114760
	"2012"	"2012"	"Connecticut"	"09"	"75-79 years"	"75-79"	88203
	"2012"	"2012"	"Connecticut"	"09"	"80-84 years"	"80-84"	75373
	"2012"	"2012"	"Connecticut"	"09"	"85+ years"	"85+"	88655
"Total"	"2012"	"2012"	"Connecticut"	"09"			3595211
	"2012"	"2012"	"Delaware"	"10"	"< 1 year"	"1"	11049
	"2012"	"2012"	"Delaware"	"10"	"1-4 years"	"1-4"	44833
	"2012"	"2012"	"Delaware"	"10"	"5-9 years"	"5-9"	56721
	"2012"	"2012"	"Delaware"	"10"	"10-14 years"	"10-14"	57056
	"2012"	"2012"	"Delaware"	"10"	"15-19 years"	"15-19"	61446
	"2012"	"2012"	"Delaware"	"10"	"20-24 years"	"20-24"	65914
	"2012"	"2012"	"Delaware"	"10"	"25-29 years"	"25-29"	59116
	"2012"	"2012"	"Delaware"	"10"	"30-34 years"	"30-34"	57244
	"2012"	"2012"	"Delaware"	"10"	"35-39 years"	"35-39"	51948
	"2012"	"2012"	"Delaware"	"10"	"40-44 years"	"40-44"	59253
	"2012"	"2012"	"Delaware"	"10"	"45-49 years"	"45-49"	65110
	"2012"	"2012"	"Delaware"	"10"	"50-54 years"	"50-54"	67327
	"2012"	"2012"	"Delaware"	"10"	"55-59 years"	"55-59"	62142
	"2012"	"2012"	"Delaware"	"10"	"60-64 years "	"60-64"	55560
	"2012"	"2012"	"Delaware"	"10"	"65-69 years"	"65-69"	47333
	"2012"	"2012"	"Delaware"	"10"	"70-74 years"	"70-74"	34079
	"2012"	"2012"	"Delaware"	"10"	"75-79 years"	"75-79"	24474
	"2012"	"2012"	"Delaware"	"10"	"80-84 years"	"80-84"	18108
	"2012"	"2012"	"Delaware"	"10"	"85+ years"	"85+"	16805
"Total"	"2012"	"2012"	"Delaware"	"10"			915518
	"2012"	"2012"	"District of Columbia"	"11"	"< 1 year"	"1"	9369
	"2012"	"2012"	"District of Columbia"	"11"	"1-4 years"	"1-4"	29442
	"2012"	"2012"	"District of Columbia"	"11"	"5-9 years"	"5-9"	28101
	"2012"	"2012"	"District of Columbia"	"11"	"10-14 years"	"10-14"	25046
	"2012"	"2012"	"District of Columbia"	"11"	"15-19 years"	"15-19"	38579
	"2012"	"2012"	"District of Columbia"	"11"	"20-24 years"	"20-24"	58724
	"2012"	"2012"	"District of Columbia"	"11"	"25-29 years"	"25-29"	78302
	"2012"	"2012"	"District of Columbia"	"11"	"30-34 years"	"30-34"	65647
	"2012"	"2012"	"District of Columbia"	"11"	"35-39 years"	"35-39"	45451
	"2012"	"2012"	"District of Columbia"	"11"	"40-44 years"	"40-44"	40490
	"2012"	"2012"	"District of Columbia"	"11"	"45-49 years"	"45-49"	38373
	"2012"	"2012"	"District of Columbia"	"11"	"50-54 years"	"50-54"	37917
	"2012"	"2012"	"District of Columbia"	"11"	"55-59 years"	"55-59"	35916
	"2012"	"2012"	"District of Columbia"	"11"	"60-64 years "	"60-64"	31693
	"2012"	"2012"	"District of Columbia"	"11"	"65-69 years"	"65-69"	23615
	"2012"	"2012"	"District of Columbia"	"11"	"70-74 years"	"70-74"	16577
	"2012"	"2012"	"District of Columbia"	"11"	"75-79 years"	"75-79"	12114
	"2012"	"2012"	"District of Columbia"	"11"	"80-84 years"	"80-84"	9429
	"2012"	"2012"	"District of Columbia"	"11"	"85+ years"	"85+"	10952
"Total"	"2012"	"2012"	"District of Columbia"	"11"			635737
	"2012"	"2012"	"Florida"	"12"	"< 1 year"	"1"	213768
	"2012"	"2012"	"Florida"	"12"	"1-4 years"	"1-4"	858915
	"2012"	"2012"	"Florida"	"12"	"5-9 years"	"5-9"	1097601
	"2012"	"2012"	"Florida"	"12"	"10-14 years"	"10-14"	1135640
	"2012"	"2012"	"Florida"	"12"	"15-19 years"	"15-19"	1175392
	"2012"	"2012"	"Florida"	"12"	"20-24 years"	"20-24"	1310237
	"2012"	"2012"	"Florida"	"12"	"25-29 years"	"25-29"	1229587
	"2012"	"2012"	"Florida"	"12"	"30-34 years"	"30-34"	1176247
	"2012"	"2012"	"Florida"	"12"	"35-39 years"	"35-39"	1136853
	"2012"	"2012"	"Florida"	"12"	"40-44 years"	"40-44"	1265882
	"2012"	"2012"	"Florida"	"12"	"45-49 years"	"45-49"	1354512
	"2012"	"2012"	"Florida"	"12"	"50-54 years"	"50-54"	1387934
	"2012"	"2012"	"Florida"	"12"	"55-59 years"	"55-59"	1276344
	"2012"	"2012"	"Florida"	"12"	"60-64 years "	"60-64"	1175686
	"2012"	"2012"	"Florida"	"12"	"65-69 years"	"65-69"	1065722
	"2012"	"2012"	"Florida"	"12"	"70-74 years"	"70-74"	831744
	"2012"	"2012"	"Florida"	"12"	"75-79 years"	"75-79"	640642
	"2012"	"2012"	"Florida"	"12"	"80-84 years"	"80-84"	494862
	"2012"	"2012"	"Florida"	"12"	"85+ years"	"85+"	474448
"Total"	"2012"	"2012"	"Florida"	"12"			19302016
	"2012"	"2012"	"Georgia"	"13"	"< 1 year"	"1"	131237
	"2012"	"2012"	"Georgia"	"13"	"1-4 years"	"1-4"	540203
	"2012"	"2012"	"Georgia"	"13"	"5-9 years"	"5-9"	698882
	"2012"	"2012"	"Georgia"	"13"	"10-14 years"	"10-14"	703094
	"2012"	"2012"	"Georgia"	"13"	"15-19 years"	"15-19"	698639
	"2012"	"2012"	"Georgia"	"13"	"20-24 years"	"20-24"	722693
	"2012"	"2012"	"Georgia"	"13"	"25-29 years"	"25-29"	676177
	"2012"	"2012"	"Georgia"	"13"	"30-34 years"	"30-34"	681035
	"2012"	"2012"	"Georgia"	"13"	"35-39 years"	"35-39"	660424
	"2012"	"2012"	"Georgia"	"13"	"40-44 years"	"40-44"	716869
	"2012"	"2012"	"Georgia"	"13"	"45-49 years"	"45-49"	709318
	"2012"	"2012"	"Georgia"	"13"	"50-54 years"	"50-54"	690887
	"2012"	"2012"	"Georgia"	"13"	"55-59 years"	"55-59"	611775
	"2012"	"2012"	"Georgia"	"13"	"60-64 years "	"60-64"	523442
	"2012"	"2012"	"Georgia"	"13"	"65-69 years"	"65-69"	408258
	"2012"	"2012"	"Georgia"	"13"	"70-74 years"	"70-74"	278560
	"2012"	"2012"	"Georgia"	"13"	"75-79 years"	"75-79"	194370
	"2012"	"2012"	"Georgia"	"13"	"80-84 years"	"80-84"	134636
	"2012"	"2012"	"Georgia"	"13"	"85+ years"	"85+"	123081
"Total"	"2012"	"2012"	"Georgia"	"13"			9903580
	"2012"	"2012"	"Hawaii"	"15"	"< 1 year"	"1"	18863
	"2012"	"2012"	"Hawaii"	"15"	"1-4 years"	"1-4"	72673
	"2012"	"2012"	"Hawaii"	"15"	"5-9 years"	"5-9"	85362
	"2012"	"2012"	"Hawaii"	"15"	"10-14 years"	"10-14"	81771
	"2012"	"2012"	"Hawaii"	"15"	"15-19 years"	"15-19"	81405
	"2012"	"2012"	"Hawaii"	"15"	"20-24 years"	"20-24"	100963
	"2012"	"2012"	"Hawaii"	"15"	"25-29 years"	"25-29"	101445
	"2012"	"2012"	"Hawaii"	"15"	"30-34 years"	"30-34"	95357
	"2012"	"2012"	"Hawaii"	"15"	"35-39 years"	"35-39"	85815
	"2012"	"2012"	"Hawaii"	"15"	"40-44 years"	"40-44"	89988
	"2012"	"2012"	"Hawaii"	"15"	"45-49 years"	"45-49"	91208
	"2012"	"2012"	"Hawaii"	"15"	"50-54 years"	"50-54"	96169
	"2012"	"2012"	"Hawaii"	"15"	"55-59 years"	"55-59"	94922
	"2012"	"2012"	"Hawaii"	"15"	"60-64 years "	"60-64"	87095
	"2012"	"2012"	"Hawaii"	"15"	"65-69 years"	"65-69"	68138
	"2012"	"2012"	"Hawaii"	"15"	"70-74 years"	"70-74"	45743
	"2012"	"2012"	"Hawaii"	"15"	"75-79 years"	"75-79"	34152
	"2012"	"2012"	"Hawaii"	"15"	"80-84 years"	"80-84"	29907
	"2012"	"2012"	"Hawaii"	"15"	"85+ years"	"85+"	34223
"Total"	"2012"	"2012"	"Hawaii"	"15"			1395199
	"2012"	"2012"	"Idaho"	"16"	"< 1 year"	"1"	22276
	"2012"	"2012"	"Idaho"	"16"	"1-4 years"	"1-4"	94632
	"2012"	"2012"	"Idaho"	"16"	"5-9 years"	"5-9"	122260
	"2012"	"2012"	"Idaho"	"16"	"10-14 years"	"10-14"	119554
	"2012"	"2012"	"Idaho"	"16"	"15-19 years"	"15-19"	113704
	"2012"	"2012"	"Idaho"	"16"	"20-24 years"	"20-24"	111849
	"2012"	"2012"	"Idaho"	"16"	"25-29 years"	"25-29"	105279
	"2012"	"2012"	"Idaho"	"16"	"30-34 years"	"30-34"	105664
	"2012"	"2012"	"Idaho"	"16"	"35-39 years"	"35-39"	96823
	"2012"	"2012"	"Idaho"	"16"	"40-44 years"	"40-44"	97415
	"2012"	"2012"	"Idaho"	"16"	"45-49 years"	"45-49"	97190
	"2012"	"2012"	"Idaho"	"16"	"50-54 years"	"50-54"	105492
	"2012"	"2012"	"Idaho"	"16"	"55-59 years"	"55-59"	101576
	"2012"	"2012"	"Idaho"	"16"	"60-64 years "	"60-64"	90192
	"2012"	"2012"	"Idaho"	"16"	"65-69 years"	"65-69"	71865
	"2012"	"2012"	"Idaho"	"16"	"70-74 years"	"70-74"	51536
	"2012"	"2012"	"Idaho"	"16"	"75-79 years"	"75-79"	36273
	"2012"	"2012"	"Idaho"	"16"	"80-84 years"	"80-84"	26136
	"2012"	"2012"	"Idaho"	"16"	"85+ years"	"85+"	26194
"Total"	"2012"	"2012"	"Idaho"	"16"			1595910
	"2012"	"2012"	"Illinois"	"17"	"< 1 year"	"1"	159693
	"2012"	"2012"	"Illinois"	"17"	"1-4 years"	"1-4"	654227
	"2012"	"2012"	"Illinois"	"17"	"5-9 years"	"5-9"	847642
	"2012"	"2012"	"Illinois"	"17"	"10-14 years"	"10-14"	864883
	"2012"	"2012"	"Illinois"	"17"	"15-19 years"	"15-19"	891375
	"2012"	"2012"	"Illinois"	"17"	"20-24 years"	"20-24"	898540
	"2012"	"2012"	"Illinois"	"17"	"25-29 years"	"25-29"	899641
	"2012"	"2012"	"Illinois"	"17"	"30-34 years"	"30-34"	889829
	"2012"	"2012"	"Illinois"	"17"	"35-39 years"	"35-39"	821940
	"2012"	"2012"	"Illinois"	"17"	"40-44 years"	"40-44"	869650
	"2012"	"2012"	"Illinois"	"17"	"45-49 years"	"45-49"	889400
	"2012"	"2012"	"Illinois"	"17"	"50-54 years"	"50-54"	933919
	"2012"	"2012"	"Illinois"	"17"	"55-59 years"	"55-59"	850656
	"2012"	"2012"	"Illinois"	"17"	"60-64 years "	"60-64"	709461
	"2012"	"2012"	"Illinois"	"17"	"65-69 years"	"65-69"	538183
	"2012"	"2012"	"Illinois"	"17"	"70-74 years"	"70-74"	389415
	"2012"	"2012"	"Illinois"	"17"	"75-79 years"	"75-79"	293369
	"2012"	"2012"	"Illinois"	"17"	"80-84 years"	"80-84"	232487
	"2012"	"2012"	"Illinois"	"17"	"85+ years"	"85+"	248719
"Total"	"2012"	"2012"	"Illinois"	"17"			12883029
	"2012"	"2012"	"Indiana"	"18"	"< 1 year"	"1"	82660
	"2012"	"2012"	"Indiana"	"18"	"1-4 years"	"1-4"	341147
	"2012"	"2012"	"Indiana"	"18"	"5-9 years"	"5-9"	442822
	"2012"	"2012"	"Indiana"	"18"	"10-14 years"	"10-14"	451902
	"2012"	"2012"	"Indiana"	"18"	"15-19 years"	"15-19"	459987
	"2012"	"2012"	"Indiana"	"18"	"20-24 years"	"20-24"	478366
	"2012"	"2012"	"Indiana"	"18"	"25-29 years"	"25-29"	414844
	"2012"	"2012"	"Indiana"	"18"	"30-34 years"	"30-34"	420042
	"2012"	"2012"	"Indiana"	"18"	"35-39 years"	"35-39"	397952
	"2012"	"2012"	"Indiana"	"18"	"40-44 years"	"40-44"	427754
	"2012"	"2012"	"Indiana"	"18"	"45-49 years"	"45-49"	445382
	"2012"	"2012"	"Indiana"	"18"	"50-54 years"	"50-54"	474277
	"2012"	"2012"	"Indiana"	"18"	"55-59 years"	"55-59"	440007
	"2012"	"2012"	"Indiana"	"18"	"60-64 years "	"60-64"	372964
	"2012"	"2012"	"Indiana"	"18"	"65-69 years"	"65-69"	285848
	"2012"	"2012"	"Indiana"	"18"	"70-74 years"	"70-74"	207315
	"2012"	"2012"	"Indiana"	"18"	"75-79 years"	"75-79"	153698
	"2012"	"2012"	"Indiana"	"18"	"80-84 years"	"80-84"	119978
	"2012"	"2012"	"Indiana"	"18"	"85+ years"	"85+"	122044
"Total"	"2012"	"2012"	"Indiana"	"18"			6538989
	"2012"	"2012"	"Iowa"	"19"	"< 1 year"	"1"	38267
	"2012"	"2012"	"Iowa"	"19"	"1-4 years"	"1-4"	159211
	"2012"	"2012"	"Iowa"	"19"	"5-9 years"	"5-9"	203863
	"2012"	"2012"	"Iowa"	"19"	"10-14 years"	"10-14"	201955
	"2012"	"2012"	"Iowa"	"19"	"15-19 years"	"15-19"	213909
	"2012"	"2012"	"Iowa"	"19"	"20-24 years"	"20-24"	224792
	"2012"	"2012"	"Iowa"	"19"	"25-29 years"	"25-29"	193332
	"2012"	"2012"	"Iowa"	"19"	"30-34 years"	"30-34"	195882
	"2012"	"2012"	"Iowa"	"19"	"35-39 years"	"35-39"	173549
	"2012"	"2012"	"Iowa"	"19"	"40-44 years"	"40-44"	186231
	"2012"	"2012"	"Iowa"	"19"	"45-49 years"	"45-49"	199468
	"2012"	"2012"	"Iowa"	"19"	"50-54 years"	"50-54"	222990
	"2012"	"2012"	"Iowa"	"19"	"55-59 years"	"55-59"	211623
	"2012"	"2012"	"Iowa"	"19"	"60-64 years "	"60-64"	182277
	"2012"	"2012"	"Iowa"	"19"	"65-69 years"	"65-69"	136586
	"2012"	"2012"	"Iowa"	"19"	"70-74 years"	"70-74"	103333
	"2012"	"2012"	"Iowa"	"19"	"75-79 years"	"75-79"	83339
	"2012"	"2012"	"Iowa"	"19"	"80-84 years"	"80-84"	68679
	"2012"	"2012"	"Iowa"	"19"	"85+ years"	"85+"	77558
"Total"	"2012"	"2012"	"Iowa"	"19"			3076844
	"2012"	"2012"	"Kansas"	"20"	"< 1 year"	"1"	39315
	"2012"	"2012"	"Kansas"	"20"	"1-4 years"	"1-4"	163998
	"2012"	"2012"	"Kansas"	"20"	"5-9 years"	"5-9"	204562
	"2012"	"2012"	"Kansas"	"20"	"10-14 years"	"10-14"	200645
	"2012"	"2012"	"Kansas"	"20"	"15-19 years"	"15-19"	201011
	"2012"	"2012"	"Kansas"	"20"	"20-24 years"	"20-24"	214231
	"2012"	"2012"	"Kansas"	"20"	"25-29 years"	"25-29"	195196
	"2012"	"2012"	"Kansas"	"20"	"30-34 years"	"30-34"	190123
	"2012"	"2012"	"Kansas"	"20"	"35-39 years"	"35-39"	169306
	"2012"	"2012"	"Kansas"	"20"	"40-44 years"	"40-44"	174516
	"2012"	"2012"	"Kansas"	"20"	"45-49 years"	"45-49"	184041
	"2012"	"2012"	"Kansas"	"20"	"50-54 years"	"50-54"	203733
	"2012"	"2012"	"Kansas"	"20"	"55-59 years"	"55-59"	191263
	"2012"	"2012"	"Kansas"	"20"	"60-64 years "	"60-64"	160080
	"2012"	"2012"	"Kansas"	"20"	"65-69 years"	"65-69"	120295
	"2012"	"2012"	"Kansas"	"20"	"70-74 years"	"70-74"	86710
	"2012"	"2012"	"Kansas"	"20"	"75-79 years"	"75-79"	68743
	"2012"	"2012"	"Kansas"	"20"	"80-84 years"	"80-84"	56509
	"2012"	"2012"	"Kansas"	"20"	"85+ years"	"85+"	61747
"Total"	"2012"	"2012"	"Kansas"	"20"			2886024
	"2012"	"2012"	"Kentucky"	"21"	"< 1 year"	"1"	54979
	"2012"	"2012"	"Kentucky"	"21"	"1-4 years"	"1-4"	223086
	"2012"	"2012"	"Kentucky"	"21"	"5-9 years"	"5-9"	284495
	"2012"	"2012"	"Kentucky"	"21"	"10-14 years"	"10-14"	285786
	"2012"	"2012"	"Kentucky"	"21"	"15-19 years"	"15-19"	286393
	"2012"	"2012"	"Kentucky"	"21"	"20-24 years"	"20-24"	312022
	"2012"	"2012"	"Kentucky"	"21"	"25-29 years"	"25-29"	279622
	"2012"	"2012"	"Kentucky"	"21"	"30-34 years"	"30-34"	287333
	"2012"	"2012"	"Kentucky"	"21"	"35-39 years"	"35-39"	272889
	"2012"	"2012"	"Kentucky"	"21"	"40-44 years"	"40-44"	294329
	"2012"	"2012"	"Kentucky"	"21"	"45-49 years"	"45-49"	307207
	"2012"	"2012"	"Kentucky"	"21"	"50-54 years"	"50-54"	321425
	"2012"	"2012"	"Kentucky"	"21"	"55-59 years"	"55-59"	300026
	"2012"	"2012"	"Kentucky"	"21"	"60-64 years "	"60-64"	263740
	"2012"	"2012"	"Kentucky"	"21"	"65-69 years"	"65-69"	205000
	"2012"	"2012"	"Kentucky"	"21"	"70-74 years"	"70-74"	149747
	"2012"	"2012"	"Kentucky"	"21"	"75-79 years"	"75-79"	107798
	"2012"	"2012"	"Kentucky"	"21"	"80-84 years"	"80-84"	78618
	"2012"	"2012"	"Kentucky"	"21"	"85+ years"	"85+"	73370
"Total"	"2012"	"2012"	"Kentucky"	"21"			4387865
	"2012"	"2012"	"Louisiana"	"22"	"< 1 year"	"1"	61641
	"2012"	"2012"	"Louisiana"	"22"	"1-4 years"	"1-4"	249304
	"2012"	"2012"	"Louisiana"	"22"	"5-9 years"	"5-9"	310442
	"2012"	"2012"	"Louisiana"	"22"	"10-14 years"	"10-14"	309995
	"2012"	"2012"	"Louisiana"	"22"	"15-19 years"	"15-19"	305685
	"2012"	"2012"	"Louisiana"	"22"	"20-24 years"	"20-24"	352528
	"2012"	"2012"	"Louisiana"	"22"	"25-29 years"	"25-29"	336647
	"2012"	"2012"	"Louisiana"	"22"	"30-34 years"	"30-34"	317338
	"2012"	"2012"	"Louisiana"	"22"	"35-39 years"	"35-39"	273695
	"2012"	"2012"	"Louisiana"	"22"	"40-44 years"	"40-44"	287037
	"2012"	"2012"	"Louisiana"	"22"	"45-49 years"	"45-49"	306023
	"2012"	"2012"	"Louisiana"	"22"	"50-54 years"	"50-54"	328089
	"2012"	"2012"	"Louisiana"	"22"	"55-59 years"	"55-59"	308267
	"2012"	"2012"	"Louisiana"	"22"	"60-64 years "	"60-64"	259220
	"2012"	"2012"	"Louisiana"	"22"	"65-69 years"	"65-69"	198412
	"2012"	"2012"	"Louisiana"	"22"	"70-74 years"	"70-74"	143247
	"2012"	"2012"	"Louisiana"	"22"	"75-79 years"	"75-79"	105176
	"2012"	"2012"	"Louisiana"	"22"	"80-84 years"	"80-84"	78482
	"2012"	"2012"	"Louisiana"	"22"	"85+ years"	"85+"	70839
"Total"	"2012"	"2012"	"Louisiana"	"22"			4602067
	"2012"	"2012"	"Maine"	"23"	"< 1 year"	"1"	12741
	"2012"	"2012"	"Maine"	"23"	"1-4 years"	"1-4"	53646
	"2012"	"2012"	"Maine"	"23"	"5-9 years"	"5-9"	73024
	"2012"	"2012"	"Maine"	"23"	"10-14 years"	"10-14"	76856
	"2012"	"2012"	"Maine"	"23"	"15-19 years"	"15-19"	84734
	"2012"	"2012"	"Maine"	"23"	"20-24 years"	"20-24"	80470
	"2012"	"2012"	"Maine"	"23"	"25-29 years"	"25-29"	74169
	"2012"	"2012"	"Maine"	"23"	"30-34 years"	"30-34"	73751
	"2012"	"2012"	"Maine"	"23"	"35-39 years"	"35-39"	73138
	"2012"	"2012"	"Maine"	"23"	"40-44 years"	"40-44"	88156
	"2012"	"2012"	"Maine"	"23"	"45-49 years"	"45-49"	99649
	"2012"	"2012"	"Maine"	"23"	"50-54 years"	"50-54"	110525
	"2012"	"2012"	"Maine"	"23"	"55-59 years"	"55-59"	106239
	"2012"	"2012"	"Maine"	"23"	"60-64 years "	"60-64"	94947
	"2012"	"2012"	"Maine"	"23"	"65-69 years"	"65-69"	74066
	"2012"	"2012"	"Maine"	"23"	"70-74 years"	"70-74"	51230
	"2012"	"2012"	"Maine"	"23"	"75-79 years"	"75-79"	39180
	"2012"	"2012"	"Maine"	"23"	"80-84 years"	"80-84"	30687
	"2012"	"2012"	"Maine"	"23"	"85+ years"	"85+"	30886
"Total"	"2012"	"2012"	"Maine"	"23"			1328094
	"2012"	"2012"	"Maryland"	"24"	"< 1 year"	"1"	72610
	"2012"	"2012"	"Maryland"	"24"	"1-4 years"	"1-4"	294418
	"2012"	"2012"	"Maryland"	"24"	"5-9 years"	"5-9"	369737
	"2012"	"2012"	"Maryland"	"24"	"10-14 years"	"10-14"	377717
	"2012"	"2012"	"Maryland"	"24"	"15-19 years"	"15-19"	396828
	"2012"	"2012"	"Maryland"	"24"	"20-24 years"	"20-24"	401156
	"2012"	"2012"	"Maryland"	"24"	"25-29 years"	"25-29"	407900
	"2012"	"2012"	"Maryland"	"24"	"30-34 years"	"30-34"	393393
	"2012"	"2012"	"Maryland"	"24"	"35-39 years"	"35-39"	363191
	"2012"	"2012"	"Maryland"	"24"	"40-44 years"	"40-44"	411793
	"2012"	"2012"	"Maryland"	"24"	"45-49 years"	"45-49"	444865
	"2012"	"2012"	"Maryland"	"24"	"50-54 years"	"50-54"	452897
	"2012"	"2012"	"Maryland"	"24"	"55-59 years"	"55-59"	401669
	"2012"	"2012"	"Maryland"	"24"	"60-64 years "	"60-64"	335668
	"2012"	"2012"	"Maryland"	"24"	"65-69 years"	"65-69"	256569
	"2012"	"2012"	"Maryland"	"24"	"70-74 years"	"70-74"	176139
	"2012"	"2012"	"Maryland"	"24"	"75-79 years"	"75-79"	127450
	"2012"	"2012"	"Maryland"	"24"	"80-84 years"	"80-84"	98895
	"2012"	"2012"	"Maryland"	"24"	"85+ years"	"85+"	105480
"Total"	"2012"	"2012"	"Maryland"	"24"			5888375
	"2012"	"2012"	"Massachusetts"	"25"	"< 1 year"	"1"	72525
	"2012"	"2012"	"Massachusetts"	"25"	"1-4 years"	"1-4"	293788
	"2012"	"2012"	"Massachusetts"	"25"	"5-9 years"	"5-9"	382387
	"2012"	"2012"	"Massachusetts"	"25"	"10-14 years"	"10-14"	401088
	"2012"	"2012"	"Massachusetts"	"25"	"15-19 years"	"15-19"	464827
	"2012"	"2012"	"Massachusetts"	"25"	"20-24 years"	"20-24"	483637
	"2012"	"2012"	"Massachusetts"	"25"	"25-29 years"	"25-29"	469575
	"2012"	"2012"	"Massachusetts"	"25"	"30-34 years"	"30-34"	428869
	"2012"	"2012"	"Massachusetts"	"25"	"35-39 years"	"35-39"	397671
	"2012"	"2012"	"Massachusetts"	"25"	"40-44 years"	"40-44"	454749
	"2012"	"2012"	"Massachusetts"	"25"	"45-49 years"	"45-49"	497724
	"2012"	"2012"	"Massachusetts"	"25"	"50-54 years"	"50-54"	507961
	"2012"	"2012"	"Massachusetts"	"25"	"55-59 years"	"55-59"	459217
	"2012"	"2012"	"Massachusetts"	"25"	"60-64 years "	"60-64"	390791
	"2012"	"2012"	"Massachusetts"	"25"	"65-69 years"	"65-69"	303095
	"2012"	"2012"	"Massachusetts"	"25"	"70-74 years"	"70-74"	206719
	"2012"	"2012"	"Massachusetts"	"25"	"75-79 years"	"75-79"	161308
	"2012"	"2012"	"Massachusetts"	"25"	"80-84 years"	"80-84"	135186
	"2012"	"2012"	"Massachusetts"	"25"	"85+ years"	"85+"	153152
"Total"	"2012"	"2012"	"Massachusetts"	"25"			6664269
	"2012"	"2012"	"Michigan"	"26"	"< 1 year"	"1"	112740
	"2012"	"2012"	"Michigan"	"26"	"1-4 years"	"1-4"	467194
	"2012"	"2012"	"Michigan"	"26"	"5-9 years"	"5-9"	619953
	"2012"	"2012"	"Michigan"	"26"	"10-14 years"	"10-14"	659659
	"2012"	"2012"	"Michigan"	"26"	"15-19 years"	"15-19"	701731
	"2012"	"2012"	"Michigan"	"26"	"20-24 years"	"20-24"	723314
	"2012"	"2012"	"Michigan"	"26"	"25-29 years"	"25-29"	586333
	"2012"	"2012"	"Michigan"	"26"	"30-34 years"	"30-34"	588292
	"2012"	"2012"	"Michigan"	"26"	"35-39 years"	"35-39"	566479
	"2012"	"2012"	"Michigan"	"26"	"40-44 years"	"40-44"	653239
	"2012"	"2012"	"Michigan"	"26"	"45-49 years"	"45-49"	698035
	"2012"	"2012"	"Michigan"	"26"	"50-54 years"	"50-54"	754800
	"2012"	"2012"	"Michigan"	"26"	"55-59 years"	"55-59"	714623
	"2012"	"2012"	"Michigan"	"26"	"60-64 years "	"60-64"	608747
	"2012"	"2012"	"Michigan"	"26"	"65-69 years"	"65-69"	465536
	"2012"	"2012"	"Michigan"	"26"	"70-74 years"	"70-74"	331884
	"2012"	"2012"	"Michigan"	"26"	"75-79 years"	"75-79"	245669
	"2012"	"2012"	"Michigan"	"26"	"80-84 years"	"80-84"	196725
	"2012"	"2012"	"Michigan"	"26"	"85+ years"	"85+"	203336
"Total"	"2012"	"2012"	"Michigan"	"26"			9898289
	"2012"	"2012"	"Minnesota"	"27"	"< 1 year"	"1"	68115
	"2012"	"2012"	"Minnesota"	"27"	"1-4 years"	"1-4"	281568
	"2012"	"2012"	"Minnesota"	"27"	"5-9 years"	"5-9"	360899
	"2012"	"2012"	"Minnesota"	"27"	"10-14 years"	"10-14"	353131
	"2012"	"2012"	"Minnesota"	"27"	"15-19 years"	"15-19"	362589
	"2012"	"2012"	"Minnesota"	"27"	"20-24 years"	"20-24"	357756
	"2012"	"2012"	"Minnesota"	"27"	"25-29 years"	"25-29"	368106
	"2012"	"2012"	"Minnesota"	"27"	"30-34 years"	"30-34"	368223
	"2012"	"2012"	"Minnesota"	"27"	"35-39 years"	"35-39"	320005
	"2012"	"2012"	"Minnesota"	"27"	"40-44 years"	"40-44"	346876
	"2012"	"2012"	"Minnesota"	"27"	"45-49 years"	"45-49"	375679
	"2012"	"2012"	"Minnesota"	"27"	"50-54 years"	"50-54"	409754
	"2012"	"2012"	"Minnesota"	"27"	"55-59 years"	"55-59"	369167
	"2012"	"2012"	"Minnesota"	"27"	"60-64 years "	"60-64"	307521
	"2012"	"2012"	"Minnesota"	"27"	"65-69 years"	"65-69"	227022
	"2012"	"2012"	"Minnesota"	"27"	"70-74 years"	"70-74"	163949
	"2012"	"2012"	"Minnesota"	"27"	"75-79 years"	"75-79"	124627
	"2012"	"2012"	"Minnesota"	"27"	"80-84 years"	"80-84"	100087
	"2012"	"2012"	"Minnesota"	"27"	"85+ years"	"85+"	112426
"Total"	"2012"	"2012"	"Minnesota"	"27"			5377500
	"2012"	"2012"	"Mississippi"	"28"	"< 1 year"	"1"	38943
	"2012"	"2012"	"Mississippi"	"28"	"1-4 years"	"1-4"	162615
	"2012"	"2012"	"Mississippi"	"28"	"5-9 years"	"5-9"	208254
	"2012"	"2012"	"Mississippi"	"28"	"10-14 years"	"10-14"	208025
	"2012"	"2012"	"Mississippi"	"28"	"15-19 years"	"15-19"	212018
	"2012"	"2012"	"Mississippi"	"28"	"20-24 years"	"20-24"	224418
	"2012"	"2012"	"Mississippi"	"28"	"25-29 years"	"25-29"	194543
	"2012"	"2012"	"Mississippi"	"28"	"30-34 years"	"30-34"	195037
	"2012"	"2012"	"Mississippi"	"28"	"35-39 years"	"35-39"	180290
	"2012"	"2012"	"Mississippi"	"28"	"40-44 years"	"40-44"	190423
	"2012"	"2012"	"Mississippi"	"28"	"45-49 years"	"45-49"	195511
	"2012"	"2012"	"Mississippi"	"28"	"50-54 years"	"50-54"	207771
	"2012"	"2012"	"Mississippi"	"28"	"55-59 years"	"55-59"	195029
	"2012"	"2012"	"Mississippi"	"28"	"60-64 years "	"60-64"	168478
	"2012"	"2012"	"Mississippi"	"28"	"65-69 years"	"65-69"	132806
	"2012"	"2012"	"Mississippi"	"28"	"70-74 years"	"70-74"	98551
	"2012"	"2012"	"Mississippi"	"28"	"75-79 years"	"75-79"	72378
	"2012"	"2012"	"Mississippi"	"28"	"80-84 years"	"80-84"	52190
	"2012"	"2012"	"Mississippi"	"28"	"85+ years"	"85+"	47319
"Total"	"2012"	"2012"	"Mississippi"	"28"			2984599
	"2012"	"2012"	"Missouri"	"29"	"< 1 year"	"1"	75052
	"2012"	"2012"	"Missouri"	"29"	"1-4 years"	"1-4"	306129
	"2012"	"2012"	"Missouri"	"29"	"5-9 years"	"5-9"	390902
	"2012"	"2012"	"Missouri"	"29"	"10-14 years"	"10-14"	394394
	"2012"	"2012"	"Missouri"	"29"	"15-19 years"	"15-19"	403976
	"2012"	"2012"	"Missouri"	"29"	"20-24 years"	"20-24"	430106
	"2012"	"2012"	"Missouri"	"29"	"25-29 years"	"25-29"	400684
	"2012"	"2012"	"Missouri"	"29"	"30-34 years"	"30-34"	391478
	"2012"	"2012"	"Missouri"	"29"	"35-39 years"	"35-39"	352332
	"2012"	"2012"	"Missouri"	"29"	"40-44 years"	"40-44"	379708
	"2012"	"2012"	"Missouri"	"29"	"45-49 years"	"45-49"	407397
	"2012"	"2012"	"Missouri"	"29"	"50-54 years"	"50-54"	447436
	"2012"	"2012"	"Missouri"	"29"	"55-59 years"	"55-59"	410684
	"2012"	"2012"	"Missouri"	"29"	"60-64 years "	"60-64"	352349
	"2012"	"2012"	"Missouri"	"29"	"65-69 years"	"65-69"	279933
	"2012"	"2012"	"Missouri"	"29"	"70-74 years"	"70-74"	207088
	"2012"	"2012"	"Missouri"	"29"	"75-79 years"	"75-79"	156718
	"2012"	"2012"	"Missouri"	"29"	"80-84 years"	"80-84"	119305
	"2012"	"2012"	"Missouri"	"29"	"85+ years"	"85+"	120356
"Total"	"2012"	"2012"	"Missouri"	"29"			6026027
	"2012"	"2012"	"Montana"	"30"	"< 1 year"	"1"	12061
	"2012"	"2012"	"Montana"	"30"	"1-4 years"	"1-4"	49399
	"2012"	"2012"	"Montana"	"30"	"5-9 years"	"5-9"	62308
	"2012"	"2012"	"Montana"	"30"	"10-14 years"	"10-14"	61412
	"2012"	"2012"	"Montana"	"30"	"15-19 years"	"15-19"	64816
	"2012"	"2012"	"Montana"	"30"	"20-24 years"	"20-24"	71460
	"2012"	"2012"	"Montana"	"30"	"25-29 years"	"25-29"	63236
	"2012"	"2012"	"Montana"	"30"	"30-34 years"	"30-34"	62778
	"2012"	"2012"	"Montana"	"30"	"35-39 years"	"35-39"	55384
	"2012"	"2012"	"Montana"	"30"	"40-44 years"	"40-44"	57818
	"2012"	"2012"	"Montana"	"30"	"45-49 years"	"45-49"	63376
	"2012"	"2012"	"Montana"	"30"	"50-54 years"	"50-54"	76127
	"2012"	"2012"	"Montana"	"30"	"55-59 years"	"55-59"	77788
	"2012"	"2012"	"Montana"	"30"	"60-64 years "	"60-64"	68791
	"2012"	"2012"	"Montana"	"30"	"65-69 years"	"65-69"	52139
	"2012"	"2012"	"Montana"	"30"	"70-74 years"	"70-74"	37145
	"2012"	"2012"	"Montana"	"30"	"75-79 years"	"75-79"	26760
	"2012"	"2012"	"Montana"	"30"	"80-84 years"	"80-84"	20424
	"2012"	"2012"	"Montana"	"30"	"85+ years"	"85+"	20946
"Total"	"2012"	"2012"	"Montana"	"30"			1004168
	"2012"	"2012"	"Nebraska"	"31"	"< 1 year"	"1"	25689
	"2012"	"2012"	"Nebraska"	"31"	"1-4 years"	"1-4"	105216
	"2012"	"2012"	"Nebraska"	"31"	"5-9 years"	"5-9"	131827
	"2012"	"2012"	"Nebraska"	"31"	"10-14 years"	"10-14"	125706
	"2012"	"2012"	"Nebraska"	"31"	"15-19 years"	"15-19"	128175
	"2012"	"2012"	"Nebraska"	"31"	"20-24 years"	"20-24"	131729
	"2012"	"2012"	"Nebraska"	"31"	"25-29 years"	"25-29"	126898
	"2012"	"2012"	"Nebraska"	"31"	"30-34 years"	"30-34"	124539
	"2012"	"2012"	"Nebraska"	"31"	"35-39 years"	"35-39"	109548
	"2012"	"2012"	"Nebraska"	"31"	"40-44 years"	"40-44"	111601
	"2012"	"2012"	"Nebraska"	"31"	"45-49 years"	"45-49"	117742
	"2012"	"2012"	"Nebraska"	"31"	"50-54 years"	"50-54"	130917
	"2012"	"2012"	"Nebraska"	"31"	"55-59 years"	"55-59"	122189
	"2012"	"2012"	"Nebraska"	"31"	"60-64 years "	"60-64"	104526
	"2012"	"2012"	"Nebraska"	"31"	"65-69 years"	"65-69"	76641
	"2012"	"2012"	"Nebraska"	"31"	"70-74 years"	"70-74"	56125
	"2012"	"2012"	"Nebraska"	"31"	"75-79 years"	"75-79"	45810
	"2012"	"2012"	"Nebraska"	"31"	"80-84 years"	"80-84"	37999
	"2012"	"2012"	"Nebraska"	"31"	"85+ years"	"85+"	40814
"Total"	"2012"	"2012"	"Nebraska"	"31"			1853691
	"2012"	"2012"	"Nevada"	"32"	"< 1 year"	"1"	34559
	"2012"	"2012"	"Nevada"	"32"	"1-4 years"	"1-4"	145746
	"2012"	"2012"	"Nevada"	"32"	"5-9 years"	"5-9"	183815
	"2012"	"2012"	"Nevada"	"32"	"10-14 years"	"10-14"	181892
	"2012"	"2012"	"Nevada"	"32"	"15-19 years"	"15-19"	174954
	"2012"	"2012"	"Nevada"	"32"	"20-24 years"	"20-24"	185637
	"2012"	"2012"	"Nevada"	"32"	"25-29 years"	"25-29"	195882
	"2012"	"2012"	"Nevada"	"32"	"30-34 years"	"30-34"	195581
	"2012"	"2012"	"Nevada"	"32"	"35-39 years"	"35-39"	183289
	"2012"	"2012"	"Nevada"	"32"	"40-44 years"	"40-44"	195116
	"2012"	"2012"	"Nevada"	"32"	"45-49 years"	"45-49"	189996
	"2012"	"2012"	"Nevada"	"32"	"50-54 years"	"50-54"	186801
	"2012"	"2012"	"Nevada"	"32"	"55-59 years"	"55-59"	173401
	"2012"	"2012"	"Nevada"	"32"	"60-64 years "	"60-64"	156963
	"2012"	"2012"	"Nevada"	"32"	"65-69 years"	"65-69"	131546
	"2012"	"2012"	"Nevada"	"32"	"70-74 years"	"70-74"	92303
	"2012"	"2012"	"Nevada"	"32"	"75-79 years"	"75-79"	62375
	"2012"	"2012"	"Nevada"	"32"	"80-84 years"	"80-84"	41045
	"2012"	"2012"	"Nevada"	"32"	"85+ years"	"85+"	33769
"Total"	"2012"	"2012"	"Nevada"	"32"			2744670
	"2012"	"2012"	"New Hampshire"	"33"	"< 1 year"	"1"	12463
	"2012"	"2012"	"New Hampshire"	"33"	"1-4 years"	"1-4"	54131
	"2012"	"2012"	"New Hampshire"	"33"	"5-9 years"	"5-9"	75281
	"2012"	"2012"	"New Hampshire"	"33"	"10-14 years"	"10-14"	81501
	"2012"	"2012"	"New Hampshire"	"33"	"15-19 years"	"15-19"	93078
	"2012"	"2012"	"New Hampshire"	"33"	"20-24 years"	"20-24"	87827
	"2012"	"2012"	"New Hampshire"	"33"	"25-29 years"	"25-29"	75381
	"2012"	"2012"	"New Hampshire"	"33"	"30-34 years"	"30-34"	74074
	"2012"	"2012"	"New Hampshire"	"33"	"35-39 years"	"35-39"	73793
	"2012"	"2012"	"New Hampshire"	"33"	"40-44 years"	"40-44"	93097
	"2012"	"2012"	"New Hampshire"	"33"	"45-49 years"	"45-49"	105640
	"2012"	"2012"	"New Hampshire"	"33"	"50-54 years"	"50-54"	114249
	"2012"	"2012"	"New Hampshire"	"33"	"55-59 years"	"55-59"	102920
	"2012"	"2012"	"New Hampshire"	"33"	"60-64 years "	"60-64"	86662
	"2012"	"2012"	"New Hampshire"	"33"	"65-69 years"	"65-69"	66244
	"2012"	"2012"	"New Hampshire"	"33"	"70-74 years"	"70-74"	43619
	"2012"	"2012"	"New Hampshire"	"33"	"75-79 years"	"75-79"	32413
	"2012"	"2012"	"New Hampshire"	"33"	"80-84 years"	"80-84"	25355
	"2012"	"2012"	"New Hampshire"	"33"	"85+ years"	"85+"	26949
"Total"	"2012"	"2012"	"New Hampshire"	"33"			1324677
	"2012"	"2012"	"New Jersey"	"34"	"< 1 year"	"1"	104557
	"2012"	"2012"	"New Jersey"	"34"	"1-4 years"	"1-4"	428920
	"2012"	"2012"	"New Jersey"	"34"	"5-9 years"	"5-9"	558890
	"2012"	"2012"	"New Jersey"	"34"	"10-14 years"	"10-14"	577609
	"2012"	"2012"	"New Jersey"	"34"	"15-19 years"	"15-19"	587749
	"2012"	"2012"	"New Jersey"	"34"	"20-24 years"	"20-24"	555375
	"2012"	"2012"	"New Jersey"	"34"	"25-29 years"	"25-29"	555184
	"2012"	"2012"	"New Jersey"	"34"	"30-34 years"	"30-34"	567212
	"2012"	"2012"	"New Jersey"	"34"	"35-39 years"	"35-39"	560333
	"2012"	"2012"	"New Jersey"	"34"	"40-44 years"	"40-44"	630874
	"2012"	"2012"	"New Jersey"	"34"	"45-49 years"	"45-49"	676916
	"2012"	"2012"	"New Jersey"	"34"	"50-54 years"	"50-54"	686064
	"2012"	"2012"	"New Jersey"	"34"	"55-59 years"	"55-59"	604620
	"2012"	"2012"	"New Jersey"	"34"	"60-64 years "	"60-64"	497167
	"2012"	"2012"	"New Jersey"	"34"	"65-69 years"	"65-69"	394033
	"2012"	"2012"	"New Jersey"	"34"	"70-74 years"	"70-74"	278298
	"2012"	"2012"	"New Jersey"	"34"	"75-79 years"	"75-79"	214272
	"2012"	"2012"	"New Jersey"	"34"	"80-84 years"	"80-84"	177244
	"2012"	"2012"	"New Jersey"	"34"	"85+ years"	"85+"	190354
"Total"	"2012"	"2012"	"New Jersey"	"34"			8845671
	"2012"	"2012"	"New Mexico"	"35"	"< 1 year"	"1"	26888
	"2012"	"2012"	"New Mexico"	"35"	"1-4 years"	"1-4"	114219
	"2012"	"2012"	"New Mexico"	"35"	"5-9 years"	"5-9"	144854
	"2012"	"2012"	"New Mexico"	"35"	"10-14 years"	"10-14"	142713
	"2012"	"2012"	"New Mexico"	"35"	"15-19 years"	"15-19"	143882
	"2012"	"2012"	"New Mexico"	"35"	"20-24 years"	"20-24"	151819
	"2012"	"2012"	"New Mexico"	"35"	"25-29 years"	"25-29"	141456
	"2012"	"2012"	"New Mexico"	"35"	"30-34 years"	"30-34"	135242
	"2012"	"2012"	"New Mexico"	"35"	"35-39 years"	"35-39"	121082
	"2012"	"2012"	"New Mexico"	"35"	"40-44 years"	"40-44"	125287
	"2012"	"2012"	"New Mexico"	"35"	"45-49 years"	"45-49"	131881
	"2012"	"2012"	"New Mexico"	"35"	"50-54 years"	"50-54"	146641
	"2012"	"2012"	"New Mexico"	"35"	"55-59 years"	"55-59"	140499
	"2012"	"2012"	"New Mexico"	"35"	"60-64 years "	"60-64"	126814
	"2012"	"2012"	"New Mexico"	"35"	"65-69 years"	"65-69"	98918
	"2012"	"2012"	"New Mexico"	"35"	"70-74 years"	"70-74"	71043
	"2012"	"2012"	"New Mexico"	"35"	"75-79 years"	"75-79"	52200
	"2012"	"2012"	"New Mexico"	"35"	"80-84 years"	"80-84"	37950
	"2012"	"2012"	"New Mexico"	"35"	"85+ years"	"85+"	34327
"Total"	"2012"	"2012"	"New Mexico"	"35"			2087715
	"2012"	"2012"	"New York"	"36"	"< 1 year"	"1"	241165
	"2012"	"2012"	"New York"	"36"	"1-4 years"	"1-4"	932383
	"2012"	"2012"	"New York"	"36"	"5-9 years"	"5-9"	1153273
	"2012"	"2012"	"New York"	"36"	"10-14 years"	"10-14"	1186218
	"2012"	"2012"	"New York"	"36"	"15-19 years"	"15-19"	1305524
	"2012"	"2012"	"New York"	"36"	"20-24 years"	"20-24"	1437558
	"2012"	"2012"	"New York"	"36"	"25-29 years"	"25-29"	1427937
	"2012"	"2012"	"New York"	"36"	"30-34 years"	"30-34"	1333359
	"2012"	"2012"	"New York"	"36"	"35-39 years"	"35-39"	1210757
	"2012"	"2012"	"New York"	"36"	"40-44 years"	"40-44"	1322398
	"2012"	"2012"	"New York"	"36"	"45-49 years"	"45-49"	1405745
	"2012"	"2012"	"New York"	"36"	"50-54 years"	"50-54"	1434743
	"2012"	"2012"	"New York"	"36"	"55-59 years"	"55-59"	1300612
	"2012"	"2012"	"New York"	"36"	"60-64 years "	"60-64"	1115115
	"2012"	"2012"	"New York"	"36"	"65-69 years"	"65-69"	862743
	"2012"	"2012"	"New York"	"36"	"70-74 years"	"70-74"	622227
	"2012"	"2012"	"New York"	"36"	"75-79 years"	"75-79"	479149
	"2012"	"2012"	"New York"	"36"	"80-84 years"	"80-84"	387128
	"2012"	"2012"	"New York"	"36"	"85+ years"	"85+"	416328
"Total"	"2012"	"2012"	"New York"	"36"			19574362
	"2012"	"2012"	"North Carolina"	"37"	"< 1 year"	"1"	119119
	"2012"	"2012"	"North Carolina"	"37"	"1-4 years"	"1-4"	497198
	"2012"	"2012"	"North Carolina"	"37"	"5-9 years"	"5-9"	640459
	"2012"	"2012"	"North Carolina"	"37"	"10-14 years"	"10-14"	648053
	"2012"	"2012"	"North Carolina"	"37"	"15-19 years"	"15-19"	650896
	"2012"	"2012"	"North Carolina"	"37"	"20-24 years"	"20-24"	698626
	"2012"	"2012"	"North Carolina"	"37"	"25-29 years"	"25-29"	633678
	"2012"	"2012"	"North Carolina"	"37"	"30-34 years"	"30-34"	632754
	"2012"	"2012"	"North Carolina"	"37"	"35-39 years"	"35-39"	624895
	"2012"	"2012"	"North Carolina"	"37"	"40-44 years"	"40-44"	688785
	"2012"	"2012"	"North Carolina"	"37"	"45-49 years"	"45-49"	683409
	"2012"	"2012"	"North Carolina"	"37"	"50-54 years"	"50-54"	688170
	"2012"	"2012"	"North Carolina"	"37"	"55-59 years"	"55-59"	635613
	"2012"	"2012"	"North Carolina"	"37"	"60-64 years "	"60-64"	564882
	"2012"	"2012"	"North Carolina"	"37"	"65-69 years"	"65-69"	459067
	"2012"	"2012"	"North Carolina"	"37"	"70-74 years"	"70-74"	321210
	"2012"	"2012"	"North Carolina"	"37"	"75-79 years"	"75-79"	235736
	"2012"	"2012"	"North Carolina"	"37"	"80-84 years"	"80-84"	169283
	"2012"	"2012"	"North Carolina"	"37"	"85+ years"	"85+"	159977
"Total"	"2012"	"2012"	"North Carolina"	"37"			9751810
	"2012"	"2012"	"North Dakota"	"38"	"< 1 year"	"1"	9810
	"2012"	"2012"	"North Dakota"	"38"	"1-4 years"	"1-4"	37627
	"2012"	"2012"	"North Dakota"	"38"	"5-9 years"	"5-9"	44243
	"2012"	"2012"	"North Dakota"	"38"	"10-14 years"	"10-14"	40655
	"2012"	"2012"	"North Dakota"	"38"	"15-19 years"	"15-19"	47523
	"2012"	"2012"	"North Dakota"	"38"	"20-24 years"	"20-24"	64699
	"2012"	"2012"	"North Dakota"	"38"	"25-29 years"	"25-29"	52574
	"2012"	"2012"	"North Dakota"	"38"	"30-34 years"	"30-34"	46649
	"2012"	"2012"	"North Dakota"	"38"	"35-39 years"	"35-39"	38499
	"2012"	"2012"	"North Dakota"	"38"	"40-44 years"	"40-44"	38660
	"2012"	"2012"	"North Dakota"	"38"	"45-49 years"	"45-49"	42463
	"2012"	"2012"	"North Dakota"	"38"	"50-54 years"	"50-54"	50150
	"2012"	"2012"	"North Dakota"	"38"	"55-59 years"	"55-59"	48324
	"2012"	"2012"	"North Dakota"	"38"	"60-64 years "	"60-64"	39569
	"2012"	"2012"	"North Dakota"	"38"	"65-69 years"	"65-69"	28982
	"2012"	"2012"	"North Dakota"	"38"	"70-74 years"	"70-74"	21024
	"2012"	"2012"	"North Dakota"	"38"	"75-79 years"	"75-79"	17988
	"2012"	"2012"	"North Dakota"	"38"	"80-84 years"	"80-84"	15237
	"2012"	"2012"	"North Dakota"	"38"	"85+ years"	"85+"	17551
"Total"	"2012"	"2012"	"North Dakota"	"38"			702227
	"2012"	"2012"	"Ohio"	"39"	"< 1 year"	"1"	136697
	"2012"	"2012"	"Ohio"	"39"	"1-4 years"	"1-4"	563033
	"2012"	"2012"	"Ohio"	"39"	"5-9 years"	"5-9"	735644
	"2012"	"2012"	"Ohio"	"39"	"10-14 years"	"10-14"	766046
	"2012"	"2012"	"Ohio"	"39"	"15-19 years"	"15-19"	789302
	"2012"	"2012"	"Ohio"	"39"	"20-24 years"	"20-24"	795622
	"2012"	"2012"	"Ohio"	"39"	"25-29 years"	"25-29"	718745
	"2012"	"2012"	"Ohio"	"39"	"30-34 years"	"30-34"	713175
	"2012"	"2012"	"Ohio"	"39"	"35-39 years"	"35-39"	670926
	"2012"	"2012"	"Ohio"	"39"	"40-44 years"	"40-44"	756328
	"2012"	"2012"	"Ohio"	"39"	"45-49 years"	"45-49"	797314
	"2012"	"2012"	"Ohio"	"39"	"50-54 years"	"50-54"	874102
	"2012"	"2012"	"Ohio"	"39"	"55-59 years"	"55-59"	824172
	"2012"	"2012"	"Ohio"	"39"	"60-64 years "	"60-64"	705954
	"2012"	"2012"	"Ohio"	"39"	"65-69 years"	"65-69"	530737
	"2012"	"2012"	"Ohio"	"39"	"70-74 years"	"70-74"	392733
	"2012"	"2012"	"Ohio"	"39"	"75-79 years"	"75-79"	298969
	"2012"	"2012"	"Ohio"	"39"	"80-84 years"	"80-84"	238092
	"2012"	"2012"	"Ohio"	"39"	"85+ years"	"85+"	243380
"Total"	"2012"	"2012"	"Ohio"	"39"			11550971
	"2012"	"2012"	"Oklahoma"	"40"	"< 1 year"	"1"	51971
	"2012"	"2012"	"Oklahoma"	"40"	"1-4 years"	"1-4"	212754
	"2012"	"2012"	"Oklahoma"	"40"	"5-9 years"	"5-9"	265594
	"2012"	"2012"	"Oklahoma"	"40"	"10-14 years"	"10-14"	260088
	"2012"	"2012"	"Oklahoma"	"40"	"15-19 years"	"15-19"	255647
	"2012"	"2012"	"Oklahoma"	"40"	"20-24 years"	"20-24"	285651
	"2012"	"2012"	"Oklahoma"	"40"	"25-29 years"	"25-29"	265481
	"2012"	"2012"	"Oklahoma"	"40"	"30-34 years"	"30-34"	256966
	"2012"	"2012"	"Oklahoma"	"40"	"35-39 years"	"35-39"	229577
	"2012"	"2012"	"Oklahoma"	"40"	"40-44 years"	"40-44"	234870
	"2012"	"2012"	"Oklahoma"	"40"	"45-49 years"	"45-49"	240902
	"2012"	"2012"	"Oklahoma"	"40"	"50-54 years"	"50-54"	265162
	"2012"	"2012"	"Oklahoma"	"40"	"55-59 years"	"55-59"	247946
	"2012"	"2012"	"Oklahoma"	"40"	"60-64 years "	"60-64"	212857
	"2012"	"2012"	"Oklahoma"	"40"	"65-69 years"	"65-69"	173310
	"2012"	"2012"	"Oklahoma"	"40"	"70-74 years"	"70-74"	128440
	"2012"	"2012"	"Oklahoma"	"40"	"75-79 years"	"75-79"	96856
	"2012"	"2012"	"Oklahoma"	"40"	"80-84 years"	"80-84"	69841
	"2012"	"2012"	"Oklahoma"	"40"	"85+ years"	"85+"	65407
"Total"	"2012"	"2012"	"Oklahoma"	"40"			3819320
	"2012"	"2012"	"Oregon"	"41"	"< 1 year"	"1"	44961
	"2012"	"2012"	"Oregon"	"41"	"1-4 years"	"1-4"	188609
	"2012"	"2012"	"Oregon"	"41"	"5-9 years"	"5-9"	239307
	"2012"	"2012"	"Oregon"	"41"	"10-14 years"	"10-14"	240988
	"2012"	"2012"	"Oregon"	"41"	"15-19 years"	"15-19"	246820
	"2012"	"2012"	"Oregon"	"41"	"20-24 years"	"20-24"	266338
	"2012"	"2012"	"Oregon"	"41"	"25-29 years"	"25-29"	263540
	"2012"	"2012"	"Oregon"	"41"	"30-34 years"	"30-34"	271075
	"2012"	"2012"	"Oregon"	"41"	"35-39 years"	"35-39"	249873
	"2012"	"2012"	"Oregon"	"41"	"40-44 years"	"40-44"	257758
	"2012"	"2012"	"Oregon"	"41"	"45-49 years"	"45-49"	249181
	"2012"	"2012"	"Oregon"	"41"	"50-54 years"	"50-54"	271556
	"2012"	"2012"	"Oregon"	"41"	"55-59 years"	"55-59"	277492
	"2012"	"2012"	"Oregon"	"41"	"60-64 years "	"60-64"	254013
	"2012"	"2012"	"Oregon"	"41"	"65-69 years"	"65-69"	196053
	"2012"	"2012"	"Oregon"	"41"	"70-74 years"	"70-74"	133898
	"2012"	"2012"	"Oregon"	"41"	"75-79 years"	"75-79"	94659
	"2012"	"2012"	"Oregon"	"41"	"80-84 years"	"80-84"	72770
	"2012"	"2012"	"Oregon"	"41"	"85+ years"	"85+"	81211
"Total"	"2012"	"2012"	"Oregon"	"41"			3900102
	"2012"	"2012"	"Pennsylvania"	"42"	"< 1 year"	"1"	141472
	"2012"	"2012"	"Pennsylvania"	"42"	"1-4 years"	"1-4"	579679
	"2012"	"2012"	"Pennsylvania"	"42"	"5-9 years"	"5-9"	749363
	"2012"	"2012"	"Pennsylvania"	"42"	"10-14 years"	"10-14"	777944
	"2012"	"2012"	"Pennsylvania"	"42"	"15-19 years"	"15-19"	867284
	"2012"	"2012"	"Pennsylvania"	"42"	"20-24 years"	"20-24"	893739
	"2012"	"2012"	"Pennsylvania"	"42"	"25-29 years"	"25-29"	811810
	"2012"	"2012"	"Pennsylvania"	"42"	"30-34 years"	"30-34"	768975
	"2012"	"2012"	"Pennsylvania"	"42"	"35-39 years"	"35-39"	717151
	"2012"	"2012"	"Pennsylvania"	"42"	"40-44 years"	"40-44"	831221
	"2012"	"2012"	"Pennsylvania"	"42"	"45-49 years"	"45-49"	902897
	"2012"	"2012"	"Pennsylvania"	"42"	"50-54 years"	"50-54"	975486
	"2012"	"2012"	"Pennsylvania"	"42"	"55-59 years"	"55-59"	923778
	"2012"	"2012"	"Pennsylvania"	"42"	"60-64 years "	"60-64"	787058
	"2012"	"2012"	"Pennsylvania"	"42"	"65-69 years"	"65-69"	613211
	"2012"	"2012"	"Pennsylvania"	"42"	"70-74 years"	"70-74"	449113
	"2012"	"2012"	"Pennsylvania"	"42"	"75-79 years"	"75-79"	354372
	"2012"	"2012"	"Pennsylvania"	"42"	"80-84 years"	"80-84"	301667
	"2012"	"2012"	"Pennsylvania"	"42"	"85+ years"	"85+"	322903
"Total"	"2012"	"2012"	"Pennsylvania"	"42"			12769123
	"2012"	"2012"	"Rhode Island"	"44"	"< 1 year"	"1"	11029
	"2012"	"2012"	"Rhode Island"	"44"	"1-4 years"	"1-4"	44774
	"2012"	"2012"	"Rhode Island"	"44"	"5-9 years"	"5-9"	59633
	"2012"	"2012"	"Rhode Island"	"44"	"10-14 years"	"10-14"	62044
	"2012"	"2012"	"Rhode Island"	"44"	"15-19 years"	"15-19"	76882
	"2012"	"2012"	"Rhode Island"	"44"	"20-24 years"	"20-24"	84244
	"2012"	"2012"	"Rhode Island"	"44"	"25-29 years"	"25-29"	68268
	"2012"	"2012"	"Rhode Island"	"44"	"30-34 years"	"30-34"	64340
	"2012"	"2012"	"Rhode Island"	"44"	"35-39 years"	"35-39"	59626
	"2012"	"2012"	"Rhode Island"	"44"	"40-44 years"	"40-44"	69680
	"2012"	"2012"	"Rhode Island"	"44"	"45-49 years"	"45-49"	76944
	"2012"	"2012"	"Rhode Island"	"44"	"50-54 years"	"50-54"	81032
	"2012"	"2012"	"Rhode Island"	"44"	"55-59 years"	"55-59"	75231
	"2012"	"2012"	"Rhode Island"	"44"	"60-64 years "	"60-64"	62065
	"2012"	"2012"	"Rhode Island"	"44"	"65-69 years"	"65-69"	48732
	"2012"	"2012"	"Rhode Island"	"44"	"70-74 years"	"70-74"	33291
	"2012"	"2012"	"Rhode Island"	"44"	"75-79 years"	"75-79"	26109
	"2012"	"2012"	"Rhode Island"	"44"	"80-84 years"	"80-84"	23036
	"2012"	"2012"	"Rhode Island"	"44"	"85+ years"	"85+"	27933
"Total"	"2012"	"2012"	"Rhode Island"	"44"			1054893
	"2012"	"2012"	"South Carolina"	"45"	"< 1 year"	"1"	57060
	"2012"	"2012"	"South Carolina"	"45"	"1-4 years"	"1-4"	237717
	"2012"	"2012"	"South Carolina"	"45"	"5-9 years"	"5-9"	301066
	"2012"	"2012"	"South Carolina"	"45"	"10-14 years"	"10-14"	302260
	"2012"	"2012"	"South Carolina"	"45"	"15-19 years"	"15-19"	313390
	"2012"	"2012"	"South Carolina"	"45"	"20-24 years"	"20-24"	351097
	"2012"	"2012"	"South Carolina"	"45"	"25-29 years"	"25-29"	304805
	"2012"	"2012"	"South Carolina"	"45"	"30-34 years"	"30-34"	298706
	"2012"	"2012"	"South Carolina"	"45"	"35-39 years"	"35-39"	282930
	"2012"	"2012"	"South Carolina"	"45"	"40-44 years"	"40-44"	309761
	"2012"	"2012"	"South Carolina"	"45"	"45-49 years"	"45-49"	321476
	"2012"	"2012"	"South Carolina"	"45"	"50-54 years"	"50-54"	332465
	"2012"	"2012"	"South Carolina"	"45"	"55-59 years"	"55-59"	317110
	"2012"	"2012"	"South Carolina"	"45"	"60-64 years "	"60-64"	293314
	"2012"	"2012"	"South Carolina"	"45"	"65-69 years"	"65-69"	245510
	"2012"	"2012"	"South Carolina"	"45"	"70-74 years"	"70-74"	171619
	"2012"	"2012"	"South Carolina"	"45"	"75-79 years"	"75-79"	120658
	"2012"	"2012"	"South Carolina"	"45"	"80-84 years"	"80-84"	82185
	"2012"	"2012"	"South Carolina"	"45"	"85+ years"	"85+"	75898
"Total"	"2012"	"2012"	"South Carolina"	"45"			4719027
	"2012"	"2012"	"South Dakota"	"46"	"< 1 year"	"1"	11977
	"2012"	"2012"	"South Dakota"	"46"	"1-4 years"	"1-4"	47829
	"2012"	"2012"	"South Dakota"	"46"	"5-9 years"	"5-9"	58621
	"2012"	"2012"	"South Dakota"	"46"	"10-14 years"	"10-14"	54330
	"2012"	"2012"	"South Dakota"	"46"	"15-19 years"	"15-19"	57262
	"2012"	"2012"	"South Dakota"	"46"	"20-24 years"	"20-24"	59850
	"2012"	"2012"	"South Dakota"	"46"	"25-29 years"	"25-29"	56248
	"2012"	"2012"	"South Dakota"	"46"	"30-34 years"	"30-34"	53957
	"2012"	"2012"	"South Dakota"	"46"	"35-39 years"	"35-39"	46354
	"2012"	"2012"	"South Dakota"	"46"	"40-44 years"	"40-44"	47733
	"2012"	"2012"	"South Dakota"	"46"	"45-49 years"	"45-49"	52516
	"2012"	"2012"	"South Dakota"	"46"	"50-54 years"	"50-54"	59806
	"2012"	"2012"	"South Dakota"	"46"	"55-59 years"	"55-59"	57337
	"2012"	"2012"	"South Dakota"	"46"	"60-64 years "	"60-64"	49137
	"2012"	"2012"	"South Dakota"	"46"	"65-69 years"	"65-69"	35707
	"2012"	"2012"	"South Dakota"	"46"	"70-74 years"	"70-74"	26129
	"2012"	"2012"	"South Dakota"	"46"	"75-79 years"	"75-79"	21447
	"2012"	"2012"	"South Dakota"	"46"	"80-84 years"	"80-84"	17795
	"2012"	"2012"	"South Dakota"	"46"	"85+ years"	"85+"	19824
"Total"	"2012"	"2012"	"South Dakota"	"46"			833859
	"2012"	"2012"	"Tennessee"	"47"	"< 1 year"	"1"	79869
	"2012"	"2012"	"Tennessee"	"47"	"1-4 years"	"1-4"	323078
	"2012"	"2012"	"Tennessee"	"47"	"5-9 years"	"5-9"	415263
	"2012"	"2012"	"Tennessee"	"47"	"10-14 years"	"10-14"	422589
	"2012"	"2012"	"Tennessee"	"47"	"15-19 years"	"15-19"	421947
	"2012"	"2012"	"Tennessee"	"47"	"20-24 years"	"20-24"	455981
	"2012"	"2012"	"Tennessee"	"47"	"25-29 years"	"25-29"	420737
	"2012"	"2012"	"Tennessee"	"47"	"30-34 years"	"30-34"	421240
	"2012"	"2012"	"Tennessee"	"47"	"35-39 years"	"35-39"	403227
	"2012"	"2012"	"Tennessee"	"47"	"40-44 years"	"40-44"	440499
	"2012"	"2012"	"Tennessee"	"47"	"45-49 years"	"45-49"	449645
	"2012"	"2012"	"Tennessee"	"47"	"50-54 years"	"50-54"	462617
	"2012"	"2012"	"Tennessee"	"47"	"55-59 years"	"55-59"	436178
	"2012"	"2012"	"Tennessee"	"47"	"60-64 years "	"60-64"	385671
	"2012"	"2012"	"Tennessee"	"47"	"65-69 years"	"65-69"	312154
	"2012"	"2012"	"Tennessee"	"47"	"70-74 years"	"70-74"	223197
	"2012"	"2012"	"Tennessee"	"47"	"75-79 years"	"75-79"	160853
	"2012"	"2012"	"Tennessee"	"47"	"80-84 years"	"80-84"	115057
	"2012"	"2012"	"Tennessee"	"47"	"85+ years"	"85+"	105950
"Total"	"2012"	"2012"	"Tennessee"	"47"			6455752
	"2012"	"2012"	"Texas"	"48"	"< 1 year"	"1"	376889
	"2012"	"2012"	"Texas"	"48"	"1-4 years"	"1-4"	1560392
	"2012"	"2012"	"Texas"	"48"	"5-9 years"	"5-9"	1976554
	"2012"	"2012"	"Texas"	"48"	"10-14 years"	"10-14"	1944155
	"2012"	"2012"	"Texas"	"48"	"15-19 years"	"15-19"	1886712
	"2012"	"2012"	"Texas"	"48"	"20-24 years"	"20-24"	1930315
	"2012"	"2012"	"Texas"	"48"	"25-29 years"	"25-29"	1905212
	"2012"	"2012"	"Texas"	"48"	"30-34 years"	"30-34"	1871632
	"2012"	"2012"	"Texas"	"48"	"35-39 years"	"35-39"	1756778
	"2012"	"2012"	"Texas"	"48"	"40-44 years"	"40-44"	1785959
	"2012"	"2012"	"Texas"	"48"	"45-49 years"	"45-49"	1719097
	"2012"	"2012"	"Texas"	"48"	"50-54 years"	"50-54"	1731031
	"2012"	"2012"	"Texas"	"48"	"55-59 years"	"55-59"	1537391
	"2012"	"2012"	"Texas"	"48"	"60-64 years "	"60-64"	1263512
	"2012"	"2012"	"Texas"	"48"	"65-69 years"	"65-69"	969396
	"2012"	"2012"	"Texas"	"48"	"70-74 years"	"70-74"	675584
	"2012"	"2012"	"Texas"	"48"	"75-79 years"	"75-79"	498628
	"2012"	"2012"	"Texas"	"48"	"80-84 years"	"80-84"	361702
	"2012"	"2012"	"Texas"	"48"	"85+ years"	"85+"	333181
"Total"	"2012"	"2012"	"Texas"	"48"			26084120
	"2012"	"2012"	"Utah"	"49"	"< 1 year"	"1"	50297
	"2012"	"2012"	"Utah"	"49"	"1-4 years"	"1-4"	208163
	"2012"	"2012"	"Utah"	"49"	"5-9 years"	"5-9"	257594
	"2012"	"2012"	"Utah"	"49"	"10-14 years"	"10-14"	239256
	"2012"	"2012"	"Utah"	"49"	"15-19 years"	"15-19"	218404
	"2012"	"2012"	"Utah"	"49"	"20-24 years"	"20-24"	242623
	"2012"	"2012"	"Utah"	"49"	"25-29 years"	"25-29"	216631
	"2012"	"2012"	"Utah"	"49"	"30-34 years"	"30-34"	225616
	"2012"	"2012"	"Utah"	"49"	"35-39 years"	"35-39"	192016
	"2012"	"2012"	"Utah"	"49"	"40-44 years"	"40-44"	166645
	"2012"	"2012"	"Utah"	"49"	"45-49 years"	"45-49"	149991
	"2012"	"2012"	"Utah"	"49"	"50-54 years"	"50-54"	155240
	"2012"	"2012"	"Utah"	"49"	"55-59 years"	"55-59"	143156
	"2012"	"2012"	"Utah"	"49"	"60-64 years "	"60-64"	117793
	"2012"	"2012"	"Utah"	"49"	"65-69 years"	"65-69"	89910
	"2012"	"2012"	"Utah"	"49"	"70-74 years"	"70-74"	64107
	"2012"	"2012"	"Utah"	"49"	"75-79 years"	"75-79"	48200
	"2012"	"2012"	"Utah"	"49"	"80-84 years"	"80-84"	35517
	"2012"	"2012"	"Utah"	"49"	"85+ years"	"85+"	32987
"Total"	"2012"	"2012"	"Utah"	"49"			2854146
	"2012"	"2012"	"Vermont"	"50"	"< 1 year"	"1"	6090
	"2012"	"2012"	"Vermont"	"50"	"1-4 years"	"1-4"	24906
	"2012"	"2012"	"Vermont"	"50"	"5-9 years"	"5-9"	34083
	"2012"	"2012"	"Vermont"	"50"	"10-14 years"	"10-14"	36344
	"2012"	"2012"	"Vermont"	"50"	"15-19 years"	"15-19"	45502
	"2012"	"2012"	"Vermont"	"50"	"20-24 years"	"20-24"	44673
	"2012"	"2012"	"Vermont"	"50"	"25-29 years"	"25-29"	35511
	"2012"	"2012"	"Vermont"	"50"	"30-34 years"	"30-34"	35599
	"2012"	"2012"	"Vermont"	"50"	"35-39 years"	"35-39"	33837
	"2012"	"2012"	"Vermont"	"50"	"40-44 years"	"40-44"	40109
	"2012"	"2012"	"Vermont"	"50"	"45-49 years"	"45-49"	45671
	"2012"	"2012"	"Vermont"	"50"	"50-54 years"	"50-54"	51638
	"2012"	"2012"	"Vermont"	"50"	"55-59 years"	"55-59"	50143
	"2012"	"2012"	"Vermont"	"50"	"60-64 years "	"60-64"	44121
	"2012"	"2012"	"Vermont"	"50"	"65-69 years"	"65-69"	33481
	"2012"	"2012"	"Vermont"	"50"	"70-74 years"	"70-74"	22306
	"2012"	"2012"	"Vermont"	"50"	"75-79 years"	"75-79"	16137
	"2012"	"2012"	"Vermont"	"50"	"80-84 years"	"80-84"	12726
	"2012"	"2012"	"Vermont"	"50"	"85+ years"	"85+"	13484
"Total"	"2012"	"2012"	"Vermont"	"50"			626361
	"2012"	"2012"	"Virginia"	"51"	"< 1 year"	"1"	102354
	"2012"	"2012"	"Virginia"	"51"	"1-4 years"	"1-4"	409498
	"2012"	"2012"	"Virginia"	"51"	"5-9 years"	"5-9"	519526
	"2012"	"2012"	"Virginia"	"51"	"10-14 years"	"10-14"	518693
	"2012"	"2012"	"Virginia"	"51"	"15-19 years"	"15-19"	542309
	"2012"	"2012"	"Virginia"	"51"	"20-24 years"	"20-24"	587418
	"2012"	"2012"	"Virginia"	"51"	"25-29 years"	"25-29"	577569
	"2012"	"2012"	"Virginia"	"51"	"30-34 years"	"30-34"	561705
	"2012"	"2012"	"Virginia"	"51"	"35-39 years"	"35-39"	521763
	"2012"	"2012"	"Virginia"	"51"	"40-44 years"	"40-44"	572107
	"2012"	"2012"	"Virginia"	"51"	"45-49 years"	"45-49"	598360
	"2012"	"2012"	"Virginia"	"51"	"50-54 years"	"50-54"	606607
	"2012"	"2012"	"Virginia"	"51"	"55-59 years"	"55-59"	545027
	"2012"	"2012"	"Virginia"	"51"	"60-64 years "	"60-64"	462334
	"2012"	"2012"	"Virginia"	"51"	"65-69 years"	"65-69"	363456
	"2012"	"2012"	"Virginia"	"51"	"70-74 years"	"70-74"	252208
	"2012"	"2012"	"Virginia"	"51"	"75-79 years"	"75-79"	181400
	"2012"	"2012"	"Virginia"	"51"	"80-84 years"	"80-84"	133495
	"2012"	"2012"	"Virginia"	"51"	"85+ years"	"85+"	131627
"Total"	"2012"	"2012"	"Virginia"	"51"			8187456
	"2012"	"2012"	"Washington"	"53"	"< 1 year"	"1"	86717
	"2012"	"2012"	"Washington"	"53"	"1-4 years"	"1-4"	357337
	"2012"	"2012"	"Washington"	"53"	"5-9 years"	"5-9"	440206
	"2012"	"2012"	"Washington"	"53"	"10-14 years"	"10-14"	438682
	"2012"	"2012"	"Washington"	"53"	"15-19 years"	"15-19"	442767
	"2012"	"2012"	"Washington"	"53"	"20-24 years"	"20-24"	490254
	"2012"	"2012"	"Washington"	"53"	"25-29 years"	"25-29"	491161
	"2012"	"2012"	"Washington"	"53"	"30-34 years"	"30-34"	485207
	"2012"	"2012"	"Washington"	"53"	"35-39 years"	"35-39"	441207
	"2012"	"2012"	"Washington"	"53"	"40-44 years"	"40-44"	471252
	"2012"	"2012"	"Washington"	"53"	"45-49 years"	"45-49"	467178
	"2012"	"2012"	"Washington"	"53"	"50-54 years"	"50-54"	497219
	"2012"	"2012"	"Washington"	"53"	"55-59 years"	"55-59"	475276
	"2012"	"2012"	"Washington"	"53"	"60-64 years "	"60-64"	409629
	"2012"	"2012"	"Washington"	"53"	"65-69 years"	"65-69"	313954
	"2012"	"2012"	"Washington"	"53"	"70-74 years"	"70-74"	207990
	"2012"	"2012"	"Washington"	"53"	"75-79 years"	"75-79"	147456
	"2012"	"2012"	"Washington"	"53"	"80-84 years"	"80-84"	112143
	"2012"	"2012"	"Washington"	"53"	"85+ years"	"85+"	122964
"Total"	"2012"	"2012"	"Washington"	"53"			6898599
	"2012"	"2012"	"West Virginia"	"54"	"< 1 year"	"1"	20527
	"2012"	"2012"	"West Virginia"	"54"	"1-4 years"	"1-4"	82818
	"2012"	"2012"	"West Virginia"	"54"	"5-9 years"	"5-9"	106016
	"2012"	"2012"	"West Virginia"	"54"	"10-14 years"	"10-14"	108456
	"2012"	"2012"	"West Virginia"	"54"	"15-19 years"	"15-19"	113866
	"2012"	"2012"	"West Virginia"	"54"	"20-24 years"	"20-24"	125443
	"2012"	"2012"	"West Virginia"	"54"	"25-29 years"	"25-29"	106836
	"2012"	"2012"	"West Virginia"	"54"	"30-34 years"	"30-34"	113466
	"2012"	"2012"	"West Virginia"	"54"	"35-39 years"	"35-39"	111582
	"2012"	"2012"	"West Virginia"	"54"	"40-44 years"	"40-44"	121325
	"2012"	"2012"	"West Virginia"	"54"	"45-49 years"	"45-49"	125891
	"2012"	"2012"	"West Virginia"	"54"	"50-54 years"	"50-54"	138018
	"2012"	"2012"	"West Virginia"	"54"	"55-59 years"	"55-59"	139924
	"2012"	"2012"	"West Virginia"	"54"	"60-64 years "	"60-64"	131471
	"2012"	"2012"	"West Virginia"	"54"	"65-69 years"	"65-69"	100864
	"2012"	"2012"	"West Virginia"	"54"	"70-74 years"	"70-74"	75091
	"2012"	"2012"	"West Virginia"	"54"	"75-79 years"	"75-79"	55860
	"2012"	"2012"	"West Virginia"	"54"	"80-84 years"	"80-84"	41941
	"2012"	"2012"	"West Virginia"	"54"	"85+ years"	"85+"	38051
"Total"	"2012"	"2012"	"West Virginia"	"54"			1857446
	"2012"	"2012"	"Wisconsin"	"55"	"< 1 year"	"1"	67269
	"2012"	"2012"	"Wisconsin"	"55"	"1-4 years"	"1-4"	281468
	"2012"	"2012"	"Wisconsin"	"55"	"5-9 years"	"5-9"	367563
	"2012"	"2012"	"Wisconsin"	"55"	"10-14 years"	"10-14"	373742
	"2012"	"2012"	"Wisconsin"	"55"	"15-19 years"	"15-19"	390918
	"2012"	"2012"	"Wisconsin"	"55"	"20-24 years"	"20-24"	394757
	"2012"	"2012"	"Wisconsin"	"55"	"25-29 years"	"25-29"	364398
	"2012"	"2012"	"Wisconsin"	"55"	"30-34 years"	"30-34"	365912
	"2012"	"2012"	"Wisconsin"	"55"	"35-39 years"	"35-39"	331461
	"2012"	"2012"	"Wisconsin"	"55"	"40-44 years"	"40-44"	366541
	"2012"	"2012"	"Wisconsin"	"55"	"45-49 years"	"45-49"	407536
	"2012"	"2012"	"Wisconsin"	"55"	"50-54 years"	"50-54"	442073
	"2012"	"2012"	"Wisconsin"	"55"	"55-59 years"	"55-59"	404809
	"2012"	"2012"	"Wisconsin"	"55"	"60-64 years "	"60-64"	342093
	"2012"	"2012"	"Wisconsin"	"55"	"65-69 years"	"65-69"	254442
	"2012"	"2012"	"Wisconsin"	"55"	"70-74 years"	"70-74"	183642
	"2012"	"2012"	"Wisconsin"	"55"	"75-79 years"	"75-79"	142256
	"2012"	"2012"	"Wisconsin"	"55"	"80-84 years"	"80-84"	116183
	"2012"	"2012"	"Wisconsin"	"55"	"85+ years"	"85+"	123762
"Total"	"2012"	"2012"	"Wisconsin"	"55"			5720825
	"2012"	"2012"	"Wyoming"	"56"	"< 1 year"	"1"	7397
	"2012"	"2012"	"Wyoming"	"56"	"1-4 years"	"1-4"	31613
	"2012"	"2012"	"Wyoming"	"56"	"5-9 years"	"5-9"	39424
	"2012"	"2012"	"Wyoming"	"56"	"10-14 years"	"10-14"	36525
	"2012"	"2012"	"Wyoming"	"56"	"15-19 years"	"15-19"	36907
	"2012"	"2012"	"Wyoming"	"56"	"20-24 years"	"20-24"	42455
	"2012"	"2012"	"Wyoming"	"56"	"25-29 years"	"25-29"	41298
	"2012"	"2012"	"Wyoming"	"56"	"30-34 years"	"30-34"	39644
	"2012"	"2012"	"Wyoming"	"56"	"35-39 years"	"35-39"	34095
	"2012"	"2012"	"Wyoming"	"56"	"40-44 years"	"40-44"	34223
	"2012"	"2012"	"Wyoming"	"56"	"45-49 years"	"45-49"	35599
	"2012"	"2012"	"Wyoming"	"56"	"50-54 years"	"50-54"	42812
	"2012"	"2012"	"Wyoming"	"56"	"55-59 years"	"55-59"	43113
	"2012"	"2012"	"Wyoming"	"56"	"60-64 years "	"60-64"	35744
	"2012"	"2012"	"Wyoming"	"56"	"65-69 years"	"65-69"	25993
	"2012"	"2012"	"Wyoming"	"56"	"70-74 years"	"70-74"	17914
	"2012"	"2012"	"Wyoming"	"56"	"75-79 years"	"75-79"	12836
	"2012"	"2012"	"Wyoming"	"56"	"80-84 years"	"80-84"	9819
	"2012"	"2012"	"Wyoming"	"56"	"85+ years"	"85+"	9245
"Total"	"2012"	"2012"	"Wyoming"	"56"			576656
"Total"	"2012"	"2012"					313877662
	"2013"	"2013"	"Alabama"	"01"	"< 1 year"	"1"	57413
	"2013"	"2013"	"Alabama"	"01"	"1-4 years"	"1-4"	237401
	"2013"	"2013"	"Alabama"	"01"	"5-9 years"	"5-9"	307034
	"2013"	"2013"	"Alabama"	"01"	"10-14 years"	"10-14"	316966
	"2013"	"2013"	"Alabama"	"01"	"15-19 years"	"15-19"	321114
	"2013"	"2013"	"Alabama"	"01"	"20-24 years"	"20-24"	357272
	"2013"	"2013"	"Alabama"	"01"	"25-29 years"	"25-29"	311891
	"2013"	"2013"	"Alabama"	"01"	"30-34 years"	"30-34"	308111
	"2013"	"2013"	"Alabama"	"01"	"35-39 years"	"35-39"	291638
	"2013"	"2013"	"Alabama"	"01"	"40-44 years"	"40-44"	315790
	"2013"	"2013"	"Alabama"	"01"	"45-49 years"	"45-49"	319141
	"2013"	"2013"	"Alabama"	"01"	"50-54 years"	"50-54"	345889
	"2013"	"2013"	"Alabama"	"01"	"55-59 years"	"55-59"	332787
	"2013"	"2013"	"Alabama"	"01"	"60-64 years "	"60-64"	289420
	"2013"	"2013"	"Alabama"	"01"	"65-69 years"	"65-69"	240016
	"2013"	"2013"	"Alabama"	"01"	"70-74 years"	"70-74"	178027
	"2013"	"2013"	"Alabama"	"01"	"75-79 years"	"75-79"	129801
	"2013"	"2013"	"Alabama"	"01"	"80-84 years"	"80-84"	90320
	"2013"	"2013"	"Alabama"	"01"	"85+ years"	"85+"	81555
"Total"	"2013"	"2013"	"Alabama"	"01"			4831586
	"2013"	"2013"	"Alaska"	"02"	"< 1 year"	"1"	11314
	"2013"	"2013"	"Alaska"	"02"	"1-4 years"	"1-4"	44218
	"2013"	"2013"	"Alaska"	"02"	"5-9 years"	"5-9"	52111
	"2013"	"2013"	"Alaska"	"02"	"10-14 years"	"10-14"	50727
	"2013"	"2013"	"Alaska"	"02"	"15-19 years"	"15-19"	48791
	"2013"	"2013"	"Alaska"	"02"	"20-24 years"	"20-24"	61039
	"2013"	"2013"	"Alaska"	"02"	"25-29 years"	"25-29"	60483
	"2013"	"2013"	"Alaska"	"02"	"30-34 years"	"30-34"	54488
	"2013"	"2013"	"Alaska"	"02"	"35-39 years"	"35-39"	45618
	"2013"	"2013"	"Alaska"	"02"	"40-44 years"	"40-44"	46542
	"2013"	"2013"	"Alaska"	"02"	"45-49 years"	"45-49"	47802
	"2013"	"2013"	"Alaska"	"02"	"50-54 years"	"50-54"	54529
	"2013"	"2013"	"Alaska"	"02"	"55-59 years"	"55-59"	52244
	"2013"	"2013"	"Alaska"	"02"	"60-64 years "	"60-64"	41494
	"2013"	"2013"	"Alaska"	"02"	"65-69 years"	"65-69"	27515
	"2013"	"2013"	"Alaska"	"02"	"70-74 years"	"70-74"	16687
	"2013"	"2013"	"Alaska"	"02"	"75-79 years"	"75-79"	10061
	"2013"	"2013"	"Alaska"	"02"	"80-84 years"	"80-84"	6527
	"2013"	"2013"	"Alaska"	"02"	"85+ years"	"85+"	5436
"Total"	"2013"	"2013"	"Alaska"	"02"			737626
	"2013"	"2013"	"Arizona"	"04"	"< 1 year"	"1"	86224
	"2013"	"2013"	"Arizona"	"04"	"1-4 years"	"1-4"	349022
	"2013"	"2013"	"Arizona"	"04"	"5-9 years"	"5-9"	460300
	"2013"	"2013"	"Arizona"	"04"	"10-14 years"	"10-14"	453737
	"2013"	"2013"	"Arizona"	"04"	"15-19 years"	"15-19"	452252
	"2013"	"2013"	"Arizona"	"04"	"20-24 years"	"20-24"	487647
	"2013"	"2013"	"Arizona"	"04"	"25-29 years"	"25-29"	445281
	"2013"	"2013"	"Arizona"	"04"	"30-34 years"	"30-34"	443625
	"2013"	"2013"	"Arizona"	"04"	"35-39 years"	"35-39"	409883
	"2013"	"2013"	"Arizona"	"04"	"40-44 years"	"40-44"	421100
	"2013"	"2013"	"Arizona"	"04"	"45-49 years"	"45-49"	407403
	"2013"	"2013"	"Arizona"	"04"	"50-54 years"	"50-54"	428783
	"2013"	"2013"	"Arizona"	"04"	"55-59 years"	"55-59"	404889
	"2013"	"2013"	"Arizona"	"04"	"60-64 years "	"60-64"	370634
	"2013"	"2013"	"Arizona"	"04"	"65-69 years"	"65-69"	332778
	"2013"	"2013"	"Arizona"	"04"	"70-74 years"	"70-74"	255753
	"2013"	"2013"	"Arizona"	"04"	"75-79 years"	"75-79"	180366
	"2013"	"2013"	"Arizona"	"04"	"80-84 years"	"80-84"	127457
	"2013"	"2013"	"Arizona"	"04"	"85+ years"	"85+"	117556
"Total"	"2013"	"2013"	"Arizona"	"04"			6634690
	"2013"	"2013"	"Arkansas"	"05"	"< 1 year"	"1"	37647
	"2013"	"2013"	"Arkansas"	"05"	"1-4 years"	"1-4"	154055
	"2013"	"2013"	"Arkansas"	"05"	"5-9 years"	"5-9"	200315
	"2013"	"2013"	"Arkansas"	"05"	"10-14 years"	"10-14"	198359
	"2013"	"2013"	"Arkansas"	"05"	"15-19 years"	"15-19"	197121
	"2013"	"2013"	"Arkansas"	"05"	"20-24 years"	"20-24"	213152
	"2013"	"2013"	"Arkansas"	"05"	"25-29 years"	"25-29"	191284
	"2013"	"2013"	"Arkansas"	"05"	"30-34 years"	"30-34"	193068
	"2013"	"2013"	"Arkansas"	"05"	"35-39 years"	"35-39"	178550
	"2013"	"2013"	"Arkansas"	"05"	"40-44 years"	"40-44"	186141
	"2013"	"2013"	"Arkansas"	"05"	"45-49 years"	"45-49"	187721
	"2013"	"2013"	"Arkansas"	"05"	"50-54 years"	"50-54"	203439
	"2013"	"2013"	"Arkansas"	"05"	"55-59 years"	"55-59"	193245
	"2013"	"2013"	"Arkansas"	"05"	"60-64 years "	"60-64"	172756
	"2013"	"2013"	"Arkansas"	"05"	"65-69 years"	"65-69"	148273
	"2013"	"2013"	"Arkansas"	"05"	"70-74 years"	"70-74"	112757
	"2013"	"2013"	"Arkansas"	"05"	"75-79 years"	"75-79"	81130
	"2013"	"2013"	"Arkansas"	"05"	"80-84 years"	"80-84"	57148
	"2013"	"2013"	"Arkansas"	"05"	"85+ years"	"85+"	54298
"Total"	"2013"	"2013"	"Arkansas"	"05"			2960459
	"2013"	"2013"	"California"	"06"	"< 1 year"	"1"	499558
	"2013"	"2013"	"California"	"06"	"1-4 years"	"1-4"	2001916
	"2013"	"2013"	"California"	"06"	"5-9 years"	"5-9"	2556700
	"2013"	"2013"	"California"	"06"	"10-14 years"	"10-14"	2525989
	"2013"	"2013"	"California"	"06"	"15-19 years"	"15-19"	2656464
	"2013"	"2013"	"California"	"06"	"20-24 years"	"20-24"	2921059
	"2013"	"2013"	"California"	"06"	"25-29 years"	"25-29"	2836879
	"2013"	"2013"	"California"	"06"	"30-34 years"	"30-34"	2750122
	"2013"	"2013"	"California"	"06"	"35-39 years"	"35-39"	2523598
	"2013"	"2013"	"California"	"06"	"40-44 years"	"40-44"	2617461
	"2013"	"2013"	"California"	"06"	"45-49 years"	"45-49"	2575787
	"2013"	"2013"	"California"	"06"	"50-54 years"	"50-54"	2626223
	"2013"	"2013"	"California"	"06"	"55-59 years"	"55-59"	2399494
	"2013"	"2013"	"California"	"06"	"60-64 years "	"60-64"	1995635
	"2013"	"2013"	"California"	"06"	"65-69 years"	"65-69"	1566812
	"2013"	"2013"	"California"	"06"	"70-74 years"	"70-74"	1107869
	"2013"	"2013"	"California"	"06"	"75-79 years"	"75-79"	813628
	"2013"	"2013"	"California"	"06"	"80-84 years"	"80-84"	615832
	"2013"	"2013"	"California"	"06"	"85+ years"	"85+"	662742
"Total"	"2013"	"2013"	"California"	"06"			38253768
	"2013"	"2013"	"Colorado"	"08"	"< 1 year"	"1"	64692
	"2013"	"2013"	"Colorado"	"08"	"1-4 years"	"1-4"	270526
	"2013"	"2013"	"Colorado"	"08"	"5-9 years"	"5-9"	356817
	"2013"	"2013"	"Colorado"	"08"	"10-14 years"	"10-14"	349162
	"2013"	"2013"	"Colorado"	"08"	"15-19 years"	"15-19"	338982
	"2013"	"2013"	"Colorado"	"08"	"20-24 years"	"20-24"	369982
	"2013"	"2013"	"Colorado"	"08"	"25-29 years"	"25-29"	391816
	"2013"	"2013"	"Colorado"	"08"	"30-34 years"	"30-34"	390516
	"2013"	"2013"	"Colorado"	"08"	"35-39 years"	"35-39"	353922
	"2013"	"2013"	"Colorado"	"08"	"40-44 years"	"40-44"	364183
	"2013"	"2013"	"Colorado"	"08"	"45-49 years"	"45-49"	344938
	"2013"	"2013"	"Colorado"	"08"	"50-54 years"	"50-54"	374485
	"2013"	"2013"	"Colorado"	"08"	"55-59 years"	"55-59"	353961
	"2013"	"2013"	"Colorado"	"08"	"60-64 years "	"60-64"	302951
	"2013"	"2013"	"Colorado"	"08"	"65-69 years"	"65-69"	230241
	"2013"	"2013"	"Colorado"	"08"	"70-74 years"	"70-74"	153256
	"2013"	"2013"	"Colorado"	"08"	"75-79 years"	"75-79"	105210
	"2013"	"2013"	"Colorado"	"08"	"80-84 years"	"80-84"	76983
	"2013"	"2013"	"Colorado"	"08"	"85+ years"	"85+"	78151
"Total"	"2013"	"2013"	"Colorado"	"08"			5270774
	"2013"	"2013"	"Connecticut"	"09"	"< 1 year"	"1"	36121
	"2013"	"2013"	"Connecticut"	"09"	"1-4 years"	"1-4"	154308
	"2013"	"2013"	"Connecticut"	"09"	"5-9 years"	"5-9"	214485
	"2013"	"2013"	"Connecticut"	"09"	"10-14 years"	"10-14"	231751
	"2013"	"2013"	"Connecticut"	"09"	"15-19 years"	"15-19"	253906
	"2013"	"2013"	"Connecticut"	"09"	"20-24 years"	"20-24"	238136
	"2013"	"2013"	"Connecticut"	"09"	"25-29 years"	"25-29"	220048
	"2013"	"2013"	"Connecticut"	"09"	"30-34 years"	"30-34"	216379
	"2013"	"2013"	"Connecticut"	"09"	"35-39 years"	"35-39"	206514
	"2013"	"2013"	"Connecticut"	"09"	"40-44 years"	"40-44"	240366
	"2013"	"2013"	"Connecticut"	"09"	"45-49 years"	"45-49"	270399
	"2013"	"2013"	"Connecticut"	"09"	"50-54 years"	"50-54"	285750
	"2013"	"2013"	"Connecticut"	"09"	"55-59 years"	"55-59"	264269
	"2013"	"2013"	"Connecticut"	"09"	"60-64 years "	"60-64"	213204
	"2013"	"2013"	"Connecticut"	"09"	"65-69 years"	"65-69"	173397
	"2013"	"2013"	"Connecticut"	"09"	"70-74 years"	"70-74"	123604
	"2013"	"2013"	"Connecticut"	"09"	"75-79 years"	"75-79"	89353
	"2013"	"2013"	"Connecticut"	"09"	"80-84 years"	"80-84"	73866
	"2013"	"2013"	"Connecticut"	"09"	"85+ years"	"85+"	89936
"Total"	"2013"	"2013"	"Connecticut"	"09"			3595792
	"2013"	"2013"	"Delaware"	"10"	"< 1 year"	"1"	10801
	"2013"	"2013"	"Delaware"	"10"	"1-4 years"	"1-4"	44648
	"2013"	"2013"	"Delaware"	"10"	"5-9 years"	"5-9"	56719
	"2013"	"2013"	"Delaware"	"10"	"10-14 years"	"10-14"	57039
	"2013"	"2013"	"Delaware"	"10"	"15-19 years"	"15-19"	60375
	"2013"	"2013"	"Delaware"	"10"	"20-24 years"	"20-24"	65673
	"2013"	"2013"	"Delaware"	"10"	"25-29 years"	"25-29"	61196
	"2013"	"2013"	"Delaware"	"10"	"30-34 years"	"30-34"	58352
	"2013"	"2013"	"Delaware"	"10"	"35-39 years"	"35-39"	52338
	"2013"	"2013"	"Delaware"	"10"	"40-44 years"	"40-44"	58200
	"2013"	"2013"	"Delaware"	"10"	"45-49 years"	"45-49"	63156
	"2013"	"2013"	"Delaware"	"10"	"50-54 years"	"50-54"	67634
	"2013"	"2013"	"Delaware"	"10"	"55-59 years"	"55-59"	63889
	"2013"	"2013"	"Delaware"	"10"	"60-64 years "	"60-64"	56528
	"2013"	"2013"	"Delaware"	"10"	"65-69 years"	"65-69"	49712
	"2013"	"2013"	"Delaware"	"10"	"70-74 years"	"70-74"	36658
	"2013"	"2013"	"Delaware"	"10"	"75-79 years"	"75-79"	25476
	"2013"	"2013"	"Delaware"	"10"	"80-84 years"	"80-84"	18384
	"2013"	"2013"	"Delaware"	"10"	"85+ years"	"85+"	17284
"Total"	"2013"	"2013"	"Delaware"	"10"			924062
	"2013"	"2013"	"District of Columbia"	"11"	"< 1 year"	"1"	9656
	"2013"	"2013"	"District of Columbia"	"11"	"1-4 years"	"1-4"	31642
	"2013"	"2013"	"District of Columbia"	"11"	"5-9 years"	"5-9"	29840
	"2013"	"2013"	"District of Columbia"	"11"	"10-14 years"	"10-14"	25478
	"2013"	"2013"	"District of Columbia"	"11"	"15-19 years"	"15-19"	37822
	"2013"	"2013"	"District of Columbia"	"11"	"20-24 years"	"20-24"	57027
	"2013"	"2013"	"District of Columbia"	"11"	"25-29 years"	"25-29"	80588
	"2013"	"2013"	"District of Columbia"	"11"	"30-34 years"	"30-34"	70108
	"2013"	"2013"	"District of Columbia"	"11"	"35-39 years"	"35-39"	47904
	"2013"	"2013"	"District of Columbia"	"11"	"40-44 years"	"40-44"	41254
	"2013"	"2013"	"District of Columbia"	"11"	"45-49 years"	"45-49"	38095
	"2013"	"2013"	"District of Columbia"	"11"	"50-54 years"	"50-54"	38556
	"2013"	"2013"	"District of Columbia"	"11"	"55-59 years"	"55-59"	36589
	"2013"	"2013"	"District of Columbia"	"11"	"60-64 years "	"60-64"	32013
	"2013"	"2013"	"District of Columbia"	"11"	"65-69 years"	"65-69"	24770
	"2013"	"2013"	"District of Columbia"	"11"	"70-74 years"	"70-74"	17286
	"2013"	"2013"	"District of Columbia"	"11"	"75-79 years"	"75-79"	12365
	"2013"	"2013"	"District of Columbia"	"11"	"80-84 years"	"80-84"	9430
	"2013"	"2013"	"District of Columbia"	"11"	"85+ years"	"85+"	11136
"Total"	"2013"	"2013"	"District of Columbia"	"11"			651559
	"2013"	"2013"	"Florida"	"12"	"< 1 year"	"1"	213187
	"2013"	"2013"	"Florida"	"12"	"1-4 years"	"1-4"	858909
	"2013"	"2013"	"Florida"	"12"	"5-9 years"	"5-9"	1115091
	"2013"	"2013"	"Florida"	"12"	"10-14 years"	"10-14"	1133765
	"2013"	"2013"	"Florida"	"12"	"15-19 years"	"15-19"	1175148
	"2013"	"2013"	"Florida"	"12"	"20-24 years"	"20-24"	1319458
	"2013"	"2013"	"Florida"	"12"	"25-29 years"	"25-29"	1254954
	"2013"	"2013"	"Florida"	"12"	"30-34 years"	"30-34"	1205008
	"2013"	"2013"	"Florida"	"12"	"35-39 years"	"35-39"	1143280
	"2013"	"2013"	"Florida"	"12"	"40-44 years"	"40-44"	1266091
	"2013"	"2013"	"Florida"	"12"	"45-49 years"	"45-49"	1327282
	"2013"	"2013"	"Florida"	"12"	"50-54 years"	"50-54"	1405686
	"2013"	"2013"	"Florida"	"12"	"55-59 years"	"55-59"	1308720
	"2013"	"2013"	"Florida"	"12"	"60-64 years "	"60-64"	1188703
	"2013"	"2013"	"Florida"	"12"	"65-69 years"	"65-69"	1101371
	"2013"	"2013"	"Florida"	"12"	"70-74 years"	"70-74"	884000
	"2013"	"2013"	"Florida"	"12"	"75-79 years"	"75-79"	662710
	"2013"	"2013"	"Florida"	"12"	"80-84 years"	"80-84"	497052
	"2013"	"2013"	"Florida"	"12"	"85+ years"	"85+"	491263
"Total"	"2013"	"2013"	"Florida"	"12"			19551678
	"2013"	"2013"	"Georgia"	"13"	"< 1 year"	"1"	128175
	"2013"	"2013"	"Georgia"	"13"	"1-4 years"	"1-4"	533504
	"2013"	"2013"	"Georgia"	"13"	"5-9 years"	"5-9"	703383
	"2013"	"2013"	"Georgia"	"13"	"10-14 years"	"10-14"	706166
	"2013"	"2013"	"Georgia"	"13"	"15-19 years"	"15-19"	695196
	"2013"	"2013"	"Georgia"	"13"	"20-24 years"	"20-24"	727915
	"2013"	"2013"	"Georgia"	"13"	"25-29 years"	"25-29"	678535
	"2013"	"2013"	"Georgia"	"13"	"30-34 years"	"30-34"	684278
	"2013"	"2013"	"Georgia"	"13"	"35-39 years"	"35-39"	656548
	"2013"	"2013"	"Georgia"	"13"	"40-44 years"	"40-44"	715714
	"2013"	"2013"	"Georgia"	"13"	"45-49 years"	"45-49"	698872
	"2013"	"2013"	"Georgia"	"13"	"50-54 years"	"50-54"	698228
	"2013"	"2013"	"Georgia"	"13"	"55-59 years"	"55-59"	625759
	"2013"	"2013"	"Georgia"	"13"	"60-64 years "	"60-64"	529155
	"2013"	"2013"	"Georgia"	"13"	"65-69 years"	"65-69"	429773
	"2013"	"2013"	"Georgia"	"13"	"70-74 years"	"70-74"	299396
	"2013"	"2013"	"Georgia"	"13"	"75-79 years"	"75-79"	201554
	"2013"	"2013"	"Georgia"	"13"	"80-84 years"	"80-84"	136954
	"2013"	"2013"	"Georgia"	"13"	"85+ years"	"85+"	126487
"Total"	"2013"	"2013"	"Georgia"	"13"			9975592
	"2013"	"2013"	"Hawaii"	"15"	"< 1 year"	"1"	18952
	"2013"	"2013"	"Hawaii"	"15"	"1-4 years"	"1-4"	73526
	"2013"	"2013"	"Hawaii"	"15"	"5-9 years"	"5-9"	86147
	"2013"	"2013"	"Hawaii"	"15"	"10-14 years"	"10-14"	82118
	"2013"	"2013"	"Hawaii"	"15"	"15-19 years"	"15-19"	80044
	"2013"	"2013"	"Hawaii"	"15"	"20-24 years"	"20-24"	102082
	"2013"	"2013"	"Hawaii"	"15"	"25-29 years"	"25-29"	103021
	"2013"	"2013"	"Hawaii"	"15"	"30-34 years"	"30-34"	98433
	"2013"	"2013"	"Hawaii"	"15"	"35-39 years"	"35-39"	86947
	"2013"	"2013"	"Hawaii"	"15"	"40-44 years"	"40-44"	89266
	"2013"	"2013"	"Hawaii"	"15"	"45-49 years"	"45-49"	89096
	"2013"	"2013"	"Hawaii"	"15"	"50-54 years"	"50-54"	95218
	"2013"	"2013"	"Hawaii"	"15"	"55-59 years"	"55-59"	94784
	"2013"	"2013"	"Hawaii"	"15"	"60-64 years "	"60-64"	88083
	"2013"	"2013"	"Hawaii"	"15"	"65-69 years"	"65-69"	72384
	"2013"	"2013"	"Hawaii"	"15"	"70-74 years"	"70-74"	48508
	"2013"	"2013"	"Hawaii"	"15"	"75-79 years"	"75-79"	34704
	"2013"	"2013"	"Hawaii"	"15"	"80-84 years"	"80-84"	29574
	"2013"	"2013"	"Hawaii"	"15"	"85+ years"	"85+"	35935
"Total"	"2013"	"2013"	"Hawaii"	"15"			1408822
	"2013"	"2013"	"Idaho"	"16"	"< 1 year"	"1"	22583
	"2013"	"2013"	"Idaho"	"16"	"1-4 years"	"1-4"	92352
	"2013"	"2013"	"Idaho"	"16"	"5-9 years"	"5-9"	123093
	"2013"	"2013"	"Idaho"	"16"	"10-14 years"	"10-14"	120889
	"2013"	"2013"	"Idaho"	"16"	"15-19 years"	"15-19"	114178
	"2013"	"2013"	"Idaho"	"16"	"20-24 years"	"20-24"	112865
	"2013"	"2013"	"Idaho"	"16"	"25-29 years"	"25-29"	105167
	"2013"	"2013"	"Idaho"	"16"	"30-34 years"	"30-34"	107019
	"2013"	"2013"	"Idaho"	"16"	"35-39 years"	"35-39"	99254
	"2013"	"2013"	"Idaho"	"16"	"40-44 years"	"40-44"	97501
	"2013"	"2013"	"Idaho"	"16"	"45-49 years"	"45-49"	94996
	"2013"	"2013"	"Idaho"	"16"	"50-54 years"	"50-54"	105143
	"2013"	"2013"	"Idaho"	"16"	"55-59 years"	"55-59"	102800
	"2013"	"2013"	"Idaho"	"16"	"60-64 years "	"60-64"	92487
	"2013"	"2013"	"Idaho"	"16"	"65-69 years"	"65-69"	75425
	"2013"	"2013"	"Idaho"	"16"	"70-74 years"	"70-74"	55414
	"2013"	"2013"	"Idaho"	"16"	"75-79 years"	"75-79"	37669
	"2013"	"2013"	"Idaho"	"16"	"80-84 years"	"80-84"	26666
	"2013"	"2013"	"Idaho"	"16"	"85+ years"	"85+"	26552
"Total"	"2013"	"2013"	"Idaho"	"16"			1612053
	"2013"	"2013"	"Illinois"	"17"	"< 1 year"	"1"	157125
	"2013"	"2013"	"Illinois"	"17"	"1-4 years"	"1-4"	644142
	"2013"	"2013"	"Illinois"	"17"	"5-9 years"	"5-9"	842371
	"2013"	"2013"	"Illinois"	"17"	"10-14 years"	"10-14"	858290
	"2013"	"2013"	"Illinois"	"17"	"15-19 years"	"15-19"	875843
	"2013"	"2013"	"Illinois"	"17"	"20-24 years"	"20-24"	906356
	"2013"	"2013"	"Illinois"	"17"	"25-29 years"	"25-29"	897893
	"2013"	"2013"	"Illinois"	"17"	"30-34 years"	"30-34"	897268
	"2013"	"2013"	"Illinois"	"17"	"35-39 years"	"35-39"	824147
	"2013"	"2013"	"Illinois"	"17"	"40-44 years"	"40-44"	858428
	"2013"	"2013"	"Illinois"	"17"	"45-49 years"	"45-49"	867256
	"2013"	"2013"	"Illinois"	"17"	"50-54 years"	"50-54"	926328
	"2013"	"2013"	"Illinois"	"17"	"55-59 years"	"55-59"	866870
	"2013"	"2013"	"Illinois"	"17"	"60-64 years "	"60-64"	722184
	"2013"	"2013"	"Illinois"	"17"	"65-69 years"	"65-69"	558512
	"2013"	"2013"	"Illinois"	"17"	"70-74 years"	"70-74"	409870
	"2013"	"2013"	"Illinois"	"17"	"75-79 years"	"75-79"	299827
	"2013"	"2013"	"Illinois"	"17"	"80-84 years"	"80-84"	229946
	"2013"	"2013"	"Illinois"	"17"	"85+ years"	"85+"	253122
"Total"	"2013"	"2013"	"Illinois"	"17"			12895778
	"2013"	"2013"	"Indiana"	"18"	"< 1 year"	"1"	82848
	"2013"	"2013"	"Indiana"	"18"	"1-4 years"	"1-4"	337781
	"2013"	"2013"	"Indiana"	"18"	"5-9 years"	"5-9"	444071
	"2013"	"2013"	"Indiana"	"18"	"10-14 years"	"10-14"	450986
	"2013"	"2013"	"Indiana"	"18"	"15-19 years"	"15-19"	457470
	"2013"	"2013"	"Indiana"	"18"	"20-24 years"	"20-24"	486077
	"2013"	"2013"	"Indiana"	"18"	"25-29 years"	"25-29"	416632
	"2013"	"2013"	"Indiana"	"18"	"30-34 years"	"30-34"	424182
	"2013"	"2013"	"Indiana"	"18"	"35-39 years"	"35-39"	399129
	"2013"	"2013"	"Indiana"	"18"	"40-44 years"	"40-44"	425350
	"2013"	"2013"	"Indiana"	"18"	"45-49 years"	"45-49"	432648
	"2013"	"2013"	"Indiana"	"18"	"50-54 years"	"50-54"	470448
	"2013"	"2013"	"Indiana"	"18"	"55-59 years"	"55-59"	448025
	"2013"	"2013"	"Indiana"	"18"	"60-64 years "	"60-64"	380183
	"2013"	"2013"	"Indiana"	"18"	"65-69 years"	"65-69"	296906
	"2013"	"2013"	"Indiana"	"18"	"70-74 years"	"70-74"	218043
	"2013"	"2013"	"Indiana"	"18"	"75-79 years"	"75-79"	157038
	"2013"	"2013"	"Indiana"	"18"	"80-84 years"	"80-84"	118701
	"2013"	"2013"	"Indiana"	"18"	"85+ years"	"85+"	124057
"Total"	"2013"	"2013"	"Indiana"	"18"			6570575
	"2013"	"2013"	"Iowa"	"19"	"< 1 year"	"1"	38690
	"2013"	"2013"	"Iowa"	"19"	"1-4 years"	"1-4"	157472
	"2013"	"2013"	"Iowa"	"19"	"5-9 years"	"5-9"	205930
	"2013"	"2013"	"Iowa"	"19"	"10-14 years"	"10-14"	202536
	"2013"	"2013"	"Iowa"	"19"	"15-19 years"	"15-19"	213823
	"2013"	"2013"	"Iowa"	"19"	"20-24 years"	"20-24"	230558
	"2013"	"2013"	"Iowa"	"19"	"25-29 years"	"25-29"	191388
	"2013"	"2013"	"Iowa"	"19"	"30-34 years"	"30-34"	198913
	"2013"	"2013"	"Iowa"	"19"	"35-39 years"	"35-39"	177750
	"2013"	"2013"	"Iowa"	"19"	"40-44 years"	"40-44"	183665
	"2013"	"2013"	"Iowa"	"19"	"45-49 years"	"45-49"	192721
	"2013"	"2013"	"Iowa"	"19"	"50-54 years"	"50-54"	220542
	"2013"	"2013"	"Iowa"	"19"	"55-59 years"	"55-59"	214390
	"2013"	"2013"	"Iowa"	"19"	"60-64 years "	"60-64"	186525
	"2013"	"2013"	"Iowa"	"19"	"65-69 years"	"65-69"	142444
	"2013"	"2013"	"Iowa"	"19"	"70-74 years"	"70-74"	107079
	"2013"	"2013"	"Iowa"	"19"	"75-79 years"	"75-79"	84105
	"2013"	"2013"	"Iowa"	"19"	"80-84 years"	"80-84"	67345
	"2013"	"2013"	"Iowa"	"19"	"85+ years"	"85+"	78059
"Total"	"2013"	"2013"	"Iowa"	"19"			3093935
	"2013"	"2013"	"Kansas"	"20"	"< 1 year"	"1"	39538
	"2013"	"2013"	"Kansas"	"20"	"1-4 years"	"1-4"	161462
	"2013"	"2013"	"Kansas"	"20"	"5-9 years"	"5-9"	204940
	"2013"	"2013"	"Kansas"	"20"	"10-14 years"	"10-14"	200881
	"2013"	"2013"	"Kansas"	"20"	"15-19 years"	"15-19"	199978
	"2013"	"2013"	"Kansas"	"20"	"20-24 years"	"20-24"	217986
	"2013"	"2013"	"Kansas"	"20"	"25-29 years"	"25-29"	192422
	"2013"	"2013"	"Kansas"	"20"	"30-34 years"	"30-34"	193281
	"2013"	"2013"	"Kansas"	"20"	"35-39 years"	"35-39"	171603
	"2013"	"2013"	"Kansas"	"20"	"40-44 years"	"40-44"	173023
	"2013"	"2013"	"Kansas"	"20"	"45-49 years"	"45-49"	176191
	"2013"	"2013"	"Kansas"	"20"	"50-54 years"	"50-54"	201363
	"2013"	"2013"	"Kansas"	"20"	"55-59 years"	"55-59"	193722
	"2013"	"2013"	"Kansas"	"20"	"60-64 years "	"60-64"	163662
	"2013"	"2013"	"Kansas"	"20"	"65-69 years"	"65-69"	125730
	"2013"	"2013"	"Kansas"	"20"	"70-74 years"	"70-74"	90755
	"2013"	"2013"	"Kansas"	"20"	"75-79 years"	"75-79"	69362
	"2013"	"2013"	"Kansas"	"20"	"80-84 years"	"80-84"	55876
	"2013"	"2013"	"Kansas"	"20"	"85+ years"	"85+"	62531
"Total"	"2013"	"2013"	"Kansas"	"20"			2894306
	"2013"	"2013"	"Kentucky"	"21"	"< 1 year"	"1"	55805
	"2013"	"2013"	"Kentucky"	"21"	"1-4 years"	"1-4"	220993
	"2013"	"2013"	"Kentucky"	"21"	"5-9 years"	"5-9"	285116
	"2013"	"2013"	"Kentucky"	"21"	"10-14 years"	"10-14"	285206
	"2013"	"2013"	"Kentucky"	"21"	"15-19 years"	"15-19"	286036
	"2013"	"2013"	"Kentucky"	"21"	"20-24 years"	"20-24"	317628
	"2013"	"2013"	"Kentucky"	"21"	"25-29 years"	"25-29"	279297
	"2013"	"2013"	"Kentucky"	"21"	"30-34 years"	"30-34"	287888
	"2013"	"2013"	"Kentucky"	"21"	"35-39 years"	"35-39"	273076
	"2013"	"2013"	"Kentucky"	"21"	"40-44 years"	"40-44"	291731
	"2013"	"2013"	"Kentucky"	"21"	"45-49 years"	"45-49"	299020
	"2013"	"2013"	"Kentucky"	"21"	"50-54 years"	"50-54"	320120
	"2013"	"2013"	"Kentucky"	"21"	"55-59 years"	"55-59"	304952
	"2013"	"2013"	"Kentucky"	"21"	"60-64 years "	"60-64"	266004
	"2013"	"2013"	"Kentucky"	"21"	"65-69 years"	"65-69"	213782
	"2013"	"2013"	"Kentucky"	"21"	"70-74 years"	"70-74"	156347
	"2013"	"2013"	"Kentucky"	"21"	"75-79 years"	"75-79"	110701
	"2013"	"2013"	"Kentucky"	"21"	"80-84 years"	"80-84"	78425
	"2013"	"2013"	"Kentucky"	"21"	"85+ years"	"85+"	74779
"Total"	"2013"	"2013"	"Kentucky"	"21"			4406906
	"2013"	"2013"	"Louisiana"	"22"	"< 1 year"	"1"	61888
	"2013"	"2013"	"Louisiana"	"22"	"1-4 years"	"1-4"	246246
	"2013"	"2013"	"Louisiana"	"22"	"5-9 years"	"5-9"	313802
	"2013"	"2013"	"Louisiana"	"22"	"10-14 years"	"10-14"	308813
	"2013"	"2013"	"Louisiana"	"22"	"15-19 years"	"15-19"	301856
	"2013"	"2013"	"Louisiana"	"22"	"20-24 years"	"20-24"	353678
	"2013"	"2013"	"Louisiana"	"22"	"25-29 years"	"25-29"	337203
	"2013"	"2013"	"Louisiana"	"22"	"30-34 years"	"30-34"	325144
	"2013"	"2013"	"Louisiana"	"22"	"35-39 years"	"35-39"	278209
	"2013"	"2013"	"Louisiana"	"22"	"40-44 years"	"40-44"	283481
	"2013"	"2013"	"Louisiana"	"22"	"45-49 years"	"45-49"	297470
	"2013"	"2013"	"Louisiana"	"22"	"50-54 years"	"50-54"	325932
	"2013"	"2013"	"Louisiana"	"22"	"55-59 years"	"55-59"	313327
	"2013"	"2013"	"Louisiana"	"22"	"60-64 years "	"60-64"	264071
	"2013"	"2013"	"Louisiana"	"22"	"65-69 years"	"65-69"	206902
	"2013"	"2013"	"Louisiana"	"22"	"70-74 years"	"70-74"	149766
	"2013"	"2013"	"Louisiana"	"22"	"75-79 years"	"75-79"	107644
	"2013"	"2013"	"Louisiana"	"22"	"80-84 years"	"80-84"	78113
	"2013"	"2013"	"Louisiana"	"22"	"85+ years"	"85+"	72495
"Total"	"2013"	"2013"	"Louisiana"	"22"			4626040
	"2013"	"2013"	"Maine"	"23"	"< 1 year"	"1"	12828
	"2013"	"2013"	"Maine"	"23"	"1-4 years"	"1-4"	52751
	"2013"	"2013"	"Maine"	"23"	"5-9 years"	"5-9"	72451
	"2013"	"2013"	"Maine"	"23"	"10-14 years"	"10-14"	75745
	"2013"	"2013"	"Maine"	"23"	"15-19 years"	"15-19"	83085
	"2013"	"2013"	"Maine"	"23"	"20-24 years"	"20-24"	80387
	"2013"	"2013"	"Maine"	"23"	"25-29 years"	"25-29"	75252
	"2013"	"2013"	"Maine"	"23"	"30-34 years"	"30-34"	74502
	"2013"	"2013"	"Maine"	"23"	"35-39 years"	"35-39"	72610
	"2013"	"2013"	"Maine"	"23"	"40-44 years"	"40-44"	85685
	"2013"	"2013"	"Maine"	"23"	"45-49 years"	"45-49"	95646
	"2013"	"2013"	"Maine"	"23"	"50-54 years"	"50-54"	109277
	"2013"	"2013"	"Maine"	"23"	"55-59 years"	"55-59"	107505
	"2013"	"2013"	"Maine"	"23"	"60-64 years "	"60-64"	96044
	"2013"	"2013"	"Maine"	"23"	"65-69 years"	"65-69"	77928
	"2013"	"2013"	"Maine"	"23"	"70-74 years"	"70-74"	54779
	"2013"	"2013"	"Maine"	"23"	"75-79 years"	"75-79"	39985
	"2013"	"2013"	"Maine"	"23"	"80-84 years"	"80-84"	30489
	"2013"	"2013"	"Maine"	"23"	"85+ years"	"85+"	31594
"Total"	"2013"	"2013"	"Maine"	"23"			1328543
	"2013"	"2013"	"Maryland"	"24"	"< 1 year"	"1"	72197
	"2013"	"2013"	"Maryland"	"24"	"1-4 years"	"1-4"	293406
	"2013"	"2013"	"Maryland"	"24"	"5-9 years"	"5-9"	372649
	"2013"	"2013"	"Maryland"	"24"	"10-14 years"	"10-14"	376224
	"2013"	"2013"	"Maryland"	"24"	"15-19 years"	"15-19"	391010
	"2013"	"2013"	"Maryland"	"24"	"20-24 years"	"20-24"	402903
	"2013"	"2013"	"Maryland"	"24"	"25-29 years"	"25-29"	411944
	"2013"	"2013"	"Maryland"	"24"	"30-34 years"	"30-34"	402128
	"2013"	"2013"	"Maryland"	"24"	"35-39 years"	"35-39"	366184
	"2013"	"2013"	"Maryland"	"24"	"40-44 years"	"40-44"	402842
	"2013"	"2013"	"Maryland"	"24"	"45-49 years"	"45-49"	434227
	"2013"	"2013"	"Maryland"	"24"	"50-54 years"	"50-54"	454380
	"2013"	"2013"	"Maryland"	"24"	"55-59 years"	"55-59"	411193
	"2013"	"2013"	"Maryland"	"24"	"60-64 years "	"60-64"	340747
	"2013"	"2013"	"Maryland"	"24"	"65-69 years"	"65-69"	268244
	"2013"	"2013"	"Maryland"	"24"	"70-74 years"	"70-74"	187890
	"2013"	"2013"	"Maryland"	"24"	"75-79 years"	"75-79"	130510
	"2013"	"2013"	"Maryland"	"24"	"80-84 years"	"80-84"	98831
	"2013"	"2013"	"Maryland"	"24"	"85+ years"	"85+"	107688
"Total"	"2013"	"2013"	"Maryland"	"24"			5925197
	"2013"	"2013"	"Massachusetts"	"25"	"< 1 year"	"1"	72503
	"2013"	"2013"	"Massachusetts"	"25"	"1-4 years"	"1-4"	292739
	"2013"	"2013"	"Massachusetts"	"25"	"5-9 years"	"5-9"	381240
	"2013"	"2013"	"Massachusetts"	"25"	"10-14 years"	"10-14"	400273
	"2013"	"2013"	"Massachusetts"	"25"	"15-19 years"	"15-19"	461959
	"2013"	"2013"	"Massachusetts"	"25"	"20-24 years"	"20-24"	488310
	"2013"	"2013"	"Massachusetts"	"25"	"25-29 years"	"25-29"	479920
	"2013"	"2013"	"Massachusetts"	"25"	"30-34 years"	"30-34"	439903
	"2013"	"2013"	"Massachusetts"	"25"	"35-39 years"	"35-39"	399616
	"2013"	"2013"	"Massachusetts"	"25"	"40-44 years"	"40-44"	444351
	"2013"	"2013"	"Massachusetts"	"25"	"45-49 years"	"45-49"	486894
	"2013"	"2013"	"Massachusetts"	"25"	"50-54 years"	"50-54"	509599
	"2013"	"2013"	"Massachusetts"	"25"	"55-59 years"	"55-59"	470620
	"2013"	"2013"	"Massachusetts"	"25"	"60-64 years "	"60-64"	396978
	"2013"	"2013"	"Massachusetts"	"25"	"65-69 years"	"65-69"	316929
	"2013"	"2013"	"Massachusetts"	"25"	"70-74 years"	"70-74"	221313
	"2013"	"2013"	"Massachusetts"	"25"	"75-79 years"	"75-79"	163225
	"2013"	"2013"	"Massachusetts"	"25"	"80-84 years"	"80-84"	133148
	"2013"	"2013"	"Massachusetts"	"25"	"85+ years"	"85+"	155638
"Total"	"2013"	"2013"	"Massachusetts"	"25"			6715158
	"2013"	"2013"	"Michigan"	"26"	"< 1 year"	"1"	112592
	"2013"	"2013"	"Michigan"	"26"	"1-4 years"	"1-4"	462742
	"2013"	"2013"	"Michigan"	"26"	"5-9 years"	"5-9"	615729
	"2013"	"2013"	"Michigan"	"26"	"10-14 years"	"10-14"	651608
	"2013"	"2013"	"Michigan"	"26"	"15-19 years"	"15-19"	689422
	"2013"	"2013"	"Michigan"	"26"	"20-24 years"	"20-24"	737690
	"2013"	"2013"	"Michigan"	"26"	"25-29 years"	"25-29"	592306
	"2013"	"2013"	"Michigan"	"26"	"30-34 years"	"30-34"	593067
	"2013"	"2013"	"Michigan"	"26"	"35-39 years"	"35-39"	564142
	"2013"	"2013"	"Michigan"	"26"	"40-44 years"	"40-44"	640365
	"2013"	"2013"	"Michigan"	"26"	"45-49 years"	"45-49"	676586
	"2013"	"2013"	"Michigan"	"26"	"50-54 years"	"50-54"	744240
	"2013"	"2013"	"Michigan"	"26"	"55-59 years"	"55-59"	727113
	"2013"	"2013"	"Michigan"	"26"	"60-64 years "	"60-64"	619506
	"2013"	"2013"	"Michigan"	"26"	"65-69 years"	"65-69"	483451
	"2013"	"2013"	"Michigan"	"26"	"70-74 years"	"70-74"	353168
	"2013"	"2013"	"Michigan"	"26"	"75-79 years"	"75-79"	251002
	"2013"	"2013"	"Michigan"	"26"	"80-84 years"	"80-84"	193166
	"2013"	"2013"	"Michigan"	"26"	"85+ years"	"85+"	206907
"Total"	"2013"	"2013"	"Michigan"	"26"			9914802
	"2013"	"2013"	"Minnesota"	"27"	"< 1 year"	"1"	68957
	"2013"	"2013"	"Minnesota"	"27"	"1-4 years"	"1-4"	279148
	"2013"	"2013"	"Minnesota"	"27"	"5-9 years"	"5-9"	363456
	"2013"	"2013"	"Minnesota"	"27"	"10-14 years"	"10-14"	354931
	"2013"	"2013"	"Minnesota"	"27"	"15-19 years"	"15-19"	358086
	"2013"	"2013"	"Minnesota"	"27"	"20-24 years"	"20-24"	362209
	"2013"	"2013"	"Minnesota"	"27"	"25-29 years"	"25-29"	365915
	"2013"	"2013"	"Minnesota"	"27"	"30-34 years"	"30-34"	377028
	"2013"	"2013"	"Minnesota"	"27"	"35-39 years"	"35-39"	327023
	"2013"	"2013"	"Minnesota"	"27"	"40-44 years"	"40-44"	340384
	"2013"	"2013"	"Minnesota"	"27"	"45-49 years"	"45-49"	362275
	"2013"	"2013"	"Minnesota"	"27"	"50-54 years"	"50-54"	408236
	"2013"	"2013"	"Minnesota"	"27"	"55-59 years"	"55-59"	377463
	"2013"	"2013"	"Minnesota"	"27"	"60-64 years "	"60-64"	316769
	"2013"	"2013"	"Minnesota"	"27"	"65-69 years"	"65-69"	237325
	"2013"	"2013"	"Minnesota"	"27"	"70-74 years"	"70-74"	173926
	"2013"	"2013"	"Minnesota"	"27"	"75-79 years"	"75-79"	127453
	"2013"	"2013"	"Minnesota"	"27"	"80-84 years"	"80-84"	99470
	"2013"	"2013"	"Minnesota"	"27"	"85+ years"	"85+"	114668
"Total"	"2013"	"2013"	"Minnesota"	"27"			5414722
	"2013"	"2013"	"Mississippi"	"28"	"< 1 year"	"1"	37995
	"2013"	"2013"	"Mississippi"	"28"	"1-4 years"	"1-4"	158373
	"2013"	"2013"	"Mississippi"	"28"	"5-9 years"	"5-9"	209862
	"2013"	"2013"	"Mississippi"	"28"	"10-14 years"	"10-14"	206416
	"2013"	"2013"	"Mississippi"	"28"	"15-19 years"	"15-19"	210019
	"2013"	"2013"	"Mississippi"	"28"	"20-24 years"	"20-24"	228615
	"2013"	"2013"	"Mississippi"	"28"	"25-29 years"	"25-29"	193522
	"2013"	"2013"	"Mississippi"	"28"	"30-34 years"	"30-34"	196325
	"2013"	"2013"	"Mississippi"	"28"	"35-39 years"	"35-39"	180222
	"2013"	"2013"	"Mississippi"	"28"	"40-44 years"	"40-44"	189413
	"2013"	"2013"	"Mississippi"	"28"	"45-49 years"	"45-49"	189904
	"2013"	"2013"	"Mississippi"	"28"	"50-54 years"	"50-54"	206543
	"2013"	"2013"	"Mississippi"	"28"	"55-59 years"	"55-59"	197957
	"2013"	"2013"	"Mississippi"	"28"	"60-64 years "	"60-64"	170109
	"2013"	"2013"	"Mississippi"	"28"	"65-69 years"	"65-69"	137948
	"2013"	"2013"	"Mississippi"	"28"	"70-74 years"	"70-74"	102176
	"2013"	"2013"	"Mississippi"	"28"	"75-79 years"	"75-79"	74377
	"2013"	"2013"	"Mississippi"	"28"	"80-84 years"	"80-84"	51910
	"2013"	"2013"	"Mississippi"	"28"	"85+ years"	"85+"	48153
"Total"	"2013"	"2013"	"Mississippi"	"28"			2989839
	"2013"	"2013"	"Missouri"	"29"	"< 1 year"	"1"	74708
	"2013"	"2013"	"Missouri"	"29"	"1-4 years"	"1-4"	302063
	"2013"	"2013"	"Missouri"	"29"	"5-9 years"	"5-9"	391961
	"2013"	"2013"	"Missouri"	"29"	"10-14 years"	"10-14"	392392
	"2013"	"2013"	"Missouri"	"29"	"15-19 years"	"15-19"	398480
	"2013"	"2013"	"Missouri"	"29"	"20-24 years"	"20-24"	435323
	"2013"	"2013"	"Missouri"	"29"	"25-29 years"	"25-29"	398532
	"2013"	"2013"	"Missouri"	"29"	"30-34 years"	"30-34"	398547
	"2013"	"2013"	"Missouri"	"29"	"35-39 years"	"35-39"	354973
	"2013"	"2013"	"Missouri"	"29"	"40-44 years"	"40-44"	375691
	"2013"	"2013"	"Missouri"	"29"	"45-49 years"	"45-49"	391013
	"2013"	"2013"	"Missouri"	"29"	"50-54 years"	"50-54"	444930
	"2013"	"2013"	"Missouri"	"29"	"55-59 years"	"55-59"	418468
	"2013"	"2013"	"Missouri"	"29"	"60-64 years "	"60-64"	357747
	"2013"	"2013"	"Missouri"	"29"	"65-69 years"	"65-69"	289065
	"2013"	"2013"	"Missouri"	"29"	"70-74 years"	"70-74"	217955
	"2013"	"2013"	"Missouri"	"29"	"75-79 years"	"75-79"	159002
	"2013"	"2013"	"Missouri"	"29"	"80-84 years"	"80-84"	119415
	"2013"	"2013"	"Missouri"	"29"	"85+ years"	"85+"	122724
"Total"	"2013"	"2013"	"Missouri"	"29"			6042989
	"2013"	"2013"	"Montana"	"30"	"< 1 year"	"1"	12267
	"2013"	"2013"	"Montana"	"30"	"1-4 years"	"1-4"	49269
	"2013"	"2013"	"Montana"	"30"	"5-9 years"	"5-9"	63451
	"2013"	"2013"	"Montana"	"30"	"10-14 years"	"10-14"	61691
	"2013"	"2013"	"Montana"	"30"	"15-19 years"	"15-19"	64387
	"2013"	"2013"	"Montana"	"30"	"20-24 years"	"20-24"	73339
	"2013"	"2013"	"Montana"	"30"	"25-29 years"	"25-29"	63505
	"2013"	"2013"	"Montana"	"30"	"30-34 years"	"30-34"	64501
	"2013"	"2013"	"Montana"	"30"	"35-39 years"	"35-39"	57039
	"2013"	"2013"	"Montana"	"30"	"40-44 years"	"40-44"	57652
	"2013"	"2013"	"Montana"	"30"	"45-49 years"	"45-49"	60531
	"2013"	"2013"	"Montana"	"30"	"50-54 years"	"50-54"	74360
	"2013"	"2013"	"Montana"	"30"	"55-59 years"	"55-59"	77903
	"2013"	"2013"	"Montana"	"30"	"60-64 years "	"60-64"	70882
	"2013"	"2013"	"Montana"	"30"	"65-69 years"	"65-69"	54678
	"2013"	"2013"	"Montana"	"30"	"70-74 years"	"70-74"	39476
	"2013"	"2013"	"Montana"	"30"	"75-79 years"	"75-79"	27688
	"2013"	"2013"	"Montana"	"30"	"80-84 years"	"80-84"	20159
	"2013"	"2013"	"Montana"	"30"	"85+ years"	"85+"	21380
"Total"	"2013"	"2013"	"Montana"	"30"			1014158
	"2013"	"2013"	"Nebraska"	"31"	"< 1 year"	"1"	25870
	"2013"	"2013"	"Nebraska"	"31"	"1-4 years"	"1-4"	104522
	"2013"	"2013"	"Nebraska"	"31"	"5-9 years"	"5-9"	132985
	"2013"	"2013"	"Nebraska"	"31"	"10-14 years"	"10-14"	127385
	"2013"	"2013"	"Nebraska"	"31"	"15-19 years"	"15-19"	127485
	"2013"	"2013"	"Nebraska"	"31"	"20-24 years"	"20-24"	133910
	"2013"	"2013"	"Nebraska"	"31"	"25-29 years"	"25-29"	125209
	"2013"	"2013"	"Nebraska"	"31"	"30-34 years"	"30-34"	127641
	"2013"	"2013"	"Nebraska"	"31"	"35-39 years"	"35-39"	111770
	"2013"	"2013"	"Nebraska"	"31"	"40-44 years"	"40-44"	111393
	"2013"	"2013"	"Nebraska"	"31"	"45-49 years"	"45-49"	113204
	"2013"	"2013"	"Nebraska"	"31"	"50-54 years"	"50-54"	130154
	"2013"	"2013"	"Nebraska"	"31"	"55-59 years"	"55-59"	123862
	"2013"	"2013"	"Nebraska"	"31"	"60-64 years "	"60-64"	107011
	"2013"	"2013"	"Nebraska"	"31"	"65-69 years"	"65-69"	80318
	"2013"	"2013"	"Nebraska"	"31"	"70-74 years"	"70-74"	58450
	"2013"	"2013"	"Nebraska"	"31"	"75-79 years"	"75-79"	46103
	"2013"	"2013"	"Nebraska"	"31"	"80-84 years"	"80-84"	37330
	"2013"	"2013"	"Nebraska"	"31"	"85+ years"	"85+"	41211
"Total"	"2013"	"2013"	"Nebraska"	"31"			1865813
	"2013"	"2013"	"Nevada"	"32"	"< 1 year"	"1"	34920
	"2013"	"2013"	"Nevada"	"32"	"1-4 years"	"1-4"	143384
	"2013"	"2013"	"Nevada"	"32"	"5-9 years"	"5-9"	186302
	"2013"	"2013"	"Nevada"	"32"	"10-14 years"	"10-14"	182871
	"2013"	"2013"	"Nevada"	"32"	"15-19 years"	"15-19"	174556
	"2013"	"2013"	"Nevada"	"32"	"20-24 years"	"20-24"	185942
	"2013"	"2013"	"Nevada"	"32"	"25-29 years"	"25-29"	198051
	"2013"	"2013"	"Nevada"	"32"	"30-34 years"	"30-34"	198502
	"2013"	"2013"	"Nevada"	"32"	"35-39 years"	"35-39"	183749
	"2013"	"2013"	"Nevada"	"32"	"40-44 years"	"40-44"	194560
	"2013"	"2013"	"Nevada"	"32"	"45-49 years"	"45-49"	188554
	"2013"	"2013"	"Nevada"	"32"	"50-54 years"	"50-54"	189142
	"2013"	"2013"	"Nevada"	"32"	"55-59 years"	"55-59"	177075
	"2013"	"2013"	"Nevada"	"32"	"60-64 years "	"60-64"	158849
	"2013"	"2013"	"Nevada"	"32"	"65-69 years"	"65-69"	138247
	"2013"	"2013"	"Nevada"	"32"	"70-74 years"	"70-74"	99425
	"2013"	"2013"	"Nevada"	"32"	"75-79 years"	"75-79"	65512
	"2013"	"2013"	"Nevada"	"32"	"80-84 years"	"80-84"	42141
	"2013"	"2013"	"Nevada"	"32"	"85+ years"	"85+"	35174
"Total"	"2013"	"2013"	"Nevada"	"32"			2776956
	"2013"	"2013"	"New Hampshire"	"33"	"< 1 year"	"1"	12618
	"2013"	"2013"	"New Hampshire"	"33"	"1-4 years"	"1-4"	52963
	"2013"	"2013"	"New Hampshire"	"33"	"5-9 years"	"5-9"	74077
	"2013"	"2013"	"New Hampshire"	"33"	"10-14 years"	"10-14"	80433
	"2013"	"2013"	"New Hampshire"	"33"	"15-19 years"	"15-19"	91282
	"2013"	"2013"	"New Hampshire"	"33"	"20-24 years"	"20-24"	89725
	"2013"	"2013"	"New Hampshire"	"33"	"25-29 years"	"25-29"	76469
	"2013"	"2013"	"New Hampshire"	"33"	"30-34 years"	"30-34"	75316
	"2013"	"2013"	"New Hampshire"	"33"	"35-39 years"	"35-39"	72793
	"2013"	"2013"	"New Hampshire"	"33"	"40-44 years"	"40-44"	89788
	"2013"	"2013"	"New Hampshire"	"33"	"45-49 years"	"45-49"	101597
	"2013"	"2013"	"New Hampshire"	"33"	"50-54 years"	"50-54"	113499
	"2013"	"2013"	"New Hampshire"	"33"	"55-59 years"	"55-59"	105338
	"2013"	"2013"	"New Hampshire"	"33"	"60-64 years "	"60-64"	87833
	"2013"	"2013"	"New Hampshire"	"33"	"65-69 years"	"65-69"	70103
	"2013"	"2013"	"New Hampshire"	"33"	"70-74 years"	"70-74"	47318
	"2013"	"2013"	"New Hampshire"	"33"	"75-79 years"	"75-79"	32928
	"2013"	"2013"	"New Hampshire"	"33"	"80-84 years"	"80-84"	25456
	"2013"	"2013"	"New Hampshire"	"33"	"85+ years"	"85+"	27736
"Total"	"2013"	"2013"	"New Hampshire"	"33"			1327272
	"2013"	"2013"	"New Jersey"	"34"	"< 1 year"	"1"	103459
	"2013"	"2013"	"New Jersey"	"34"	"1-4 years"	"1-4"	425004
	"2013"	"2013"	"New Jersey"	"34"	"5-9 years"	"5-9"	555582
	"2013"	"2013"	"New Jersey"	"34"	"10-14 years"	"10-14"	573555
	"2013"	"2013"	"New Jersey"	"34"	"15-19 years"	"15-19"	579316
	"2013"	"2013"	"New Jersey"	"34"	"20-24 years"	"20-24"	564593
	"2013"	"2013"	"New Jersey"	"34"	"25-29 years"	"25-29"	554601
	"2013"	"2013"	"New Jersey"	"34"	"30-34 years"	"30-34"	569659
	"2013"	"2013"	"New Jersey"	"34"	"35-39 years"	"35-39"	558955
	"2013"	"2013"	"New Jersey"	"34"	"40-44 years"	"40-44"	616332
	"2013"	"2013"	"New Jersey"	"34"	"45-49 years"	"45-49"	659885
	"2013"	"2013"	"New Jersey"	"34"	"50-54 years"	"50-54"	686181
	"2013"	"2013"	"New Jersey"	"34"	"55-59 years"	"55-59"	620543
	"2013"	"2013"	"New Jersey"	"34"	"60-64 years "	"60-64"	503660
	"2013"	"2013"	"New Jersey"	"34"	"65-69 years"	"65-69"	406274
	"2013"	"2013"	"New Jersey"	"34"	"70-74 years"	"70-74"	295187
	"2013"	"2013"	"New Jersey"	"34"	"75-79 years"	"75-79"	217433
	"2013"	"2013"	"New Jersey"	"34"	"80-84 years"	"80-84"	174344
	"2013"	"2013"	"New Jersey"	"34"	"85+ years"	"85+"	193258
"Total"	"2013"	"2013"	"New Jersey"	"34"			8857821
	"2013"	"2013"	"New Mexico"	"35"	"< 1 year"	"1"	26640
	"2013"	"2013"	"New Mexico"	"35"	"1-4 years"	"1-4"	111538
	"2013"	"2013"	"New Mexico"	"35"	"5-9 years"	"5-9"	144948
	"2013"	"2013"	"New Mexico"	"35"	"10-14 years"	"10-14"	142416
	"2013"	"2013"	"New Mexico"	"35"	"15-19 years"	"15-19"	141589
	"2013"	"2013"	"New Mexico"	"35"	"20-24 years"	"20-24"	154147
	"2013"	"2013"	"New Mexico"	"35"	"25-29 years"	"25-29"	141510
	"2013"	"2013"	"New Mexico"	"35"	"30-34 years"	"30-34"	137965
	"2013"	"2013"	"New Mexico"	"35"	"35-39 years"	"35-39"	121518
	"2013"	"2013"	"New Mexico"	"35"	"40-44 years"	"40-44"	124276
	"2013"	"2013"	"New Mexico"	"35"	"45-49 years"	"45-49"	126592
	"2013"	"2013"	"New Mexico"	"35"	"50-54 years"	"50-54"	144934
	"2013"	"2013"	"New Mexico"	"35"	"55-59 years"	"55-59"	140953
	"2013"	"2013"	"New Mexico"	"35"	"60-64 years "	"60-64"	127878
	"2013"	"2013"	"New Mexico"	"35"	"65-69 years"	"65-69"	103802
	"2013"	"2013"	"New Mexico"	"35"	"70-74 years"	"70-74"	74625
	"2013"	"2013"	"New Mexico"	"35"	"75-79 years"	"75-79"	53900
	"2013"	"2013"	"New Mexico"	"35"	"80-84 years"	"80-84"	38246
	"2013"	"2013"	"New Mexico"	"35"	"85+ years"	"85+"	35356
"Total"	"2013"	"2013"	"New Mexico"	"35"			2092833
	"2013"	"2013"	"New York"	"36"	"< 1 year"	"1"	240963
	"2013"	"2013"	"New York"	"36"	"1-4 years"	"1-4"	935410
	"2013"	"2013"	"New York"	"36"	"5-9 years"	"5-9"	1148534
	"2013"	"2013"	"New York"	"36"	"10-14 years"	"10-14"	1176345
	"2013"	"2013"	"New York"	"36"	"15-19 years"	"15-19"	1277870
	"2013"	"2013"	"New York"	"36"	"20-24 years"	"20-24"	1434087
	"2013"	"2013"	"New York"	"36"	"25-29 years"	"25-29"	1447395
	"2013"	"2013"	"New York"	"36"	"30-34 years"	"30-34"	1353719
	"2013"	"2013"	"New York"	"36"	"35-39 years"	"35-39"	1216173
	"2013"	"2013"	"New York"	"36"	"40-44 years"	"40-44"	1290832
	"2013"	"2013"	"New York"	"36"	"45-49 years"	"45-49"	1372443
	"2013"	"2013"	"New York"	"36"	"50-54 years"	"50-54"	1433194
	"2013"	"2013"	"New York"	"36"	"55-59 years"	"55-59"	1327690
	"2013"	"2013"	"New York"	"36"	"60-64 years "	"60-64"	1126973
	"2013"	"2013"	"New York"	"36"	"65-69 years"	"65-69"	896440
	"2013"	"2013"	"New York"	"36"	"70-74 years"	"70-74"	653248
	"2013"	"2013"	"New York"	"36"	"75-79 years"	"75-79"	487796
	"2013"	"2013"	"New York"	"36"	"80-84 years"	"80-84"	382670
	"2013"	"2013"	"New York"	"36"	"85+ years"	"85+"	424706
"Total"	"2013"	"2013"	"New York"	"36"			19626488
	"2013"	"2013"	"North Carolina"	"37"	"< 1 year"	"1"	119018
	"2013"	"2013"	"North Carolina"	"37"	"1-4 years"	"1-4"	489145
	"2013"	"2013"	"North Carolina"	"37"	"5-9 years"	"5-9"	644500
	"2013"	"2013"	"North Carolina"	"37"	"10-14 years"	"10-14"	650516
	"2013"	"2013"	"North Carolina"	"37"	"15-19 years"	"15-19"	650654
	"2013"	"2013"	"North Carolina"	"37"	"20-24 years"	"20-24"	709413
	"2013"	"2013"	"North Carolina"	"37"	"25-29 years"	"25-29"	642224
	"2013"	"2013"	"North Carolina"	"37"	"30-34 years"	"30-34"	637642
	"2013"	"2013"	"North Carolina"	"37"	"35-39 years"	"35-39"	622761
	"2013"	"2013"	"North Carolina"	"37"	"40-44 years"	"40-44"	687297
	"2013"	"2013"	"North Carolina"	"37"	"45-49 years"	"45-49"	675370
	"2013"	"2013"	"North Carolina"	"37"	"50-54 years"	"50-54"	694165
	"2013"	"2013"	"North Carolina"	"37"	"55-59 years"	"55-59"	649077
	"2013"	"2013"	"North Carolina"	"37"	"60-64 years "	"60-64"	572192
	"2013"	"2013"	"North Carolina"	"37"	"65-69 years"	"65-69"	481140
	"2013"	"2013"	"North Carolina"	"37"	"70-74 years"	"70-74"	343291
	"2013"	"2013"	"North Carolina"	"37"	"75-79 years"	"75-79"	242722
	"2013"	"2013"	"North Carolina"	"37"	"80-84 years"	"80-84"	170880
	"2013"	"2013"	"North Carolina"	"37"	"85+ years"	"85+"	164710
"Total"	"2013"	"2013"	"North Carolina"	"37"			9846717
	"2013"	"2013"	"North Dakota"	"38"	"< 1 year"	"1"	10192
	"2013"	"2013"	"North Dakota"	"38"	"1-4 years"	"1-4"	39204
	"2013"	"2013"	"North Dakota"	"38"	"5-9 years"	"5-9"	46830
	"2013"	"2013"	"North Dakota"	"38"	"10-14 years"	"10-14"	41712
	"2013"	"2013"	"North Dakota"	"38"	"15-19 years"	"15-19"	48018
	"2013"	"2013"	"North Dakota"	"38"	"20-24 years"	"20-24"	68077
	"2013"	"2013"	"North Dakota"	"38"	"25-29 years"	"25-29"	54620
	"2013"	"2013"	"North Dakota"	"38"	"30-34 years"	"30-34"	50108
	"2013"	"2013"	"North Dakota"	"38"	"35-39 years"	"35-39"	40759
	"2013"	"2013"	"North Dakota"	"38"	"40-44 years"	"40-44"	39279
	"2013"	"2013"	"North Dakota"	"38"	"45-49 years"	"45-49"	41345
	"2013"	"2013"	"North Dakota"	"38"	"50-54 years"	"50-54"	49989
	"2013"	"2013"	"North Dakota"	"38"	"55-59 years"	"55-59"	49278
	"2013"	"2013"	"North Dakota"	"38"	"60-64 years "	"60-64"	41124
	"2013"	"2013"	"North Dakota"	"38"	"65-69 years"	"65-69"	30179
	"2013"	"2013"	"North Dakota"	"38"	"70-74 years"	"70-74"	21777
	"2013"	"2013"	"North Dakota"	"38"	"75-79 years"	"75-79"	17888
	"2013"	"2013"	"North Dakota"	"38"	"80-84 years"	"80-84"	14957
	"2013"	"2013"	"North Dakota"	"38"	"85+ years"	"85+"	17813
"Total"	"2013"	"2013"	"North Dakota"	"38"			723149
	"2013"	"2013"	"Ohio"	"39"	"< 1 year"	"1"	138435
	"2013"	"2013"	"Ohio"	"39"	"1-4 years"	"1-4"	558026
	"2013"	"2013"	"Ohio"	"39"	"5-9 years"	"5-9"	733870
	"2013"	"2013"	"Ohio"	"39"	"10-14 years"	"10-14"	759976
	"2013"	"2013"	"Ohio"	"39"	"15-19 years"	"15-19"	780513
	"2013"	"2013"	"Ohio"	"39"	"20-24 years"	"20-24"	804226
	"2013"	"2013"	"Ohio"	"39"	"25-29 years"	"25-29"	729719
	"2013"	"2013"	"Ohio"	"39"	"30-34 years"	"30-34"	720634
	"2013"	"2013"	"Ohio"	"39"	"35-39 years"	"35-39"	671560
	"2013"	"2013"	"Ohio"	"39"	"40-44 years"	"40-44"	744798
	"2013"	"2013"	"Ohio"	"39"	"45-49 years"	"45-49"	773959
	"2013"	"2013"	"Ohio"	"39"	"50-54 years"	"50-54"	858444
	"2013"	"2013"	"Ohio"	"39"	"55-59 years"	"55-59"	839618
	"2013"	"2013"	"Ohio"	"39"	"60-64 years "	"60-64"	714388
	"2013"	"2013"	"Ohio"	"39"	"65-69 years"	"65-69"	554560
	"2013"	"2013"	"Ohio"	"39"	"70-74 years"	"70-74"	410964
	"2013"	"2013"	"Ohio"	"39"	"75-79 years"	"75-79"	305320
	"2013"	"2013"	"Ohio"	"39"	"80-84 years"	"80-84"	233435
	"2013"	"2013"	"Ohio"	"39"	"85+ years"	"85+"	247247
"Total"	"2013"	"2013"	"Ohio"	"39"			11579692
	"2013"	"2013"	"Oklahoma"	"40"	"< 1 year"	"1"	52920
	"2013"	"2013"	"Oklahoma"	"40"	"1-4 years"	"1-4"	212813
	"2013"	"2013"	"Oklahoma"	"40"	"5-9 years"	"5-9"	269440
	"2013"	"2013"	"Oklahoma"	"40"	"10-14 years"	"10-14"	261778
	"2013"	"2013"	"Oklahoma"	"40"	"15-19 years"	"15-19"	255948
	"2013"	"2013"	"Oklahoma"	"40"	"20-24 years"	"20-24"	289770
	"2013"	"2013"	"Oklahoma"	"40"	"25-29 years"	"25-29"	265153
	"2013"	"2013"	"Oklahoma"	"40"	"30-34 years"	"30-34"	264819
	"2013"	"2013"	"Oklahoma"	"40"	"35-39 years"	"35-39"	232668
	"2013"	"2013"	"Oklahoma"	"40"	"40-44 years"	"40-44"	235825
	"2013"	"2013"	"Oklahoma"	"40"	"45-49 years"	"45-49"	233006
	"2013"	"2013"	"Oklahoma"	"40"	"50-54 years"	"50-54"	264139
	"2013"	"2013"	"Oklahoma"	"40"	"55-59 years"	"55-59"	252017
	"2013"	"2013"	"Oklahoma"	"40"	"60-64 years "	"60-64"	215919
	"2013"	"2013"	"Oklahoma"	"40"	"65-69 years"	"65-69"	178588
	"2013"	"2013"	"Oklahoma"	"40"	"70-74 years"	"70-74"	133817
	"2013"	"2013"	"Oklahoma"	"40"	"75-79 years"	"75-79"	98385
	"2013"	"2013"	"Oklahoma"	"40"	"80-84 years"	"80-84"	70400
	"2013"	"2013"	"Oklahoma"	"40"	"85+ years"	"85+"	66486
"Total"	"2013"	"2013"	"Oklahoma"	"40"			3853891
	"2013"	"2013"	"Oregon"	"41"	"< 1 year"	"1"	44978
	"2013"	"2013"	"Oregon"	"41"	"1-4 years"	"1-4"	186089
	"2013"	"2013"	"Oregon"	"41"	"5-9 years"	"5-9"	240692
	"2013"	"2013"	"Oregon"	"41"	"10-14 years"	"10-14"	239908
	"2013"	"2013"	"Oregon"	"41"	"15-19 years"	"15-19"	243808
	"2013"	"2013"	"Oregon"	"41"	"20-24 years"	"20-24"	267657
	"2013"	"2013"	"Oregon"	"41"	"25-29 years"	"25-29"	263229
	"2013"	"2013"	"Oregon"	"41"	"30-34 years"	"30-34"	274472
	"2013"	"2013"	"Oregon"	"41"	"35-39 years"	"35-39"	254211
	"2013"	"2013"	"Oregon"	"41"	"40-44 years"	"40-44"	257651
	"2013"	"2013"	"Oregon"	"41"	"45-49 years"	"45-49"	245044
	"2013"	"2013"	"Oregon"	"41"	"50-54 years"	"50-54"	268111
	"2013"	"2013"	"Oregon"	"41"	"55-59 years"	"55-59"	276113
	"2013"	"2013"	"Oregon"	"41"	"60-64 years "	"60-64"	259547
	"2013"	"2013"	"Oregon"	"41"	"65-69 years"	"65-69"	206536
	"2013"	"2013"	"Oregon"	"41"	"70-74 years"	"70-74"	144143
	"2013"	"2013"	"Oregon"	"41"	"75-79 years"	"75-79"	97704
	"2013"	"2013"	"Oregon"	"41"	"80-84 years"	"80-84"	72213
	"2013"	"2013"	"Oregon"	"41"	"85+ years"	"85+"	82004
"Total"	"2013"	"2013"	"Oregon"	"41"			3924110
	"2013"	"2013"	"Pennsylvania"	"42"	"< 1 year"	"1"	141216
	"2013"	"2013"	"Pennsylvania"	"42"	"1-4 years"	"1-4"	574027
	"2013"	"2013"	"Pennsylvania"	"42"	"5-9 years"	"5-9"	747567
	"2013"	"2013"	"Pennsylvania"	"42"	"10-14 years"	"10-14"	772448
	"2013"	"2013"	"Pennsylvania"	"42"	"15-19 years"	"15-19"	850858
	"2013"	"2013"	"Pennsylvania"	"42"	"20-24 years"	"20-24"	891968
	"2013"	"2013"	"Pennsylvania"	"42"	"25-29 years"	"25-29"	826208
	"2013"	"2013"	"Pennsylvania"	"42"	"30-34 years"	"30-34"	782209
	"2013"	"2013"	"Pennsylvania"	"42"	"35-39 years"	"35-39"	717287
	"2013"	"2013"	"Pennsylvania"	"42"	"40-44 years"	"40-44"	810940
	"2013"	"2013"	"Pennsylvania"	"42"	"45-49 years"	"45-49"	878135
	"2013"	"2013"	"Pennsylvania"	"42"	"50-54 years"	"50-54"	960143
	"2013"	"2013"	"Pennsylvania"	"42"	"55-59 years"	"55-59"	939292
	"2013"	"2013"	"Pennsylvania"	"42"	"60-64 years "	"60-64"	799787
	"2013"	"2013"	"Pennsylvania"	"42"	"65-69 years"	"65-69"	635497
	"2013"	"2013"	"Pennsylvania"	"42"	"70-74 years"	"70-74"	473187
	"2013"	"2013"	"Pennsylvania"	"42"	"75-79 years"	"75-79"	358120
	"2013"	"2013"	"Pennsylvania"	"42"	"80-84 years"	"80-84"	293153
	"2013"	"2013"	"Pennsylvania"	"42"	"85+ years"	"85+"	327496
"Total"	"2013"	"2013"	"Pennsylvania"	"42"			12779538
	"2013"	"2013"	"Rhode Island"	"44"	"< 1 year"	"1"	10896
	"2013"	"2013"	"Rhode Island"	"44"	"1-4 years"	"1-4"	44192
	"2013"	"2013"	"Rhode Island"	"44"	"5-9 years"	"5-9"	59002
	"2013"	"2013"	"Rhode Island"	"44"	"10-14 years"	"10-14"	61474
	"2013"	"2013"	"Rhode Island"	"44"	"15-19 years"	"15-19"	75291
	"2013"	"2013"	"Rhode Island"	"44"	"20-24 years"	"20-24"	83474
	"2013"	"2013"	"Rhode Island"	"44"	"25-29 years"	"25-29"	70277
	"2013"	"2013"	"Rhode Island"	"44"	"30-34 years"	"30-34"	65486
	"2013"	"2013"	"Rhode Island"	"44"	"35-39 years"	"35-39"	59671
	"2013"	"2013"	"Rhode Island"	"44"	"40-44 years"	"40-44"	67587
	"2013"	"2013"	"Rhode Island"	"44"	"45-49 years"	"45-49"	75118
	"2013"	"2013"	"Rhode Island"	"44"	"50-54 years"	"50-54"	80134
	"2013"	"2013"	"Rhode Island"	"44"	"55-59 years"	"55-59"	76698
	"2013"	"2013"	"Rhode Island"	"44"	"60-64 years "	"60-64"	63310
	"2013"	"2013"	"Rhode Island"	"44"	"65-69 years"	"65-69"	50384
	"2013"	"2013"	"Rhode Island"	"44"	"70-74 years"	"70-74"	35529
	"2013"	"2013"	"Rhode Island"	"44"	"75-79 years"	"75-79"	26303
	"2013"	"2013"	"Rhode Island"	"44"	"80-84 years"	"80-84"	22301
	"2013"	"2013"	"Rhode Island"	"44"	"85+ years"	"85+"	28433
"Total"	"2013"	"2013"	"Rhode Island"	"44"			1055560
	"2013"	"2013"	"South Carolina"	"45"	"< 1 year"	"1"	56153
	"2013"	"2013"	"South Carolina"	"45"	"1-4 years"	"1-4"	234536
	"2013"	"2013"	"South Carolina"	"45"	"5-9 years"	"5-9"	304978
	"2013"	"2013"	"South Carolina"	"45"	"10-14 years"	"10-14"	303422
	"2013"	"2013"	"South Carolina"	"45"	"15-19 years"	"15-19"	310467
	"2013"	"2013"	"South Carolina"	"45"	"20-24 years"	"20-24"	354579
	"2013"	"2013"	"South Carolina"	"45"	"25-29 years"	"25-29"	309114
	"2013"	"2013"	"South Carolina"	"45"	"30-34 years"	"30-34"	303057
	"2013"	"2013"	"South Carolina"	"45"	"35-39 years"	"35-39"	283883
	"2013"	"2013"	"South Carolina"	"45"	"40-44 years"	"40-44"	309481
	"2013"	"2013"	"South Carolina"	"45"	"45-49 years"	"45-49"	315620
	"2013"	"2013"	"South Carolina"	"45"	"50-54 years"	"50-54"	334282
	"2013"	"2013"	"South Carolina"	"45"	"55-59 years"	"55-59"	322712
	"2013"	"2013"	"South Carolina"	"45"	"60-64 years "	"60-64"	296480
	"2013"	"2013"	"South Carolina"	"45"	"65-69 years"	"65-69"	257215
	"2013"	"2013"	"South Carolina"	"45"	"70-74 years"	"70-74"	184383
	"2013"	"2013"	"South Carolina"	"45"	"75-79 years"	"75-79"	124855
	"2013"	"2013"	"South Carolina"	"45"	"80-84 years"	"80-84"	83458
	"2013"	"2013"	"South Carolina"	"45"	"85+ years"	"85+"	77794
"Total"	"2013"	"2013"	"South Carolina"	"45"			4766469
	"2013"	"2013"	"South Dakota"	"46"	"< 1 year"	"1"	12105
	"2013"	"2013"	"South Dakota"	"46"	"1-4 years"	"1-4"	47969
	"2013"	"2013"	"South Dakota"	"46"	"5-9 years"	"5-9"	60027
	"2013"	"2013"	"South Dakota"	"46"	"10-14 years"	"10-14"	55080
	"2013"	"2013"	"South Dakota"	"46"	"15-19 years"	"15-19"	56594
	"2013"	"2013"	"South Dakota"	"46"	"20-24 years"	"20-24"	60799
	"2013"	"2013"	"South Dakota"	"46"	"25-29 years"	"25-29"	56250
	"2013"	"2013"	"South Dakota"	"46"	"30-34 years"	"30-34"	55571
	"2013"	"2013"	"South Dakota"	"46"	"35-39 years"	"35-39"	47563
	"2013"	"2013"	"South Dakota"	"46"	"40-44 years"	"40-44"	47290
	"2013"	"2013"	"South Dakota"	"46"	"45-49 years"	"45-49"	50248
	"2013"	"2013"	"South Dakota"	"46"	"50-54 years"	"50-54"	59533
	"2013"	"2013"	"South Dakota"	"46"	"55-59 years"	"55-59"	58202
	"2013"	"2013"	"South Dakota"	"46"	"60-64 years "	"60-64"	51139
	"2013"	"2013"	"South Dakota"	"46"	"65-69 years"	"65-69"	37734
	"2013"	"2013"	"South Dakota"	"46"	"70-74 years"	"70-74"	27483
	"2013"	"2013"	"South Dakota"	"46"	"75-79 years"	"75-79"	21442
	"2013"	"2013"	"South Dakota"	"46"	"80-84 years"	"80-84"	17696
	"2013"	"2013"	"South Dakota"	"46"	"85+ years"	"85+"	20026
"Total"	"2013"	"2013"	"South Dakota"	"46"			842751
	"2013"	"2013"	"Tennessee"	"47"	"< 1 year"	"1"	79765
	"2013"	"2013"	"Tennessee"	"47"	"1-4 years"	"1-4"	320730
	"2013"	"2013"	"Tennessee"	"47"	"5-9 years"	"5-9"	418584
	"2013"	"2013"	"Tennessee"	"47"	"10-14 years"	"10-14"	422548
	"2013"	"2013"	"Tennessee"	"47"	"15-19 years"	"15-19"	418461
	"2013"	"2013"	"Tennessee"	"47"	"20-24 years"	"20-24"	462152
	"2013"	"2013"	"Tennessee"	"47"	"25-29 years"	"25-29"	424329
	"2013"	"2013"	"Tennessee"	"47"	"30-34 years"	"30-34"	425214
	"2013"	"2013"	"Tennessee"	"47"	"35-39 years"	"35-39"	402406
	"2013"	"2013"	"Tennessee"	"47"	"40-44 years"	"40-44"	439600
	"2013"	"2013"	"Tennessee"	"47"	"45-49 years"	"45-49"	439021
	"2013"	"2013"	"Tennessee"	"47"	"50-54 years"	"50-54"	462968
	"2013"	"2013"	"Tennessee"	"47"	"55-59 years"	"55-59"	442802
	"2013"	"2013"	"Tennessee"	"47"	"60-64 years "	"60-64"	388065
	"2013"	"2013"	"Tennessee"	"47"	"65-69 years"	"65-69"	324826
	"2013"	"2013"	"Tennessee"	"47"	"70-74 years"	"70-74"	236162
	"2013"	"2013"	"Tennessee"	"47"	"75-79 years"	"75-79"	165298
	"2013"	"2013"	"Tennessee"	"47"	"80-84 years"	"80-84"	115711
	"2013"	"2013"	"Tennessee"	"47"	"85+ years"	"85+"	108301
"Total"	"2013"	"2013"	"Tennessee"	"47"			6496943
	"2013"	"2013"	"Texas"	"48"	"< 1 year"	"1"	383162
	"2013"	"2013"	"Texas"	"48"	"1-4 years"	"1-4"	1555345
	"2013"	"2013"	"Texas"	"48"	"5-9 years"	"5-9"	2000914
	"2013"	"2013"	"Texas"	"48"	"10-14 years"	"10-14"	1970681
	"2013"	"2013"	"Texas"	"48"	"15-19 years"	"15-19"	1896904
	"2013"	"2013"	"Texas"	"48"	"20-24 years"	"20-24"	1966318
	"2013"	"2013"	"Texas"	"48"	"25-29 years"	"25-29"	1928190
	"2013"	"2013"	"Texas"	"48"	"30-34 years"	"30-34"	1920297
	"2013"	"2013"	"Texas"	"48"	"35-39 years"	"35-39"	1774714
	"2013"	"2013"	"Texas"	"48"	"40-44 years"	"40-44"	1806539
	"2013"	"2013"	"Texas"	"48"	"45-49 years"	"45-49"	1702689
	"2013"	"2013"	"Texas"	"48"	"50-54 years"	"50-54"	1744569
	"2013"	"2013"	"Texas"	"48"	"55-59 years"	"55-59"	1577554
	"2013"	"2013"	"Texas"	"48"	"60-64 years "	"60-64"	1295048
	"2013"	"2013"	"Texas"	"48"	"65-69 years"	"65-69"	1019344
	"2013"	"2013"	"Texas"	"48"	"70-74 years"	"70-74"	715662
	"2013"	"2013"	"Texas"	"48"	"75-79 years"	"75-79"	512579
	"2013"	"2013"	"Texas"	"48"	"80-84 years"	"80-84"	366269
	"2013"	"2013"	"Texas"	"48"	"85+ years"	"85+"	342868
"Total"	"2013"	"2013"	"Texas"	"48"			26479646
	"2013"	"2013"	"Utah"	"49"	"< 1 year"	"1"	51704
	"2013"	"2013"	"Utah"	"49"	"1-4 years"	"1-4"	204456
	"2013"	"2013"	"Utah"	"49"	"5-9 years"	"5-9"	260603
	"2013"	"2013"	"Utah"	"49"	"10-14 years"	"10-14"	244727
	"2013"	"2013"	"Utah"	"49"	"15-19 years"	"15-19"	222138
	"2013"	"2013"	"Utah"	"49"	"20-24 years"	"20-24"	247380
	"2013"	"2013"	"Utah"	"49"	"25-29 years"	"25-29"	213776
	"2013"	"2013"	"Utah"	"49"	"30-34 years"	"30-34"	226703
	"2013"	"2013"	"Utah"	"49"	"35-39 years"	"35-39"	200928
	"2013"	"2013"	"Utah"	"49"	"40-44 years"	"40-44"	171198
	"2013"	"2013"	"Utah"	"49"	"45-49 years"	"45-49"	148827
	"2013"	"2013"	"Utah"	"49"	"50-54 years"	"50-54"	155488
	"2013"	"2013"	"Utah"	"49"	"55-59 years"	"55-59"	146400
	"2013"	"2013"	"Utah"	"49"	"60-64 years "	"60-64"	122202
	"2013"	"2013"	"Utah"	"49"	"65-69 years"	"65-69"	94444
	"2013"	"2013"	"Utah"	"49"	"70-74 years"	"70-74"	68441
	"2013"	"2013"	"Utah"	"49"	"75-79 years"	"75-79"	49713
	"2013"	"2013"	"Utah"	"49"	"80-84 years"	"80-84"	35963
	"2013"	"2013"	"Utah"	"49"	"85+ years"	"85+"	33682
"Total"	"2013"	"2013"	"Utah"	"49"			2898773
	"2013"	"2013"	"Vermont"	"50"	"< 1 year"	"1"	5995
	"2013"	"2013"	"Vermont"	"50"	"1-4 years"	"1-4"	24651
	"2013"	"2013"	"Vermont"	"50"	"5-9 years"	"5-9"	33659
	"2013"	"2013"	"Vermont"	"50"	"10-14 years"	"10-14"	35809
	"2013"	"2013"	"Vermont"	"50"	"15-19 years"	"15-19"	44773
	"2013"	"2013"	"Vermont"	"50"	"20-24 years"	"20-24"	45565
	"2013"	"2013"	"Vermont"	"50"	"25-29 years"	"25-29"	35693
	"2013"	"2013"	"Vermont"	"50"	"30-34 years"	"30-34"	36046
	"2013"	"2013"	"Vermont"	"50"	"35-39 years"	"35-39"	34002
	"2013"	"2013"	"Vermont"	"50"	"40-44 years"	"40-44"	38932
	"2013"	"2013"	"Vermont"	"50"	"45-49 years"	"45-49"	43624
	"2013"	"2013"	"Vermont"	"50"	"50-54 years"	"50-54"	50615
	"2013"	"2013"	"Vermont"	"50"	"55-59 years"	"55-59"	50539
	"2013"	"2013"	"Vermont"	"50"	"60-64 years "	"60-64"	44700
	"2013"	"2013"	"Vermont"	"50"	"65-69 years"	"65-69"	35032
	"2013"	"2013"	"Vermont"	"50"	"70-74 years"	"70-74"	24087
	"2013"	"2013"	"Vermont"	"50"	"75-79 years"	"75-79"	16498
	"2013"	"2013"	"Vermont"	"50"	"80-84 years"	"80-84"	12641
	"2013"	"2013"	"Vermont"	"50"	"85+ years"	"85+"	13742
"Total"	"2013"	"2013"	"Vermont"	"50"			626603
	"2013"	"2013"	"Virginia"	"51"	"< 1 year"	"1"	101990
	"2013"	"2013"	"Virginia"	"51"	"1-4 years"	"1-4"	408474
	"2013"	"2013"	"Virginia"	"51"	"5-9 years"	"5-9"	522858
	"2013"	"2013"	"Virginia"	"51"	"10-14 years"	"10-14"	520515
	"2013"	"2013"	"Virginia"	"51"	"15-19 years"	"15-19"	538007
	"2013"	"2013"	"Virginia"	"51"	"20-24 years"	"20-24"	593535
	"2013"	"2013"	"Virginia"	"51"	"25-29 years"	"25-29"	580727
	"2013"	"2013"	"Virginia"	"51"	"30-34 years"	"30-34"	573078
	"2013"	"2013"	"Virginia"	"51"	"35-39 years"	"35-39"	525812
	"2013"	"2013"	"Virginia"	"51"	"40-44 years"	"40-44"	566767
	"2013"	"2013"	"Virginia"	"51"	"45-49 years"	"45-49"	584110
	"2013"	"2013"	"Virginia"	"51"	"50-54 years"	"50-54"	609556
	"2013"	"2013"	"Virginia"	"51"	"55-59 years"	"55-59"	557286
	"2013"	"2013"	"Virginia"	"51"	"60-64 years "	"60-64"	467592
	"2013"	"2013"	"Virginia"	"51"	"65-69 years"	"65-69"	380030
	"2013"	"2013"	"Virginia"	"51"	"70-74 years"	"70-74"	269228
	"2013"	"2013"	"Virginia"	"51"	"75-79 years"	"75-79"	186961
	"2013"	"2013"	"Virginia"	"51"	"80-84 years"	"80-84"	134677
	"2013"	"2013"	"Virginia"	"51"	"85+ years"	"85+"	134658
"Total"	"2013"	"2013"	"Virginia"	"51"			8255861
	"2013"	"2013"	"Washington"	"53"	"< 1 year"	"1"	87320
	"2013"	"2013"	"Washington"	"53"	"1-4 years"	"1-4"	355864
	"2013"	"2013"	"Washington"	"53"	"5-9 years"	"5-9"	446984
	"2013"	"2013"	"Washington"	"53"	"10-14 years"	"10-14"	437981
	"2013"	"2013"	"Washington"	"53"	"15-19 years"	"15-19"	439710
	"2013"	"2013"	"Washington"	"53"	"20-24 years"	"20-24"	493061
	"2013"	"2013"	"Washington"	"53"	"25-29 years"	"25-29"	495941
	"2013"	"2013"	"Washington"	"53"	"30-34 years"	"30-34"	497166
	"2013"	"2013"	"Washington"	"53"	"35-39 years"	"35-39"	448693
	"2013"	"2013"	"Washington"	"53"	"40-44 years"	"40-44"	466876
	"2013"	"2013"	"Washington"	"53"	"45-49 years"	"45-49"	457516
	"2013"	"2013"	"Washington"	"53"	"50-54 years"	"50-54"	495591
	"2013"	"2013"	"Washington"	"53"	"55-59 years"	"55-59"	480230
	"2013"	"2013"	"Washington"	"53"	"60-64 years "	"60-64"	419255
	"2013"	"2013"	"Washington"	"53"	"65-69 years"	"65-69"	330525
	"2013"	"2013"	"Washington"	"53"	"70-74 years"	"70-74"	223494
	"2013"	"2013"	"Washington"	"53"	"75-79 years"	"75-79"	152782
	"2013"	"2013"	"Washington"	"53"	"80-84 years"	"80-84"	112146
	"2013"	"2013"	"Washington"	"53"	"85+ years"	"85+"	125117
"Total"	"2013"	"2013"	"Washington"	"53"			6966252
	"2013"	"2013"	"West Virginia"	"54"	"< 1 year"	"1"	20767
	"2013"	"2013"	"West Virginia"	"54"	"1-4 years"	"1-4"	82043
	"2013"	"2013"	"West Virginia"	"54"	"5-9 years"	"5-9"	105952
	"2013"	"2013"	"West Virginia"	"54"	"10-14 years"	"10-14"	107889
	"2013"	"2013"	"West Virginia"	"54"	"15-19 years"	"15-19"	112386
	"2013"	"2013"	"West Virginia"	"54"	"20-24 years"	"20-24"	126576
	"2013"	"2013"	"West Virginia"	"54"	"25-29 years"	"25-29"	106135
	"2013"	"2013"	"West Virginia"	"54"	"30-34 years"	"30-34"	112786
	"2013"	"2013"	"West Virginia"	"54"	"35-39 years"	"35-39"	110898
	"2013"	"2013"	"West Virginia"	"54"	"40-44 years"	"40-44"	120415
	"2013"	"2013"	"West Virginia"	"54"	"45-49 years"	"45-49"	122570
	"2013"	"2013"	"West Virginia"	"54"	"50-54 years"	"50-54"	134547
	"2013"	"2013"	"West Virginia"	"54"	"55-59 years"	"55-59"	139919
	"2013"	"2013"	"West Virginia"	"54"	"60-64 years "	"60-64"	131599
	"2013"	"2013"	"West Virginia"	"54"	"65-69 years"	"65-69"	105212
	"2013"	"2013"	"West Virginia"	"54"	"70-74 years"	"70-74"	77882
	"2013"	"2013"	"West Virginia"	"54"	"75-79 years"	"75-79"	57308
	"2013"	"2013"	"West Virginia"	"54"	"80-84 years"	"80-84"	41012
	"2013"	"2013"	"West Virginia"	"54"	"85+ years"	"85+"	38872
"Total"	"2013"	"2013"	"West Virginia"	"54"			1854768
	"2013"	"2013"	"Wisconsin"	"55"	"< 1 year"	"1"	66567
	"2013"	"2013"	"Wisconsin"	"55"	"1-4 years"	"1-4"	277461
	"2013"	"2013"	"Wisconsin"	"55"	"5-9 years"	"5-9"	367372
	"2013"	"2013"	"Wisconsin"	"55"	"10-14 years"	"10-14"	372459
	"2013"	"2013"	"Wisconsin"	"55"	"15-19 years"	"15-19"	386658
	"2013"	"2013"	"Wisconsin"	"55"	"20-24 years"	"20-24"	402299
	"2013"	"2013"	"Wisconsin"	"55"	"25-29 years"	"25-29"	359818
	"2013"	"2013"	"Wisconsin"	"55"	"30-34 years"	"30-34"	370940
	"2013"	"2013"	"Wisconsin"	"55"	"35-39 years"	"35-39"	335133
	"2013"	"2013"	"Wisconsin"	"55"	"40-44 years"	"40-44"	357981
	"2013"	"2013"	"Wisconsin"	"55"	"45-49 years"	"45-49"	393394
	"2013"	"2013"	"Wisconsin"	"55"	"50-54 years"	"50-54"	439095
	"2013"	"2013"	"Wisconsin"	"55"	"55-59 years"	"55-59"	413190
	"2013"	"2013"	"Wisconsin"	"55"	"60-64 years "	"60-64"	351061
	"2013"	"2013"	"Wisconsin"	"55"	"65-69 years"	"65-69"	265897
	"2013"	"2013"	"Wisconsin"	"55"	"70-74 years"	"70-74"	193978
	"2013"	"2013"	"Wisconsin"	"55"	"75-79 years"	"75-79"	145020
	"2013"	"2013"	"Wisconsin"	"55"	"80-84 years"	"80-84"	114419
	"2013"	"2013"	"Wisconsin"	"55"	"85+ years"	"85+"	125270
"Total"	"2013"	"2013"	"Wisconsin"	"55"			5738012
	"2013"	"2013"	"Wyoming"	"56"	"< 1 year"	"1"	7494
	"2013"	"2013"	"Wyoming"	"56"	"1-4 years"	"1-4"	31313
	"2013"	"2013"	"Wyoming"	"56"	"5-9 years"	"5-9"	40267
	"2013"	"2013"	"Wyoming"	"56"	"10-14 years"	"10-14"	36921
	"2013"	"2013"	"Wyoming"	"56"	"15-19 years"	"15-19"	37343
	"2013"	"2013"	"Wyoming"	"56"	"20-24 years"	"20-24"	43226
	"2013"	"2013"	"Wyoming"	"56"	"25-29 years"	"25-29"	40841
	"2013"	"2013"	"Wyoming"	"56"	"30-34 years"	"30-34"	40839
	"2013"	"2013"	"Wyoming"	"56"	"35-39 years"	"35-39"	35071
	"2013"	"2013"	"Wyoming"	"56"	"40-44 years"	"40-44"	34166
	"2013"	"2013"	"Wyoming"	"56"	"45-49 years"	"45-49"	33971
	"2013"	"2013"	"Wyoming"	"56"	"50-54 years"	"50-54"	42019
	"2013"	"2013"	"Wyoming"	"56"	"55-59 years"	"55-59"	43267
	"2013"	"2013"	"Wyoming"	"56"	"60-64 years "	"60-64"	37009
	"2013"	"2013"	"Wyoming"	"56"	"65-69 years"	"65-69"	27337
	"2013"	"2013"	"Wyoming"	"56"	"70-74 years"	"70-74"	18993
	"2013"	"2013"	"Wyoming"	"56"	"75-79 years"	"75-79"	13280
	"2013"	"2013"	"Wyoming"	"56"	"80-84 years"	"80-84"	9635
	"2013"	"2013"	"Wyoming"	"56"	"85+ years"	"85+"	9628
"Total"	"2013"	"2013"	"Wyoming"	"56"			582620
"Total"	"2013"	"2013"					316059947
	"2014"	"2014"	"Alabama"	"01"	"< 1 year"	"1"	58335
	"2014"	"2014"	"Alabama"	"01"	"1-4 years"	"1-4"	235345
	"2014"	"2014"	"Alabama"	"01"	"5-9 years"	"5-9"	306366
	"2014"	"2014"	"Alabama"	"01"	"10-14 years"	"10-14"	313936
	"2014"	"2014"	"Alabama"	"01"	"15-19 years"	"15-19"	318455
	"2014"	"2014"	"Alabama"	"01"	"20-24 years"	"20-24"	354677
	"2014"	"2014"	"Alabama"	"01"	"25-29 years"	"25-29"	316908
	"2014"	"2014"	"Alabama"	"01"	"30-34 years"	"30-34"	307944
	"2014"	"2014"	"Alabama"	"01"	"35-39 years"	"35-39"	292715
	"2014"	"2014"	"Alabama"	"01"	"40-44 years"	"40-44"	311678
	"2014"	"2014"	"Alabama"	"01"	"45-49 years"	"45-49"	311791
	"2014"	"2014"	"Alabama"	"01"	"50-54 years"	"50-54"	344722
	"2014"	"2014"	"Alabama"	"01"	"55-59 years"	"55-59"	334944
	"2014"	"2014"	"Alabama"	"01"	"60-64 years "	"60-64"	293929
	"2014"	"2014"	"Alabama"	"01"	"65-69 years"	"65-69"	250180
	"2014"	"2014"	"Alabama"	"01"	"70-74 years"	"70-74"	184037
	"2014"	"2014"	"Alabama"	"01"	"75-79 years"	"75-79"	133191
	"2014"	"2014"	"Alabama"	"01"	"80-84 years"	"80-84"	91013
	"2014"	"2014"	"Alabama"	"01"	"85+ years"	"85+"	83571
"Total"	"2014"	"2014"	"Alabama"	"01"			4843737
	"2014"	"2014"	"Alaska"	"02"	"< 1 year"	"1"	11391
	"2014"	"2014"	"Alaska"	"02"	"1-4 years"	"1-4"	44100
	"2014"	"2014"	"Alaska"	"02"	"5-9 years"	"5-9"	51815
	"2014"	"2014"	"Alaska"	"02"	"10-14 years"	"10-14"	49927
	"2014"	"2014"	"Alaska"	"02"	"15-19 years"	"15-19"	48016
	"2014"	"2014"	"Alaska"	"02"	"20-24 years"	"20-24"	60428
	"2014"	"2014"	"Alaska"	"02"	"25-29 years"	"25-29"	60976
	"2014"	"2014"	"Alaska"	"02"	"30-34 years"	"30-34"	55884
	"2014"	"2014"	"Alaska"	"02"	"35-39 years"	"35-39"	46127
	"2014"	"2014"	"Alaska"	"02"	"40-44 years"	"40-44"	45207
	"2014"	"2014"	"Alaska"	"02"	"45-49 years"	"45-49"	45894
	"2014"	"2014"	"Alaska"	"02"	"50-54 years"	"50-54"	53141
	"2014"	"2014"	"Alaska"	"02"	"55-59 years"	"55-59"	51679
	"2014"	"2014"	"Alaska"	"02"	"60-64 years "	"60-64"	42486
	"2014"	"2014"	"Alaska"	"02"	"65-69 years"	"65-69"	29171
	"2014"	"2014"	"Alaska"	"02"	"70-74 years"	"70-74"	17985
	"2014"	"2014"	"Alaska"	"02"	"75-79 years"	"75-79"	10434
	"2014"	"2014"	"Alaska"	"02"	"80-84 years"	"80-84"	6661
	"2014"	"2014"	"Alaska"	"02"	"85+ years"	"85+"	5753
"Total"	"2014"	"2014"	"Alaska"	"02"			737075
	"2014"	"2014"	"Arizona"	"04"	"< 1 year"	"1"	86303
	"2014"	"2014"	"Arizona"	"04"	"1-4 years"	"1-4"	348904
	"2014"	"2014"	"Arizona"	"04"	"5-9 years"	"5-9"	460689
	"2014"	"2014"	"Arizona"	"04"	"10-14 years"	"10-14"	456636
	"2014"	"2014"	"Arizona"	"04"	"15-19 years"	"15-19"	455630
	"2014"	"2014"	"Arizona"	"04"	"20-24 years"	"20-24"	494285
	"2014"	"2014"	"Arizona"	"04"	"25-29 years"	"25-29"	456501
	"2014"	"2014"	"Arizona"	"04"	"30-34 years"	"30-34"	449803
	"2014"	"2014"	"Arizona"	"04"	"35-39 years"	"35-39"	415388
	"2014"	"2014"	"Arizona"	"04"	"40-44 years"	"40-44"	420327
	"2014"	"2014"	"Arizona"	"04"	"45-49 years"	"45-49"	406033
	"2014"	"2014"	"Arizona"	"04"	"50-54 years"	"50-54"	431088
	"2014"	"2014"	"Arizona"	"04"	"55-59 years"	"55-59"	412723
	"2014"	"2014"	"Arizona"	"04"	"60-64 years "	"60-64"	378076
	"2014"	"2014"	"Arizona"	"04"	"65-69 years"	"65-69"	348925
	"2014"	"2014"	"Arizona"	"04"	"70-74 years"	"70-74"	269250
	"2014"	"2014"	"Arizona"	"04"	"75-79 years"	"75-79"	190151
	"2014"	"2014"	"Arizona"	"04"	"80-84 years"	"80-84"	129553
	"2014"	"2014"	"Arizona"	"04"	"85+ years"	"85+"	122608
"Total"	"2014"	"2014"	"Arizona"	"04"			6732873
	"2014"	"2014"	"Arkansas"	"05"	"< 1 year"	"1"	37958
	"2014"	"2014"	"Arkansas"	"05"	"1-4 years"	"1-4"	153206
	"2014"	"2014"	"Arkansas"	"05"	"5-9 years"	"5-9"	199081
	"2014"	"2014"	"Arkansas"	"05"	"10-14 years"	"10-14"	198016
	"2014"	"2014"	"Arkansas"	"05"	"15-19 years"	"15-19"	196986
	"2014"	"2014"	"Arkansas"	"05"	"20-24 years"	"20-24"	212861
	"2014"	"2014"	"Arkansas"	"05"	"25-29 years"	"25-29"	192825
	"2014"	"2014"	"Arkansas"	"05"	"30-34 years"	"30-34"	193350
	"2014"	"2014"	"Arkansas"	"05"	"35-39 years"	"35-39"	180145
	"2014"	"2014"	"Arkansas"	"05"	"40-44 years"	"40-44"	184253
	"2014"	"2014"	"Arkansas"	"05"	"45-49 years"	"45-49"	182432
	"2014"	"2014"	"Arkansas"	"05"	"50-54 years"	"50-54"	202980
	"2014"	"2014"	"Arkansas"	"05"	"55-59 years"	"55-59"	194295
	"2014"	"2014"	"Arkansas"	"05"	"60-64 years "	"60-64"	174677
	"2014"	"2014"	"Arkansas"	"05"	"65-69 years"	"65-69"	153153
	"2014"	"2014"	"Arkansas"	"05"	"70-74 years"	"70-74"	116525
	"2014"	"2014"	"Arkansas"	"05"	"75-79 years"	"75-79"	83040
	"2014"	"2014"	"Arkansas"	"05"	"80-84 years"	"80-84"	57572
	"2014"	"2014"	"Arkansas"	"05"	"85+ years"	"85+"	55404
"Total"	"2014"	"2014"	"Arkansas"	"05"			2968759
	"2014"	"2014"	"California"	"06"	"< 1 year"	"1"	499234
	"2014"	"2014"	"California"	"06"	"1-4 years"	"1-4"	2007066
	"2014"	"2014"	"California"	"06"	"5-9 years"	"5-9"	2551638
	"2014"	"2014"	"California"	"06"	"10-14 years"	"10-14"	2524388
	"2014"	"2014"	"California"	"06"	"15-19 years"	"15-19"	2617587
	"2014"	"2014"	"California"	"06"	"20-24 years"	"20-24"	2917071
	"2014"	"2014"	"California"	"06"	"25-29 years"	"25-29"	2908317
	"2014"	"2014"	"California"	"06"	"30-34 years"	"30-34"	2798973
	"2014"	"2014"	"California"	"06"	"35-39 years"	"35-39"	2549056
	"2014"	"2014"	"California"	"06"	"40-44 years"	"40-44"	2584953
	"2014"	"2014"	"California"	"06"	"45-49 years"	"45-49"	2555287
	"2014"	"2014"	"California"	"06"	"50-54 years"	"50-54"	2636625
	"2014"	"2014"	"California"	"06"	"55-59 years"	"55-59"	2436570
	"2014"	"2014"	"California"	"06"	"60-64 years "	"60-64"	2051160
	"2014"	"2014"	"California"	"06"	"65-69 years"	"65-69"	1648539
	"2014"	"2014"	"California"	"06"	"70-74 years"	"70-74"	1159347
	"2014"	"2014"	"California"	"06"	"75-79 years"	"75-79"	839771
	"2014"	"2014"	"California"	"06"	"80-84 years"	"80-84"	619963
	"2014"	"2014"	"California"	"06"	"85+ years"	"85+"	681161
"Total"	"2014"	"2014"	"California"	"06"			38586706
	"2014"	"2014"	"Colorado"	"08"	"< 1 year"	"1"	65638
	"2014"	"2014"	"Colorado"	"08"	"1-4 years"	"1-4"	268863
	"2014"	"2014"	"Colorado"	"08"	"5-9 years"	"5-9"	356244
	"2014"	"2014"	"Colorado"	"08"	"10-14 years"	"10-14"	354843
	"2014"	"2014"	"Colorado"	"08"	"15-19 years"	"15-19"	341850
	"2014"	"2014"	"Colorado"	"08"	"20-24 years"	"20-24"	376222
	"2014"	"2014"	"Colorado"	"08"	"25-29 years"	"25-29"	400342
	"2014"	"2014"	"Colorado"	"08"	"30-34 years"	"30-34"	400371
	"2014"	"2014"	"Colorado"	"08"	"35-39 years"	"35-39"	362707
	"2014"	"2014"	"Colorado"	"08"	"40-44 years"	"40-44"	362446
	"2014"	"2014"	"Colorado"	"08"	"45-49 years"	"45-49"	343777
	"2014"	"2014"	"Colorado"	"08"	"50-54 years"	"50-54"	372402
	"2014"	"2014"	"Colorado"	"08"	"55-59 years"	"55-59"	359012
	"2014"	"2014"	"Colorado"	"08"	"60-64 years "	"60-64"	311983
	"2014"	"2014"	"Colorado"	"08"	"65-69 years"	"65-69"	245507
	"2014"	"2014"	"Colorado"	"08"	"70-74 years"	"70-74"	162379
	"2014"	"2014"	"Colorado"	"08"	"75-79 years"	"75-79"	109507
	"2014"	"2014"	"Colorado"	"08"	"80-84 years"	"80-84"	77799
	"2014"	"2014"	"Colorado"	"08"	"85+ years"	"85+"	80745
"Total"	"2014"	"2014"	"Colorado"	"08"			5352637
	"2014"	"2014"	"Connecticut"	"09"	"< 1 year"	"1"	36327
	"2014"	"2014"	"Connecticut"	"09"	"1-4 years"	"1-4"	152164
	"2014"	"2014"	"Connecticut"	"09"	"5-9 years"	"5-9"	210075
	"2014"	"2014"	"Connecticut"	"09"	"10-14 years"	"10-14"	228656
	"2014"	"2014"	"Connecticut"	"09"	"15-19 years"	"15-19"	252160
	"2014"	"2014"	"Connecticut"	"09"	"20-24 years"	"20-24"	244220
	"2014"	"2014"	"Connecticut"	"09"	"25-29 years"	"25-29"	220402
	"2014"	"2014"	"Connecticut"	"09"	"30-34 years"	"30-34"	217754
	"2014"	"2014"	"Connecticut"	"09"	"35-39 years"	"35-39"	207546
	"2014"	"2014"	"Connecticut"	"09"	"40-44 years"	"40-44"	230303
	"2014"	"2014"	"Connecticut"	"09"	"45-49 years"	"45-49"	261479
	"2014"	"2014"	"Connecticut"	"09"	"50-54 years"	"50-54"	284571
	"2014"	"2014"	"Connecticut"	"09"	"55-59 years"	"55-59"	268239
	"2014"	"2014"	"Connecticut"	"09"	"60-64 years "	"60-64"	218715
	"2014"	"2014"	"Connecticut"	"09"	"65-69 years"	"65-69"	178766
	"2014"	"2014"	"Connecticut"	"09"	"70-74 years"	"70-74"	129819
	"2014"	"2014"	"Connecticut"	"09"	"75-79 years"	"75-79"	91223
	"2014"	"2014"	"Connecticut"	"09"	"80-84 years"	"80-84"	72463
	"2014"	"2014"	"Connecticut"	"09"	"85+ years"	"85+"	90815
"Total"	"2014"	"2014"	"Connecticut"	"09"			3595697
	"2014"	"2014"	"Delaware"	"10"	"< 1 year"	"1"	10928
	"2014"	"2014"	"Delaware"	"10"	"1-4 years"	"1-4"	44379
	"2014"	"2014"	"Delaware"	"10"	"5-9 years"	"5-9"	56642
	"2014"	"2014"	"Delaware"	"10"	"10-14 years"	"10-14"	57126
	"2014"	"2014"	"Delaware"	"10"	"15-19 years"	"15-19"	59665
	"2014"	"2014"	"Delaware"	"10"	"20-24 years"	"20-24"	64461
	"2014"	"2014"	"Delaware"	"10"	"25-29 years"	"25-29"	63756
	"2014"	"2014"	"Delaware"	"10"	"30-34 years"	"30-34"	58954
	"2014"	"2014"	"Delaware"	"10"	"35-39 years"	"35-39"	53484
	"2014"	"2014"	"Delaware"	"10"	"40-44 years"	"40-44"	56784
	"2014"	"2014"	"Delaware"	"10"	"45-49 years"	"45-49"	61447
	"2014"	"2014"	"Delaware"	"10"	"50-54 years"	"50-54"	67912
	"2014"	"2014"	"Delaware"	"10"	"55-59 years"	"55-59"	65501
	"2014"	"2014"	"Delaware"	"10"	"60-64 years "	"60-64"	58078
	"2014"	"2014"	"Delaware"	"10"	"65-69 years"	"65-69"	52292
	"2014"	"2014"	"Delaware"	"10"	"70-74 years"	"70-74"	38698
	"2014"	"2014"	"Delaware"	"10"	"75-79 years"	"75-79"	26581
	"2014"	"2014"	"Delaware"	"10"	"80-84 years"	"80-84"	18576
	"2014"	"2014"	"Delaware"	"10"	"85+ years"	"85+"	17867
"Total"	"2014"	"2014"	"Delaware"	"10"			933131
	"2014"	"2014"	"District of Columbia"	"11"	"< 1 year"	"1"	9488
	"2014"	"2014"	"District of Columbia"	"11"	"1-4 years"	"1-4"	33592
	"2014"	"2014"	"District of Columbia"	"11"	"5-9 years"	"5-9"	31047
	"2014"	"2014"	"District of Columbia"	"11"	"10-14 years"	"10-14"	26082
	"2014"	"2014"	"District of Columbia"	"11"	"15-19 years"	"15-19"	37162
	"2014"	"2014"	"District of Columbia"	"11"	"20-24 years"	"20-24"	56302
	"2014"	"2014"	"District of Columbia"	"11"	"25-29 years"	"25-29"	81215
	"2014"	"2014"	"District of Columbia"	"11"	"30-34 years"	"30-34"	72900
	"2014"	"2014"	"District of Columbia"	"11"	"35-39 years"	"35-39"	50789
	"2014"	"2014"	"District of Columbia"	"11"	"40-44 years"	"40-44"	41680
	"2014"	"2014"	"District of Columbia"	"11"	"45-49 years"	"45-49"	37778
	"2014"	"2014"	"District of Columbia"	"11"	"50-54 years"	"50-54"	38927
	"2014"	"2014"	"District of Columbia"	"11"	"55-59 years"	"55-59"	36695
	"2014"	"2014"	"District of Columbia"	"11"	"60-64 years "	"60-64"	32568
	"2014"	"2014"	"District of Columbia"	"11"	"65-69 years"	"65-69"	25945
	"2014"	"2014"	"District of Columbia"	"11"	"70-74 years"	"70-74"	18034
	"2014"	"2014"	"District of Columbia"	"11"	"75-79 years"	"75-79"	12638
	"2014"	"2014"	"District of Columbia"	"11"	"80-84 years"	"80-84"	9329
	"2014"	"2014"	"District of Columbia"	"11"	"85+ years"	"85+"	11432
"Total"	"2014"	"2014"	"District of Columbia"	"11"			663603
	"2014"	"2014"	"Florida"	"12"	"< 1 year"	"1"	218442
	"2014"	"2014"	"Florida"	"12"	"1-4 years"	"1-4"	868111
	"2014"	"2014"	"Florida"	"12"	"5-9 years"	"5-9"	1123118
	"2014"	"2014"	"Florida"	"12"	"10-14 years"	"10-14"	1137527
	"2014"	"2014"	"Florida"	"12"	"15-19 years"	"15-19"	1173351
	"2014"	"2014"	"Florida"	"12"	"20-24 years"	"20-24"	1317587
	"2014"	"2014"	"Florida"	"12"	"25-29 years"	"25-29"	1295143
	"2014"	"2014"	"Florida"	"12"	"30-34 years"	"30-34"	1234496
	"2014"	"2014"	"Florida"	"12"	"35-39 years"	"35-39"	1162943
	"2014"	"2014"	"Florida"	"12"	"40-44 years"	"40-44"	1259682
	"2014"	"2014"	"Florida"	"12"	"45-49 years"	"45-49"	1305152
	"2014"	"2014"	"Florida"	"12"	"50-54 years"	"50-54"	1426926
	"2014"	"2014"	"Florida"	"12"	"55-59 years"	"55-59"	1340787
	"2014"	"2014"	"Florida"	"12"	"60-64 years "	"60-64"	1219233
	"2014"	"2014"	"Florida"	"12"	"65-69 years"	"65-69"	1148996
	"2014"	"2014"	"Florida"	"12"	"70-74 years"	"70-74"	924092
	"2014"	"2014"	"Florida"	"12"	"75-79 years"	"75-79"	689959
	"2014"	"2014"	"Florida"	"12"	"80-84 years"	"80-84"	499465
	"2014"	"2014"	"Florida"	"12"	"85+ years"	"85+"	508870
"Total"	"2014"	"2014"	"Florida"	"12"			19853880
	"2014"	"2014"	"Georgia"	"13"	"< 1 year"	"1"	128820
	"2014"	"2014"	"Georgia"	"13"	"1-4 years"	"1-4"	529617
	"2014"	"2014"	"Georgia"	"13"	"5-9 years"	"5-9"	702546
	"2014"	"2014"	"Georgia"	"13"	"10-14 years"	"10-14"	710189
	"2014"	"2014"	"Georgia"	"13"	"15-19 years"	"15-19"	696915
	"2014"	"2014"	"Georgia"	"13"	"20-24 years"	"20-24"	732506
	"2014"	"2014"	"Georgia"	"13"	"25-29 years"	"25-29"	693060
	"2014"	"2014"	"Georgia"	"13"	"30-34 years"	"30-34"	685648
	"2014"	"2014"	"Georgia"	"13"	"35-39 years"	"35-39"	660023
	"2014"	"2014"	"Georgia"	"13"	"40-44 years"	"40-44"	707204
	"2014"	"2014"	"Georgia"	"13"	"45-49 years"	"45-49"	691486
	"2014"	"2014"	"Georgia"	"13"	"50-54 years"	"50-54"	706083
	"2014"	"2014"	"Georgia"	"13"	"55-59 years"	"55-59"	638180
	"2014"	"2014"	"Georgia"	"13"	"60-64 years "	"60-64"	540488
	"2014"	"2014"	"Georgia"	"13"	"65-69 years"	"65-69"	452251
	"2014"	"2014"	"Georgia"	"13"	"70-74 years"	"70-74"	315617
	"2014"	"2014"	"Georgia"	"13"	"75-79 years"	"75-79"	210694
	"2014"	"2014"	"Georgia"	"13"	"80-84 years"	"80-84"	139515
	"2014"	"2014"	"Georgia"	"13"	"85+ years"	"85+"	130362
"Total"	"2014"	"2014"	"Georgia"	"13"			10071204
	"2014"	"2014"	"Hawaii"	"15"	"< 1 year"	"1"	18793
	"2014"	"2014"	"Hawaii"	"15"	"1-4 years"	"1-4"	74375
	"2014"	"2014"	"Hawaii"	"15"	"5-9 years"	"5-9"	85606
	"2014"	"2014"	"Hawaii"	"15"	"10-14 years"	"10-14"	81836
	"2014"	"2014"	"Hawaii"	"15"	"15-19 years"	"15-19"	78425
	"2014"	"2014"	"Hawaii"	"15"	"20-24 years"	"20-24"	101982
	"2014"	"2014"	"Hawaii"	"15"	"25-29 years"	"25-29"	103425
	"2014"	"2014"	"Hawaii"	"15"	"30-34 years"	"30-34"	99996
	"2014"	"2014"	"Hawaii"	"15"	"35-39 years"	"35-39"	88451
	"2014"	"2014"	"Hawaii"	"15"	"40-44 years"	"40-44"	87537
	"2014"	"2014"	"Hawaii"	"15"	"45-49 years"	"45-49"	87737
	"2014"	"2014"	"Hawaii"	"15"	"50-54 years"	"50-54"	93956
	"2014"	"2014"	"Hawaii"	"15"	"55-59 years"	"55-59"	94556
	"2014"	"2014"	"Hawaii"	"15"	"60-64 years "	"60-64"	88888
	"2014"	"2014"	"Hawaii"	"15"	"65-69 years"	"65-69"	75494
	"2014"	"2014"	"Hawaii"	"15"	"70-74 years"	"70-74"	52176
	"2014"	"2014"	"Hawaii"	"15"	"75-79 years"	"75-79"	35488
	"2014"	"2014"	"Hawaii"	"15"	"80-84 years"	"80-84"	29145
	"2014"	"2014"	"Hawaii"	"15"	"85+ years"	"85+"	37469
"Total"	"2014"	"2014"	"Hawaii"	"15"			1415335
	"2014"	"2014"	"Idaho"	"16"	"< 1 year"	"1"	22346
	"2014"	"2014"	"Idaho"	"16"	"1-4 years"	"1-4"	91746
	"2014"	"2014"	"Idaho"	"16"	"5-9 years"	"5-9"	123398
	"2014"	"2014"	"Idaho"	"16"	"10-14 years"	"10-14"	122546
	"2014"	"2014"	"Idaho"	"16"	"15-19 years"	"15-19"	115718
	"2014"	"2014"	"Idaho"	"16"	"20-24 years"	"20-24"	113085
	"2014"	"2014"	"Idaho"	"16"	"25-29 years"	"25-29"	106734
	"2014"	"2014"	"Idaho"	"16"	"30-34 years"	"30-34"	107722
	"2014"	"2014"	"Idaho"	"16"	"35-39 years"	"35-39"	102169
	"2014"	"2014"	"Idaho"	"16"	"40-44 years"	"40-44"	97494
	"2014"	"2014"	"Idaho"	"16"	"45-49 years"	"45-49"	94464
	"2014"	"2014"	"Idaho"	"16"	"50-54 years"	"50-54"	104480
	"2014"	"2014"	"Idaho"	"16"	"55-59 years"	"55-59"	103810
	"2014"	"2014"	"Idaho"	"16"	"60-64 years "	"60-64"	94998
	"2014"	"2014"	"Idaho"	"16"	"65-69 years"	"65-69"	79591
	"2014"	"2014"	"Idaho"	"16"	"70-74 years"	"70-74"	58280
	"2014"	"2014"	"Idaho"	"16"	"75-79 years"	"75-79"	39708
	"2014"	"2014"	"Idaho"	"16"	"80-84 years"	"80-84"	27004
	"2014"	"2014"	"Idaho"	"16"	"85+ years"	"85+"	26955
"Total"	"2014"	"2014"	"Idaho"	"16"			1632248
	"2014"	"2014"	"Illinois"	"17"	"< 1 year"	"1"	156919
	"2014"	"2014"	"Illinois"	"17"	"1-4 years"	"1-4"	636750
	"2014"	"2014"	"Illinois"	"17"	"5-9 years"	"5-9"	829417
	"2014"	"2014"	"Illinois"	"17"	"10-14 years"	"10-14"	852397
	"2014"	"2014"	"Illinois"	"17"	"15-19 years"	"15-19"	860874
	"2014"	"2014"	"Illinois"	"17"	"20-24 years"	"20-24"	907384
	"2014"	"2014"	"Illinois"	"17"	"25-29 years"	"25-29"	896731
	"2014"	"2014"	"Illinois"	"17"	"30-34 years"	"30-34"	896546
	"2014"	"2014"	"Illinois"	"17"	"35-39 years"	"35-39"	829090
	"2014"	"2014"	"Illinois"	"17"	"40-44 years"	"40-44"	841724
	"2014"	"2014"	"Illinois"	"17"	"45-49 years"	"45-49"	846914
	"2014"	"2014"	"Illinois"	"17"	"50-54 years"	"50-54"	916299
	"2014"	"2014"	"Illinois"	"17"	"55-59 years"	"55-59"	876716
	"2014"	"2014"	"Illinois"	"17"	"60-64 years "	"60-64"	738251
	"2014"	"2014"	"Illinois"	"17"	"65-69 years"	"65-69"	583353
	"2014"	"2014"	"Illinois"	"17"	"70-74 years"	"70-74"	423071
	"2014"	"2014"	"Illinois"	"17"	"75-79 years"	"75-79"	307561
	"2014"	"2014"	"Illinois"	"17"	"80-84 years"	"80-84"	227452
	"2014"	"2014"	"Illinois"	"17"	"85+ years"	"85+"	257643
"Total"	"2014"	"2014"	"Illinois"	"17"			12885092
	"2014"	"2014"	"Indiana"	"18"	"< 1 year"	"1"	82953
	"2014"	"2014"	"Indiana"	"18"	"1-4 years"	"1-4"	337064
	"2014"	"2014"	"Indiana"	"18"	"5-9 years"	"5-9"	440853
	"2014"	"2014"	"Indiana"	"18"	"10-14 years"	"10-14"	450290
	"2014"	"2014"	"Indiana"	"18"	"15-19 years"	"15-19"	455803
	"2014"	"2014"	"Indiana"	"18"	"20-24 years"	"20-24"	489576
	"2014"	"2014"	"Indiana"	"18"	"25-29 years"	"25-29"	422124
	"2014"	"2014"	"Indiana"	"18"	"30-34 years"	"30-34"	423182
	"2014"	"2014"	"Indiana"	"18"	"35-39 years"	"35-39"	403297
	"2014"	"2014"	"Indiana"	"18"	"40-44 years"	"40-44"	419519
	"2014"	"2014"	"Indiana"	"18"	"45-49 years"	"45-49"	421290
	"2014"	"2014"	"Indiana"	"18"	"50-54 years"	"50-54"	467210
	"2014"	"2014"	"Indiana"	"18"	"55-59 years"	"55-59"	452344
	"2014"	"2014"	"Indiana"	"18"	"60-64 years "	"60-64"	388535
	"2014"	"2014"	"Indiana"	"18"	"65-69 years"	"65-69"	311637
	"2014"	"2014"	"Indiana"	"18"	"70-74 years"	"70-74"	225023
	"2014"	"2014"	"Indiana"	"18"	"75-79 years"	"75-79"	161721
	"2014"	"2014"	"Indiana"	"18"	"80-84 years"	"80-84"	117254
	"2014"	"2014"	"Indiana"	"18"	"85+ years"	"85+"	126344
"Total"	"2014"	"2014"	"Indiana"	"18"			6596019
	"2014"	"2014"	"Iowa"	"19"	"< 1 year"	"1"	39326
	"2014"	"2014"	"Iowa"	"19"	"1-4 years"	"1-4"	157269
	"2014"	"2014"	"Iowa"	"19"	"5-9 years"	"5-9"	206640
	"2014"	"2014"	"Iowa"	"19"	"10-14 years"	"10-14"	203356
	"2014"	"2014"	"Iowa"	"19"	"15-19 years"	"15-19"	213974
	"2014"	"2014"	"Iowa"	"19"	"20-24 years"	"20-24"	233942
	"2014"	"2014"	"Iowa"	"19"	"25-29 years"	"25-29"	191693
	"2014"	"2014"	"Iowa"	"19"	"30-34 years"	"30-34"	200338
	"2014"	"2014"	"Iowa"	"19"	"35-39 years"	"35-39"	182926
	"2014"	"2014"	"Iowa"	"19"	"40-44 years"	"40-44"	180066
	"2014"	"2014"	"Iowa"	"19"	"45-49 years"	"45-49"	187812
	"2014"	"2014"	"Iowa"	"19"	"50-54 years"	"50-54"	217344
	"2014"	"2014"	"Iowa"	"19"	"55-59 years"	"55-59"	215381
	"2014"	"2014"	"Iowa"	"19"	"60-64 years "	"60-64"	190832
	"2014"	"2014"	"Iowa"	"19"	"65-69 years"	"65-69"	149474
	"2014"	"2014"	"Iowa"	"19"	"70-74 years"	"70-74"	109661
	"2014"	"2014"	"Iowa"	"19"	"75-79 years"	"75-79"	85533
	"2014"	"2014"	"Iowa"	"19"	"80-84 years"	"80-84"	66147
	"2014"	"2014"	"Iowa"	"19"	"85+ years"	"85+"	78929
"Total"	"2014"	"2014"	"Iowa"	"19"			3110643
	"2014"	"2014"	"Kansas"	"20"	"< 1 year"	"1"	39120
	"2014"	"2014"	"Kansas"	"20"	"1-4 years"	"1-4"	160223
	"2014"	"2014"	"Kansas"	"20"	"5-9 years"	"5-9"	204201
	"2014"	"2014"	"Kansas"	"20"	"10-14 years"	"10-14"	200799
	"2014"	"2014"	"Kansas"	"20"	"15-19 years"	"15-19"	199837
	"2014"	"2014"	"Kansas"	"20"	"20-24 years"	"20-24"	220349
	"2014"	"2014"	"Kansas"	"20"	"25-29 years"	"25-29"	191347
	"2014"	"2014"	"Kansas"	"20"	"30-34 years"	"30-34"	194977
	"2014"	"2014"	"Kansas"	"20"	"35-39 years"	"35-39"	174961
	"2014"	"2014"	"Kansas"	"20"	"40-44 years"	"40-44"	170033
	"2014"	"2014"	"Kansas"	"20"	"45-49 years"	"45-49"	170409
	"2014"	"2014"	"Kansas"	"20"	"50-54 years"	"50-54"	198359
	"2014"	"2014"	"Kansas"	"20"	"55-59 years"	"55-59"	194510
	"2014"	"2014"	"Kansas"	"20"	"60-64 years "	"60-64"	168049
	"2014"	"2014"	"Kansas"	"20"	"65-69 years"	"65-69"	131514
	"2014"	"2014"	"Kansas"	"20"	"70-74 years"	"70-74"	94094
	"2014"	"2014"	"Kansas"	"20"	"75-79 years"	"75-79"	70399
	"2014"	"2014"	"Kansas"	"20"	"80-84 years"	"80-84"	55262
	"2014"	"2014"	"Kansas"	"20"	"85+ years"	"85+"	63418
"Total"	"2014"	"2014"	"Kansas"	"20"			2901861
	"2014"	"2014"	"Kentucky"	"21"	"< 1 year"	"1"	55390
	"2014"	"2014"	"Kentucky"	"21"	"1-4 years"	"1-4"	220730
	"2014"	"2014"	"Kentucky"	"21"	"5-9 years"	"5-9"	283353
	"2014"	"2014"	"Kentucky"	"21"	"10-14 years"	"10-14"	284320
	"2014"	"2014"	"Kentucky"	"21"	"15-19 years"	"15-19"	284576
	"2014"	"2014"	"Kentucky"	"21"	"20-24 years"	"20-24"	317747
	"2014"	"2014"	"Kentucky"	"21"	"25-29 years"	"25-29"	282883
	"2014"	"2014"	"Kentucky"	"21"	"30-34 years"	"30-34"	285015
	"2014"	"2014"	"Kentucky"	"21"	"35-39 years"	"35-39"	274743
	"2014"	"2014"	"Kentucky"	"21"	"40-44 years"	"40-44"	286181
	"2014"	"2014"	"Kentucky"	"21"	"45-49 years"	"45-49"	290963
	"2014"	"2014"	"Kentucky"	"21"	"50-54 years"	"50-54"	319088
	"2014"	"2014"	"Kentucky"	"21"	"55-59 years"	"55-59"	307339
	"2014"	"2014"	"Kentucky"	"21"	"60-64 years "	"60-64"	269972
	"2014"	"2014"	"Kentucky"	"21"	"65-69 years"	"65-69"	224227
	"2014"	"2014"	"Kentucky"	"21"	"70-74 years"	"70-74"	160929
	"2014"	"2014"	"Kentucky"	"21"	"75-79 years"	"75-79"	114202
	"2014"	"2014"	"Kentucky"	"21"	"80-84 years"	"80-84"	78741
	"2014"	"2014"	"Kentucky"	"21"	"85+ years"	"85+"	76593
"Total"	"2014"	"2014"	"Kentucky"	"21"			4416992
	"2014"	"2014"	"Louisiana"	"22"	"< 1 year"	"1"	63596
	"2014"	"2014"	"Louisiana"	"22"	"1-4 years"	"1-4"	245852
	"2014"	"2014"	"Louisiana"	"22"	"5-9 years"	"5-9"	313835
	"2014"	"2014"	"Louisiana"	"22"	"10-14 years"	"10-14"	307480
	"2014"	"2014"	"Louisiana"	"22"	"15-19 years"	"15-19"	299400
	"2014"	"2014"	"Louisiana"	"22"	"20-24 years"	"20-24"	349538
	"2014"	"2014"	"Louisiana"	"22"	"25-29 years"	"25-29"	340746
	"2014"	"2014"	"Louisiana"	"22"	"30-34 years"	"30-34"	329112
	"2014"	"2014"	"Louisiana"	"22"	"35-39 years"	"35-39"	285409
	"2014"	"2014"	"Louisiana"	"22"	"40-44 years"	"40-44"	278651
	"2014"	"2014"	"Louisiana"	"22"	"45-49 years"	"45-49"	288812
	"2014"	"2014"	"Louisiana"	"22"	"50-54 years"	"50-54"	322597
	"2014"	"2014"	"Louisiana"	"22"	"55-59 years"	"55-59"	315705
	"2014"	"2014"	"Louisiana"	"22"	"60-64 years "	"60-64"	270679
	"2014"	"2014"	"Louisiana"	"22"	"65-69 years"	"65-69"	216678
	"2014"	"2014"	"Louisiana"	"22"	"70-74 years"	"70-74"	155031
	"2014"	"2014"	"Louisiana"	"22"	"75-79 years"	"75-79"	110496
	"2014"	"2014"	"Louisiana"	"22"	"80-84 years"	"80-84"	77922
	"2014"	"2014"	"Louisiana"	"22"	"85+ years"	"85+"	74399
"Total"	"2014"	"2014"	"Louisiana"	"22"			4645938
	"2014"	"2014"	"Maine"	"23"	"< 1 year"	"1"	12669
	"2014"	"2014"	"Maine"	"23"	"1-4 years"	"1-4"	52351
	"2014"	"2014"	"Maine"	"23"	"5-9 years"	"5-9"	71624
	"2014"	"2014"	"Maine"	"23"	"10-14 years"	"10-14"	74925
	"2014"	"2014"	"Maine"	"23"	"15-19 years"	"15-19"	82152
	"2014"	"2014"	"Maine"	"23"	"20-24 years"	"20-24"	80031
	"2014"	"2014"	"Maine"	"23"	"25-29 years"	"25-29"	77231
	"2014"	"2014"	"Maine"	"23"	"30-34 years"	"30-34"	75138
	"2014"	"2014"	"Maine"	"23"	"35-39 years"	"35-39"	72806
	"2014"	"2014"	"Maine"	"23"	"40-44 years"	"40-44"	83062
	"2014"	"2014"	"Maine"	"23"	"45-49 years"	"45-49"	92311
	"2014"	"2014"	"Maine"	"23"	"50-54 years"	"50-54"	107797
	"2014"	"2014"	"Maine"	"23"	"55-59 years"	"55-59"	107943
	"2014"	"2014"	"Maine"	"23"	"60-64 years "	"60-64"	97896
	"2014"	"2014"	"Maine"	"23"	"65-69 years"	"65-69"	82043
	"2014"	"2014"	"Maine"	"23"	"70-74 years"	"70-74"	57797
	"2014"	"2014"	"Maine"	"23"	"75-79 years"	"75-79"	40821
	"2014"	"2014"	"Maine"	"23"	"80-84 years"	"80-84"	30454
	"2014"	"2014"	"Maine"	"23"	"85+ years"	"85+"	32166
"Total"	"2014"	"2014"	"Maine"	"23"			1331217
	"2014"	"2014"	"Maryland"	"24"	"< 1 year"	"1"	72543
	"2014"	"2014"	"Maryland"	"24"	"1-4 years"	"1-4"	295701
	"2014"	"2014"	"Maryland"	"24"	"5-9 years"	"5-9"	373513
	"2014"	"2014"	"Maryland"	"24"	"10-14 years"	"10-14"	376278
	"2014"	"2014"	"Maryland"	"24"	"15-19 years"	"15-19"	386631
	"2014"	"2014"	"Maryland"	"24"	"20-24 years"	"20-24"	402023
	"2014"	"2014"	"Maryland"	"24"	"25-29 years"	"25-29"	414921
	"2014"	"2014"	"Maryland"	"24"	"30-34 years"	"30-34"	407208
	"2014"	"2014"	"Maryland"	"24"	"35-39 years"	"35-39"	373118
	"2014"	"2014"	"Maryland"	"24"	"40-44 years"	"40-44"	391913
	"2014"	"2014"	"Maryland"	"24"	"45-49 years"	"45-49"	422161
	"2014"	"2014"	"Maryland"	"24"	"50-54 years"	"50-54"	455196
	"2014"	"2014"	"Maryland"	"24"	"55-59 years"	"55-59"	419327
	"2014"	"2014"	"Maryland"	"24"	"60-64 years "	"60-64"	347660
	"2014"	"2014"	"Maryland"	"24"	"65-69 years"	"65-69"	280884
	"2014"	"2014"	"Maryland"	"24"	"70-74 years"	"70-74"	196710
	"2014"	"2014"	"Maryland"	"24"	"75-79 years"	"75-79"	135283
	"2014"	"2014"	"Maryland"	"24"	"80-84 years"	"80-84"	98839
	"2014"	"2014"	"Maryland"	"24"	"85+ years"	"85+"	110155
"Total"	"2014"	"2014"	"Maryland"	"24"			5960064
	"2014"	"2014"	"Massachusetts"	"25"	"< 1 year"	"1"	72395
	"2014"	"2014"	"Massachusetts"	"25"	"1-4 years"	"1-4"	292934
	"2014"	"2014"	"Massachusetts"	"25"	"5-9 years"	"5-9"	377136
	"2014"	"2014"	"Massachusetts"	"25"	"10-14 years"	"10-14"	399314
	"2014"	"2014"	"Massachusetts"	"25"	"15-19 years"	"15-19"	460434
	"2014"	"2014"	"Massachusetts"	"25"	"20-24 years"	"20-24"	493377
	"2014"	"2014"	"Massachusetts"	"25"	"25-29 years"	"25-29"	489362
	"2014"	"2014"	"Massachusetts"	"25"	"30-34 years"	"30-34"	448729
	"2014"	"2014"	"Massachusetts"	"25"	"35-39 years"	"35-39"	405472
	"2014"	"2014"	"Massachusetts"	"25"	"40-44 years"	"40-44"	432494
	"2014"	"2014"	"Massachusetts"	"25"	"45-49 years"	"45-49"	475498
	"2014"	"2014"	"Massachusetts"	"25"	"50-54 years"	"50-54"	511370
	"2014"	"2014"	"Massachusetts"	"25"	"55-59 years"	"55-59"	479574
	"2014"	"2014"	"Massachusetts"	"25"	"60-64 years "	"60-64"	406081
	"2014"	"2014"	"Massachusetts"	"25"	"65-69 years"	"65-69"	332831
	"2014"	"2014"	"Massachusetts"	"25"	"70-74 years"	"70-74"	232424
	"2014"	"2014"	"Massachusetts"	"25"	"75-79 years"	"75-79"	166734
	"2014"	"2014"	"Massachusetts"	"25"	"80-84 years"	"80-84"	131047
	"2014"	"2014"	"Massachusetts"	"25"	"85+ years"	"85+"	157658
"Total"	"2014"	"2014"	"Massachusetts"	"25"			6764864
	"2014"	"2014"	"Michigan"	"26"	"< 1 year"	"1"	114063
	"2014"	"2014"	"Michigan"	"26"	"1-4 years"	"1-4"	460957
	"2014"	"2014"	"Michigan"	"26"	"5-9 years"	"5-9"	606972
	"2014"	"2014"	"Michigan"	"26"	"10-14 years"	"10-14"	645023
	"2014"	"2014"	"Michigan"	"26"	"15-19 years"	"15-19"	679240
	"2014"	"2014"	"Michigan"	"26"	"20-24 years"	"20-24"	743547
	"2014"	"2014"	"Michigan"	"26"	"25-29 years"	"25-29"	606897
	"2014"	"2014"	"Michigan"	"26"	"30-34 years"	"30-34"	593440
	"2014"	"2014"	"Michigan"	"26"	"35-39 years"	"35-39"	567921
	"2014"	"2014"	"Michigan"	"26"	"40-44 years"	"40-44"	622864
	"2014"	"2014"	"Michigan"	"26"	"45-49 years"	"45-49"	657663
	"2014"	"2014"	"Michigan"	"26"	"50-54 years"	"50-54"	736096
	"2014"	"2014"	"Michigan"	"26"	"55-59 years"	"55-59"	732235
	"2014"	"2014"	"Michigan"	"26"	"60-64 years "	"60-64"	633728
	"2014"	"2014"	"Michigan"	"26"	"65-69 years"	"65-69"	506761
	"2014"	"2014"	"Michigan"	"26"	"70-74 years"	"70-74"	367049
	"2014"	"2014"	"Michigan"	"26"	"75-79 years"	"75-79"	258019
	"2014"	"2014"	"Michigan"	"26"	"80-84 years"	"80-84"	189861
	"2014"	"2014"	"Michigan"	"26"	"85+ years"	"85+"	209697
"Total"	"2014"	"2014"	"Michigan"	"26"			9932033
	"2014"	"2014"	"Minnesota"	"27"	"< 1 year"	"1"	69960
	"2014"	"2014"	"Minnesota"	"27"	"1-4 years"	"1-4"	279852
	"2014"	"2014"	"Minnesota"	"27"	"5-9 years"	"5-9"	362340
	"2014"	"2014"	"Minnesota"	"27"	"10-14 years"	"10-14"	358304
	"2014"	"2014"	"Minnesota"	"27"	"15-19 years"	"15-19"	356130
	"2014"	"2014"	"Minnesota"	"27"	"20-24 years"	"20-24"	365496
	"2014"	"2014"	"Minnesota"	"27"	"25-29 years"	"25-29"	365261
	"2014"	"2014"	"Minnesota"	"27"	"30-34 years"	"30-34"	381778
	"2014"	"2014"	"Minnesota"	"27"	"35-39 years"	"35-39"	336543
	"2014"	"2014"	"Minnesota"	"27"	"40-44 years"	"40-44"	332364
	"2014"	"2014"	"Minnesota"	"27"	"45-49 years"	"45-49"	352210
	"2014"	"2014"	"Minnesota"	"27"	"50-54 years"	"50-54"	403969
	"2014"	"2014"	"Minnesota"	"27"	"55-59 years"	"55-59"	384025
	"2014"	"2014"	"Minnesota"	"27"	"60-64 years "	"60-64"	326773
	"2014"	"2014"	"Minnesota"	"27"	"65-69 years"	"65-69"	249990
	"2014"	"2014"	"Minnesota"	"27"	"70-74 years"	"70-74"	180622
	"2014"	"2014"	"Minnesota"	"27"	"75-79 years"	"75-79"	131482
	"2014"	"2014"	"Minnesota"	"27"	"80-84 years"	"80-84"	99005
	"2014"	"2014"	"Minnesota"	"27"	"85+ years"	"85+"	116561
"Total"	"2014"	"2014"	"Minnesota"	"27"			5452665
	"2014"	"2014"	"Mississippi"	"28"	"< 1 year"	"1"	38204
	"2014"	"2014"	"Mississippi"	"28"	"1-4 years"	"1-4"	155130
	"2014"	"2014"	"Mississippi"	"28"	"5-9 years"	"5-9"	209630
	"2014"	"2014"	"Mississippi"	"28"	"10-14 years"	"10-14"	205370
	"2014"	"2014"	"Mississippi"	"28"	"15-19 years"	"15-19"	207850
	"2014"	"2014"	"Mississippi"	"28"	"20-24 years"	"20-24"	226963
	"2014"	"2014"	"Mississippi"	"28"	"25-29 years"	"25-29"	196582
	"2014"	"2014"	"Mississippi"	"28"	"30-34 years"	"30-34"	194928
	"2014"	"2014"	"Mississippi"	"28"	"35-39 years"	"35-39"	182032
	"2014"	"2014"	"Mississippi"	"28"	"40-44 years"	"40-44"	186642
	"2014"	"2014"	"Mississippi"	"28"	"45-49 years"	"45-49"	184860
	"2014"	"2014"	"Mississippi"	"28"	"50-54 years"	"50-54"	204735
	"2014"	"2014"	"Mississippi"	"28"	"55-59 years"	"55-59"	199266
	"2014"	"2014"	"Mississippi"	"28"	"60-64 years "	"60-64"	173398
	"2014"	"2014"	"Mississippi"	"28"	"65-69 years"	"65-69"	143507
	"2014"	"2014"	"Mississippi"	"28"	"70-74 years"	"70-74"	105093
	"2014"	"2014"	"Mississippi"	"28"	"75-79 years"	"75-79"	76764
	"2014"	"2014"	"Mississippi"	"28"	"80-84 years"	"80-84"	51724
	"2014"	"2014"	"Mississippi"	"28"	"85+ years"	"85+"	49214
"Total"	"2014"	"2014"	"Mississippi"	"28"			2991892
	"2014"	"2014"	"Missouri"	"29"	"< 1 year"	"1"	75421
	"2014"	"2014"	"Missouri"	"29"	"1-4 years"	"1-4"	300624
	"2014"	"2014"	"Missouri"	"29"	"5-9 years"	"5-9"	389755
	"2014"	"2014"	"Missouri"	"29"	"10-14 years"	"10-14"	390921
	"2014"	"2014"	"Missouri"	"29"	"15-19 years"	"15-19"	394996
	"2014"	"2014"	"Missouri"	"29"	"20-24 years"	"20-24"	435214
	"2014"	"2014"	"Missouri"	"29"	"25-29 years"	"25-29"	401454
	"2014"	"2014"	"Missouri"	"29"	"30-34 years"	"30-34"	400722
	"2014"	"2014"	"Missouri"	"29"	"35-39 years"	"35-39"	360940
	"2014"	"2014"	"Missouri"	"29"	"40-44 years"	"40-44"	368881
	"2014"	"2014"	"Missouri"	"29"	"45-49 years"	"45-49"	378134
	"2014"	"2014"	"Missouri"	"29"	"50-54 years"	"50-54"	440352
	"2014"	"2014"	"Missouri"	"29"	"55-59 years"	"55-59"	423849
	"2014"	"2014"	"Missouri"	"29"	"60-64 years "	"60-64"	365067
	"2014"	"2014"	"Missouri"	"29"	"65-69 years"	"65-69"	300393
	"2014"	"2014"	"Missouri"	"29"	"70-74 years"	"70-74"	225344
	"2014"	"2014"	"Missouri"	"29"	"75-79 years"	"75-79"	162319
	"2014"	"2014"	"Missouri"	"29"	"80-84 years"	"80-84"	119470
	"2014"	"2014"	"Missouri"	"29"	"85+ years"	"85+"	125274
"Total"	"2014"	"2014"	"Missouri"	"29"			6059130
	"2014"	"2014"	"Montana"	"30"	"< 1 year"	"1"	12433
	"2014"	"2014"	"Montana"	"30"	"1-4 years"	"1-4"	49359
	"2014"	"2014"	"Montana"	"30"	"5-9 years"	"5-9"	63981
	"2014"	"2014"	"Montana"	"30"	"10-14 years"	"10-14"	62131
	"2014"	"2014"	"Montana"	"30"	"15-19 years"	"15-19"	63790
	"2014"	"2014"	"Montana"	"30"	"20-24 years"	"20-24"	74275
	"2014"	"2014"	"Montana"	"30"	"25-29 years"	"25-29"	64058
	"2014"	"2014"	"Montana"	"30"	"30-34 years"	"30-34"	65550
	"2014"	"2014"	"Montana"	"30"	"35-39 years"	"35-39"	58966
	"2014"	"2014"	"Montana"	"30"	"40-44 years"	"40-44"	57005
	"2014"	"2014"	"Montana"	"30"	"45-49 years"	"45-49"	58729
	"2014"	"2014"	"Montana"	"30"	"50-54 years"	"50-54"	72464
	"2014"	"2014"	"Montana"	"30"	"55-59 years"	"55-59"	77513
	"2014"	"2014"	"Montana"	"30"	"60-64 years "	"60-64"	72758
	"2014"	"2014"	"Montana"	"30"	"65-69 years"	"65-69"	57796
	"2014"	"2014"	"Montana"	"30"	"70-74 years"	"70-74"	41409
	"2014"	"2014"	"Montana"	"30"	"75-79 years"	"75-79"	28571
	"2014"	"2014"	"Montana"	"30"	"80-84 years"	"80-84"	20044
	"2014"	"2014"	"Montana"	"30"	"85+ years"	"85+"	21825
"Total"	"2014"	"2014"	"Montana"	"30"			1022657
	"2014"	"2014"	"Nebraska"	"31"	"< 1 year"	"1"	26332
	"2014"	"2014"	"Nebraska"	"31"	"1-4 years"	"1-4"	104357
	"2014"	"2014"	"Nebraska"	"31"	"5-9 years"	"5-9"	133336
	"2014"	"2014"	"Nebraska"	"31"	"10-14 years"	"10-14"	128989
	"2014"	"2014"	"Nebraska"	"31"	"15-19 years"	"15-19"	127626
	"2014"	"2014"	"Nebraska"	"31"	"20-24 years"	"20-24"	137022
	"2014"	"2014"	"Nebraska"	"31"	"25-29 years"	"25-29"	124308
	"2014"	"2014"	"Nebraska"	"31"	"30-34 years"	"30-34"	129552
	"2014"	"2014"	"Nebraska"	"31"	"35-39 years"	"35-39"	114219
	"2014"	"2014"	"Nebraska"	"31"	"40-44 years"	"40-44"	110499
	"2014"	"2014"	"Nebraska"	"31"	"45-49 years"	"45-49"	110196
	"2014"	"2014"	"Nebraska"	"31"	"50-54 years"	"50-54"	128252
	"2014"	"2014"	"Nebraska"	"31"	"55-59 years"	"55-59"	124897
	"2014"	"2014"	"Nebraska"	"31"	"60-64 years "	"60-64"	109510
	"2014"	"2014"	"Nebraska"	"31"	"65-69 years"	"65-69"	84868
	"2014"	"2014"	"Nebraska"	"31"	"70-74 years"	"70-74"	60661
	"2014"	"2014"	"Nebraska"	"31"	"75-79 years"	"75-79"	46742
	"2014"	"2014"	"Nebraska"	"31"	"80-84 years"	"80-84"	36812
	"2014"	"2014"	"Nebraska"	"31"	"85+ years"	"85+"	41777
"Total"	"2014"	"2014"	"Nebraska"	"31"			1879955
	"2014"	"2014"	"Nevada"	"32"	"< 1 year"	"1"	35022
	"2014"	"2014"	"Nevada"	"32"	"1-4 years"	"1-4"	143716
	"2014"	"2014"	"Nevada"	"32"	"5-9 years"	"5-9"	187905
	"2014"	"2014"	"Nevada"	"32"	"10-14 years"	"10-14"	184106
	"2014"	"2014"	"Nevada"	"32"	"15-19 years"	"15-19"	174669
	"2014"	"2014"	"Nevada"	"32"	"20-24 years"	"20-24"	185970
	"2014"	"2014"	"Nevada"	"32"	"25-29 years"	"25-29"	202982
	"2014"	"2014"	"Nevada"	"32"	"30-34 years"	"30-34"	201627
	"2014"	"2014"	"Nevada"	"32"	"35-39 years"	"35-39"	186235
	"2014"	"2014"	"Nevada"	"32"	"40-44 years"	"40-44"	193144
	"2014"	"2014"	"Nevada"	"32"	"45-49 years"	"45-49"	188332
	"2014"	"2014"	"Nevada"	"32"	"50-54 years"	"50-54"	192280
	"2014"	"2014"	"Nevada"	"32"	"55-59 years"	"55-59"	180233
	"2014"	"2014"	"Nevada"	"32"	"60-64 years "	"60-64"	162522
	"2014"	"2014"	"Nevada"	"32"	"65-69 years"	"65-69"	145089
	"2014"	"2014"	"Nevada"	"32"	"70-74 years"	"70-74"	105368
	"2014"	"2014"	"Nevada"	"32"	"75-79 years"	"75-79"	69304
	"2014"	"2014"	"Nevada"	"32"	"80-84 years"	"80-84"	43394
	"2014"	"2014"	"Nevada"	"32"	"85+ years"	"85+"	37037
"Total"	"2014"	"2014"	"Nevada"	"32"			2818935
	"2014"	"2014"	"New Hampshire"	"33"	"< 1 year"	"1"	12229
	"2014"	"2014"	"New Hampshire"	"33"	"1-4 years"	"1-4"	52694
	"2014"	"2014"	"New Hampshire"	"33"	"5-9 years"	"5-9"	72633
	"2014"	"2014"	"New Hampshire"	"33"	"10-14 years"	"10-14"	79505
	"2014"	"2014"	"New Hampshire"	"33"	"15-19 years"	"15-19"	89981
	"2014"	"2014"	"New Hampshire"	"33"	"20-24 years"	"20-24"	91849
	"2014"	"2014"	"New Hampshire"	"33"	"25-29 years"	"25-29"	78742
	"2014"	"2014"	"New Hampshire"	"33"	"30-34 years"	"30-34"	76600
	"2014"	"2014"	"New Hampshire"	"33"	"35-39 years"	"35-39"	73075
	"2014"	"2014"	"New Hampshire"	"33"	"40-44 years"	"40-44"	86005
	"2014"	"2014"	"New Hampshire"	"33"	"45-49 years"	"45-49"	98150
	"2014"	"2014"	"New Hampshire"	"33"	"50-54 years"	"50-54"	112544
	"2014"	"2014"	"New Hampshire"	"33"	"55-59 years"	"55-59"	107697
	"2014"	"2014"	"New Hampshire"	"33"	"60-64 years "	"60-64"	90169
	"2014"	"2014"	"New Hampshire"	"33"	"65-69 years"	"65-69"	74082
	"2014"	"2014"	"New Hampshire"	"33"	"70-74 years"	"70-74"	50294
	"2014"	"2014"	"New Hampshire"	"33"	"75-79 years"	"75-79"	33880
	"2014"	"2014"	"New Hampshire"	"33"	"80-84 years"	"80-84"	25541
	"2014"	"2014"	"New Hampshire"	"33"	"85+ years"	"85+"	28587
"Total"	"2014"	"2014"	"New Hampshire"	"33"			1334257
	"2014"	"2014"	"New Jersey"	"34"	"< 1 year"	"1"	103305
	"2014"	"2014"	"New Jersey"	"34"	"1-4 years"	"1-4"	423794
	"2014"	"2014"	"New Jersey"	"34"	"5-9 years"	"5-9"	548953
	"2014"	"2014"	"New Jersey"	"34"	"10-14 years"	"10-14"	570886
	"2014"	"2014"	"New Jersey"	"34"	"15-19 years"	"15-19"	572417
	"2014"	"2014"	"New Jersey"	"34"	"20-24 years"	"20-24"	569603
	"2014"	"2014"	"New Jersey"	"34"	"25-29 years"	"25-29"	555752
	"2014"	"2014"	"New Jersey"	"34"	"30-34 years"	"30-34"	569299
	"2014"	"2014"	"New Jersey"	"34"	"35-39 years"	"35-39"	560602
	"2014"	"2014"	"New Jersey"	"34"	"40-44 years"	"40-44"	600128
	"2014"	"2014"	"New Jersey"	"34"	"45-49 years"	"45-49"	643100
	"2014"	"2014"	"New Jersey"	"34"	"50-54 years"	"50-54"	684399
	"2014"	"2014"	"New Jersey"	"34"	"55-59 years"	"55-59"	632619
	"2014"	"2014"	"New Jersey"	"34"	"60-64 years "	"60-64"	514923
	"2014"	"2014"	"New Jersey"	"34"	"65-69 years"	"65-69"	421645
	"2014"	"2014"	"New Jersey"	"34"	"70-74 years"	"70-74"	305880
	"2014"	"2014"	"New Jersey"	"34"	"75-79 years"	"75-79"	221806
	"2014"	"2014"	"New Jersey"	"34"	"80-84 years"	"80-84"	171774
	"2014"	"2014"	"New Jersey"	"34"	"85+ years"	"85+"	196392
"Total"	"2014"	"2014"	"New Jersey"	"34"			8867277
	"2014"	"2014"	"New Mexico"	"35"	"< 1 year"	"1"	26178
	"2014"	"2014"	"New Mexico"	"35"	"1-4 years"	"1-4"	108849
	"2014"	"2014"	"New Mexico"	"35"	"5-9 years"	"5-9"	143739
	"2014"	"2014"	"New Mexico"	"35"	"10-14 years"	"10-14"	141343
	"2014"	"2014"	"New Mexico"	"35"	"15-19 years"	"15-19"	139913
	"2014"	"2014"	"New Mexico"	"35"	"20-24 years"	"20-24"	153809
	"2014"	"2014"	"New Mexico"	"35"	"25-29 years"	"25-29"	141193
	"2014"	"2014"	"New Mexico"	"35"	"30-34 years"	"30-34"	139085
	"2014"	"2014"	"New Mexico"	"35"	"35-39 years"	"35-39"	122876
	"2014"	"2014"	"New Mexico"	"35"	"40-44 years"	"40-44"	121477
	"2014"	"2014"	"New Mexico"	"35"	"45-49 years"	"45-49"	122548
	"2014"	"2014"	"New Mexico"	"35"	"50-54 years"	"50-54"	142306
	"2014"	"2014"	"New Mexico"	"35"	"55-59 years"	"55-59"	140565
	"2014"	"2014"	"New Mexico"	"35"	"60-64 years "	"60-64"	129092
	"2014"	"2014"	"New Mexico"	"35"	"65-69 years"	"65-69"	108972
	"2014"	"2014"	"New Mexico"	"35"	"70-74 years"	"70-74"	77417
	"2014"	"2014"	"New Mexico"	"35"	"75-79 years"	"75-79"	55890
	"2014"	"2014"	"New Mexico"	"35"	"80-84 years"	"80-84"	38519
	"2014"	"2014"	"New Mexico"	"35"	"85+ years"	"85+"	36465
"Total"	"2014"	"2014"	"New Mexico"	"35"			2090236
	"2014"	"2014"	"New York"	"36"	"< 1 year"	"1"	238326
	"2014"	"2014"	"New York"	"36"	"1-4 years"	"1-4"	941988
	"2014"	"2014"	"New York"	"36"	"5-9 years"	"5-9"	1135703
	"2014"	"2014"	"New York"	"36"	"10-14 years"	"10-14"	1166767
	"2014"	"2014"	"New York"	"36"	"15-19 years"	"15-19"	1251440
	"2014"	"2014"	"New York"	"36"	"20-24 years"	"20-24"	1423420
	"2014"	"2014"	"New York"	"36"	"25-29 years"	"25-29"	1467523
	"2014"	"2014"	"New York"	"36"	"30-34 years"	"30-34"	1363809
	"2014"	"2014"	"New York"	"36"	"35-39 years"	"35-39"	1226522
	"2014"	"2014"	"New York"	"36"	"40-44 years"	"40-44"	1254211
	"2014"	"2014"	"New York"	"36"	"45-49 years"	"45-49"	1337913
	"2014"	"2014"	"New York"	"36"	"50-54 years"	"50-54"	1429727
	"2014"	"2014"	"New York"	"36"	"55-59 years"	"55-59"	1347764
	"2014"	"2014"	"New York"	"36"	"60-64 years "	"60-64"	1144724
	"2014"	"2014"	"New York"	"36"	"65-69 years"	"65-69"	937282
	"2014"	"2014"	"New York"	"36"	"70-74 years"	"70-74"	675152
	"2014"	"2014"	"New York"	"36"	"75-79 years"	"75-79"	498477
	"2014"	"2014"	"New York"	"36"	"80-84 years"	"80-84"	378757
	"2014"	"2014"	"New York"	"36"	"85+ years"	"85+"	433926
"Total"	"2014"	"2014"	"New York"	"36"			19653431
	"2014"	"2014"	"North Carolina"	"37"	"< 1 year"	"1"	119928
	"2014"	"2014"	"North Carolina"	"37"	"1-4 years"	"1-4"	484405
	"2014"	"2014"	"North Carolina"	"37"	"5-9 years"	"5-9"	643849
	"2014"	"2014"	"North Carolina"	"37"	"10-14 years"	"10-14"	652376
	"2014"	"2014"	"North Carolina"	"37"	"15-19 years"	"15-19"	652088
	"2014"	"2014"	"North Carolina"	"37"	"20-24 years"	"20-24"	710920
	"2014"	"2014"	"North Carolina"	"37"	"25-29 years"	"25-29"	656781
	"2014"	"2014"	"North Carolina"	"37"	"30-34 years"	"30-34"	639430
	"2014"	"2014"	"North Carolina"	"37"	"35-39 years"	"35-39"	625759
	"2014"	"2014"	"North Carolina"	"37"	"40-44 years"	"40-44"	678464
	"2014"	"2014"	"North Carolina"	"37"	"45-49 years"	"45-49"	669526
	"2014"	"2014"	"North Carolina"	"37"	"50-54 years"	"50-54"	700197
	"2014"	"2014"	"North Carolina"	"37"	"55-59 years"	"55-59"	659256
	"2014"	"2014"	"North Carolina"	"37"	"60-64 years "	"60-64"	585022
	"2014"	"2014"	"North Carolina"	"37"	"65-69 years"	"65-69"	504801
	"2014"	"2014"	"North Carolina"	"37"	"70-74 years"	"70-74"	361076
	"2014"	"2014"	"North Carolina"	"37"	"75-79 years"	"75-79"	250664
	"2014"	"2014"	"North Carolina"	"37"	"80-84 years"	"80-84"	173111
	"2014"	"2014"	"North Carolina"	"37"	"85+ years"	"85+"	169642
"Total"	"2014"	"2014"	"North Carolina"	"37"			9937295
	"2014"	"2014"	"North Dakota"	"38"	"< 1 year"	"1"	10906
	"2014"	"2014"	"North Dakota"	"38"	"1-4 years"	"1-4"	40544
	"2014"	"2014"	"North Dakota"	"38"	"5-9 years"	"5-9"	48461
	"2014"	"2014"	"North Dakota"	"38"	"10-14 years"	"10-14"	43042
	"2014"	"2014"	"North Dakota"	"38"	"15-19 years"	"15-19"	48169
	"2014"	"2014"	"North Dakota"	"38"	"20-24 years"	"20-24"	69363
	"2014"	"2014"	"North Dakota"	"38"	"25-29 years"	"25-29"	57065
	"2014"	"2014"	"North Dakota"	"38"	"30-34 years"	"30-34"	52016
	"2014"	"2014"	"North Dakota"	"38"	"35-39 years"	"35-39"	42885
	"2014"	"2014"	"North Dakota"	"38"	"40-44 years"	"40-44"	39415
	"2014"	"2014"	"North Dakota"	"38"	"45-49 years"	"45-49"	40469
	"2014"	"2014"	"North Dakota"	"38"	"50-54 years"	"50-54"	49169
	"2014"	"2014"	"North Dakota"	"38"	"55-59 years"	"55-59"	49969
	"2014"	"2014"	"North Dakota"	"38"	"60-64 years "	"60-64"	42582
	"2014"	"2014"	"North Dakota"	"38"	"65-69 years"	"65-69"	31491
	"2014"	"2014"	"North Dakota"	"38"	"70-74 years"	"70-74"	22518
	"2014"	"2014"	"North Dakota"	"38"	"75-79 years"	"75-79"	17905
	"2014"	"2014"	"North Dakota"	"38"	"80-84 years"	"80-84"	14707
	"2014"	"2014"	"North Dakota"	"38"	"85+ years"	"85+"	18060
"Total"	"2014"	"2014"	"North Dakota"	"38"			738736
	"2014"	"2014"	"Ohio"	"39"	"< 1 year"	"1"	138761
	"2014"	"2014"	"Ohio"	"39"	"1-4 years"	"1-4"	558568
	"2014"	"2014"	"Ohio"	"39"	"5-9 years"	"5-9"	728583
	"2014"	"2014"	"Ohio"	"39"	"10-14 years"	"10-14"	754975
	"2014"	"2014"	"Ohio"	"39"	"15-19 years"	"15-19"	773506
	"2014"	"2014"	"Ohio"	"39"	"20-24 years"	"20-24"	801116
	"2014"	"2014"	"Ohio"	"39"	"25-29 years"	"25-29"	748150
	"2014"	"2014"	"Ohio"	"39"	"30-34 years"	"30-34"	722184
	"2014"	"2014"	"Ohio"	"39"	"35-39 years"	"35-39"	679599
	"2014"	"2014"	"Ohio"	"39"	"40-44 years"	"40-44"	726416
	"2014"	"2014"	"Ohio"	"39"	"45-49 years"	"45-49"	754478
	"2014"	"2014"	"Ohio"	"39"	"50-54 years"	"50-54"	845280
	"2014"	"2014"	"Ohio"	"39"	"55-59 years"	"55-59"	846999
	"2014"	"2014"	"Ohio"	"39"	"60-64 years "	"60-64"	727674
	"2014"	"2014"	"Ohio"	"39"	"65-69 years"	"65-69"	585212
	"2014"	"2014"	"Ohio"	"39"	"70-74 years"	"70-74"	421127
	"2014"	"2014"	"Ohio"	"39"	"75-79 years"	"75-79"	312282
	"2014"	"2014"	"Ohio"	"39"	"80-84 years"	"80-84"	230456
	"2014"	"2014"	"Ohio"	"39"	"85+ years"	"85+"	251207
"Total"	"2014"	"2014"	"Ohio"	"39"			11606573
	"2014"	"2014"	"Oklahoma"	"40"	"< 1 year"	"1"	52661
	"2014"	"2014"	"Oklahoma"	"40"	"1-4 years"	"1-4"	213021
	"2014"	"2014"	"Oklahoma"	"40"	"5-9 years"	"5-9"	270539
	"2014"	"2014"	"Oklahoma"	"40"	"10-14 years"	"10-14"	263684
	"2014"	"2014"	"Oklahoma"	"40"	"15-19 years"	"15-19"	257334
	"2014"	"2014"	"Oklahoma"	"40"	"20-24 years"	"20-24"	289654
	"2014"	"2014"	"Oklahoma"	"40"	"25-29 years"	"25-29"	267344
	"2014"	"2014"	"Oklahoma"	"40"	"30-34 years"	"30-34"	268624
	"2014"	"2014"	"Oklahoma"	"40"	"35-39 years"	"35-39"	237064
	"2014"	"2014"	"Oklahoma"	"40"	"40-44 years"	"40-44"	234485
	"2014"	"2014"	"Oklahoma"	"40"	"45-49 years"	"45-49"	227618
	"2014"	"2014"	"Oklahoma"	"40"	"50-54 years"	"50-54"	261928
	"2014"	"2014"	"Oklahoma"	"40"	"55-59 years"	"55-59"	253479
	"2014"	"2014"	"Oklahoma"	"40"	"60-64 years "	"60-64"	220528
	"2014"	"2014"	"Oklahoma"	"40"	"65-69 years"	"65-69"	183874
	"2014"	"2014"	"Oklahoma"	"40"	"70-74 years"	"70-74"	138180
	"2014"	"2014"	"Oklahoma"	"40"	"75-79 years"	"75-79"	100518
	"2014"	"2014"	"Oklahoma"	"40"	"80-84 years"	"80-84"	70955
	"2014"	"2014"	"Oklahoma"	"40"	"85+ years"	"85+"	67697
"Total"	"2014"	"2014"	"Oklahoma"	"40"			3879187
	"2014"	"2014"	"Oregon"	"41"	"< 1 year"	"1"	45514
	"2014"	"2014"	"Oregon"	"41"	"1-4 years"	"1-4"	185700
	"2014"	"2014"	"Oregon"	"41"	"5-9 years"	"5-9"	241627
	"2014"	"2014"	"Oregon"	"41"	"10-14 years"	"10-14"	240668
	"2014"	"2014"	"Oregon"	"41"	"15-19 years"	"15-19"	243891
	"2014"	"2014"	"Oregon"	"41"	"20-24 years"	"20-24"	268353
	"2014"	"2014"	"Oregon"	"41"	"25-29 years"	"25-29"	267822
	"2014"	"2014"	"Oregon"	"41"	"30-34 years"	"30-34"	277968
	"2014"	"2014"	"Oregon"	"41"	"35-39 years"	"35-39"	260197
	"2014"	"2014"	"Oregon"	"41"	"40-44 years"	"40-44"	256249
	"2014"	"2014"	"Oregon"	"41"	"45-49 years"	"45-49"	245390
	"2014"	"2014"	"Oregon"	"41"	"50-54 years"	"50-54"	265283
	"2014"	"2014"	"Oregon"	"41"	"55-59 years"	"55-59"	273520
	"2014"	"2014"	"Oregon"	"41"	"60-64 years "	"60-64"	265125
	"2014"	"2014"	"Oregon"	"41"	"65-69 years"	"65-69"	218720
	"2014"	"2014"	"Oregon"	"41"	"70-74 years"	"70-74"	152531
	"2014"	"2014"	"Oregon"	"41"	"75-79 years"	"75-79"	102228
	"2014"	"2014"	"Oregon"	"41"	"80-84 years"	"80-84"	72018
	"2014"	"2014"	"Oregon"	"41"	"85+ years"	"85+"	82643
"Total"	"2014"	"2014"	"Oregon"	"41"			3965447
	"2014"	"2014"	"Pennsylvania"	"42"	"< 1 year"	"1"	141765
	"2014"	"2014"	"Pennsylvania"	"42"	"1-4 years"	"1-4"	573085
	"2014"	"2014"	"Pennsylvania"	"42"	"5-9 years"	"5-9"	741783
	"2014"	"2014"	"Pennsylvania"	"42"	"10-14 years"	"10-14"	768229
	"2014"	"2014"	"Pennsylvania"	"42"	"15-19 years"	"15-19"	837560
	"2014"	"2014"	"Pennsylvania"	"42"	"20-24 years"	"20-24"	881609
	"2014"	"2014"	"Pennsylvania"	"42"	"25-29 years"	"25-29"	844878
	"2014"	"2014"	"Pennsylvania"	"42"	"30-34 years"	"30-34"	790678
	"2014"	"2014"	"Pennsylvania"	"42"	"35-39 years"	"35-39"	724963
	"2014"	"2014"	"Pennsylvania"	"42"	"40-44 years"	"40-44"	785628
	"2014"	"2014"	"Pennsylvania"	"42"	"45-49 years"	"45-49"	853893
	"2014"	"2014"	"Pennsylvania"	"42"	"50-54 years"	"50-54"	947763
	"2014"	"2014"	"Pennsylvania"	"42"	"55-59 years"	"55-59"	947107
	"2014"	"2014"	"Pennsylvania"	"42"	"60-64 years "	"60-64"	818542
	"2014"	"2014"	"Pennsylvania"	"42"	"65-69 years"	"65-69"	664377
	"2014"	"2014"	"Pennsylvania"	"42"	"70-74 years"	"70-74"	488477
	"2014"	"2014"	"Pennsylvania"	"42"	"75-79 years"	"75-79"	364100
	"2014"	"2014"	"Pennsylvania"	"42"	"80-84 years"	"80-84"	286516
	"2014"	"2014"	"Pennsylvania"	"42"	"85+ years"	"85+"	331439
"Total"	"2014"	"2014"	"Pennsylvania"	"42"			12792392
	"2014"	"2014"	"Rhode Island"	"44"	"< 1 year"	"1"	10728
	"2014"	"2014"	"Rhode Island"	"44"	"1-4 years"	"1-4"	44166
	"2014"	"2014"	"Rhode Island"	"44"	"5-9 years"	"5-9"	57830
	"2014"	"2014"	"Rhode Island"	"44"	"10-14 years"	"10-14"	60890
	"2014"	"2014"	"Rhode Island"	"44"	"15-19 years"	"15-19"	74461
	"2014"	"2014"	"Rhode Island"	"44"	"20-24 years"	"20-24"	82475
	"2014"	"2014"	"Rhode Island"	"44"	"25-29 years"	"25-29"	72626
	"2014"	"2014"	"Rhode Island"	"44"	"30-34 years"	"30-34"	66423
	"2014"	"2014"	"Rhode Island"	"44"	"35-39 years"	"35-39"	60088
	"2014"	"2014"	"Rhode Island"	"44"	"40-44 years"	"40-44"	65224
	"2014"	"2014"	"Rhode Island"	"44"	"45-49 years"	"45-49"	73077
	"2014"	"2014"	"Rhode Island"	"44"	"50-54 years"	"50-54"	79500
	"2014"	"2014"	"Rhode Island"	"44"	"55-59 years"	"55-59"	77539
	"2014"	"2014"	"Rhode Island"	"44"	"60-64 years "	"60-64"	64882
	"2014"	"2014"	"Rhode Island"	"44"	"65-69 years"	"65-69"	52628
	"2014"	"2014"	"Rhode Island"	"44"	"70-74 years"	"70-74"	37150
	"2014"	"2014"	"Rhode Island"	"44"	"75-79 years"	"75-79"	26612
	"2014"	"2014"	"Rhode Island"	"44"	"80-84 years"	"80-84"	21680
	"2014"	"2014"	"Rhode Island"	"44"	"85+ years"	"85+"	28532
"Total"	"2014"	"2014"	"Rhode Island"	"44"			1056511
	"2014"	"2014"	"South Carolina"	"45"	"< 1 year"	"1"	56919
	"2014"	"2014"	"South Carolina"	"45"	"1-4 years"	"1-4"	232851
	"2014"	"2014"	"South Carolina"	"45"	"5-9 years"	"5-9"	308020
	"2014"	"2014"	"South Carolina"	"45"	"10-14 years"	"10-14"	304890
	"2014"	"2014"	"South Carolina"	"45"	"15-19 years"	"15-19"	310849
	"2014"	"2014"	"South Carolina"	"45"	"20-24 years"	"20-24"	353092
	"2014"	"2014"	"South Carolina"	"45"	"25-29 years"	"25-29"	319620
	"2014"	"2014"	"South Carolina"	"45"	"30-34 years"	"30-34"	305926
	"2014"	"2014"	"South Carolina"	"45"	"35-39 years"	"35-39"	288168
	"2014"	"2014"	"South Carolina"	"45"	"40-44 years"	"40-44"	306716
	"2014"	"2014"	"South Carolina"	"45"	"45-49 years"	"45-49"	310605
	"2014"	"2014"	"South Carolina"	"45"	"50-54 years"	"50-54"	337838
	"2014"	"2014"	"South Carolina"	"45"	"55-59 years"	"55-59"	327296
	"2014"	"2014"	"South Carolina"	"45"	"60-64 years "	"60-64"	302851
	"2014"	"2014"	"South Carolina"	"45"	"65-69 years"	"65-69"	270807
	"2014"	"2014"	"South Carolina"	"45"	"70-74 years"	"70-74"	195227
	"2014"	"2014"	"South Carolina"	"45"	"75-79 years"	"75-79"	129757
	"2014"	"2014"	"South Carolina"	"45"	"80-84 years"	"80-84"	85490
	"2014"	"2014"	"South Carolina"	"45"	"85+ years"	"85+"	79936
"Total"	"2014"	"2014"	"South Carolina"	"45"			4826858
	"2014"	"2014"	"South Dakota"	"46"	"< 1 year"	"1"	12523
	"2014"	"2014"	"South Dakota"	"46"	"1-4 years"	"1-4"	48137
	"2014"	"2014"	"South Dakota"	"46"	"5-9 years"	"5-9"	60241
	"2014"	"2014"	"South Dakota"	"46"	"10-14 years"	"10-14"	55971
	"2014"	"2014"	"South Dakota"	"46"	"15-19 years"	"15-19"	56622
	"2014"	"2014"	"South Dakota"	"46"	"20-24 years"	"20-24"	60875
	"2014"	"2014"	"South Dakota"	"46"	"25-29 years"	"25-29"	56326
	"2014"	"2014"	"South Dakota"	"46"	"30-34 years"	"30-34"	56322
	"2014"	"2014"	"South Dakota"	"46"	"35-39 years"	"35-39"	48940
	"2014"	"2014"	"South Dakota"	"46"	"40-44 years"	"40-44"	46683
	"2014"	"2014"	"South Dakota"	"46"	"45-49 years"	"45-49"	48436
	"2014"	"2014"	"South Dakota"	"46"	"50-54 years"	"50-54"	58781
	"2014"	"2014"	"South Dakota"	"46"	"55-59 years"	"55-59"	58483
	"2014"	"2014"	"South Dakota"	"46"	"60-64 years "	"60-64"	52964
	"2014"	"2014"	"South Dakota"	"46"	"65-69 years"	"65-69"	40323
	"2014"	"2014"	"South Dakota"	"46"	"70-74 years"	"70-74"	28501
	"2014"	"2014"	"South Dakota"	"46"	"75-79 years"	"75-79"	21660
	"2014"	"2014"	"South Dakota"	"46"	"80-84 years"	"80-84"	17366
	"2014"	"2014"	"South Dakota"	"46"	"85+ years"	"85+"	20516
"Total"	"2014"	"2014"	"South Dakota"	"46"			849670
	"2014"	"2014"	"Tennessee"	"47"	"< 1 year"	"1"	79967
	"2014"	"2014"	"Tennessee"	"47"	"1-4 years"	"1-4"	320988
	"2014"	"2014"	"Tennessee"	"47"	"5-9 years"	"5-9"	418910
	"2014"	"2014"	"Tennessee"	"47"	"10-14 years"	"10-14"	422166
	"2014"	"2014"	"Tennessee"	"47"	"15-19 years"	"15-19"	417792
	"2014"	"2014"	"Tennessee"	"47"	"20-24 years"	"20-24"	463170
	"2014"	"2014"	"Tennessee"	"47"	"25-29 years"	"25-29"	435593
	"2014"	"2014"	"Tennessee"	"47"	"30-34 years"	"30-34"	427006
	"2014"	"2014"	"Tennessee"	"47"	"35-39 years"	"35-39"	405643
	"2014"	"2014"	"Tennessee"	"47"	"40-44 years"	"40-44"	433252
	"2014"	"2014"	"Tennessee"	"47"	"45-49 years"	"45-49"	431648
	"2014"	"2014"	"Tennessee"	"47"	"50-54 years"	"50-54"	464853
	"2014"	"2014"	"Tennessee"	"47"	"55-59 years"	"55-59"	446054
	"2014"	"2014"	"Tennessee"	"47"	"60-64 years "	"60-64"	394404
	"2014"	"2014"	"Tennessee"	"47"	"65-69 years"	"65-69"	339211
	"2014"	"2014"	"Tennessee"	"47"	"70-74 years"	"70-74"	245644
	"2014"	"2014"	"Tennessee"	"47"	"75-79 years"	"75-79"	170784
	"2014"	"2014"	"Tennessee"	"47"	"80-84 years"	"80-84"	116632
	"2014"	"2014"	"Tennessee"	"47"	"85+ years"	"85+"	110900
"Total"	"2014"	"2014"	"Tennessee"	"47"			6544617
	"2014"	"2014"	"Texas"	"48"	"< 1 year"	"1"	393548
	"2014"	"2014"	"Texas"	"48"	"1-4 years"	"1-4"	1568353
	"2014"	"2014"	"Texas"	"48"	"5-9 years"	"5-9"	2017768
	"2014"	"2014"	"Texas"	"48"	"10-14 years"	"10-14"	2000081
	"2014"	"2014"	"Texas"	"48"	"15-19 years"	"15-19"	1918686
	"2014"	"2014"	"Texas"	"48"	"20-24 years"	"20-24"	2000119
	"2014"	"2014"	"Texas"	"48"	"25-29 years"	"25-29"	1976062
	"2014"	"2014"	"Texas"	"48"	"30-34 years"	"30-34"	1965761
	"2014"	"2014"	"Texas"	"48"	"35-39 years"	"35-39"	1811975
	"2014"	"2014"	"Texas"	"48"	"40-44 years"	"40-44"	1821018
	"2014"	"2014"	"Texas"	"48"	"45-49 years"	"45-49"	1702757
	"2014"	"2014"	"Texas"	"48"	"50-54 years"	"50-54"	1757508
	"2014"	"2014"	"Texas"	"48"	"55-59 years"	"55-59"	1614121
	"2014"	"2014"	"Texas"	"48"	"60-64 years "	"60-64"	1336429
	"2014"	"2014"	"Texas"	"48"	"65-69 years"	"65-69"	1070344
	"2014"	"2014"	"Texas"	"48"	"70-74 years"	"70-74"	753757
	"2014"	"2014"	"Texas"	"48"	"75-79 years"	"75-79"	528166
	"2014"	"2014"	"Texas"	"48"	"80-84 years"	"80-84"	371615
	"2014"	"2014"	"Texas"	"48"	"85+ years"	"85+"	355024
"Total"	"2014"	"2014"	"Texas"	"48"			26963092
	"2014"	"2014"	"Utah"	"49"	"< 1 year"	"1"	50737
	"2014"	"2014"	"Utah"	"49"	"1-4 years"	"1-4"	203418
	"2014"	"2014"	"Utah"	"49"	"5-9 years"	"5-9"	261043
	"2014"	"2014"	"Utah"	"49"	"10-14 years"	"10-14"	249240
	"2014"	"2014"	"Utah"	"49"	"15-19 years"	"15-19"	225274
	"2014"	"2014"	"Utah"	"49"	"20-24 years"	"20-24"	248871
	"2014"	"2014"	"Utah"	"49"	"25-29 years"	"25-29"	215553
	"2014"	"2014"	"Utah"	"49"	"30-34 years"	"30-34"	225210
	"2014"	"2014"	"Utah"	"49"	"35-39 years"	"35-39"	208851
	"2014"	"2014"	"Utah"	"49"	"40-44 years"	"40-44"	175107
	"2014"	"2014"	"Utah"	"49"	"45-49 years"	"45-49"	150380
	"2014"	"2014"	"Utah"	"49"	"50-54 years"	"50-54"	154904
	"2014"	"2014"	"Utah"	"49"	"55-59 years"	"55-59"	148519
	"2014"	"2014"	"Utah"	"49"	"60-64 years "	"60-64"	126978
	"2014"	"2014"	"Utah"	"49"	"65-69 years"	"65-69"	99533
	"2014"	"2014"	"Utah"	"49"	"70-74 years"	"70-74"	72442
	"2014"	"2014"	"Utah"	"49"	"75-79 years"	"75-79"	51311
	"2014"	"2014"	"Utah"	"49"	"80-84 years"	"80-84"	36408
	"2014"	"2014"	"Utah"	"49"	"85+ years"	"85+"	34548
"Total"	"2014"	"2014"	"Utah"	"49"			2938327
	"2014"	"2014"	"Vermont"	"50"	"< 1 year"	"1"	6119
	"2014"	"2014"	"Vermont"	"50"	"1-4 years"	"1-4"	24515
	"2014"	"2014"	"Vermont"	"50"	"5-9 years"	"5-9"	32907
	"2014"	"2014"	"Vermont"	"50"	"10-14 years"	"10-14"	35207
	"2014"	"2014"	"Vermont"	"50"	"15-19 years"	"15-19"	43972
	"2014"	"2014"	"Vermont"	"50"	"20-24 years"	"20-24"	46383
	"2014"	"2014"	"Vermont"	"50"	"25-29 years"	"25-29"	35602
	"2014"	"2014"	"Vermont"	"50"	"30-34 years"	"30-34"	36196
	"2014"	"2014"	"Vermont"	"50"	"35-39 years"	"35-39"	34114
	"2014"	"2014"	"Vermont"	"50"	"40-44 years"	"40-44"	37406
	"2014"	"2014"	"Vermont"	"50"	"45-49 years"	"45-49"	42001
	"2014"	"2014"	"Vermont"	"50"	"50-54 years"	"50-54"	49493
	"2014"	"2014"	"Vermont"	"50"	"55-59 years"	"55-59"	50704
	"2014"	"2014"	"Vermont"	"50"	"60-64 years "	"60-64"	45400
	"2014"	"2014"	"Vermont"	"50"	"65-69 years"	"65-69"	36894
	"2014"	"2014"	"Vermont"	"50"	"70-74 years"	"70-74"	25369
	"2014"	"2014"	"Vermont"	"50"	"75-79 years"	"75-79"	16895
	"2014"	"2014"	"Vermont"	"50"	"80-84 years"	"80-84"	12543
	"2014"	"2014"	"Vermont"	"50"	"85+ years"	"85+"	13973
"Total"	"2014"	"2014"	"Vermont"	"50"			625693
	"2014"	"2014"	"Virginia"	"51"	"< 1 year"	"1"	102213
	"2014"	"2014"	"Virginia"	"51"	"1-4 years"	"1-4"	409427
	"2014"	"2014"	"Virginia"	"51"	"5-9 years"	"5-9"	519645
	"2014"	"2014"	"Virginia"	"51"	"10-14 years"	"10-14"	522561
	"2014"	"2014"	"Virginia"	"51"	"15-19 years"	"15-19"	535764
	"2014"	"2014"	"Virginia"	"51"	"20-24 years"	"20-24"	597202
	"2014"	"2014"	"Virginia"	"51"	"25-29 years"	"25-29"	586043
	"2014"	"2014"	"Virginia"	"51"	"30-34 years"	"30-34"	579415
	"2014"	"2014"	"Virginia"	"51"	"35-39 years"	"35-39"	533632
	"2014"	"2014"	"Virginia"	"51"	"40-44 years"	"40-44"	556725
	"2014"	"2014"	"Virginia"	"51"	"45-49 years"	"45-49"	570169
	"2014"	"2014"	"Virginia"	"51"	"50-54 years"	"50-54"	611555
	"2014"	"2014"	"Virginia"	"51"	"55-59 years"	"55-59"	565541
	"2014"	"2014"	"Virginia"	"51"	"60-64 years "	"60-64"	477387
	"2014"	"2014"	"Virginia"	"51"	"65-69 years"	"65-69"	397317
	"2014"	"2014"	"Virginia"	"51"	"70-74 years"	"70-74"	282563
	"2014"	"2014"	"Virginia"	"51"	"75-79 years"	"75-79"	194266
	"2014"	"2014"	"Virginia"	"51"	"80-84 years"	"80-84"	135679
	"2014"	"2014"	"Virginia"	"51"	"85+ years"	"85+"	138326
"Total"	"2014"	"2014"	"Virginia"	"51"			8315430
	"2014"	"2014"	"Washington"	"53"	"< 1 year"	"1"	87530
	"2014"	"2014"	"Washington"	"53"	"1-4 years"	"1-4"	357401
	"2014"	"2014"	"Washington"	"53"	"5-9 years"	"5-9"	450868
	"2014"	"2014"	"Washington"	"53"	"10-14 years"	"10-14"	439364
	"2014"	"2014"	"Washington"	"53"	"15-19 years"	"15-19"	439484
	"2014"	"2014"	"Washington"	"53"	"20-24 years"	"20-24"	495463
	"2014"	"2014"	"Washington"	"53"	"25-29 years"	"25-29"	511226
	"2014"	"2014"	"Washington"	"53"	"30-34 years"	"30-34"	509531
	"2014"	"2014"	"Washington"	"53"	"35-39 years"	"35-39"	459983
	"2014"	"2014"	"Washington"	"53"	"40-44 years"	"40-44"	460122
	"2014"	"2014"	"Washington"	"53"	"45-49 years"	"45-49"	454592
	"2014"	"2014"	"Washington"	"53"	"50-54 years"	"50-54"	492882
	"2014"	"2014"	"Washington"	"53"	"55-59 years"	"55-59"	482946
	"2014"	"2014"	"Washington"	"53"	"60-64 years "	"60-64"	430515
	"2014"	"2014"	"Washington"	"53"	"65-69 years"	"65-69"	348506
	"2014"	"2014"	"Washington"	"53"	"70-74 years"	"70-74"	238371
	"2014"	"2014"	"Washington"	"53"	"75-79 years"	"75-79"	159225
	"2014"	"2014"	"Washington"	"53"	"80-84 years"	"80-84"	112392
	"2014"	"2014"	"Washington"	"53"	"85+ years"	"85+"	127130
"Total"	"2014"	"2014"	"Washington"	"53"			7057531
	"2014"	"2014"	"West Virginia"	"54"	"< 1 year"	"1"	20383
	"2014"	"2014"	"West Virginia"	"54"	"1-4 years"	"1-4"	82168
	"2014"	"2014"	"West Virginia"	"54"	"5-9 years"	"5-9"	105199
	"2014"	"2014"	"West Virginia"	"54"	"10-14 years"	"10-14"	107442
	"2014"	"2014"	"West Virginia"	"54"	"15-19 years"	"15-19"	111194
	"2014"	"2014"	"West Virginia"	"54"	"20-24 years"	"20-24"	125936
	"2014"	"2014"	"West Virginia"	"54"	"25-29 years"	"25-29"	107766
	"2014"	"2014"	"West Virginia"	"54"	"30-34 years"	"30-34"	110563
	"2014"	"2014"	"West Virginia"	"54"	"35-39 years"	"35-39"	111137
	"2014"	"2014"	"West Virginia"	"54"	"40-44 years"	"40-44"	118219
	"2014"	"2014"	"West Virginia"	"54"	"45-49 years"	"45-49"	119439
	"2014"	"2014"	"West Virginia"	"54"	"50-54 years"	"50-54"	131509
	"2014"	"2014"	"West Virginia"	"54"	"55-59 years"	"55-59"	138937
	"2014"	"2014"	"West Virginia"	"54"	"60-64 years "	"60-64"	131298
	"2014"	"2014"	"West Virginia"	"54"	"65-69 years"	"65-69"	111044
	"2014"	"2014"	"West Virginia"	"54"	"70-74 years"	"70-74"	79463
	"2014"	"2014"	"West Virginia"	"54"	"75-79 years"	"75-79"	58910
	"2014"	"2014"	"West Virginia"	"54"	"80-84 years"	"80-84"	40424
	"2014"	"2014"	"West Virginia"	"54"	"85+ years"	"85+"	39538
"Total"	"2014"	"2014"	"West Virginia"	"54"			1850569
	"2014"	"2014"	"Wisconsin"	"55"	"< 1 year"	"1"	66714
	"2014"	"2014"	"Wisconsin"	"55"	"1-4 years"	"1-4"	274593
	"2014"	"2014"	"Wisconsin"	"55"	"5-9 years"	"5-9"	364434
	"2014"	"2014"	"Wisconsin"	"55"	"10-14 years"	"10-14"	371475
	"2014"	"2014"	"Wisconsin"	"55"	"15-19 years"	"15-19"	383480
	"2014"	"2014"	"Wisconsin"	"55"	"20-24 years"	"20-24"	407781
	"2014"	"2014"	"Wisconsin"	"55"	"25-29 years"	"25-29"	357813
	"2014"	"2014"	"Wisconsin"	"55"	"30-34 years"	"30-34"	372409
	"2014"	"2014"	"Wisconsin"	"55"	"35-39 years"	"35-39"	341558
	"2014"	"2014"	"Wisconsin"	"55"	"40-44 years"	"40-44"	348161
	"2014"	"2014"	"Wisconsin"	"55"	"45-49 years"	"45-49"	380041
	"2014"	"2014"	"Wisconsin"	"55"	"50-54 years"	"50-54"	434601
	"2014"	"2014"	"Wisconsin"	"55"	"55-59 years"	"55-59"	418515
	"2014"	"2014"	"Wisconsin"	"55"	"60-64 years "	"60-64"	361107
	"2014"	"2014"	"Wisconsin"	"55"	"65-69 years"	"65-69"	281175
	"2014"	"2014"	"Wisconsin"	"55"	"70-74 years"	"70-74"	200989
	"2014"	"2014"	"Wisconsin"	"55"	"75-79 years"	"75-79"	148967
	"2014"	"2014"	"Wisconsin"	"55"	"80-84 years"	"80-84"	112321
	"2014"	"2014"	"Wisconsin"	"55"	"85+ years"	"85+"	127065
"Total"	"2014"	"2014"	"Wisconsin"	"55"			5753199
	"2014"	"2014"	"Wyoming"	"56"	"< 1 year"	"1"	7670
	"2014"	"2014"	"Wyoming"	"56"	"1-4 years"	"1-4"	30831
	"2014"	"2014"	"Wyoming"	"56"	"5-9 years"	"5-9"	40779
	"2014"	"2014"	"Wyoming"	"56"	"10-14 years"	"10-14"	37287
	"2014"	"2014"	"Wyoming"	"56"	"15-19 years"	"15-19"	36583
	"2014"	"2014"	"Wyoming"	"56"	"20-24 years"	"20-24"	42788
	"2014"	"2014"	"Wyoming"	"56"	"25-29 years"	"25-29"	40859
	"2014"	"2014"	"Wyoming"	"56"	"30-34 years"	"30-34"	41196
	"2014"	"2014"	"Wyoming"	"56"	"35-39 years"	"35-39"	35822
	"2014"	"2014"	"Wyoming"	"56"	"40-44 years"	"40-44"	33923
	"2014"	"2014"	"Wyoming"	"56"	"45-49 years"	"45-49"	32696
	"2014"	"2014"	"Wyoming"	"56"	"50-54 years"	"50-54"	40247
	"2014"	"2014"	"Wyoming"	"56"	"55-59 years"	"55-59"	42842
	"2014"	"2014"	"Wyoming"	"56"	"60-64 years "	"60-64"	37654
	"2014"	"2014"	"Wyoming"	"56"	"65-69 years"	"65-69"	28903
	"2014"	"2014"	"Wyoming"	"56"	"70-74 years"	"70-74"	19789
	"2014"	"2014"	"Wyoming"	"56"	"75-79 years"	"75-79"	13734
	"2014"	"2014"	"Wyoming"	"56"	"80-84 years"	"80-84"	9558
	"2014"	"2014"	"Wyoming"	"56"	"85+ years"	"85+"	9998
"Total"	"2014"	"2014"	"Wyoming"	"56"			583159
"Total"	"2014"	"2014"					318386329
	"2015"	"2015"	"Alabama"	"01"	"< 1 year"	"1"	59123
	"2015"	"2015"	"Alabama"	"01"	"1-4 years"	"1-4"	234974
	"2015"	"2015"	"Alabama"	"01"	"5-9 years"	"5-9"	305327
	"2015"	"2015"	"Alabama"	"01"	"10-14 years"	"10-14"	309595
	"2015"	"2015"	"Alabama"	"01"	"15-19 years"	"15-19"	319636
	"2015"	"2015"	"Alabama"	"01"	"20-24 years"	"20-24"	346414
	"2015"	"2015"	"Alabama"	"01"	"25-29 years"	"25-29"	324598
	"2015"	"2015"	"Alabama"	"01"	"30-34 years"	"30-34"	305572
	"2015"	"2015"	"Alabama"	"01"	"35-39 years"	"35-39"	296063
	"2015"	"2015"	"Alabama"	"01"	"40-44 years"	"40-44"	304456
	"2015"	"2015"	"Alabama"	"01"	"45-49 years"	"45-49"	309094
	"2015"	"2015"	"Alabama"	"01"	"50-54 years"	"50-54"	340084
	"2015"	"2015"	"Alabama"	"01"	"55-59 years"	"55-59"	337514
	"2015"	"2015"	"Alabama"	"01"	"60-64 years "	"60-64"	300052
	"2015"	"2015"	"Alabama"	"01"	"65-69 years"	"65-69"	260381
	"2015"	"2015"	"Alabama"	"01"	"70-74 years"	"70-74"	188757
	"2015"	"2015"	"Alabama"	"01"	"75-79 years"	"75-79"	135588
	"2015"	"2015"	"Alabama"	"01"	"80-84 years"	"80-84"	92153
	"2015"	"2015"	"Alabama"	"01"	"85+ years"	"85+"	85422
"Total"	"2015"	"2015"	"Alabama"	"01"			4854803
	"2015"	"2015"	"Alaska"	"02"	"< 1 year"	"1"	11292
	"2015"	"2015"	"Alaska"	"02"	"1-4 years"	"1-4"	44092
	"2015"	"2015"	"Alaska"	"02"	"5-9 years"	"5-9"	51801
	"2015"	"2015"	"Alaska"	"02"	"10-14 years"	"10-14"	49412
	"2015"	"2015"	"Alaska"	"02"	"15-19 years"	"15-19"	47376
	"2015"	"2015"	"Alaska"	"02"	"20-24 years"	"20-24"	59414
	"2015"	"2015"	"Alaska"	"02"	"25-29 years"	"25-29"	61611
	"2015"	"2015"	"Alaska"	"02"	"30-34 years"	"30-34"	56630
	"2015"	"2015"	"Alaska"	"02"	"35-39 years"	"35-39"	47428
	"2015"	"2015"	"Alaska"	"02"	"40-44 years"	"40-44"	43992
	"2015"	"2015"	"Alaska"	"02"	"45-49 years"	"45-49"	45236
	"2015"	"2015"	"Alaska"	"02"	"50-54 years"	"50-54"	51058
	"2015"	"2015"	"Alaska"	"02"	"55-59 years"	"55-59"	51278
	"2015"	"2015"	"Alaska"	"02"	"60-64 years "	"60-64"	43755
	"2015"	"2015"	"Alaska"	"02"	"65-69 years"	"65-69"	31101
	"2015"	"2015"	"Alaska"	"02"	"70-74 years"	"70-74"	19144
	"2015"	"2015"	"Alaska"	"02"	"75-79 years"	"75-79"	11002
	"2015"	"2015"	"Alaska"	"02"	"80-84 years"	"80-84"	6764
	"2015"	"2015"	"Alaska"	"02"	"85+ years"	"85+"	6044
"Total"	"2015"	"2015"	"Alaska"	"02"			738430
	"2015"	"2015"	"Arizona"	"04"	"< 1 year"	"1"	86813
	"2015"	"2015"	"Arizona"	"04"	"1-4 years"	"1-4"	349810
	"2015"	"2015"	"Arizona"	"04"	"5-9 years"	"5-9"	458633
	"2015"	"2015"	"Arizona"	"04"	"10-14 years"	"10-14"	457929
	"2015"	"2015"	"Arizona"	"04"	"15-19 years"	"15-19"	461958
	"2015"	"2015"	"Arizona"	"04"	"20-24 years"	"20-24"	492197
	"2015"	"2015"	"Arizona"	"04"	"25-29 years"	"25-29"	471771
	"2015"	"2015"	"Arizona"	"04"	"30-34 years"	"30-34"	452053
	"2015"	"2015"	"Arizona"	"04"	"35-39 years"	"35-39"	424704
	"2015"	"2015"	"Arizona"	"04"	"40-44 years"	"40-44"	417637
	"2015"	"2015"	"Arizona"	"04"	"45-49 years"	"45-49"	411235
	"2015"	"2015"	"Arizona"	"04"	"50-54 years"	"50-54"	429636
	"2015"	"2015"	"Arizona"	"04"	"55-59 years"	"55-59"	421989
	"2015"	"2015"	"Arizona"	"04"	"60-64 years "	"60-64"	387761
	"2015"	"2015"	"Arizona"	"04"	"65-69 years"	"65-69"	366026
	"2015"	"2015"	"Arizona"	"04"	"70-74 years"	"70-74"	281476
	"2015"	"2015"	"Arizona"	"04"	"75-79 years"	"75-79"	199113
	"2015"	"2015"	"Arizona"	"04"	"80-84 years"	"80-84"	133327
	"2015"	"2015"	"Arizona"	"04"	"85+ years"	"85+"	128742
"Total"	"2015"	"2015"	"Arizona"	"04"			6832810
	"2015"	"2015"	"Arkansas"	"05"	"< 1 year"	"1"	38451
	"2015"	"2015"	"Arkansas"	"05"	"1-4 years"	"1-4"	152709
	"2015"	"2015"	"Arkansas"	"05"	"5-9 years"	"5-9"	198272
	"2015"	"2015"	"Arkansas"	"05"	"10-14 years"	"10-14"	197242
	"2015"	"2015"	"Arkansas"	"05"	"15-19 years"	"15-19"	198202
	"2015"	"2015"	"Arkansas"	"05"	"20-24 years"	"20-24"	209231
	"2015"	"2015"	"Arkansas"	"05"	"25-29 years"	"25-29"	197177
	"2015"	"2015"	"Arkansas"	"05"	"30-34 years"	"30-34"	191775
	"2015"	"2015"	"Arkansas"	"05"	"35-39 years"	"35-39"	183452
	"2015"	"2015"	"Arkansas"	"05"	"40-44 years"	"40-44"	181514
	"2015"	"2015"	"Arkansas"	"05"	"45-49 years"	"45-49"	180910
	"2015"	"2015"	"Arkansas"	"05"	"50-54 years"	"50-54"	200809
	"2015"	"2015"	"Arkansas"	"05"	"55-59 years"	"55-59"	196005
	"2015"	"2015"	"Arkansas"	"05"	"60-64 years "	"60-64"	177453
	"2015"	"2015"	"Arkansas"	"05"	"65-69 years"	"65-69"	157720
	"2015"	"2015"	"Arkansas"	"05"	"70-74 years"	"70-74"	118889
	"2015"	"2015"	"Arkansas"	"05"	"75-79 years"	"75-79"	84903
	"2015"	"2015"	"Arkansas"	"05"	"80-84 years"	"80-84"	58481
	"2015"	"2015"	"Arkansas"	"05"	"85+ years"	"85+"	56537
"Total"	"2015"	"2015"	"Arkansas"	"05"			2979732
	"2015"	"2015"	"California"	"06"	"< 1 year"	"1"	500915
	"2015"	"2015"	"California"	"06"	"1-4 years"	"1-4"	2008373
	"2015"	"2015"	"California"	"06"	"5-9 years"	"5-9"	2542123
	"2015"	"2015"	"California"	"06"	"10-14 years"	"10-14"	2518098
	"2015"	"2015"	"California"	"06"	"15-19 years"	"15-19"	2598584
	"2015"	"2015"	"California"	"06"	"20-24 years"	"20-24"	2872492
	"2015"	"2015"	"California"	"06"	"25-29 years"	"25-29"	2990961
	"2015"	"2015"	"California"	"06"	"30-34 years"	"30-34"	2828840
	"2015"	"2015"	"California"	"06"	"35-39 years"	"35-39"	2597272
	"2015"	"2015"	"California"	"06"	"40-44 years"	"40-44"	2540511
	"2015"	"2015"	"California"	"06"	"45-49 years"	"45-49"	2569133
	"2015"	"2015"	"California"	"06"	"50-54 years"	"50-54"	2614105
	"2015"	"2015"	"California"	"06"	"55-59 years"	"55-59"	2477721
	"2015"	"2015"	"California"	"06"	"60-64 years "	"60-64"	2109417
	"2015"	"2015"	"California"	"06"	"65-69 years"	"65-69"	1731563
	"2015"	"2015"	"California"	"06"	"70-74 years"	"70-74"	1211730
	"2015"	"2015"	"California"	"06"	"75-79 years"	"75-79"	865215
	"2015"	"2015"	"California"	"06"	"80-84 years"	"80-84"	625766
	"2015"	"2015"	"California"	"06"	"85+ years"	"85+"	701477
"Total"	"2015"	"2015"	"California"	"06"			38904296
	"2015"	"2015"	"Colorado"	"08"	"< 1 year"	"1"	66355
	"2015"	"2015"	"Colorado"	"08"	"1-4 years"	"1-4"	269114
	"2015"	"2015"	"Colorado"	"08"	"5-9 years"	"5-9"	356755
	"2015"	"2015"	"Colorado"	"08"	"10-14 years"	"10-14"	358753
	"2015"	"2015"	"Colorado"	"08"	"15-19 years"	"15-19"	347727
	"2015"	"2015"	"Colorado"	"08"	"20-24 years"	"20-24"	380456
	"2015"	"2015"	"Colorado"	"08"	"25-29 years"	"25-29"	415386
	"2015"	"2015"	"Colorado"	"08"	"30-34 years"	"30-34"	412043
	"2015"	"2015"	"Colorado"	"08"	"35-39 years"	"35-39"	375832
	"2015"	"2015"	"Colorado"	"08"	"40-44 years"	"40-44"	360728
	"2015"	"2015"	"Colorado"	"08"	"45-49 years"	"45-49"	350193
	"2015"	"2015"	"Colorado"	"08"	"50-54 years"	"50-54"	366651
	"2015"	"2015"	"Colorado"	"08"	"55-59 years"	"55-59"	364916
	"2015"	"2015"	"Colorado"	"08"	"60-64 years "	"60-64"	321470
	"2015"	"2015"	"Colorado"	"08"	"65-69 years"	"65-69"	261321
	"2015"	"2015"	"Colorado"	"08"	"70-74 years"	"70-74"	171155
	"2015"	"2015"	"Colorado"	"08"	"75-79 years"	"75-79"	113682
	"2015"	"2015"	"Colorado"	"08"	"80-84 years"	"80-84"	78883
	"2015"	"2015"	"Colorado"	"08"	"85+ years"	"85+"	82908
"Total"	"2015"	"2015"	"Colorado"	"08"			5454328
	"2015"	"2015"	"Connecticut"	"09"	"< 1 year"	"1"	36426
	"2015"	"2015"	"Connecticut"	"09"	"1-4 years"	"1-4"	150268
	"2015"	"2015"	"Connecticut"	"09"	"5-9 years"	"5-9"	205826
	"2015"	"2015"	"Connecticut"	"09"	"10-14 years"	"10-14"	225053
	"2015"	"2015"	"Connecticut"	"09"	"15-19 years"	"15-19"	249690
	"2015"	"2015"	"Connecticut"	"09"	"20-24 years"	"20-24"	246656
	"2015"	"2015"	"Connecticut"	"09"	"25-29 years"	"25-29"	219714
	"2015"	"2015"	"Connecticut"	"09"	"30-34 years"	"30-34"	218357
	"2015"	"2015"	"Connecticut"	"09"	"35-39 years"	"35-39"	209958
	"2015"	"2015"	"Connecticut"	"09"	"40-44 years"	"40-44"	219756
	"2015"	"2015"	"Connecticut"	"09"	"45-49 years"	"45-49"	255125
	"2015"	"2015"	"Connecticut"	"09"	"50-54 years"	"50-54"	280685
	"2015"	"2015"	"Connecticut"	"09"	"55-59 years"	"55-59"	271146
	"2015"	"2015"	"Connecticut"	"09"	"60-64 years "	"60-64"	224941
	"2015"	"2015"	"Connecticut"	"09"	"65-69 years"	"65-69"	184462
	"2015"	"2015"	"Connecticut"	"09"	"70-74 years"	"70-74"	134622
	"2015"	"2015"	"Connecticut"	"09"	"75-79 years"	"75-79"	92818
	"2015"	"2015"	"Connecticut"	"09"	"80-84 years"	"80-84"	71669
	"2015"	"2015"	"Connecticut"	"09"	"85+ years"	"85+"	91389
"Total"	"2015"	"2015"	"Connecticut"	"09"			3588561
	"2015"	"2015"	"Delaware"	"10"	"< 1 year"	"1"	10981
	"2015"	"2015"	"Delaware"	"10"	"1-4 years"	"1-4"	44265
	"2015"	"2015"	"Delaware"	"10"	"5-9 years"	"5-9"	56591
	"2015"	"2015"	"Delaware"	"10"	"10-14 years"	"10-14"	57006
	"2015"	"2015"	"Delaware"	"10"	"15-19 years"	"15-19"	59881
	"2015"	"2015"	"Delaware"	"10"	"20-24 years"	"20-24"	62361
	"2015"	"2015"	"Delaware"	"10"	"25-29 years"	"25-29"	65916
	"2015"	"2015"	"Delaware"	"10"	"30-34 years"	"30-34"	59445
	"2015"	"2015"	"Delaware"	"10"	"35-39 years"	"35-39"	55000
	"2015"	"2015"	"Delaware"	"10"	"40-44 years"	"40-44"	54954
	"2015"	"2015"	"Delaware"	"10"	"45-49 years"	"45-49"	60861
	"2015"	"2015"	"Delaware"	"10"	"50-54 years"	"50-54"	67632
	"2015"	"2015"	"Delaware"	"10"	"55-59 years"	"55-59"	66741
	"2015"	"2015"	"Delaware"	"10"	"60-64 years "	"60-64"	60056
	"2015"	"2015"	"Delaware"	"10"	"65-69 years"	"65-69"	55109
	"2015"	"2015"	"Delaware"	"10"	"70-74 years"	"70-74"	40524
	"2015"	"2015"	"Delaware"	"10"	"75-79 years"	"75-79"	27404
	"2015"	"2015"	"Delaware"	"10"	"80-84 years"	"80-84"	18903
	"2015"	"2015"	"Delaware"	"10"	"85+ years"	"85+"	18435
"Total"	"2015"	"2015"	"Delaware"	"10"			942065
	"2015"	"2015"	"District of Columbia"	"11"	"< 1 year"	"1"	9805
	"2015"	"2015"	"District of Columbia"	"11"	"1-4 years"	"1-4"	34646
	"2015"	"2015"	"District of Columbia"	"11"	"5-9 years"	"5-9"	32447
	"2015"	"2015"	"District of Columbia"	"11"	"10-14 years"	"10-14"	26507
	"2015"	"2015"	"District of Columbia"	"11"	"15-19 years"	"15-19"	37101
	"2015"	"2015"	"District of Columbia"	"11"	"20-24 years"	"20-24"	55847
	"2015"	"2015"	"District of Columbia"	"11"	"25-29 years"	"25-29"	82309
	"2015"	"2015"	"District of Columbia"	"11"	"30-34 years"	"30-34"	75516
	"2015"	"2015"	"District of Columbia"	"11"	"35-39 years"	"35-39"	54159
	"2015"	"2015"	"District of Columbia"	"11"	"40-44 years"	"40-44"	41890
	"2015"	"2015"	"District of Columbia"	"11"	"45-49 years"	"45-49"	37934
	"2015"	"2015"	"District of Columbia"	"11"	"50-54 years"	"50-54"	38875
	"2015"	"2015"	"District of Columbia"	"11"	"55-59 years"	"55-59"	36903
	"2015"	"2015"	"District of Columbia"	"11"	"60-64 years "	"60-64"	33047
	"2015"	"2015"	"District of Columbia"	"11"	"65-69 years"	"65-69"	27171
	"2015"	"2015"	"District of Columbia"	"11"	"70-74 years"	"70-74"	18707
	"2015"	"2015"	"District of Columbia"	"11"	"75-79 years"	"75-79"	13074
	"2015"	"2015"	"District of Columbia"	"11"	"80-84 years"	"80-84"	9339
	"2015"	"2015"	"District of Columbia"	"11"	"85+ years"	"85+"	11737
"Total"	"2015"	"2015"	"District of Columbia"	"11"			677014
	"2015"	"2015"	"Florida"	"12"	"< 1 year"	"1"	221919
	"2015"	"2015"	"Florida"	"12"	"1-4 years"	"1-4"	884896
	"2015"	"2015"	"Florida"	"12"	"5-9 years"	"5-9"	1133241
	"2015"	"2015"	"Florida"	"12"	"10-14 years"	"10-14"	1144371
	"2015"	"2015"	"Florida"	"12"	"15-19 years"	"15-19"	1184195
	"2015"	"2015"	"Florida"	"12"	"20-24 years"	"20-24"	1302065
	"2015"	"2015"	"Florida"	"12"	"25-29 years"	"25-29"	1345495
	"2015"	"2015"	"Florida"	"12"	"30-34 years"	"30-34"	1263323
	"2015"	"2015"	"Florida"	"12"	"35-39 years"	"35-39"	1200020
	"2015"	"2015"	"Florida"	"12"	"40-44 years"	"40-44"	1247158
	"2015"	"2015"	"Florida"	"12"	"45-49 years"	"45-49"	1307838
	"2015"	"2015"	"Florida"	"12"	"50-54 years"	"50-54"	1435414
	"2015"	"2015"	"Florida"	"12"	"55-59 years"	"55-59"	1377644
	"2015"	"2015"	"Florida"	"12"	"60-64 years "	"60-64"	1257797
	"2015"	"2015"	"Florida"	"12"	"65-69 years"	"65-69"	1201635
	"2015"	"2015"	"Florida"	"12"	"70-74 years"	"70-74"	962660
	"2015"	"2015"	"Florida"	"12"	"75-79 years"	"75-79"	714338
	"2015"	"2015"	"Florida"	"12"	"80-84 years"	"80-84"	508551
	"2015"	"2015"	"Florida"	"12"	"85+ years"	"85+"	526551
"Total"	"2015"	"2015"	"Florida"	"12"			20219111
	"2015"	"2015"	"Georgia"	"13"	"< 1 year"	"1"	130983
	"2015"	"2015"	"Georgia"	"13"	"1-4 years"	"1-4"	528244
	"2015"	"2015"	"Georgia"	"13"	"5-9 years"	"5-9"	701501
	"2015"	"2015"	"Georgia"	"13"	"10-14 years"	"10-14"	710515
	"2015"	"2015"	"Georgia"	"13"	"15-19 years"	"15-19"	706193
	"2015"	"2015"	"Georgia"	"13"	"20-24 years"	"20-24"	729457
	"2015"	"2015"	"Georgia"	"13"	"25-29 years"	"25-29"	711407
	"2015"	"2015"	"Georgia"	"13"	"30-34 years"	"30-34"	686405
	"2015"	"2015"	"Georgia"	"13"	"35-39 years"	"35-39"	671201
	"2015"	"2015"	"Georgia"	"13"	"40-44 years"	"40-44"	693755
	"2015"	"2015"	"Georgia"	"13"	"45-49 years"	"45-49"	695811
	"2015"	"2015"	"Georgia"	"13"	"50-54 years"	"50-54"	708913
	"2015"	"2015"	"Georgia"	"13"	"55-59 years"	"55-59"	652179
	"2015"	"2015"	"Georgia"	"13"	"60-64 years "	"60-64"	555114
	"2015"	"2015"	"Georgia"	"13"	"65-69 years"	"65-69"	474433
	"2015"	"2015"	"Georgia"	"13"	"70-74 years"	"70-74"	329658
	"2015"	"2015"	"Georgia"	"13"	"75-79 years"	"75-79"	219001
	"2015"	"2015"	"Georgia"	"13"	"80-84 years"	"80-84"	143821
	"2015"	"2015"	"Georgia"	"13"	"85+ years"	"85+"	134762
"Total"	"2015"	"2015"	"Georgia"	"13"			10183353
	"2015"	"2015"	"Hawaii"	"15"	"< 1 year"	"1"	18128
	"2015"	"2015"	"Hawaii"	"15"	"1-4 years"	"1-4"	75530
	"2015"	"2015"	"Hawaii"	"15"	"5-9 years"	"5-9"	85649
	"2015"	"2015"	"Hawaii"	"15"	"10-14 years"	"10-14"	81745
	"2015"	"2015"	"Hawaii"	"15"	"15-19 years"	"15-19"	77908
	"2015"	"2015"	"Hawaii"	"15"	"20-24 years"	"20-24"	100334
	"2015"	"2015"	"Hawaii"	"15"	"25-29 years"	"25-29"	104912
	"2015"	"2015"	"Hawaii"	"15"	"30-34 years"	"30-34"	100913
	"2015"	"2015"	"Hawaii"	"15"	"35-39 years"	"35-39"	91064
	"2015"	"2015"	"Hawaii"	"15"	"40-44 years"	"40-44"	85353
	"2015"	"2015"	"Hawaii"	"15"	"45-49 years"	"45-49"	87477
	"2015"	"2015"	"Hawaii"	"15"	"50-54 years"	"50-54"	91936
	"2015"	"2015"	"Hawaii"	"15"	"55-59 years"	"55-59"	94285
	"2015"	"2015"	"Hawaii"	"15"	"60-64 years "	"60-64"	89426
	"2015"	"2015"	"Hawaii"	"15"	"65-69 years"	"65-69"	78703
	"2015"	"2015"	"Hawaii"	"15"	"70-74 years"	"70-74"	55322
	"2015"	"2015"	"Hawaii"	"15"	"75-79 years"	"75-79"	36651
	"2015"	"2015"	"Hawaii"	"15"	"80-84 years"	"80-84"	28789
	"2015"	"2015"	"Hawaii"	"15"	"85+ years"	"85+"	38874
"Total"	"2015"	"2015"	"Hawaii"	"15"			1422999
	"2015"	"2015"	"Idaho"	"16"	"< 1 year"	"1"	22960
	"2015"	"2015"	"Idaho"	"16"	"1-4 years"	"1-4"	91000
	"2015"	"2015"	"Idaho"	"16"	"5-9 years"	"5-9"	123126
	"2015"	"2015"	"Idaho"	"16"	"10-14 years"	"10-14"	123719
	"2015"	"2015"	"Idaho"	"16"	"15-19 years"	"15-19"	117711
	"2015"	"2015"	"Idaho"	"16"	"20-24 years"	"20-24"	111896
	"2015"	"2015"	"Idaho"	"16"	"25-29 years"	"25-29"	108696
	"2015"	"2015"	"Idaho"	"16"	"30-34 years"	"30-34"	108130
	"2015"	"2015"	"Idaho"	"16"	"35-39 years"	"35-39"	105069
	"2015"	"2015"	"Idaho"	"16"	"40-44 years"	"40-44"	97692
	"2015"	"2015"	"Idaho"	"16"	"45-49 years"	"45-49"	95644
	"2015"	"2015"	"Idaho"	"16"	"50-54 years"	"50-54"	102686
	"2015"	"2015"	"Idaho"	"16"	"55-59 years"	"55-59"	105155
	"2015"	"2015"	"Idaho"	"16"	"60-64 years "	"60-64"	97726
	"2015"	"2015"	"Idaho"	"16"	"65-69 years"	"65-69"	84027
	"2015"	"2015"	"Idaho"	"16"	"70-74 years"	"70-74"	60780
	"2015"	"2015"	"Idaho"	"16"	"75-79 years"	"75-79"	41265
	"2015"	"2015"	"Idaho"	"16"	"80-84 years"	"80-84"	27666
	"2015"	"2015"	"Idaho"	"16"	"85+ years"	"85+"	27547
"Total"	"2015"	"2015"	"Idaho"	"16"			1652495
	"2015"	"2015"	"Illinois"	"17"	"< 1 year"	"1"	158613
	"2015"	"2015"	"Illinois"	"17"	"1-4 years"	"1-4"	628043
	"2015"	"2015"	"Illinois"	"17"	"5-9 years"	"5-9"	818372
	"2015"	"2015"	"Illinois"	"17"	"10-14 years"	"10-14"	841646
	"2015"	"2015"	"Illinois"	"17"	"15-19 years"	"15-19"	851824
	"2015"	"2015"	"Illinois"	"17"	"20-24 years"	"20-24"	898480
	"2015"	"2015"	"Illinois"	"17"	"25-29 years"	"25-29"	895990
	"2015"	"2015"	"Illinois"	"17"	"30-34 years"	"30-34"	888637
	"2015"	"2015"	"Illinois"	"17"	"35-39 years"	"35-39"	839098
	"2015"	"2015"	"Illinois"	"17"	"40-44 years"	"40-44"	820104
	"2015"	"2015"	"Illinois"	"17"	"45-49 years"	"45-49"	837933
	"2015"	"2015"	"Illinois"	"17"	"50-54 years"	"50-54"	897847
	"2015"	"2015"	"Illinois"	"17"	"55-59 years"	"55-59"	883079
	"2015"	"2015"	"Illinois"	"17"	"60-64 years "	"60-64"	755998
	"2015"	"2015"	"Illinois"	"17"	"65-69 years"	"65-69"	611176
	"2015"	"2015"	"Illinois"	"17"	"70-74 years"	"70-74"	433342
	"2015"	"2015"	"Illinois"	"17"	"75-79 years"	"75-79"	312151
	"2015"	"2015"	"Illinois"	"17"	"80-84 years"	"80-84"	226282
	"2015"	"2015"	"Illinois"	"17"	"85+ years"	"85+"	260970
"Total"	"2015"	"2015"	"Illinois"	"17"			12859585
	"2015"	"2015"	"Indiana"	"18"	"< 1 year"	"1"	83563
	"2015"	"2015"	"Indiana"	"18"	"1-4 years"	"1-4"	336315
	"2015"	"2015"	"Indiana"	"18"	"5-9 years"	"5-9"	438421
	"2015"	"2015"	"Indiana"	"18"	"10-14 years"	"10-14"	446386
	"2015"	"2015"	"Indiana"	"18"	"15-19 years"	"15-19"	456091
	"2015"	"2015"	"Indiana"	"18"	"20-24 years"	"20-24"	487026
	"2015"	"2015"	"Indiana"	"18"	"25-29 years"	"25-29"	427825
	"2015"	"2015"	"Indiana"	"18"	"30-34 years"	"30-34"	419928
	"2015"	"2015"	"Indiana"	"18"	"35-39 years"	"35-39"	409386
	"2015"	"2015"	"Indiana"	"18"	"40-44 years"	"40-44"	410683
	"2015"	"2015"	"Indiana"	"18"	"45-49 years"	"45-49"	417251
	"2015"	"2015"	"Indiana"	"18"	"50-54 years"	"50-54"	458485
	"2015"	"2015"	"Indiana"	"18"	"55-59 years"	"55-59"	455535
	"2015"	"2015"	"Indiana"	"18"	"60-64 years "	"60-64"	397733
	"2015"	"2015"	"Indiana"	"18"	"65-69 years"	"65-69"	326303
	"2015"	"2015"	"Indiana"	"18"	"70-74 years"	"70-74"	231092
	"2015"	"2015"	"Indiana"	"18"	"75-79 years"	"75-79"	164356
	"2015"	"2015"	"Indiana"	"18"	"80-84 years"	"80-84"	117087
	"2015"	"2015"	"Indiana"	"18"	"85+ years"	"85+"	127976
"Total"	"2015"	"2015"	"Indiana"	"18"			6611442
	"2015"	"2015"	"Iowa"	"19"	"< 1 year"	"1"	39500
	"2015"	"2015"	"Iowa"	"19"	"1-4 years"	"1-4"	157289
	"2015"	"2015"	"Iowa"	"19"	"5-9 years"	"5-9"	206666
	"2015"	"2015"	"Iowa"	"19"	"10-14 years"	"10-14"	203246
	"2015"	"2015"	"Iowa"	"19"	"15-19 years"	"15-19"	214594
	"2015"	"2015"	"Iowa"	"19"	"20-24 years"	"20-24"	233894
	"2015"	"2015"	"Iowa"	"19"	"25-29 years"	"25-29"	192186
	"2015"	"2015"	"Iowa"	"19"	"30-34 years"	"30-34"	200144
	"2015"	"2015"	"Iowa"	"19"	"35-39 years"	"35-39"	188416
	"2015"	"2015"	"Iowa"	"19"	"40-44 years"	"40-44"	177134
	"2015"	"2015"	"Iowa"	"19"	"45-49 years"	"45-49"	186019
	"2015"	"2015"	"Iowa"	"19"	"50-54 years"	"50-54"	210987
	"2015"	"2015"	"Iowa"	"19"	"55-59 years"	"55-59"	216507
	"2015"	"2015"	"Iowa"	"19"	"60-64 years "	"60-64"	195512
	"2015"	"2015"	"Iowa"	"19"	"65-69 years"	"65-69"	157769
	"2015"	"2015"	"Iowa"	"19"	"70-74 years"	"70-74"	111501
	"2015"	"2015"	"Iowa"	"19"	"75-79 years"	"75-79"	86091
	"2015"	"2015"	"Iowa"	"19"	"80-84 years"	"80-84"	65814
	"2015"	"2015"	"Iowa"	"19"	"85+ years"	"85+"	79272
"Total"	"2015"	"2015"	"Iowa"	"19"			3122541
	"2015"	"2015"	"Kansas"	"20"	"< 1 year"	"1"	38839
	"2015"	"2015"	"Kansas"	"20"	"1-4 years"	"1-4"	158453
	"2015"	"2015"	"Kansas"	"20"	"5-9 years"	"5-9"	203926
	"2015"	"2015"	"Kansas"	"20"	"10-14 years"	"10-14"	199835
	"2015"	"2015"	"Kansas"	"20"	"15-19 years"	"15-19"	200596
	"2015"	"2015"	"Kansas"	"20"	"20-24 years"	"20-24"	221897
	"2015"	"2015"	"Kansas"	"20"	"25-29 years"	"25-29"	191723
	"2015"	"2015"	"Kansas"	"20"	"30-34 years"	"30-34"	195073
	"2015"	"2015"	"Kansas"	"20"	"35-39 years"	"35-39"	179613
	"2015"	"2015"	"Kansas"	"20"	"40-44 years"	"40-44"	166971
	"2015"	"2015"	"Kansas"	"20"	"45-49 years"	"45-49"	168746
	"2015"	"2015"	"Kansas"	"20"	"50-54 years"	"50-54"	192457
	"2015"	"2015"	"Kansas"	"20"	"55-59 years"	"55-59"	195058
	"2015"	"2015"	"Kansas"	"20"	"60-64 years "	"60-64"	172558
	"2015"	"2015"	"Kansas"	"20"	"65-69 years"	"65-69"	138148
	"2015"	"2015"	"Kansas"	"20"	"70-74 years"	"70-74"	96817
	"2015"	"2015"	"Kansas"	"20"	"75-79 years"	"75-79"	71141
	"2015"	"2015"	"Kansas"	"20"	"80-84 years"	"80-84"	54658
	"2015"	"2015"	"Kansas"	"20"	"85+ years"	"85+"	64208
"Total"	"2015"	"2015"	"Kansas"	"20"			2910717
	"2015"	"2015"	"Kentucky"	"21"	"< 1 year"	"1"	55610
	"2015"	"2015"	"Kentucky"	"21"	"1-4 years"	"1-4"	220465
	"2015"	"2015"	"Kentucky"	"21"	"5-9 years"	"5-9"	281159
	"2015"	"2015"	"Kentucky"	"21"	"10-14 years"	"10-14"	282635
	"2015"	"2015"	"Kentucky"	"21"	"15-19 years"	"15-19"	286682
	"2015"	"2015"	"Kentucky"	"21"	"20-24 years"	"20-24"	313929
	"2015"	"2015"	"Kentucky"	"21"	"25-29 years"	"25-29"	289100
	"2015"	"2015"	"Kentucky"	"21"	"30-34 years"	"30-34"	280769
	"2015"	"2015"	"Kentucky"	"21"	"35-39 years"	"35-39"	278417
	"2015"	"2015"	"Kentucky"	"21"	"40-44 years"	"40-44"	280446
	"2015"	"2015"	"Kentucky"	"21"	"45-49 years"	"45-49"	287022
	"2015"	"2015"	"Kentucky"	"21"	"50-54 years"	"50-54"	315556
	"2015"	"2015"	"Kentucky"	"21"	"55-59 years"	"55-59"	309018
	"2015"	"2015"	"Kentucky"	"21"	"60-64 years "	"60-64"	275598
	"2015"	"2015"	"Kentucky"	"21"	"65-69 years"	"65-69"	234001
	"2015"	"2015"	"Kentucky"	"21"	"70-74 years"	"70-74"	164560
	"2015"	"2015"	"Kentucky"	"21"	"75-79 years"	"75-79"	116852
	"2015"	"2015"	"Kentucky"	"21"	"80-84 years"	"80-84"	79243
	"2015"	"2015"	"Kentucky"	"21"	"85+ years"	"85+"	78064
"Total"	"2015"	"2015"	"Kentucky"	"21"			4429126
	"2015"	"2015"	"Louisiana"	"22"	"< 1 year"	"1"	63856
	"2015"	"2015"	"Louisiana"	"22"	"1-4 years"	"1-4"	247961
	"2015"	"2015"	"Louisiana"	"22"	"5-9 years"	"5-9"	312761
	"2015"	"2015"	"Louisiana"	"22"	"10-14 years"	"10-14"	304927
	"2015"	"2015"	"Louisiana"	"22"	"15-19 years"	"15-19"	300464
	"2015"	"2015"	"Louisiana"	"22"	"20-24 years"	"20-24"	340730
	"2015"	"2015"	"Louisiana"	"22"	"25-29 years"	"25-29"	345000
	"2015"	"2015"	"Louisiana"	"22"	"30-34 years"	"30-34"	331165
	"2015"	"2015"	"Louisiana"	"22"	"35-39 years"	"35-39"	294682
	"2015"	"2015"	"Louisiana"	"22"	"40-44 years"	"40-44"	273532
	"2015"	"2015"	"Louisiana"	"22"	"45-49 years"	"45-49"	284203
	"2015"	"2015"	"Louisiana"	"22"	"50-54 years"	"50-54"	316404
	"2015"	"2015"	"Louisiana"	"22"	"55-59 years"	"55-59"	317638
	"2015"	"2015"	"Louisiana"	"22"	"60-64 years "	"60-64"	278441
	"2015"	"2015"	"Louisiana"	"22"	"65-69 years"	"65-69"	227237
	"2015"	"2015"	"Louisiana"	"22"	"70-74 years"	"70-74"	159758
	"2015"	"2015"	"Louisiana"	"22"	"75-79 years"	"75-79"	113116
	"2015"	"2015"	"Louisiana"	"22"	"80-84 years"	"80-84"	78685
	"2015"	"2015"	"Louisiana"	"22"	"85+ years"	"85+"	76438
"Total"	"2015"	"2015"	"Louisiana"	"22"			4666998
	"2015"	"2015"	"Maine"	"23"	"< 1 year"	"1"	12582
	"2015"	"2015"	"Maine"	"23"	"1-4 years"	"1-4"	51736
	"2015"	"2015"	"Maine"	"23"	"5-9 years"	"5-9"	70614
	"2015"	"2015"	"Maine"	"23"	"10-14 years"	"10-14"	73978
	"2015"	"2015"	"Maine"	"23"	"15-19 years"	"15-19"	81028
	"2015"	"2015"	"Maine"	"23"	"20-24 years"	"20-24"	78736
	"2015"	"2015"	"Maine"	"23"	"25-29 years"	"25-29"	77813
	"2015"	"2015"	"Maine"	"23"	"30-34 years"	"30-34"	75695
	"2015"	"2015"	"Maine"	"23"	"35-39 years"	"35-39"	73675
	"2015"	"2015"	"Maine"	"23"	"40-44 years"	"40-44"	79684
	"2015"	"2015"	"Maine"	"23"	"45-49 years"	"45-49"	90246
	"2015"	"2015"	"Maine"	"23"	"50-54 years"	"50-54"	104986
	"2015"	"2015"	"Maine"	"23"	"55-59 years"	"55-59"	108432
	"2015"	"2015"	"Maine"	"23"	"60-64 years "	"60-64"	99674
	"2015"	"2015"	"Maine"	"23"	"65-69 years"	"65-69"	86135
	"2015"	"2015"	"Maine"	"23"	"70-74 years"	"70-74"	59949
	"2015"	"2015"	"Maine"	"23"	"75-79 years"	"75-79"	41316
	"2015"	"2015"	"Maine"	"23"	"80-84 years"	"80-84"	30504
	"2015"	"2015"	"Maine"	"23"	"85+ years"	"85+"	32315
"Total"	"2015"	"2015"	"Maine"	"23"			1329098
	"2015"	"2015"	"Maryland"	"24"	"< 1 year"	"1"	74031
	"2015"	"2015"	"Maryland"	"24"	"1-4 years"	"1-4"	294470
	"2015"	"2015"	"Maryland"	"24"	"5-9 years"	"5-9"	373642
	"2015"	"2015"	"Maryland"	"24"	"10-14 years"	"10-14"	374093
	"2015"	"2015"	"Maryland"	"24"	"15-19 years"	"15-19"	385307
	"2015"	"2015"	"Maryland"	"24"	"20-24 years"	"20-24"	396730
	"2015"	"2015"	"Maryland"	"24"	"25-29 years"	"25-29"	417771
	"2015"	"2015"	"Maryland"	"24"	"30-34 years"	"30-34"	410519
	"2015"	"2015"	"Maryland"	"24"	"35-39 years"	"35-39"	382733
	"2015"	"2015"	"Maryland"	"24"	"40-44 years"	"40-44"	380551
	"2015"	"2015"	"Maryland"	"24"	"45-49 years"	"45-49"	415926
	"2015"	"2015"	"Maryland"	"24"	"50-54 years"	"50-54"	451573
	"2015"	"2015"	"Maryland"	"24"	"55-59 years"	"55-59"	425949
	"2015"	"2015"	"Maryland"	"24"	"60-64 years "	"60-64"	356747
	"2015"	"2015"	"Maryland"	"24"	"65-69 years"	"65-69"	292618
	"2015"	"2015"	"Maryland"	"24"	"70-74 years"	"70-74"	204769
	"2015"	"2015"	"Maryland"	"24"	"75-79 years"	"75-79"	139288
	"2015"	"2015"	"Maryland"	"24"	"80-84 years"	"80-84"	99431
	"2015"	"2015"	"Maryland"	"24"	"85+ years"	"85+"	112380
"Total"	"2015"	"2015"	"Maryland"	"24"			5988528
	"2015"	"2015"	"Massachusetts"	"25"	"< 1 year"	"1"	72301
	"2015"	"2015"	"Massachusetts"	"25"	"1-4 years"	"1-4"	292614
	"2015"	"2015"	"Massachusetts"	"25"	"5-9 years"	"5-9"	374514
	"2015"	"2015"	"Massachusetts"	"25"	"10-14 years"	"10-14"	395326
	"2015"	"2015"	"Massachusetts"	"25"	"15-19 years"	"15-19"	458776
	"2015"	"2015"	"Massachusetts"	"25"	"20-24 years"	"20-24"	494088
	"2015"	"2015"	"Massachusetts"	"25"	"25-29 years"	"25-29"	494390
	"2015"	"2015"	"Massachusetts"	"25"	"30-34 years"	"30-34"	456309
	"2015"	"2015"	"Massachusetts"	"25"	"35-39 years"	"35-39"	412627
	"2015"	"2015"	"Massachusetts"	"25"	"40-44 years"	"40-44"	419112
	"2015"	"2015"	"Massachusetts"	"25"	"45-49 years"	"45-49"	467781
	"2015"	"2015"	"Massachusetts"	"25"	"50-54 years"	"50-54"	507769
	"2015"	"2015"	"Massachusetts"	"25"	"55-59 years"	"55-59"	486341
	"2015"	"2015"	"Massachusetts"	"25"	"60-64 years "	"60-64"	417140
	"2015"	"2015"	"Massachusetts"	"25"	"65-69 years"	"65-69"	347840
	"2015"	"2015"	"Massachusetts"	"25"	"70-74 years"	"70-74"	242550
	"2015"	"2015"	"Massachusetts"	"25"	"75-79 years"	"75-79"	169334
	"2015"	"2015"	"Massachusetts"	"25"	"80-84 years"	"80-84"	130081
	"2015"	"2015"	"Massachusetts"	"25"	"85+ years"	"85+"	158591
"Total"	"2015"	"2015"	"Massachusetts"	"25"			6797484
	"2015"	"2015"	"Michigan"	"26"	"< 1 year"	"1"	113382
	"2015"	"2015"	"Michigan"	"26"	"1-4 years"	"1-4"	459295
	"2015"	"2015"	"Michigan"	"26"	"5-9 years"	"5-9"	600360
	"2015"	"2015"	"Michigan"	"26"	"10-14 years"	"10-14"	634698
	"2015"	"2015"	"Michigan"	"26"	"15-19 years"	"15-19"	673348
	"2015"	"2015"	"Michigan"	"26"	"20-24 years"	"20-24"	733360
	"2015"	"2015"	"Michigan"	"26"	"25-29 years"	"25-29"	628266
	"2015"	"2015"	"Michigan"	"26"	"30-34 years"	"30-34"	591830
	"2015"	"2015"	"Michigan"	"26"	"35-39 years"	"35-39"	575482
	"2015"	"2015"	"Michigan"	"26"	"40-44 years"	"40-44"	599552
	"2015"	"2015"	"Michigan"	"26"	"45-49 years"	"45-49"	649774
	"2015"	"2015"	"Michigan"	"26"	"50-54 years"	"50-54"	720711
	"2015"	"2015"	"Michigan"	"26"	"55-59 years"	"55-59"	733680
	"2015"	"2015"	"Michigan"	"26"	"60-64 years "	"60-64"	648819
	"2015"	"2015"	"Michigan"	"26"	"65-69 years"	"65-69"	531725
	"2015"	"2015"	"Michigan"	"26"	"70-74 years"	"70-74"	377611
	"2015"	"2015"	"Michigan"	"26"	"75-79 years"	"75-79"	262225
	"2015"	"2015"	"Michigan"	"26"	"80-84 years"	"80-84"	188797
	"2015"	"2015"	"Michigan"	"26"	"85+ years"	"85+"	211568
"Total"	"2015"	"2015"	"Michigan"	"26"			9934483
	"2015"	"2015"	"Minnesota"	"27"	"< 1 year"	"1"	69641
	"2015"	"2015"	"Minnesota"	"27"	"1-4 years"	"1-4"	280786
	"2015"	"2015"	"Minnesota"	"27"	"5-9 years"	"5-9"	361754
	"2015"	"2015"	"Minnesota"	"27"	"10-14 years"	"10-14"	359528
	"2015"	"2015"	"Minnesota"	"27"	"15-19 years"	"15-19"	355696
	"2015"	"2015"	"Minnesota"	"27"	"20-24 years"	"20-24"	365996
	"2015"	"2015"	"Minnesota"	"27"	"25-29 years"	"25-29"	363862
	"2015"	"2015"	"Minnesota"	"27"	"30-34 years"	"30-34"	383610
	"2015"	"2015"	"Minnesota"	"27"	"35-39 years"	"35-39"	348109
	"2015"	"2015"	"Minnesota"	"27"	"40-44 years"	"40-44"	324376
	"2015"	"2015"	"Minnesota"	"27"	"45-49 years"	"45-49"	347559
	"2015"	"2015"	"Minnesota"	"27"	"50-54 years"	"50-54"	394390
	"2015"	"2015"	"Minnesota"	"27"	"55-59 years"	"55-59"	390746
	"2015"	"2015"	"Minnesota"	"27"	"60-64 years "	"60-64"	335765
	"2015"	"2015"	"Minnesota"	"27"	"65-69 years"	"65-69"	264316
	"2015"	"2015"	"Minnesota"	"27"	"70-74 years"	"70-74"	186064
	"2015"	"2015"	"Minnesota"	"27"	"75-79 years"	"75-79"	134792
	"2015"	"2015"	"Minnesota"	"27"	"80-84 years"	"80-84"	99127
	"2015"	"2015"	"Minnesota"	"27"	"85+ years"	"85+"	117885
"Total"	"2015"	"2015"	"Minnesota"	"27"			5484002
	"2015"	"2015"	"Mississippi"	"28"	"< 1 year"	"1"	38136
	"2015"	"2015"	"Mississippi"	"28"	"1-4 years"	"1-4"	153365
	"2015"	"2015"	"Mississippi"	"28"	"5-9 years"	"5-9"	207089
	"2015"	"2015"	"Mississippi"	"28"	"10-14 years"	"10-14"	203134
	"2015"	"2015"	"Mississippi"	"28"	"15-19 years"	"15-19"	208199
	"2015"	"2015"	"Mississippi"	"28"	"20-24 years"	"20-24"	222187
	"2015"	"2015"	"Mississippi"	"28"	"25-29 years"	"25-29"	199360
	"2015"	"2015"	"Mississippi"	"28"	"30-34 years"	"30-34"	192110
	"2015"	"2015"	"Mississippi"	"28"	"35-39 years"	"35-39"	184942
	"2015"	"2015"	"Mississippi"	"28"	"40-44 years"	"40-44"	182499
	"2015"	"2015"	"Mississippi"	"28"	"45-49 years"	"45-49"	183247
	"2015"	"2015"	"Mississippi"	"28"	"50-54 years"	"50-54"	200816
	"2015"	"2015"	"Mississippi"	"28"	"55-59 years"	"55-59"	200071
	"2015"	"2015"	"Mississippi"	"28"	"60-64 years "	"60-64"	177331
	"2015"	"2015"	"Mississippi"	"28"	"65-69 years"	"65-69"	150006
	"2015"	"2015"	"Mississippi"	"28"	"70-74 years"	"70-74"	107158
	"2015"	"2015"	"Mississippi"	"28"	"75-79 years"	"75-79"	78126
	"2015"	"2015"	"Mississippi"	"28"	"80-84 years"	"80-84"	52294
	"2015"	"2015"	"Mississippi"	"28"	"85+ years"	"85+"	50161
"Total"	"2015"	"2015"	"Mississippi"	"28"			2990231
	"2015"	"2015"	"Missouri"	"29"	"< 1 year"	"1"	74890
	"2015"	"2015"	"Missouri"	"29"	"1-4 years"	"1-4"	300737
	"2015"	"2015"	"Missouri"	"29"	"5-9 years"	"5-9"	387224
	"2015"	"2015"	"Missouri"	"29"	"10-14 years"	"10-14"	388682
	"2015"	"2015"	"Missouri"	"29"	"15-19 years"	"15-19"	395443
	"2015"	"2015"	"Missouri"	"29"	"20-24 years"	"20-24"	430854
	"2015"	"2015"	"Missouri"	"29"	"25-29 years"	"25-29"	405895
	"2015"	"2015"	"Missouri"	"29"	"30-34 years"	"30-34"	399970
	"2015"	"2015"	"Missouri"	"29"	"35-39 years"	"35-39"	370245
	"2015"	"2015"	"Missouri"	"29"	"40-44 years"	"40-44"	360130
	"2015"	"2015"	"Missouri"	"29"	"45-49 years"	"45-49"	373160
	"2015"	"2015"	"Missouri"	"29"	"50-54 years"	"50-54"	429774
	"2015"	"2015"	"Missouri"	"29"	"55-59 years"	"55-59"	429077
	"2015"	"2015"	"Missouri"	"29"	"60-64 years "	"60-64"	373632
	"2015"	"2015"	"Missouri"	"29"	"65-69 years"	"65-69"	313238
	"2015"	"2015"	"Missouri"	"29"	"70-74 years"	"70-74"	230397
	"2015"	"2015"	"Missouri"	"29"	"75-79 years"	"75-79"	164938
	"2015"	"2015"	"Missouri"	"29"	"80-84 years"	"80-84"	119924
	"2015"	"2015"	"Missouri"	"29"	"85+ years"	"85+"	127201
"Total"	"2015"	"2015"	"Missouri"	"29"			6075411
	"2015"	"2015"	"Montana"	"30"	"< 1 year"	"1"	12611
	"2015"	"2015"	"Montana"	"30"	"1-4 years"	"1-4"	49611
	"2015"	"2015"	"Montana"	"30"	"5-9 years"	"5-9"	64189
	"2015"	"2015"	"Montana"	"30"	"10-14 years"	"10-14"	62618
	"2015"	"2015"	"Montana"	"30"	"15-19 years"	"15-19"	63497
	"2015"	"2015"	"Montana"	"30"	"20-24 years"	"20-24"	74330
	"2015"	"2015"	"Montana"	"30"	"25-29 years"	"25-29"	65394
	"2015"	"2015"	"Montana"	"30"	"30-34 years"	"30-34"	65843
	"2015"	"2015"	"Montana"	"30"	"35-39 years"	"35-39"	61445
	"2015"	"2015"	"Montana"	"30"	"40-44 years"	"40-44"	56399
	"2015"	"2015"	"Montana"	"30"	"45-49 years"	"45-49"	58068
	"2015"	"2015"	"Montana"	"30"	"50-54 years"	"50-54"	69998
	"2015"	"2015"	"Montana"	"30"	"55-59 years"	"55-59"	77208
	"2015"	"2015"	"Montana"	"30"	"60-64 years "	"60-64"	74172
	"2015"	"2015"	"Montana"	"30"	"65-69 years"	"65-69"	61395
	"2015"	"2015"	"Montana"	"30"	"70-74 years"	"70-74"	42783
	"2015"	"2015"	"Montana"	"30"	"75-79 years"	"75-79"	29492
	"2015"	"2015"	"Montana"	"30"	"80-84 years"	"80-84"	20132
	"2015"	"2015"	"Montana"	"30"	"85+ years"	"85+"	22310
"Total"	"2015"	"2015"	"Montana"	"30"			1031495
	"2015"	"2015"	"Nebraska"	"31"	"< 1 year"	"1"	26690
	"2015"	"2015"	"Nebraska"	"31"	"1-4 years"	"1-4"	104930
	"2015"	"2015"	"Nebraska"	"31"	"5-9 years"	"5-9"	133414
	"2015"	"2015"	"Nebraska"	"31"	"10-14 years"	"10-14"	130087
	"2015"	"2015"	"Nebraska"	"31"	"15-19 years"	"15-19"	128199
	"2015"	"2015"	"Nebraska"	"31"	"20-24 years"	"20-24"	138638
	"2015"	"2015"	"Nebraska"	"31"	"25-29 years"	"25-29"	122920
	"2015"	"2015"	"Nebraska"	"31"	"30-34 years"	"30-34"	130078
	"2015"	"2015"	"Nebraska"	"31"	"35-39 years"	"35-39"	117730
	"2015"	"2015"	"Nebraska"	"31"	"40-44 years"	"40-44"	109619
	"2015"	"2015"	"Nebraska"	"31"	"45-49 years"	"45-49"	109115
	"2015"	"2015"	"Nebraska"	"31"	"50-54 years"	"50-54"	124444
	"2015"	"2015"	"Nebraska"	"31"	"55-59 years"	"55-59"	126045
	"2015"	"2015"	"Nebraska"	"31"	"60-64 years "	"60-64"	112008
	"2015"	"2015"	"Nebraska"	"31"	"65-69 years"	"65-69"	89780
	"2015"	"2015"	"Nebraska"	"31"	"70-74 years"	"70-74"	62448
	"2015"	"2015"	"Nebraska"	"31"	"75-79 years"	"75-79"	47018
	"2015"	"2015"	"Nebraska"	"31"	"80-84 years"	"80-84"	36585
	"2015"	"2015"	"Nebraska"	"31"	"85+ years"	"85+"	42311
"Total"	"2015"	"2015"	"Nebraska"	"31"			1892059
	"2015"	"2015"	"Nevada"	"32"	"< 1 year"	"1"	36077
	"2015"	"2015"	"Nevada"	"32"	"1-4 years"	"1-4"	144433
	"2015"	"2015"	"Nevada"	"32"	"5-9 years"	"5-9"	190137
	"2015"	"2015"	"Nevada"	"32"	"10-14 years"	"10-14"	185784
	"2015"	"2015"	"Nevada"	"32"	"15-19 years"	"15-19"	175622
	"2015"	"2015"	"Nevada"	"32"	"20-24 years"	"20-24"	183821
	"2015"	"2015"	"Nevada"	"32"	"25-29 years"	"25-29"	210223
	"2015"	"2015"	"Nevada"	"32"	"30-34 years"	"30-34"	204584
	"2015"	"2015"	"Nevada"	"32"	"35-39 years"	"35-39"	191806
	"2015"	"2015"	"Nevada"	"32"	"40-44 years"	"40-44"	190520
	"2015"	"2015"	"Nevada"	"32"	"45-49 years"	"45-49"	191284
	"2015"	"2015"	"Nevada"	"32"	"50-54 years"	"50-54"	193398
	"2015"	"2015"	"Nevada"	"32"	"55-59 years"	"55-59"	183576
	"2015"	"2015"	"Nevada"	"32"	"60-64 years "	"60-64"	167247
	"2015"	"2015"	"Nevada"	"32"	"65-69 years"	"65-69"	152505
	"2015"	"2015"	"Nevada"	"32"	"70-74 years"	"70-74"	110494
	"2015"	"2015"	"Nevada"	"32"	"75-79 years"	"75-79"	73251
	"2015"	"2015"	"Nevada"	"32"	"80-84 years"	"80-84"	45055
	"2015"	"2015"	"Nevada"	"32"	"85+ years"	"85+"	38714
"Total"	"2015"	"2015"	"Nevada"	"32"			2868531
	"2015"	"2015"	"New Hampshire"	"33"	"< 1 year"	"1"	12471
	"2015"	"2015"	"New Hampshire"	"33"	"1-4 years"	"1-4"	52277
	"2015"	"2015"	"New Hampshire"	"33"	"5-9 years"	"5-9"	71417
	"2015"	"2015"	"New Hampshire"	"33"	"10-14 years"	"10-14"	78601
	"2015"	"2015"	"New Hampshire"	"33"	"15-19 years"	"15-19"	88254
	"2015"	"2015"	"New Hampshire"	"33"	"20-24 years"	"20-24"	92337
	"2015"	"2015"	"New Hampshire"	"33"	"25-29 years"	"25-29"	80152
	"2015"	"2015"	"New Hampshire"	"33"	"30-34 years"	"30-34"	77926
	"2015"	"2015"	"New Hampshire"	"33"	"35-39 years"	"35-39"	74092
	"2015"	"2015"	"New Hampshire"	"33"	"40-44 years"	"40-44"	81887
	"2015"	"2015"	"New Hampshire"	"33"	"45-49 years"	"45-49"	95930
	"2015"	"2015"	"New Hampshire"	"33"	"50-54 years"	"50-54"	110485
	"2015"	"2015"	"New Hampshire"	"33"	"55-59 years"	"55-59"	109247
	"2015"	"2015"	"New Hampshire"	"33"	"60-64 years "	"60-64"	93008
	"2015"	"2015"	"New Hampshire"	"33"	"65-69 years"	"65-69"	77694
	"2015"	"2015"	"New Hampshire"	"33"	"70-74 years"	"70-74"	52449
	"2015"	"2015"	"New Hampshire"	"33"	"75-79 years"	"75-79"	34555
	"2015"	"2015"	"New Hampshire"	"33"	"80-84 years"	"80-84"	25737
	"2015"	"2015"	"New Hampshire"	"33"	"85+ years"	"85+"	28961
"Total"	"2015"	"2015"	"New Hampshire"	"33"			1337480
	"2015"	"2015"	"New Jersey"	"34"	"< 1 year"	"1"	103173
	"2015"	"2015"	"New Jersey"	"34"	"1-4 years"	"1-4"	421437
	"2015"	"2015"	"New Jersey"	"34"	"5-9 years"	"5-9"	543702
	"2015"	"2015"	"New Jersey"	"34"	"10-14 years"	"10-14"	564901
	"2015"	"2015"	"New Jersey"	"34"	"15-19 years"	"15-19"	568075
	"2015"	"2015"	"New Jersey"	"34"	"20-24 years"	"20-24"	568374
	"2015"	"2015"	"New Jersey"	"34"	"25-29 years"	"25-29"	558983
	"2015"	"2015"	"New Jersey"	"34"	"30-34 years"	"30-34"	566901
	"2015"	"2015"	"New Jersey"	"34"	"35-39 years"	"35-39"	565012
	"2015"	"2015"	"New Jersey"	"34"	"40-44 years"	"40-44"	581905
	"2015"	"2015"	"New Jersey"	"34"	"45-49 years"	"45-49"	632559
	"2015"	"2015"	"New Jersey"	"34"	"50-54 years"	"50-54"	677086
	"2015"	"2015"	"New Jersey"	"34"	"55-59 years"	"55-59"	641546
	"2015"	"2015"	"New Jersey"	"34"	"60-64 years "	"60-64"	529209
	"2015"	"2015"	"New Jersey"	"34"	"65-69 years"	"65-69"	437263
	"2015"	"2015"	"New Jersey"	"34"	"70-74 years"	"70-74"	315324
	"2015"	"2015"	"New Jersey"	"34"	"75-79 years"	"75-79"	225764
	"2015"	"2015"	"New Jersey"	"34"	"80-84 years"	"80-84"	169781
	"2015"	"2015"	"New Jersey"	"34"	"85+ years"	"85+"	199317
"Total"	"2015"	"2015"	"New Jersey"	"34"			8870312
	"2015"	"2015"	"New Mexico"	"35"	"< 1 year"	"1"	25875
	"2015"	"2015"	"New Mexico"	"35"	"1-4 years"	"1-4"	106640
	"2015"	"2015"	"New Mexico"	"35"	"5-9 years"	"5-9"	142012
	"2015"	"2015"	"New Mexico"	"35"	"10-14 years"	"10-14"	140379
	"2015"	"2015"	"New Mexico"	"35"	"15-19 years"	"15-19"	139517
	"2015"	"2015"	"New Mexico"	"35"	"20-24 years"	"20-24"	151286
	"2015"	"2015"	"New Mexico"	"35"	"25-29 years"	"25-29"	141877
	"2015"	"2015"	"New Mexico"	"35"	"30-34 years"	"30-34"	139116
	"2015"	"2015"	"New Mexico"	"35"	"35-39 years"	"35-39"	125447
	"2015"	"2015"	"New Mexico"	"35"	"40-44 years"	"40-44"	119070
	"2015"	"2015"	"New Mexico"	"35"	"45-49 years"	"45-49"	120435
	"2015"	"2015"	"New Mexico"	"35"	"50-54 years"	"50-54"	137877
	"2015"	"2015"	"New Mexico"	"35"	"55-59 years"	"55-59"	141137
	"2015"	"2015"	"New Mexico"	"35"	"60-64 years "	"60-64"	130574
	"2015"	"2015"	"New Mexico"	"35"	"65-69 years"	"65-69"	114237
	"2015"	"2015"	"New Mexico"	"35"	"70-74 years"	"70-74"	80521
	"2015"	"2015"	"New Mexico"	"35"	"75-79 years"	"75-79"	57110
	"2015"	"2015"	"New Mexico"	"35"	"80-84 years"	"80-84"	39209
	"2015"	"2015"	"New Mexico"	"35"	"85+ years"	"85+"	37752
"Total"	"2015"	"2015"	"New Mexico"	"35"			2090071
	"2015"	"2015"	"New York"	"36"	"< 1 year"	"1"	240416
	"2015"	"2015"	"New York"	"36"	"1-4 years"	"1-4"	939551
	"2015"	"2015"	"New York"	"36"	"5-9 years"	"5-9"	1130265
	"2015"	"2015"	"New York"	"36"	"10-14 years"	"10-14"	1151620
	"2015"	"2015"	"New York"	"36"	"15-19 years"	"15-19"	1233804
	"2015"	"2015"	"New York"	"36"	"20-24 years"	"20-24"	1391477
	"2015"	"2015"	"New York"	"36"	"25-29 years"	"25-29"	1485205
	"2015"	"2015"	"New York"	"36"	"30-34 years"	"30-34"	1368438
	"2015"	"2015"	"New York"	"36"	"35-39 years"	"35-39"	1241093
	"2015"	"2015"	"New York"	"36"	"40-44 years"	"40-44"	1214986
	"2015"	"2015"	"New York"	"36"	"45-49 years"	"45-49"	1317884
	"2015"	"2015"	"New York"	"36"	"50-54 years"	"50-54"	1411814
	"2015"	"2015"	"New York"	"36"	"55-59 years"	"55-59"	1364408
	"2015"	"2015"	"New York"	"36"	"60-64 years "	"60-64"	1168188
	"2015"	"2015"	"New York"	"36"	"65-69 years"	"65-69"	977436
	"2015"	"2015"	"New York"	"36"	"70-74 years"	"70-74"	694146
	"2015"	"2015"	"New York"	"36"	"75-79 years"	"75-79"	507290
	"2015"	"2015"	"New York"	"36"	"80-84 years"	"80-84"	376907
	"2015"	"2015"	"New York"	"36"	"85+ years"	"85+"	442393
"Total"	"2015"	"2015"	"New York"	"36"			19657321
	"2015"	"2015"	"North Carolina"	"37"	"< 1 year"	"1"	120407
	"2015"	"2015"	"North Carolina"	"37"	"1-4 years"	"1-4"	482473
	"2015"	"2015"	"North Carolina"	"37"	"5-9 years"	"5-9"	641889
	"2015"	"2015"	"North Carolina"	"37"	"10-14 years"	"10-14"	650430
	"2015"	"2015"	"North Carolina"	"37"	"15-19 years"	"15-19"	661281
	"2015"	"2015"	"North Carolina"	"37"	"20-24 years"	"20-24"	709003
	"2015"	"2015"	"North Carolina"	"37"	"25-29 years"	"25-29"	674727
	"2015"	"2015"	"North Carolina"	"37"	"30-34 years"	"30-34"	639853
	"2015"	"2015"	"North Carolina"	"37"	"35-39 years"	"35-39"	632752
	"2015"	"2015"	"North Carolina"	"37"	"40-44 years"	"40-44"	664006
	"2015"	"2015"	"North Carolina"	"37"	"45-49 years"	"45-49"	675482
	"2015"	"2015"	"North Carolina"	"37"	"50-54 years"	"50-54"	699919
	"2015"	"2015"	"North Carolina"	"37"	"55-59 years"	"55-59"	671359
	"2015"	"2015"	"North Carolina"	"37"	"60-64 years "	"60-64"	600388
	"2015"	"2015"	"North Carolina"	"37"	"65-69 years"	"65-69"	527782
	"2015"	"2015"	"North Carolina"	"37"	"70-74 years"	"70-74"	376988
	"2015"	"2015"	"North Carolina"	"37"	"75-79 years"	"75-79"	257072
	"2015"	"2015"	"North Carolina"	"37"	"80-84 years"	"80-84"	177414
	"2015"	"2015"	"North Carolina"	"37"	"85+ years"	"85+"	173993
"Total"	"2015"	"2015"	"North Carolina"	"37"			10037218
	"2015"	"2015"	"North Dakota"	"38"	"< 1 year"	"1"	11337
	"2015"	"2015"	"North Dakota"	"38"	"1-4 years"	"1-4"	42366
	"2015"	"2015"	"North Dakota"	"38"	"5-9 years"	"5-9"	49863
	"2015"	"2015"	"North Dakota"	"38"	"10-14 years"	"10-14"	44647
	"2015"	"2015"	"North Dakota"	"38"	"15-19 years"	"15-19"	48415
	"2015"	"2015"	"North Dakota"	"38"	"20-24 years"	"20-24"	69726
	"2015"	"2015"	"North Dakota"	"38"	"25-29 years"	"25-29"	60269
	"2015"	"2015"	"North Dakota"	"38"	"30-34 years"	"30-34"	54038
	"2015"	"2015"	"North Dakota"	"38"	"35-39 years"	"35-39"	45357
	"2015"	"2015"	"North Dakota"	"38"	"40-44 years"	"40-44"	39837
	"2015"	"2015"	"North Dakota"	"38"	"45-49 years"	"45-49"	40330
	"2015"	"2015"	"North Dakota"	"38"	"50-54 years"	"50-54"	47784
	"2015"	"2015"	"North Dakota"	"38"	"55-59 years"	"55-59"	50384
	"2015"	"2015"	"North Dakota"	"38"	"60-64 years "	"60-64"	44117
	"2015"	"2015"	"North Dakota"	"38"	"65-69 years"	"65-69"	33094
	"2015"	"2015"	"North Dakota"	"38"	"70-74 years"	"70-74"	23278
	"2015"	"2015"	"North Dakota"	"38"	"75-79 years"	"75-79"	17781
	"2015"	"2015"	"North Dakota"	"38"	"80-84 years"	"80-84"	14594
	"2015"	"2015"	"North Dakota"	"38"	"85+ years"	"85+"	18320
"Total"	"2015"	"2015"	"North Dakota"	"38"			755537
	"2015"	"2015"	"Ohio"	"39"	"< 1 year"	"1"	138783
	"2015"	"2015"	"Ohio"	"39"	"1-4 years"	"1-4"	559225
	"2015"	"2015"	"Ohio"	"39"	"5-9 years"	"5-9"	723002
	"2015"	"2015"	"Ohio"	"39"	"10-14 years"	"10-14"	745689
	"2015"	"2015"	"Ohio"	"39"	"15-19 years"	"15-19"	772066
	"2015"	"2015"	"Ohio"	"39"	"20-24 years"	"20-24"	791081
	"2015"	"2015"	"Ohio"	"39"	"25-29 years"	"25-29"	765030
	"2015"	"2015"	"Ohio"	"39"	"30-34 years"	"30-34"	722397
	"2015"	"2015"	"Ohio"	"39"	"35-39 years"	"35-39"	691002
	"2015"	"2015"	"Ohio"	"39"	"40-44 years"	"40-44"	704402
	"2015"	"2015"	"Ohio"	"39"	"45-49 years"	"45-49"	747139
	"2015"	"2015"	"Ohio"	"39"	"50-54 years"	"50-54"	825921
	"2015"	"2015"	"Ohio"	"39"	"55-59 years"	"55-59"	848400
	"2015"	"2015"	"Ohio"	"39"	"60-64 years "	"60-64"	744679
	"2015"	"2015"	"Ohio"	"39"	"65-69 years"	"65-69"	616686
	"2015"	"2015"	"Ohio"	"39"	"70-74 years"	"70-74"	428198
	"2015"	"2015"	"Ohio"	"39"	"75-79 years"	"75-79"	315450
	"2015"	"2015"	"Ohio"	"39"	"80-84 years"	"80-84"	229520
	"2015"	"2015"	"Ohio"	"39"	"85+ years"	"85+"	253645
"Total"	"2015"	"2015"	"Ohio"	"39"			11622315
	"2015"	"2015"	"Oklahoma"	"40"	"< 1 year"	"1"	53106
	"2015"	"2015"	"Oklahoma"	"40"	"1-4 years"	"1-4"	214205
	"2015"	"2015"	"Oklahoma"	"40"	"5-9 years"	"5-9"	271466
	"2015"	"2015"	"Oklahoma"	"40"	"10-14 years"	"10-14"	264911
	"2015"	"2015"	"Oklahoma"	"40"	"15-19 years"	"15-19"	260891
	"2015"	"2015"	"Oklahoma"	"40"	"20-24 years"	"20-24"	287301
	"2015"	"2015"	"Oklahoma"	"40"	"25-29 years"	"25-29"	272350
	"2015"	"2015"	"Oklahoma"	"40"	"30-34 years"	"30-34"	269881
	"2015"	"2015"	"Oklahoma"	"40"	"35-39 years"	"35-39"	244124
	"2015"	"2015"	"Oklahoma"	"40"	"40-44 years"	"40-44"	232376
	"2015"	"2015"	"Oklahoma"	"40"	"45-49 years"	"45-49"	227438
	"2015"	"2015"	"Oklahoma"	"40"	"50-54 years"	"50-54"	255750
	"2015"	"2015"	"Oklahoma"	"40"	"55-59 years"	"55-59"	255906
	"2015"	"2015"	"Oklahoma"	"40"	"60-64 years "	"60-64"	226065
	"2015"	"2015"	"Oklahoma"	"40"	"65-69 years"	"65-69"	190154
	"2015"	"2015"	"Oklahoma"	"40"	"70-74 years"	"70-74"	141468
	"2015"	"2015"	"Oklahoma"	"40"	"75-79 years"	"75-79"	102134
	"2015"	"2015"	"Oklahoma"	"40"	"80-84 years"	"80-84"	71661
	"2015"	"2015"	"Oklahoma"	"40"	"85+ years"	"85+"	69331
"Total"	"2015"	"2015"	"Oklahoma"	"40"			3910518
	"2015"	"2015"	"Oregon"	"41"	"< 1 year"	"1"	45650
	"2015"	"2015"	"Oregon"	"41"	"1-4 years"	"1-4"	186198
	"2015"	"2015"	"Oregon"	"41"	"5-9 years"	"5-9"	243426
	"2015"	"2015"	"Oregon"	"41"	"10-14 years"	"10-14"	240588
	"2015"	"2015"	"Oregon"	"41"	"15-19 years"	"15-19"	244741
	"2015"	"2015"	"Oregon"	"41"	"20-24 years"	"20-24"	266307
	"2015"	"2015"	"Oregon"	"41"	"25-29 years"	"25-29"	275977
	"2015"	"2015"	"Oregon"	"41"	"30-34 years"	"30-34"	281717
	"2015"	"2015"	"Oregon"	"41"	"35-39 years"	"35-39"	269180
	"2015"	"2015"	"Oregon"	"41"	"40-44 years"	"40-44"	255107
	"2015"	"2015"	"Oregon"	"41"	"45-49 years"	"45-49"	250985
	"2015"	"2015"	"Oregon"	"41"	"50-54 years"	"50-54"	261176
	"2015"	"2015"	"Oregon"	"41"	"55-59 years"	"55-59"	273403
	"2015"	"2015"	"Oregon"	"41"	"60-64 years "	"60-64"	269773
	"2015"	"2015"	"Oregon"	"41"	"65-69 years"	"65-69"	231766
	"2015"	"2015"	"Oregon"	"41"	"70-74 years"	"70-74"	160202
	"2015"	"2015"	"Oregon"	"41"	"75-79 years"	"75-79"	106621
	"2015"	"2015"	"Oregon"	"41"	"80-84 years"	"80-84"	72410
	"2015"	"2015"	"Oregon"	"41"	"85+ years"	"85+"	83315
"Total"	"2015"	"2015"	"Oregon"	"41"			4018542
	"2015"	"2015"	"Pennsylvania"	"42"	"< 1 year"	"1"	141423
	"2015"	"2015"	"Pennsylvania"	"42"	"1-4 years"	"1-4"	572582
	"2015"	"2015"	"Pennsylvania"	"42"	"5-9 years"	"5-9"	737641
	"2015"	"2015"	"Pennsylvania"	"42"	"10-14 years"	"10-14"	759737
	"2015"	"2015"	"Pennsylvania"	"42"	"15-19 years"	"15-19"	829537
	"2015"	"2015"	"Pennsylvania"	"42"	"20-24 years"	"20-24"	863012
	"2015"	"2015"	"Pennsylvania"	"42"	"25-29 years"	"25-29"	858497
	"2015"	"2015"	"Pennsylvania"	"42"	"30-34 years"	"30-34"	796422
	"2015"	"2015"	"Pennsylvania"	"42"	"35-39 years"	"35-39"	738644
	"2015"	"2015"	"Pennsylvania"	"42"	"40-44 years"	"40-44"	756583
	"2015"	"2015"	"Pennsylvania"	"42"	"45-49 years"	"45-49"	838942
	"2015"	"2015"	"Pennsylvania"	"42"	"50-54 years"	"50-54"	929953
	"2015"	"2015"	"Pennsylvania"	"42"	"55-59 years"	"55-59"	950197
	"2015"	"2015"	"Pennsylvania"	"42"	"60-64 years "	"60-64"	839552
	"2015"	"2015"	"Pennsylvania"	"42"	"65-69 years"	"65-69"	696013
	"2015"	"2015"	"Pennsylvania"	"42"	"70-74 years"	"70-74"	498916
	"2015"	"2015"	"Pennsylvania"	"42"	"75-79 years"	"75-79"	366553
	"2015"	"2015"	"Pennsylvania"	"42"	"80-84 years"	"80-84"	282139
	"2015"	"2015"	"Pennsylvania"	"42"	"85+ years"	"85+"	333495
"Total"	"2015"	"2015"	"Pennsylvania"	"42"			12789838
	"2015"	"2015"	"Rhode Island"	"44"	"< 1 year"	"1"	10894
	"2015"	"2015"	"Rhode Island"	"44"	"1-4 years"	"1-4"	43954
	"2015"	"2015"	"Rhode Island"	"44"	"5-9 years"	"5-9"	56866
	"2015"	"2015"	"Rhode Island"	"44"	"10-14 years"	"10-14"	60500
	"2015"	"2015"	"Rhode Island"	"44"	"15-19 years"	"15-19"	73635
	"2015"	"2015"	"Rhode Island"	"44"	"20-24 years"	"20-24"	81076
	"2015"	"2015"	"Rhode Island"	"44"	"25-29 years"	"25-29"	74574
	"2015"	"2015"	"Rhode Island"	"44"	"30-34 years"	"30-34"	66860
	"2015"	"2015"	"Rhode Island"	"44"	"35-39 years"	"35-39"	61242
	"2015"	"2015"	"Rhode Island"	"44"	"40-44 years"	"40-44"	62735
	"2015"	"2015"	"Rhode Island"	"44"	"45-49 years"	"45-49"	71421
	"2015"	"2015"	"Rhode Island"	"44"	"50-54 years"	"50-54"	78779
	"2015"	"2015"	"Rhode Island"	"44"	"55-59 years"	"55-59"	77755
	"2015"	"2015"	"Rhode Island"	"44"	"60-64 years "	"60-64"	66916
	"2015"	"2015"	"Rhode Island"	"44"	"65-69 years"	"65-69"	54782
	"2015"	"2015"	"Rhode Island"	"44"	"70-74 years"	"70-74"	38561
	"2015"	"2015"	"Rhode Island"	"44"	"75-79 years"	"75-79"	26964
	"2015"	"2015"	"Rhode Island"	"44"	"80-84 years"	"80-84"	21062
	"2015"	"2015"	"Rhode Island"	"44"	"85+ years"	"85+"	28310
"Total"	"2015"	"2015"	"Rhode Island"	"44"			1056886
	"2015"	"2015"	"South Carolina"	"45"	"< 1 year"	"1"	57945
	"2015"	"2015"	"South Carolina"	"45"	"1-4 years"	"1-4"	232872
	"2015"	"2015"	"South Carolina"	"45"	"5-9 years"	"5-9"	310305
	"2015"	"2015"	"South Carolina"	"45"	"10-14 years"	"10-14"	305209
	"2015"	"2015"	"South Carolina"	"45"	"15-19 years"	"15-19"	315832
	"2015"	"2015"	"South Carolina"	"45"	"20-24 years"	"20-24"	347437
	"2015"	"2015"	"South Carolina"	"45"	"25-29 years"	"25-29"	332526
	"2015"	"2015"	"South Carolina"	"45"	"30-34 years"	"30-34"	308271
	"2015"	"2015"	"South Carolina"	"45"	"35-39 years"	"35-39"	295388
	"2015"	"2015"	"South Carolina"	"45"	"40-44 years"	"40-44"	301996
	"2015"	"2015"	"South Carolina"	"45"	"45-49 years"	"45-49"	311498
	"2015"	"2015"	"South Carolina"	"45"	"50-54 years"	"50-54"	338014
	"2015"	"2015"	"South Carolina"	"45"	"55-59 years"	"55-59"	332709
	"2015"	"2015"	"South Carolina"	"45"	"60-64 years "	"60-64"	311015
	"2015"	"2015"	"South Carolina"	"45"	"65-69 years"	"65-69"	284918
	"2015"	"2015"	"South Carolina"	"45"	"70-74 years"	"70-74"	204750
	"2015"	"2015"	"South Carolina"	"45"	"75-79 years"	"75-79"	135086
	"2015"	"2015"	"South Carolina"	"45"	"80-84 years"	"80-84"	88338
	"2015"	"2015"	"South Carolina"	"45"	"85+ years"	"85+"	81897
"Total"	"2015"	"2015"	"South Carolina"	"45"			4896006
	"2015"	"2015"	"South Dakota"	"46"	"< 1 year"	"1"	12346
	"2015"	"2015"	"South Dakota"	"46"	"1-4 years"	"1-4"	48666
	"2015"	"2015"	"South Dakota"	"46"	"5-9 years"	"5-9"	60531
	"2015"	"2015"	"South Dakota"	"46"	"10-14 years"	"10-14"	56666
	"2015"	"2015"	"South Dakota"	"46"	"15-19 years"	"15-19"	56374
	"2015"	"2015"	"South Dakota"	"46"	"20-24 years"	"20-24"	60758
	"2015"	"2015"	"South Dakota"	"46"	"25-29 years"	"25-29"	56102
	"2015"	"2015"	"South Dakota"	"46"	"30-34 years"	"30-34"	56354
	"2015"	"2015"	"South Dakota"	"46"	"35-39 years"	"35-39"	50868
	"2015"	"2015"	"South Dakota"	"46"	"40-44 years"	"40-44"	45977
	"2015"	"2015"	"South Dakota"	"46"	"45-49 years"	"45-49"	47539
	"2015"	"2015"	"South Dakota"	"46"	"50-54 years"	"50-54"	56592
	"2015"	"2015"	"South Dakota"	"46"	"55-59 years"	"55-59"	59110
	"2015"	"2015"	"South Dakota"	"46"	"60-64 years "	"60-64"	54418
	"2015"	"2015"	"South Dakota"	"46"	"65-69 years"	"65-69"	43443
	"2015"	"2015"	"South Dakota"	"46"	"70-74 years"	"70-74"	29252
	"2015"	"2015"	"South Dakota"	"46"	"75-79 years"	"75-79"	21721
	"2015"	"2015"	"South Dakota"	"46"	"80-84 years"	"80-84"	17206
	"2015"	"2015"	"South Dakota"	"46"	"85+ years"	"85+"	20740
"Total"	"2015"	"2015"	"South Dakota"	"46"			854663
	"2015"	"2015"	"Tennessee"	"47"	"< 1 year"	"1"	81339
	"2015"	"2015"	"Tennessee"	"47"	"1-4 years"	"1-4"	322184
	"2015"	"2015"	"Tennessee"	"47"	"5-9 years"	"5-9"	417704
	"2015"	"2015"	"Tennessee"	"47"	"10-14 years"	"10-14"	420720
	"2015"	"2015"	"Tennessee"	"47"	"15-19 years"	"15-19"	420402
	"2015"	"2015"	"Tennessee"	"47"	"20-24 years"	"20-24"	458619
	"2015"	"2015"	"Tennessee"	"47"	"25-29 years"	"25-29"	450490
	"2015"	"2015"	"Tennessee"	"47"	"30-34 years"	"30-34"	426704
	"2015"	"2015"	"Tennessee"	"47"	"35-39 years"	"35-39"	412258
	"2015"	"2015"	"Tennessee"	"47"	"40-44 years"	"40-44"	423720
	"2015"	"2015"	"Tennessee"	"47"	"45-49 years"	"45-49"	431824
	"2015"	"2015"	"Tennessee"	"47"	"50-54 years"	"50-54"	462182
	"2015"	"2015"	"Tennessee"	"47"	"55-59 years"	"55-59"	450361
	"2015"	"2015"	"Tennessee"	"47"	"60-64 years "	"60-64"	403440
	"2015"	"2015"	"Tennessee"	"47"	"65-69 years"	"65-69"	352668
	"2015"	"2015"	"Tennessee"	"47"	"70-74 years"	"70-74"	253184
	"2015"	"2015"	"Tennessee"	"47"	"75-79 years"	"75-79"	175586
	"2015"	"2015"	"Tennessee"	"47"	"80-84 years"	"80-84"	118320
	"2015"	"2015"	"Tennessee"	"47"	"85+ years"	"85+"	113649
"Total"	"2015"	"2015"	"Tennessee"	"47"			6595354
	"2015"	"2015"	"Texas"	"48"	"< 1 year"	"1"	401285
	"2015"	"2015"	"Texas"	"48"	"1-4 years"	"1-4"	1588630
	"2015"	"2015"	"Texas"	"48"	"5-9 years"	"5-9"	2037434
	"2015"	"2015"	"Texas"	"48"	"10-14 years"	"10-14"	2021352
	"2015"	"2015"	"Texas"	"48"	"15-19 years"	"15-19"	1952793
	"2015"	"2015"	"Texas"	"48"	"20-24 years"	"20-24"	2012702
	"2015"	"2015"	"Texas"	"48"	"25-29 years"	"25-29"	2032528
	"2015"	"2015"	"Texas"	"48"	"30-34 years"	"30-34"	2001457
	"2015"	"2015"	"Texas"	"48"	"35-39 years"	"35-39"	1870248
	"2015"	"2015"	"Texas"	"48"	"40-44 years"	"40-44"	1825611
	"2015"	"2015"	"Texas"	"48"	"45-49 years"	"45-49"	1733684
	"2015"	"2015"	"Texas"	"48"	"50-54 years"	"50-54"	1753505
	"2015"	"2015"	"Texas"	"48"	"55-59 years"	"55-59"	1651212
	"2015"	"2015"	"Texas"	"48"	"60-64 years "	"60-64"	1384211
	"2015"	"2015"	"Texas"	"48"	"65-69 years"	"65-69"	1124416
	"2015"	"2015"	"Texas"	"48"	"70-74 years"	"70-74"	787578
	"2015"	"2015"	"Texas"	"48"	"75-79 years"	"75-79"	542968
	"2015"	"2015"	"Texas"	"48"	"80-84 years"	"80-84"	379002
	"2015"	"2015"	"Texas"	"48"	"85+ years"	"85+"	367915
"Total"	"2015"	"2015"	"Texas"	"48"			27468531
	"2015"	"2015"	"Utah"	"49"	"< 1 year"	"1"	50852
	"2015"	"2015"	"Utah"	"49"	"1-4 years"	"1-4"	201898
	"2015"	"2015"	"Utah"	"49"	"5-9 years"	"5-9"	261706
	"2015"	"2015"	"Utah"	"49"	"10-14 years"	"10-14"	252672
	"2015"	"2015"	"Utah"	"49"	"15-19 years"	"15-19"	230716
	"2015"	"2015"	"Utah"	"49"	"20-24 years"	"20-24"	250480
	"2015"	"2015"	"Utah"	"49"	"25-29 years"	"25-29"	219514
	"2015"	"2015"	"Utah"	"49"	"30-34 years"	"30-34"	222346
	"2015"	"2015"	"Utah"	"49"	"35-39 years"	"35-39"	217137
	"2015"	"2015"	"Utah"	"49"	"40-44 years"	"40-44"	179174
	"2015"	"2015"	"Utah"	"49"	"45-49 years"	"45-49"	154859
	"2015"	"2015"	"Utah"	"49"	"50-54 years"	"50-54"	153079
	"2015"	"2015"	"Utah"	"49"	"55-59 years"	"55-59"	151003
	"2015"	"2015"	"Utah"	"49"	"60-64 years "	"60-64"	131778
	"2015"	"2015"	"Utah"	"49"	"65-69 years"	"65-69"	105621
	"2015"	"2015"	"Utah"	"49"	"70-74 years"	"70-74"	75523
	"2015"	"2015"	"Utah"	"49"	"75-79 years"	"75-79"	52843
	"2015"	"2015"	"Utah"	"49"	"80-84 years"	"80-84"	37069
	"2015"	"2015"	"Utah"	"49"	"85+ years"	"85+"	35356
"Total"	"2015"	"2015"	"Utah"	"49"			2983626
	"2015"	"2015"	"Vermont"	"50"	"< 1 year"	"1"	6010
	"2015"	"2015"	"Vermont"	"50"	"1-4 years"	"1-4"	24555
	"2015"	"2015"	"Vermont"	"50"	"5-9 years"	"5-9"	32429
	"2015"	"2015"	"Vermont"	"50"	"10-14 years"	"10-14"	34503
	"2015"	"2015"	"Vermont"	"50"	"15-19 years"	"15-19"	43618
	"2015"	"2015"	"Vermont"	"50"	"20-24 years"	"20-24"	47130
	"2015"	"2015"	"Vermont"	"50"	"25-29 years"	"25-29"	35917
	"2015"	"2015"	"Vermont"	"50"	"30-34 years"	"30-34"	36072
	"2015"	"2015"	"Vermont"	"50"	"35-39 years"	"35-39"	34632
	"2015"	"2015"	"Vermont"	"50"	"40-44 years"	"40-44"	35996
	"2015"	"2015"	"Vermont"	"50"	"45-49 years"	"45-49"	40953
	"2015"	"2015"	"Vermont"	"50"	"50-54 years"	"50-54"	48171
	"2015"	"2015"	"Vermont"	"50"	"55-59 years"	"55-59"	50354
	"2015"	"2015"	"Vermont"	"50"	"60-64 years "	"60-64"	46260
	"2015"	"2015"	"Vermont"	"50"	"65-69 years"	"65-69"	38587
	"2015"	"2015"	"Vermont"	"50"	"70-74 years"	"70-74"	26649
	"2015"	"2015"	"Vermont"	"50"	"75-79 years"	"75-79"	17317
	"2015"	"2015"	"Vermont"	"50"	"80-84 years"	"80-84"	12561
	"2015"	"2015"	"Vermont"	"50"	"85+ years"	"85+"	14096
"Total"	"2015"	"2015"	"Vermont"	"50"			625810
	"2015"	"2015"	"Virginia"	"51"	"< 1 year"	"1"	103000
	"2015"	"2015"	"Virginia"	"51"	"1-4 years"	"1-4"	409572
	"2015"	"2015"	"Virginia"	"51"	"5-9 years"	"5-9"	519132
	"2015"	"2015"	"Virginia"	"51"	"10-14 years"	"10-14"	521179
	"2015"	"2015"	"Virginia"	"51"	"15-19 years"	"15-19"	537077
	"2015"	"2015"	"Virginia"	"51"	"20-24 years"	"20-24"	593955
	"2015"	"2015"	"Virginia"	"51"	"25-29 years"	"25-29"	590797
	"2015"	"2015"	"Virginia"	"51"	"30-34 years"	"30-34"	580140
	"2015"	"2015"	"Virginia"	"51"	"35-39 years"	"35-39"	545094
	"2015"	"2015"	"Virginia"	"51"	"40-44 years"	"40-44"	544249
	"2015"	"2015"	"Virginia"	"51"	"45-49 years"	"45-49"	564960
	"2015"	"2015"	"Virginia"	"51"	"50-54 years"	"50-54"	606655
	"2015"	"2015"	"Virginia"	"51"	"55-59 years"	"55-59"	573294
	"2015"	"2015"	"Virginia"	"51"	"60-64 years "	"60-64"	488940
	"2015"	"2015"	"Virginia"	"51"	"65-69 years"	"65-69"	414633
	"2015"	"2015"	"Virginia"	"51"	"70-74 years"	"70-74"	293878
	"2015"	"2015"	"Virginia"	"51"	"75-79 years"	"75-79"	200967
	"2015"	"2015"	"Virginia"	"51"	"80-84 years"	"80-84"	137742
	"2015"	"2015"	"Virginia"	"51"	"85+ years"	"85+"	142039
"Total"	"2015"	"2015"	"Virginia"	"51"			8367303
	"2015"	"2015"	"Washington"	"53"	"< 1 year"	"1"	88910
	"2015"	"2015"	"Washington"	"53"	"1-4 years"	"1-4"	358648
	"2015"	"2015"	"Washington"	"53"	"5-9 years"	"5-9"	456652
	"2015"	"2015"	"Washington"	"53"	"10-14 years"	"10-14"	440980
	"2015"	"2015"	"Washington"	"53"	"15-19 years"	"15-19"	441738
	"2015"	"2015"	"Washington"	"53"	"20-24 years"	"20-24"	490626
	"2015"	"2015"	"Washington"	"53"	"25-29 years"	"25-29"	530929
	"2015"	"2015"	"Washington"	"53"	"30-34 years"	"30-34"	521650
	"2015"	"2015"	"Washington"	"53"	"35-39 years"	"35-39"	476577
	"2015"	"2015"	"Washington"	"53"	"40-44 years"	"40-44"	454169
	"2015"	"2015"	"Washington"	"53"	"45-49 years"	"45-49"	461225
	"2015"	"2015"	"Washington"	"53"	"50-54 years"	"50-54"	486542
	"2015"	"2015"	"Washington"	"53"	"55-59 years"	"55-59"	487279
	"2015"	"2015"	"Washington"	"53"	"60-64 years "	"60-64"	442868
	"2015"	"2015"	"Washington"	"53"	"65-69 years"	"65-69"	367893
	"2015"	"2015"	"Washington"	"53"	"70-74 years"	"70-74"	252076
	"2015"	"2015"	"Washington"	"53"	"75-79 years"	"75-79"	165513
	"2015"	"2015"	"Washington"	"53"	"80-84 years"	"80-84"	113674
	"2015"	"2015"	"Washington"	"53"	"85+ years"	"85+"	129338
"Total"	"2015"	"2015"	"Washington"	"53"			7167287
	"2015"	"2015"	"West Virginia"	"54"	"< 1 year"	"1"	19929
	"2015"	"2015"	"West Virginia"	"54"	"1-4 years"	"1-4"	82160
	"2015"	"2015"	"West Virginia"	"54"	"5-9 years"	"5-9"	104273
	"2015"	"2015"	"West Virginia"	"54"	"10-14 years"	"10-14"	106141
	"2015"	"2015"	"West Virginia"	"54"	"15-19 years"	"15-19"	110379
	"2015"	"2015"	"West Virginia"	"54"	"20-24 years"	"20-24"	122670
	"2015"	"2015"	"West Virginia"	"54"	"25-29 years"	"25-29"	110416
	"2015"	"2015"	"West Virginia"	"54"	"30-34 years"	"30-34"	107627
	"2015"	"2015"	"West Virginia"	"54"	"35-39 years"	"35-39"	111664
	"2015"	"2015"	"West Virginia"	"54"	"40-44 years"	"40-44"	115434
	"2015"	"2015"	"West Virginia"	"54"	"45-49 years"	"45-49"	118175
	"2015"	"2015"	"West Virginia"	"54"	"50-54 years"	"50-54"	128623
	"2015"	"2015"	"West Virginia"	"54"	"55-59 years"	"55-59"	137213
	"2015"	"2015"	"West Virginia"	"54"	"60-64 years "	"60-64"	131438
	"2015"	"2015"	"West Virginia"	"54"	"65-69 years"	"65-69"	116161
	"2015"	"2015"	"West Virginia"	"54"	"70-74 years"	"70-74"	81130
	"2015"	"2015"	"West Virginia"	"54"	"75-79 years"	"75-79"	59288
	"2015"	"2015"	"West Virginia"	"54"	"80-84 years"	"80-84"	40429
	"2015"	"2015"	"West Virginia"	"54"	"85+ years"	"85+"	40182
"Total"	"2015"	"2015"	"West Virginia"	"54"			1843332
	"2015"	"2015"	"Wisconsin"	"55"	"< 1 year"	"1"	66755
	"2015"	"2015"	"Wisconsin"	"55"	"1-4 years"	"1-4"	271298
	"2015"	"2015"	"Wisconsin"	"55"	"5-9 years"	"5-9"	362419
	"2015"	"2015"	"Wisconsin"	"55"	"10-14 years"	"10-14"	368800
	"2015"	"2015"	"Wisconsin"	"55"	"15-19 years"	"15-19"	382768
	"2015"	"2015"	"Wisconsin"	"55"	"20-24 years"	"20-24"	408855
	"2015"	"2015"	"Wisconsin"	"55"	"25-29 years"	"25-29"	355896
	"2015"	"2015"	"Wisconsin"	"55"	"30-34 years"	"30-34"	371001
	"2015"	"2015"	"Wisconsin"	"55"	"35-39 years"	"35-39"	349742
	"2015"	"2015"	"Wisconsin"	"55"	"40-44 years"	"40-44"	338695
	"2015"	"2015"	"Wisconsin"	"55"	"45-49 years"	"45-49"	371913
	"2015"	"2015"	"Wisconsin"	"55"	"50-54 years"	"50-54"	425348
	"2015"	"2015"	"Wisconsin"	"55"	"55-59 years"	"55-59"	423319
	"2015"	"2015"	"Wisconsin"	"55"	"60-64 years "	"60-64"	370919
	"2015"	"2015"	"Wisconsin"	"55"	"65-69 years"	"65-69"	297417
	"2015"	"2015"	"Wisconsin"	"55"	"70-74 years"	"70-74"	207780
	"2015"	"2015"	"Wisconsin"	"55"	"75-79 years"	"75-79"	150509
	"2015"	"2015"	"Wisconsin"	"55"	"80-84 years"	"80-84"	111509
	"2015"	"2015"	"Wisconsin"	"55"	"85+ years"	"85+"	127984
"Total"	"2015"	"2015"	"Wisconsin"	"55"			5762927
	"2015"	"2015"	"Wyoming"	"56"	"< 1 year"	"1"	7765
	"2015"	"2015"	"Wyoming"	"56"	"1-4 years"	"1-4"	30747
	"2015"	"2015"	"Wyoming"	"56"	"5-9 years"	"5-9"	41151
	"2015"	"2015"	"Wyoming"	"56"	"10-14 years"	"10-14"	37840
	"2015"	"2015"	"Wyoming"	"56"	"15-19 years"	"15-19"	36831
	"2015"	"2015"	"Wyoming"	"56"	"20-24 years"	"20-24"	41770
	"2015"	"2015"	"Wyoming"	"56"	"25-29 years"	"25-29"	40929
	"2015"	"2015"	"Wyoming"	"56"	"30-34 years"	"30-34"	41446
	"2015"	"2015"	"Wyoming"	"56"	"35-39 years"	"35-39"	37288
	"2015"	"2015"	"Wyoming"	"56"	"40-44 years"	"40-44"	33534
	"2015"	"2015"	"Wyoming"	"56"	"45-49 years"	"45-49"	32610
	"2015"	"2015"	"Wyoming"	"56"	"50-54 years"	"50-54"	38161
	"2015"	"2015"	"Wyoming"	"56"	"55-59 years"	"55-59"	42484
	"2015"	"2015"	"Wyoming"	"56"	"60-64 years "	"60-64"	38584
	"2015"	"2015"	"Wyoming"	"56"	"65-69 years"	"65-69"	30584
	"2015"	"2015"	"Wyoming"	"56"	"70-74 years"	"70-74"	20558
	"2015"	"2015"	"Wyoming"	"56"	"75-79 years"	"75-79"	14194
	"2015"	"2015"	"Wyoming"	"56"	"80-84 years"	"80-84"	9634
	"2015"	"2015"	"Wyoming"	"56"	"85+ years"	"85+"	10279
"Total"	"2015"	"2015"	"Wyoming"	"56"			586389
"Total"	"2015"	"2015"					320738994
	"2016"	"2016"	"Alabama"	"01"	"< 1 year"	"1"	59132
	"2016"	"2016"	"Alabama"	"01"	"1-4 years"	"1-4"	235484
	"2016"	"2016"	"Alabama"	"01"	"5-9 years"	"5-9"	304157
	"2016"	"2016"	"Alabama"	"01"	"10-14 years"	"10-14"	306647
	"2016"	"2016"	"Alabama"	"01"	"15-19 years"	"15-19"	320894
	"2016"	"2016"	"Alabama"	"01"	"20-24 years"	"20-24"	336245
	"2016"	"2016"	"Alabama"	"01"	"25-29 years"	"25-29"	333206
	"2016"	"2016"	"Alabama"	"01"	"30-34 years"	"30-34"	303693
	"2016"	"2016"	"Alabama"	"01"	"35-39 years"	"35-39"	300474
	"2016"	"2016"	"Alabama"	"01"	"40-44 years"	"40-44"	293840
	"2016"	"2016"	"Alabama"	"01"	"45-49 years"	"45-49"	311855
	"2016"	"2016"	"Alabama"	"01"	"50-54 years"	"50-54"	332135
	"2016"	"2016"	"Alabama"	"01"	"55-59 years"	"55-59"	338598
	"2016"	"2016"	"Alabama"	"01"	"60-64 years "	"60-64"	306459
	"2016"	"2016"	"Alabama"	"01"	"65-69 years"	"65-69"	271317
	"2016"	"2016"	"Alabama"	"01"	"70-74 years"	"70-74"	192746
	"2016"	"2016"	"Alabama"	"01"	"75-79 years"	"75-79"	138612
	"2016"	"2016"	"Alabama"	"01"	"80-84 years"	"80-84"	93928
	"2016"	"2016"	"Alabama"	"01"	"85+ years"	"85+"	87402
"Total"	"2016"	"2016"	"Alabama"	"01"			4866824
	"2016"	"2016"	"Alaska"	"02"	"< 1 year"	"1"	11258
	"2016"	"2016"	"Alaska"	"02"	"1-4 years"	"1-4"	43873
	"2016"	"2016"	"Alaska"	"02"	"5-9 years"	"5-9"	52674
	"2016"	"2016"	"Alaska"	"02"	"10-14 years"	"10-14"	49548
	"2016"	"2016"	"Alaska"	"02"	"15-19 years"	"15-19"	47202
	"2016"	"2016"	"Alaska"	"02"	"20-24 years"	"20-24"	57235
	"2016"	"2016"	"Alaska"	"02"	"25-29 years"	"25-29"	62936
	"2016"	"2016"	"Alaska"	"02"	"30-34 years"	"30-34"	57942
	"2016"	"2016"	"Alaska"	"02"	"35-39 years"	"35-39"	49355
	"2016"	"2016"	"Alaska"	"02"	"40-44 years"	"40-44"	42906
	"2016"	"2016"	"Alaska"	"02"	"45-49 years"	"45-49"	45000
	"2016"	"2016"	"Alaska"	"02"	"50-54 years"	"50-54"	48951
	"2016"	"2016"	"Alaska"	"02"	"55-59 years"	"55-59"	50872
	"2016"	"2016"	"Alaska"	"02"	"60-64 years "	"60-64"	44524
	"2016"	"2016"	"Alaska"	"02"	"65-69 years"	"65-69"	33062
	"2016"	"2016"	"Alaska"	"02"	"70-74 years"	"70-74"	20017
	"2016"	"2016"	"Alaska"	"02"	"75-79 years"	"75-79"	11854
	"2016"	"2016"	"Alaska"	"02"	"80-84 years"	"80-84"	7026
	"2016"	"2016"	"Alaska"	"02"	"85+ years"	"85+"	6340
"Total"	"2016"	"2016"	"Alaska"	"02"			742575
	"2016"	"2016"	"Arizona"	"04"	"< 1 year"	"1"	84893
	"2016"	"2016"	"Arizona"	"04"	"1-4 years"	"1-4"	352049
	"2016"	"2016"	"Arizona"	"04"	"5-9 years"	"5-9"	457666
	"2016"	"2016"	"Arizona"	"04"	"10-14 years"	"10-14"	461525
	"2016"	"2016"	"Arizona"	"04"	"15-19 years"	"15-19"	468596
	"2016"	"2016"	"Arizona"	"04"	"20-24 years"	"20-24"	490287
	"2016"	"2016"	"Arizona"	"04"	"25-29 years"	"25-29"	489441
	"2016"	"2016"	"Arizona"	"04"	"30-34 years"	"30-34"	456870
	"2016"	"2016"	"Arizona"	"04"	"35-39 years"	"35-39"	436444
	"2016"	"2016"	"Arizona"	"04"	"40-44 years"	"40-44"	413639
	"2016"	"2016"	"Arizona"	"04"	"45-49 years"	"45-49"	421612
	"2016"	"2016"	"Arizona"	"04"	"50-54 years"	"50-54"	424703
	"2016"	"2016"	"Arizona"	"04"	"55-59 years"	"55-59"	430885
	"2016"	"2016"	"Arizona"	"04"	"60-64 years "	"60-64"	398692
	"2016"	"2016"	"Arizona"	"04"	"65-69 years"	"65-69"	384452
	"2016"	"2016"	"Arizona"	"04"	"70-74 years"	"70-74"	292240
	"2016"	"2016"	"Arizona"	"04"	"75-79 years"	"75-79"	209314
	"2016"	"2016"	"Arizona"	"04"	"80-84 years"	"80-84"	137900
	"2016"	"2016"	"Arizona"	"04"	"85+ years"	"85+"	133559
"Total"	"2016"	"2016"	"Arizona"	"04"			6944767
	"2016"	"2016"	"Arkansas"	"05"	"< 1 year"	"1"	38294
	"2016"	"2016"	"Arkansas"	"05"	"1-4 years"	"1-4"	153156
	"2016"	"2016"	"Arkansas"	"05"	"5-9 years"	"5-9"	197023
	"2016"	"2016"	"Arkansas"	"05"	"10-14 years"	"10-14"	197473
	"2016"	"2016"	"Arkansas"	"05"	"15-19 years"	"15-19"	198861
	"2016"	"2016"	"Arkansas"	"05"	"20-24 years"	"20-24"	205171
	"2016"	"2016"	"Arkansas"	"05"	"25-29 years"	"25-29"	202412
	"2016"	"2016"	"Arkansas"	"05"	"30-34 years"	"30-34"	190670
	"2016"	"2016"	"Arkansas"	"05"	"35-39 years"	"35-39"	187384
	"2016"	"2016"	"Arkansas"	"05"	"40-44 years"	"40-44"	177331
	"2016"	"2016"	"Arkansas"	"05"	"45-49 years"	"45-49"	182811
	"2016"	"2016"	"Arkansas"	"05"	"50-54 years"	"50-54"	195743
	"2016"	"2016"	"Arkansas"	"05"	"55-59 years"	"55-59"	197550
	"2016"	"2016"	"Arkansas"	"05"	"60-64 years "	"60-64"	180380
	"2016"	"2016"	"Arkansas"	"05"	"65-69 years"	"65-69"	163317
	"2016"	"2016"	"Arkansas"	"05"	"70-74 years"	"70-74"	120033
	"2016"	"2016"	"Arkansas"	"05"	"75-79 years"	"75-79"	87276
	"2016"	"2016"	"Arkansas"	"05"	"80-84 years"	"80-84"	59145
	"2016"	"2016"	"Arkansas"	"05"	"85+ years"	"85+"	57785
"Total"	"2016"	"2016"	"Arkansas"	"05"			2991815
	"2016"	"2016"	"California"	"06"	"< 1 year"	"1"	489662
	"2016"	"2016"	"California"	"06"	"1-4 years"	"1-4"	1997199
	"2016"	"2016"	"California"	"06"	"5-9 years"	"5-9"	2537093
	"2016"	"2016"	"California"	"06"	"10-14 years"	"10-14"	2520568
	"2016"	"2016"	"California"	"06"	"15-19 years"	"15-19"	2579327
	"2016"	"2016"	"California"	"06"	"20-24 years"	"20-24"	2806808
	"2016"	"2016"	"California"	"06"	"25-29 years"	"25-29"	3074167
	"2016"	"2016"	"California"	"06"	"30-34 years"	"30-34"	2862267
	"2016"	"2016"	"California"	"06"	"35-39 years"	"35-39"	2648440
	"2016"	"2016"	"California"	"06"	"40-44 years"	"40-44"	2498772
	"2016"	"2016"	"California"	"06"	"45-49 years"	"45-49"	2586790
	"2016"	"2016"	"California"	"06"	"50-54 years"	"50-54"	2573671
	"2016"	"2016"	"California"	"06"	"55-59 years"	"55-59"	2503271
	"2016"	"2016"	"California"	"06"	"60-64 years "	"60-64"	2162377
	"2016"	"2016"	"California"	"06"	"65-69 years"	"65-69"	1807255
	"2016"	"2016"	"California"	"06"	"70-74 years"	"70-74"	1258389
	"2016"	"2016"	"California"	"06"	"75-79 years"	"75-79"	891536
	"2016"	"2016"	"California"	"06"	"80-84 years"	"80-84"	634585
	"2016"	"2016"	"California"	"06"	"85+ years"	"85+"	717009
"Total"	"2016"	"2016"	"California"	"06"			39149186
	"2016"	"2016"	"Colorado"	"08"	"< 1 year"	"1"	66518
	"2016"	"2016"	"Colorado"	"08"	"1-4 years"	"1-4"	269147
	"2016"	"2016"	"Colorado"	"08"	"5-9 years"	"5-9"	355451
	"2016"	"2016"	"Colorado"	"08"	"10-14 years"	"10-14"	361164
	"2016"	"2016"	"Colorado"	"08"	"15-19 years"	"15-19"	353484
	"2016"	"2016"	"Colorado"	"08"	"20-24 years"	"20-24"	381121
	"2016"	"2016"	"Colorado"	"08"	"25-29 years"	"25-29"	429534
	"2016"	"2016"	"Colorado"	"08"	"30-34 years"	"30-34"	423889
	"2016"	"2016"	"Colorado"	"08"	"35-39 years"	"35-39"	390425
	"2016"	"2016"	"Colorado"	"08"	"40-44 years"	"40-44"	356694
	"2016"	"2016"	"Colorado"	"08"	"45-49 years"	"45-49"	360209
	"2016"	"2016"	"Colorado"	"08"	"50-54 years"	"50-54"	357266
	"2016"	"2016"	"Colorado"	"08"	"55-59 years"	"55-59"	369484
	"2016"	"2016"	"Colorado"	"08"	"60-64 years "	"60-64"	329691
	"2016"	"2016"	"Colorado"	"08"	"65-69 years"	"65-69"	277221
	"2016"	"2016"	"Colorado"	"08"	"70-74 years"	"70-74"	178999
	"2016"	"2016"	"Colorado"	"08"	"75-79 years"	"75-79"	118428
	"2016"	"2016"	"Colorado"	"08"	"80-84 years"	"80-84"	80130
	"2016"	"2016"	"Colorado"	"08"	"85+ years"	"85+"	84989
"Total"	"2016"	"2016"	"Colorado"	"08"			5543844
	"2016"	"2016"	"Connecticut"	"09"	"< 1 year"	"1"	35882
	"2016"	"2016"	"Connecticut"	"09"	"1-4 years"	"1-4"	148846
	"2016"	"2016"	"Connecticut"	"09"	"5-9 years"	"5-9"	202252
	"2016"	"2016"	"Connecticut"	"09"	"10-14 years"	"10-14"	222079
	"2016"	"2016"	"Connecticut"	"09"	"15-19 years"	"15-19"	247404
	"2016"	"2016"	"Connecticut"	"09"	"20-24 years"	"20-24"	247102
	"2016"	"2016"	"Connecticut"	"09"	"25-29 years"	"25-29"	218715
	"2016"	"2016"	"Connecticut"	"09"	"30-34 years"	"30-34"	220064
	"2016"	"2016"	"Connecticut"	"09"	"35-39 years"	"35-39"	212591
	"2016"	"2016"	"Connecticut"	"09"	"40-44 years"	"40-44"	210179
	"2016"	"2016"	"Connecticut"	"09"	"45-49 years"	"45-49"	249376
	"2016"	"2016"	"Connecticut"	"09"	"50-54 years"	"50-54"	274307
	"2016"	"2016"	"Connecticut"	"09"	"55-59 years"	"55-59"	272812
	"2016"	"2016"	"Connecticut"	"09"	"60-64 years "	"60-64"	231143
	"2016"	"2016"	"Connecticut"	"09"	"65-69 years"	"65-69"	189862
	"2016"	"2016"	"Connecticut"	"09"	"70-74 years"	"70-74"	138828
	"2016"	"2016"	"Connecticut"	"09"	"75-79 years"	"75-79"	95206
	"2016"	"2016"	"Connecticut"	"09"	"80-84 years"	"80-84"	71237
	"2016"	"2016"	"Connecticut"	"09"	"85+ years"	"85+"	91945
"Total"	"2016"	"2016"	"Connecticut"	"09"			3579830
	"2016"	"2016"	"Delaware"	"10"	"< 1 year"	"1"	11163
	"2016"	"2016"	"Delaware"	"10"	"1-4 years"	"1-4"	44046
	"2016"	"2016"	"Delaware"	"10"	"5-9 years"	"5-9"	56631
	"2016"	"2016"	"Delaware"	"10"	"10-14 years"	"10-14"	57232
	"2016"	"2016"	"Delaware"	"10"	"15-19 years"	"15-19"	59957
	"2016"	"2016"	"Delaware"	"10"	"20-24 years"	"20-24"	60206
	"2016"	"2016"	"Delaware"	"10"	"25-29 years"	"25-29"	67243
	"2016"	"2016"	"Delaware"	"10"	"30-34 years"	"30-34"	60029
	"2016"	"2016"	"Delaware"	"10"	"35-39 years"	"35-39"	56329
	"2016"	"2016"	"Delaware"	"10"	"40-44 years"	"40-44"	52760
	"2016"	"2016"	"Delaware"	"10"	"45-49 years"	"45-49"	60385
	"2016"	"2016"	"Delaware"	"10"	"50-54 years"	"50-54"	66767
	"2016"	"2016"	"Delaware"	"10"	"55-59 years"	"55-59"	67803
	"2016"	"2016"	"Delaware"	"10"	"60-64 years "	"60-64"	62331
	"2016"	"2016"	"Delaware"	"10"	"65-69 years"	"65-69"	57984
	"2016"	"2016"	"Delaware"	"10"	"70-74 years"	"70-74"	42103
	"2016"	"2016"	"Delaware"	"10"	"75-79 years"	"75-79"	28715
	"2016"	"2016"	"Delaware"	"10"	"80-84 years"	"80-84"	19178
	"2016"	"2016"	"Delaware"	"10"	"85+ years"	"85+"	19127
"Total"	"2016"	"2016"	"Delaware"	"10"			949989
	"2016"	"2016"	"District of Columbia"	"11"	"< 1 year"	"1"	9803
	"2016"	"2016"	"District of Columbia"	"11"	"1-4 years"	"1-4"	35026
	"2016"	"2016"	"District of Columbia"	"11"	"5-9 years"	"5-9"	34254
	"2016"	"2016"	"District of Columbia"	"11"	"10-14 years"	"10-14"	26635
	"2016"	"2016"	"District of Columbia"	"11"	"15-19 years"	"15-19"	36651
	"2016"	"2016"	"District of Columbia"	"11"	"20-24 years"	"20-24"	54570
	"2016"	"2016"	"District of Columbia"	"11"	"25-29 years"	"25-29"	83355
	"2016"	"2016"	"District of Columbia"	"11"	"30-34 years"	"30-34"	78033
	"2016"	"2016"	"District of Columbia"	"11"	"35-39 years"	"35-39"	57690
	"2016"	"2016"	"District of Columbia"	"11"	"40-44 years"	"40-44"	41616
	"2016"	"2016"	"District of Columbia"	"11"	"45-49 years"	"45-49"	38811
	"2016"	"2016"	"District of Columbia"	"11"	"50-54 years"	"50-54"	38546
	"2016"	"2016"	"District of Columbia"	"11"	"55-59 years"	"55-59"	37145
	"2016"	"2016"	"District of Columbia"	"11"	"60-64 years "	"60-64"	33366
	"2016"	"2016"	"District of Columbia"	"11"	"65-69 years"	"65-69"	28258
	"2016"	"2016"	"District of Columbia"	"11"	"70-74 years"	"70-74"	19073
	"2016"	"2016"	"District of Columbia"	"11"	"75-79 years"	"75-79"	13450
	"2016"	"2016"	"District of Columbia"	"11"	"80-84 years"	"80-84"	9457
	"2016"	"2016"	"District of Columbia"	"11"	"85+ years"	"85+"	11837
"Total"	"2016"	"2016"	"District of Columbia"	"11"			687576
	"2016"	"2016"	"Florida"	"12"	"< 1 year"	"1"	226369
	"2016"	"2016"	"Florida"	"12"	"1-4 years"	"1-4"	900658
	"2016"	"2016"	"Florida"	"12"	"5-9 years"	"5-9"	1146594
	"2016"	"2016"	"Florida"	"12"	"10-14 years"	"10-14"	1160694
	"2016"	"2016"	"Florida"	"12"	"15-19 years"	"15-19"	1198550
	"2016"	"2016"	"Florida"	"12"	"20-24 years"	"20-24"	1283244
	"2016"	"2016"	"Florida"	"12"	"25-29 years"	"25-29"	1395518
	"2016"	"2016"	"Florida"	"12"	"30-34 years"	"30-34"	1297697
	"2016"	"2016"	"Florida"	"12"	"35-39 years"	"35-39"	1243253
	"2016"	"2016"	"Florida"	"12"	"40-44 years"	"40-44"	1233554
	"2016"	"2016"	"Florida"	"12"	"45-49 years"	"45-49"	1330003
	"2016"	"2016"	"Florida"	"12"	"50-54 years"	"50-54"	1430413
	"2016"	"2016"	"Florida"	"12"	"55-59 years"	"55-59"	1417727
	"2016"	"2016"	"Florida"	"12"	"60-64 years "	"60-64"	1297613
	"2016"	"2016"	"Florida"	"12"	"65-69 years"	"65-69"	1257956
	"2016"	"2016"	"Florida"	"12"	"70-74 years"	"70-74"	997798
	"2016"	"2016"	"Florida"	"12"	"75-79 years"	"75-79"	743488
	"2016"	"2016"	"Florida"	"12"	"80-84 years"	"80-84"	521448
	"2016"	"2016"	"Florida"	"12"	"85+ years"	"85+"	544660
"Total"	"2016"	"2016"	"Florida"	"12"			20627237
	"2016"	"2016"	"Georgia"	"13"	"< 1 year"	"1"	130793
	"2016"	"2016"	"Georgia"	"13"	"1-4 years"	"1-4"	529815
	"2016"	"2016"	"Georgia"	"13"	"5-9 years"	"5-9"	699362
	"2016"	"2016"	"Georgia"	"13"	"10-14 years"	"10-14"	715063
	"2016"	"2016"	"Georgia"	"13"	"15-19 years"	"15-19"	716914
	"2016"	"2016"	"Georgia"	"13"	"20-24 years"	"20-24"	723545
	"2016"	"2016"	"Georgia"	"13"	"25-29 years"	"25-29"	734973
	"2016"	"2016"	"Georgia"	"13"	"30-34 years"	"30-34"	691836
	"2016"	"2016"	"Georgia"	"13"	"35-39 years"	"35-39"	685767
	"2016"	"2016"	"Georgia"	"13"	"40-44 years"	"40-44"	675858
	"2016"	"2016"	"Georgia"	"13"	"45-49 years"	"45-49"	708557
	"2016"	"2016"	"Georgia"	"13"	"50-54 years"	"50-54"	706070
	"2016"	"2016"	"Georgia"	"13"	"55-59 years"	"55-59"	664854
	"2016"	"2016"	"Georgia"	"13"	"60-64 years "	"60-64"	570616
	"2016"	"2016"	"Georgia"	"13"	"65-69 years"	"65-69"	496469
	"2016"	"2016"	"Georgia"	"13"	"70-74 years"	"70-74"	341633
	"2016"	"2016"	"Georgia"	"13"	"75-79 years"	"75-79"	228939
	"2016"	"2016"	"Georgia"	"13"	"80-84 years"	"80-84"	148318
	"2016"	"2016"	"Georgia"	"13"	"85+ years"	"85+"	139060
"Total"	"2016"	"2016"	"Georgia"	"13"			10308442
	"2016"	"2016"	"Hawaii"	"15"	"< 1 year"	"1"	18280
	"2016"	"2016"	"Hawaii"	"15"	"1-4 years"	"1-4"	74354
	"2016"	"2016"	"Hawaii"	"15"	"5-9 years"	"5-9"	86574
	"2016"	"2016"	"Hawaii"	"15"	"10-14 years"	"10-14"	81122
	"2016"	"2016"	"Hawaii"	"15"	"15-19 years"	"15-19"	77543
	"2016"	"2016"	"Hawaii"	"15"	"20-24 years"	"20-24"	97548
	"2016"	"2016"	"Hawaii"	"15"	"25-29 years"	"25-29"	106725
	"2016"	"2016"	"Hawaii"	"15"	"30-34 years"	"30-34"	101311
	"2016"	"2016"	"Hawaii"	"15"	"35-39 years"	"35-39"	93300
	"2016"	"2016"	"Hawaii"	"15"	"40-44 years"	"40-44"	84193
	"2016"	"2016"	"Hawaii"	"15"	"45-49 years"	"45-49"	87518
	"2016"	"2016"	"Hawaii"	"15"	"50-54 years"	"50-54"	90124
	"2016"	"2016"	"Hawaii"	"15"	"55-59 years"	"55-59"	93527
	"2016"	"2016"	"Hawaii"	"15"	"60-64 years "	"60-64"	90329
	"2016"	"2016"	"Hawaii"	"15"	"65-69 years"	"65-69"	81527
	"2016"	"2016"	"Hawaii"	"15"	"70-74 years"	"70-74"	58045
	"2016"	"2016"	"Hawaii"	"15"	"75-79 years"	"75-79"	38187
	"2016"	"2016"	"Hawaii"	"15"	"80-84 years"	"80-84"	28573
	"2016"	"2016"	"Hawaii"	"15"	"85+ years"	"85+"	40105
"Total"	"2016"	"2016"	"Hawaii"	"15"			1428885
	"2016"	"2016"	"Idaho"	"16"	"< 1 year"	"1"	22516
	"2016"	"2016"	"Idaho"	"16"	"1-4 years"	"1-4"	92316
	"2016"	"2016"	"Idaho"	"16"	"5-9 years"	"5-9"	123059
	"2016"	"2016"	"Idaho"	"16"	"10-14 years"	"10-14"	125268
	"2016"	"2016"	"Idaho"	"16"	"15-19 years"	"15-19"	120551
	"2016"	"2016"	"Idaho"	"16"	"20-24 years"	"20-24"	112687
	"2016"	"2016"	"Idaho"	"16"	"25-29 years"	"25-29"	112437
	"2016"	"2016"	"Idaho"	"16"	"30-34 years"	"30-34"	109271
	"2016"	"2016"	"Idaho"	"16"	"35-39 years"	"35-39"	108994
	"2016"	"2016"	"Idaho"	"16"	"40-44 years"	"40-44"	98206
	"2016"	"2016"	"Idaho"	"16"	"45-49 years"	"45-49"	98276
	"2016"	"2016"	"Idaho"	"16"	"50-54 years"	"50-54"	100479
	"2016"	"2016"	"Idaho"	"16"	"55-59 years"	"55-59"	106831
	"2016"	"2016"	"Idaho"	"16"	"60-64 years "	"60-64"	100674
	"2016"	"2016"	"Idaho"	"16"	"65-69 years"	"65-69"	89699
	"2016"	"2016"	"Idaho"	"16"	"70-74 years"	"70-74"	63101
	"2016"	"2016"	"Idaho"	"16"	"75-79 years"	"75-79"	43340
	"2016"	"2016"	"Idaho"	"16"	"80-84 years"	"80-84"	28329
	"2016"	"2016"	"Idaho"	"16"	"85+ years"	"85+"	28002
"Total"	"2016"	"2016"	"Idaho"	"16"			1684036
	"2016"	"2016"	"Illinois"	"17"	"< 1 year"	"1"	156029
	"2016"	"2016"	"Illinois"	"17"	"1-4 years"	"1-4"	623126
	"2016"	"2016"	"Illinois"	"17"	"5-9 years"	"5-9"	805831
	"2016"	"2016"	"Illinois"	"17"	"10-14 years"	"10-14"	833008
	"2016"	"2016"	"Illinois"	"17"	"15-19 years"	"15-19"	843854
	"2016"	"2016"	"Illinois"	"17"	"20-24 years"	"20-24"	880389
	"2016"	"2016"	"Illinois"	"17"	"25-29 years"	"25-29"	898874
	"2016"	"2016"	"Illinois"	"17"	"30-34 years"	"30-34"	882724
	"2016"	"2016"	"Illinois"	"17"	"35-39 years"	"35-39"	846578
	"2016"	"2016"	"Illinois"	"17"	"40-44 years"	"40-44"	795493
	"2016"	"2016"	"Illinois"	"17"	"45-49 years"	"45-49"	837296
	"2016"	"2016"	"Illinois"	"17"	"50-54 years"	"50-54"	871361
	"2016"	"2016"	"Illinois"	"17"	"55-59 years"	"55-59"	884995
	"2016"	"2016"	"Illinois"	"17"	"60-64 years "	"60-64"	769627
	"2016"	"2016"	"Illinois"	"17"	"65-69 years"	"65-69"	640068
	"2016"	"2016"	"Illinois"	"17"	"70-74 years"	"70-74"	442033
	"2016"	"2016"	"Illinois"	"17"	"75-79 years"	"75-79"	318548
	"2016"	"2016"	"Illinois"	"17"	"80-84 years"	"80-84"	227798
	"2016"	"2016"	"Illinois"	"17"	"85+ years"	"85+"	264077
"Total"	"2016"	"2016"	"Illinois"	"17"			12821709
	"2016"	"2016"	"Indiana"	"18"	"< 1 year"	"1"	82983
	"2016"	"2016"	"Indiana"	"18"	"1-4 years"	"1-4"	337812
	"2016"	"2016"	"Indiana"	"18"	"5-9 years"	"5-9"	435463
	"2016"	"2016"	"Indiana"	"18"	"10-14 years"	"10-14"	444830
	"2016"	"2016"	"Indiana"	"18"	"15-19 years"	"15-19"	458365
	"2016"	"2016"	"Indiana"	"18"	"20-24 years"	"20-24"	482683
	"2016"	"2016"	"Indiana"	"18"	"25-29 years"	"25-29"	438336
	"2016"	"2016"	"Indiana"	"18"	"30-34 years"	"30-34"	418598
	"2016"	"2016"	"Indiana"	"18"	"35-39 years"	"35-39"	416766
	"2016"	"2016"	"Indiana"	"18"	"40-44 years"	"40-44"	398186
	"2016"	"2016"	"Indiana"	"18"	"45-49 years"	"45-49"	420827
	"2016"	"2016"	"Indiana"	"18"	"50-54 years"	"50-54"	444723
	"2016"	"2016"	"Indiana"	"18"	"55-59 years"	"55-59"	457391
	"2016"	"2016"	"Indiana"	"18"	"60-64 years "	"60-64"	406321
	"2016"	"2016"	"Indiana"	"18"	"65-69 years"	"65-69"	342953
	"2016"	"2016"	"Indiana"	"18"	"70-74 years"	"70-74"	234927
	"2016"	"2016"	"Indiana"	"18"	"75-79 years"	"75-79"	169146
	"2016"	"2016"	"Indiana"	"18"	"80-84 years"	"80-84"	118059
	"2016"	"2016"	"Indiana"	"18"	"85+ years"	"85+"	129529
"Total"	"2016"	"2016"	"Indiana"	"18"			6637898
	"2016"	"2016"	"Iowa"	"19"	"< 1 year"	"1"	39258
	"2016"	"2016"	"Iowa"	"19"	"1-4 years"	"1-4"	159052
	"2016"	"2016"	"Iowa"	"19"	"5-9 years"	"5-9"	204722
	"2016"	"2016"	"Iowa"	"19"	"10-14 years"	"10-14"	204512
	"2016"	"2016"	"Iowa"	"19"	"15-19 years"	"15-19"	214473
	"2016"	"2016"	"Iowa"	"19"	"20-24 years"	"20-24"	231889
	"2016"	"2016"	"Iowa"	"19"	"25-29 years"	"25-29"	195266
	"2016"	"2016"	"Iowa"	"19"	"30-34 years"	"30-34"	199105
	"2016"	"2016"	"Iowa"	"19"	"35-39 years"	"35-39"	194103
	"2016"	"2016"	"Iowa"	"19"	"40-44 years"	"40-44"	173402
	"2016"	"2016"	"Iowa"	"19"	"45-49 years"	"45-49"	186151
	"2016"	"2016"	"Iowa"	"19"	"50-54 years"	"50-54"	202814
	"2016"	"2016"	"Iowa"	"19"	"55-59 years"	"55-59"	217467
	"2016"	"2016"	"Iowa"	"19"	"60-64 years "	"60-64"	198419
	"2016"	"2016"	"Iowa"	"19"	"65-69 years"	"65-69"	167054
	"2016"	"2016"	"Iowa"	"19"	"70-74 years"	"70-74"	112951
	"2016"	"2016"	"Iowa"	"19"	"75-79 years"	"75-79"	87003
	"2016"	"2016"	"Iowa"	"19"	"80-84 years"	"80-84"	66000
	"2016"	"2016"	"Iowa"	"19"	"85+ years"	"85+"	79569
"Total"	"2016"	"2016"	"Iowa"	"19"			3133210
	"2016"	"2016"	"Kansas"	"20"	"< 1 year"	"1"	38642
	"2016"	"2016"	"Kansas"	"20"	"1-4 years"	"1-4"	156625
	"2016"	"2016"	"Kansas"	"20"	"5-9 years"	"5-9"	202234
	"2016"	"2016"	"Kansas"	"20"	"10-14 years"	"10-14"	199631
	"2016"	"2016"	"Kansas"	"20"	"15-19 years"	"15-19"	200930
	"2016"	"2016"	"Kansas"	"20"	"20-24 years"	"20-24"	219507
	"2016"	"2016"	"Kansas"	"20"	"25-29 years"	"25-29"	192175
	"2016"	"2016"	"Kansas"	"20"	"30-34 years"	"30-34"	194109
	"2016"	"2016"	"Kansas"	"20"	"35-39 years"	"35-39"	184016
	"2016"	"2016"	"Kansas"	"20"	"40-44 years"	"40-44"	164148
	"2016"	"2016"	"Kansas"	"20"	"45-49 years"	"45-49"	168847
	"2016"	"2016"	"Kansas"	"20"	"50-54 years"	"50-54"	184280
	"2016"	"2016"	"Kansas"	"20"	"55-59 years"	"55-59"	195414
	"2016"	"2016"	"Kansas"	"20"	"60-64 years "	"60-64"	175977
	"2016"	"2016"	"Kansas"	"20"	"65-69 years"	"65-69"	146003
	"2016"	"2016"	"Kansas"	"20"	"70-74 years"	"70-74"	98752
	"2016"	"2016"	"Kansas"	"20"	"75-79 years"	"75-79"	72351
	"2016"	"2016"	"Kansas"	"20"	"80-84 years"	"80-84"	54576
	"2016"	"2016"	"Kansas"	"20"	"85+ years"	"85+"	64760
"Total"	"2016"	"2016"	"Kansas"	"20"			2912977
	"2016"	"2016"	"Kentucky"	"21"	"< 1 year"	"1"	55573
	"2016"	"2016"	"Kentucky"	"21"	"1-4 years"	"1-4"	221285
	"2016"	"2016"	"Kentucky"	"21"	"5-9 years"	"5-9"	279489
	"2016"	"2016"	"Kentucky"	"21"	"10-14 years"	"10-14"	282460
	"2016"	"2016"	"Kentucky"	"21"	"15-19 years"	"15-19"	286848
	"2016"	"2016"	"Kentucky"	"21"	"20-24 years"	"20-24"	306917
	"2016"	"2016"	"Kentucky"	"21"	"25-29 years"	"25-29"	299101
	"2016"	"2016"	"Kentucky"	"21"	"30-34 years"	"30-34"	277160
	"2016"	"2016"	"Kentucky"	"21"	"35-39 years"	"35-39"	281892
	"2016"	"2016"	"Kentucky"	"21"	"40-44 years"	"40-44"	271627
	"2016"	"2016"	"Kentucky"	"21"	"45-49 years"	"45-49"	288420
	"2016"	"2016"	"Kentucky"	"21"	"50-54 years"	"50-54"	307703
	"2016"	"2016"	"Kentucky"	"21"	"55-59 years"	"55-59"	310288
	"2016"	"2016"	"Kentucky"	"21"	"60-64 years "	"60-64"	279954
	"2016"	"2016"	"Kentucky"	"21"	"65-69 years"	"65-69"	244558
	"2016"	"2016"	"Kentucky"	"21"	"70-74 years"	"70-74"	167240
	"2016"	"2016"	"Kentucky"	"21"	"75-79 years"	"75-79"	120380
	"2016"	"2016"	"Kentucky"	"21"	"80-84 years"	"80-84"	80266
	"2016"	"2016"	"Kentucky"	"21"	"85+ years"	"85+"	79145
"Total"	"2016"	"2016"	"Kentucky"	"21"			4440306
	"2016"	"2016"	"Louisiana"	"22"	"< 1 year"	"1"	63938
	"2016"	"2016"	"Louisiana"	"22"	"1-4 years"	"1-4"	248875
	"2016"	"2016"	"Louisiana"	"22"	"5-9 years"	"5-9"	311417
	"2016"	"2016"	"Louisiana"	"22"	"10-14 years"	"10-14"	304306
	"2016"	"2016"	"Louisiana"	"22"	"15-19 years"	"15-19"	301502
	"2016"	"2016"	"Louisiana"	"22"	"20-24 years"	"20-24"	327538
	"2016"	"2016"	"Louisiana"	"22"	"25-29 years"	"25-29"	349625
	"2016"	"2016"	"Louisiana"	"22"	"30-34 years"	"30-34"	331053
	"2016"	"2016"	"Louisiana"	"22"	"35-39 years"	"35-39"	303976
	"2016"	"2016"	"Louisiana"	"22"	"40-44 years"	"40-44"	268620
	"2016"	"2016"	"Louisiana"	"22"	"45-49 years"	"45-49"	283399
	"2016"	"2016"	"Louisiana"	"22"	"50-54 years"	"50-54"	307256
	"2016"	"2016"	"Louisiana"	"22"	"55-59 years"	"55-59"	317883
	"2016"	"2016"	"Louisiana"	"22"	"60-64 years "	"60-64"	284487
	"2016"	"2016"	"Louisiana"	"22"	"65-69 years"	"65-69"	239327
	"2016"	"2016"	"Louisiana"	"22"	"70-74 years"	"70-74"	163365
	"2016"	"2016"	"Louisiana"	"22"	"75-79 years"	"75-79"	116597
	"2016"	"2016"	"Louisiana"	"22"	"80-84 years"	"80-84"	79593
	"2016"	"2016"	"Louisiana"	"22"	"85+ years"	"85+"	78589
"Total"	"2016"	"2016"	"Louisiana"	"22"			4681346
	"2016"	"2016"	"Maine"	"23"	"< 1 year"	"1"	12635
	"2016"	"2016"	"Maine"	"23"	"1-4 years"	"1-4"	51911
	"2016"	"2016"	"Maine"	"23"	"5-9 years"	"5-9"	69437
	"2016"	"2016"	"Maine"	"23"	"10-14 years"	"10-14"	73541
	"2016"	"2016"	"Maine"	"23"	"15-19 years"	"15-19"	80221
	"2016"	"2016"	"Maine"	"23"	"20-24 years"	"20-24"	77731
	"2016"	"2016"	"Maine"	"23"	"25-29 years"	"25-29"	78878
	"2016"	"2016"	"Maine"	"23"	"30-34 years"	"30-34"	77091
	"2016"	"2016"	"Maine"	"23"	"35-39 years"	"35-39"	75367
	"2016"	"2016"	"Maine"	"23"	"40-44 years"	"40-44"	76132
	"2016"	"2016"	"Maine"	"23"	"45-49 years"	"45-49"	89377
	"2016"	"2016"	"Maine"	"23"	"50-54 years"	"50-54"	101462
	"2016"	"2016"	"Maine"	"23"	"55-59 years"	"55-59"	108720
	"2016"	"2016"	"Maine"	"23"	"60-64 years "	"60-64"	101419
	"2016"	"2016"	"Maine"	"23"	"65-69 years"	"65-69"	90604
	"2016"	"2016"	"Maine"	"23"	"70-74 years"	"70-74"	61689
	"2016"	"2016"	"Maine"	"23"	"75-79 years"	"75-79"	42468
	"2016"	"2016"	"Maine"	"23"	"80-84 years"	"80-84"	30746
	"2016"	"2016"	"Maine"	"23"	"85+ years"	"85+"	32919
"Total"	"2016"	"2016"	"Maine"	"23"			1332348
	"2016"	"2016"	"Maryland"	"24"	"< 1 year"	"1"	73427
	"2016"	"2016"	"Maryland"	"24"	"1-4 years"	"1-4"	293713
	"2016"	"2016"	"Maryland"	"24"	"5-9 years"	"5-9"	375022
	"2016"	"2016"	"Maryland"	"24"	"10-14 years"	"10-14"	373225
	"2016"	"2016"	"Maryland"	"24"	"15-19 years"	"15-19"	384803
	"2016"	"2016"	"Maryland"	"24"	"20-24 years"	"20-24"	388720
	"2016"	"2016"	"Maryland"	"24"	"25-29 years"	"25-29"	418789
	"2016"	"2016"	"Maryland"	"24"	"30-34 years"	"30-34"	411971
	"2016"	"2016"	"Maryland"	"24"	"35-39 years"	"35-39"	392247
	"2016"	"2016"	"Maryland"	"24"	"40-44 years"	"40-44"	368509
	"2016"	"2016"	"Maryland"	"24"	"45-49 years"	"45-49"	412838
	"2016"	"2016"	"Maryland"	"24"	"50-54 years"	"50-54"	442708
	"2016"	"2016"	"Maryland"	"24"	"55-59 years"	"55-59"	430839
	"2016"	"2016"	"Maryland"	"24"	"60-64 years "	"60-64"	364051
	"2016"	"2016"	"Maryland"	"24"	"65-69 years"	"65-69"	305261
	"2016"	"2016"	"Maryland"	"24"	"70-74 years"	"70-74"	210799
	"2016"	"2016"	"Maryland"	"24"	"75-79 years"	"75-79"	144916
	"2016"	"2016"	"Maryland"	"24"	"80-84 years"	"80-84"	100317
	"2016"	"2016"	"Maryland"	"24"	"85+ years"	"85+"	114859
"Total"	"2016"	"2016"	"Maryland"	"24"			6007014
	"2016"	"2016"	"Massachusetts"	"25"	"< 1 year"	"1"	71851
	"2016"	"2016"	"Massachusetts"	"25"	"1-4 years"	"1-4"	290835
	"2016"	"2016"	"Massachusetts"	"25"	"5-9 years"	"5-9"	373407
	"2016"	"2016"	"Massachusetts"	"25"	"10-14 years"	"10-14"	392114
	"2016"	"2016"	"Massachusetts"	"25"	"15-19 years"	"15-19"	457435
	"2016"	"2016"	"Massachusetts"	"25"	"20-24 years"	"20-24"	495331
	"2016"	"2016"	"Massachusetts"	"25"	"25-29 years"	"25-29"	497571
	"2016"	"2016"	"Massachusetts"	"25"	"30-34 years"	"30-34"	466185
	"2016"	"2016"	"Massachusetts"	"25"	"35-39 years"	"35-39"	420684
	"2016"	"2016"	"Massachusetts"	"25"	"40-44 years"	"40-44"	405572
	"2016"	"2016"	"Massachusetts"	"25"	"45-49 years"	"45-49"	462080
	"2016"	"2016"	"Massachusetts"	"25"	"50-54 years"	"50-54"	499163
	"2016"	"2016"	"Massachusetts"	"25"	"55-59 years"	"55-59"	491544
	"2016"	"2016"	"Massachusetts"	"25"	"60-64 years "	"60-64"	426483
	"2016"	"2016"	"Massachusetts"	"25"	"65-69 years"	"65-69"	363494
	"2016"	"2016"	"Massachusetts"	"25"	"70-74 years"	"70-74"	250601
	"2016"	"2016"	"Massachusetts"	"25"	"75-79 years"	"75-79"	173396
	"2016"	"2016"	"Massachusetts"	"25"	"80-84 years"	"80-84"	130044
	"2016"	"2016"	"Massachusetts"	"25"	"85+ years"	"85+"	159490
"Total"	"2016"	"2016"	"Massachusetts"	"25"			6827280
	"2016"	"2016"	"Michigan"	"26"	"< 1 year"	"1"	113194
	"2016"	"2016"	"Michigan"	"26"	"1-4 years"	"1-4"	460501
	"2016"	"2016"	"Michigan"	"26"	"5-9 years"	"5-9"	594969
	"2016"	"2016"	"Michigan"	"26"	"10-14 years"	"10-14"	626567
	"2016"	"2016"	"Michigan"	"26"	"15-19 years"	"15-19"	669622
	"2016"	"2016"	"Michigan"	"26"	"20-24 years"	"20-24"	717753
	"2016"	"2016"	"Michigan"	"26"	"25-29 years"	"25-29"	655799
	"2016"	"2016"	"Michigan"	"26"	"30-34 years"	"30-34"	594169
	"2016"	"2016"	"Michigan"	"26"	"35-39 years"	"35-39"	585586
	"2016"	"2016"	"Michigan"	"26"	"40-44 years"	"40-44"	575146
	"2016"	"2016"	"Michigan"	"26"	"45-49 years"	"45-49"	649126
	"2016"	"2016"	"Michigan"	"26"	"50-54 years"	"50-54"	700123
	"2016"	"2016"	"Michigan"	"26"	"55-59 years"	"55-59"	733074
	"2016"	"2016"	"Michigan"	"26"	"60-64 years "	"60-64"	660807
	"2016"	"2016"	"Michigan"	"26"	"65-69 years"	"65-69"	560186
	"2016"	"2016"	"Michigan"	"26"	"70-74 years"	"70-74"	385321
	"2016"	"2016"	"Michigan"	"26"	"75-79 years"	"75-79"	269458
	"2016"	"2016"	"Michigan"	"26"	"80-84 years"	"80-84"	189470
	"2016"	"2016"	"Michigan"	"26"	"85+ years"	"85+"	213246
"Total"	"2016"	"2016"	"Michigan"	"26"			9954117
	"2016"	"2016"	"Minnesota"	"27"	"< 1 year"	"1"	69968
	"2016"	"2016"	"Minnesota"	"27"	"1-4 years"	"1-4"	283353
	"2016"	"2016"	"Minnesota"	"27"	"5-9 years"	"5-9"	361397
	"2016"	"2016"	"Minnesota"	"27"	"10-14 years"	"10-14"	362325
	"2016"	"2016"	"Minnesota"	"27"	"15-19 years"	"15-19"	356675
	"2016"	"2016"	"Minnesota"	"27"	"20-24 years"	"20-24"	366482
	"2016"	"2016"	"Minnesota"	"27"	"25-29 years"	"25-29"	364941
	"2016"	"2016"	"Minnesota"	"27"	"30-34 years"	"30-34"	384756
	"2016"	"2016"	"Minnesota"	"27"	"35-39 years"	"35-39"	361419
	"2016"	"2016"	"Minnesota"	"27"	"40-44 years"	"40-44"	317208
	"2016"	"2016"	"Minnesota"	"27"	"45-49 years"	"45-49"	346542
	"2016"	"2016"	"Minnesota"	"27"	"50-54 years"	"50-54"	380831
	"2016"	"2016"	"Minnesota"	"27"	"55-59 years"	"55-59"	396264
	"2016"	"2016"	"Minnesota"	"27"	"60-64 years "	"60-64"	343296
	"2016"	"2016"	"Minnesota"	"27"	"65-69 years"	"65-69"	281231
	"2016"	"2016"	"Minnesota"	"27"	"70-74 years"	"70-74"	190214
	"2016"	"2016"	"Minnesota"	"27"	"75-79 years"	"75-79"	138547
	"2016"	"2016"	"Minnesota"	"27"	"80-84 years"	"80-84"	100482
	"2016"	"2016"	"Minnesota"	"27"	"85+ years"	"85+"	119429
"Total"	"2016"	"2016"	"Minnesota"	"27"			5525360
	"2016"	"2016"	"Mississippi"	"28"	"< 1 year"	"1"	37809
	"2016"	"2016"	"Mississippi"	"28"	"1-4 years"	"1-4"	152301
	"2016"	"2016"	"Mississippi"	"28"	"5-9 years"	"5-9"	203499
	"2016"	"2016"	"Mississippi"	"28"	"10-14 years"	"10-14"	202864
	"2016"	"2016"	"Mississippi"	"28"	"15-19 years"	"15-19"	208304
	"2016"	"2016"	"Mississippi"	"28"	"20-24 years"	"20-24"	215525
	"2016"	"2016"	"Mississippi"	"28"	"25-29 years"	"25-29"	204180
	"2016"	"2016"	"Mississippi"	"28"	"30-34 years"	"30-34"	189519
	"2016"	"2016"	"Mississippi"	"28"	"35-39 years"	"35-39"	187934
	"2016"	"2016"	"Mississippi"	"28"	"40-44 years"	"40-44"	177974
	"2016"	"2016"	"Mississippi"	"28"	"45-49 years"	"45-49"	184980
	"2016"	"2016"	"Mississippi"	"28"	"50-54 years"	"50-54"	195266
	"2016"	"2016"	"Mississippi"	"28"	"55-59 years"	"55-59"	200738
	"2016"	"2016"	"Mississippi"	"28"	"60-64 years "	"60-64"	180327
	"2016"	"2016"	"Mississippi"	"28"	"65-69 years"	"65-69"	156758
	"2016"	"2016"	"Mississippi"	"28"	"70-74 years"	"70-74"	108774
	"2016"	"2016"	"Mississippi"	"28"	"75-79 years"	"75-79"	79712
	"2016"	"2016"	"Mississippi"	"28"	"80-84 years"	"80-84"	53101
	"2016"	"2016"	"Mississippi"	"28"	"85+ years"	"85+"	51030
"Total"	"2016"	"2016"	"Mississippi"	"28"			2990595
	"2016"	"2016"	"Missouri"	"29"	"< 1 year"	"1"	74415
	"2016"	"2016"	"Missouri"	"29"	"1-4 years"	"1-4"	300521
	"2016"	"2016"	"Missouri"	"29"	"5-9 years"	"5-9"	384528
	"2016"	"2016"	"Missouri"	"29"	"10-14 years"	"10-14"	388678
	"2016"	"2016"	"Missouri"	"29"	"15-19 years"	"15-19"	394963
	"2016"	"2016"	"Missouri"	"29"	"20-24 years"	"20-24"	422200
	"2016"	"2016"	"Missouri"	"29"	"25-29 years"	"25-29"	412324
	"2016"	"2016"	"Missouri"	"29"	"30-34 years"	"30-34"	399938
	"2016"	"2016"	"Missouri"	"29"	"35-39 years"	"35-39"	380377
	"2016"	"2016"	"Missouri"	"29"	"40-44 years"	"40-44"	349160
	"2016"	"2016"	"Missouri"	"29"	"45-49 years"	"45-49"	375236
	"2016"	"2016"	"Missouri"	"29"	"50-54 years"	"50-54"	413500
	"2016"	"2016"	"Missouri"	"29"	"55-59 years"	"55-59"	432989
	"2016"	"2016"	"Missouri"	"29"	"60-64 years "	"60-64"	381486
	"2016"	"2016"	"Missouri"	"29"	"65-69 years"	"65-69"	328338
	"2016"	"2016"	"Missouri"	"29"	"70-74 years"	"70-74"	233223
	"2016"	"2016"	"Missouri"	"29"	"75-79 years"	"75-79"	169357
	"2016"	"2016"	"Missouri"	"29"	"80-84 years"	"80-84"	120915
	"2016"	"2016"	"Missouri"	"29"	"85+ years"	"85+"	129236
"Total"	"2016"	"2016"	"Missouri"	"29"			6091384
	"2016"	"2016"	"Montana"	"30"	"< 1 year"	"1"	12522
	"2016"	"2016"	"Montana"	"30"	"1-4 years"	"1-4"	50262
	"2016"	"2016"	"Montana"	"30"	"5-9 years"	"5-9"	64069
	"2016"	"2016"	"Montana"	"30"	"10-14 years"	"10-14"	63310
	"2016"	"2016"	"Montana"	"30"	"15-19 years"	"15-19"	63739
	"2016"	"2016"	"Montana"	"30"	"20-24 years"	"20-24"	74251
	"2016"	"2016"	"Montana"	"30"	"25-29 years"	"25-29"	67139
	"2016"	"2016"	"Montana"	"30"	"30-34 years"	"30-34"	66117
	"2016"	"2016"	"Montana"	"30"	"35-39 years"	"35-39"	63850
	"2016"	"2016"	"Montana"	"30"	"40-44 years"	"40-44"	55952
	"2016"	"2016"	"Montana"	"30"	"45-49 years"	"45-49"	58800
	"2016"	"2016"	"Montana"	"30"	"50-54 years"	"50-54"	66731
	"2016"	"2016"	"Montana"	"30"	"55-59 years"	"55-59"	76862
	"2016"	"2016"	"Montana"	"30"	"60-64 years "	"60-64"	75296
	"2016"	"2016"	"Montana"	"30"	"65-69 years"	"65-69"	65516
	"2016"	"2016"	"Montana"	"30"	"70-74 years"	"70-74"	43854
	"2016"	"2016"	"Montana"	"30"	"75-79 years"	"75-79"	30840
	"2016"	"2016"	"Montana"	"30"	"80-84 years"	"80-84"	20491
	"2016"	"2016"	"Montana"	"30"	"85+ years"	"85+"	22536
"Total"	"2016"	"2016"	"Montana"	"30"			1042137
	"2016"	"2016"	"Nebraska"	"31"	"< 1 year"	"1"	26412
	"2016"	"2016"	"Nebraska"	"31"	"1-4 years"	"1-4"	106096
	"2016"	"2016"	"Nebraska"	"31"	"5-9 years"	"5-9"	133268
	"2016"	"2016"	"Nebraska"	"31"	"10-14 years"	"10-14"	131596
	"2016"	"2016"	"Nebraska"	"31"	"15-19 years"	"15-19"	129268
	"2016"	"2016"	"Nebraska"	"31"	"20-24 years"	"20-24"	139313
	"2016"	"2016"	"Nebraska"	"31"	"25-29 years"	"25-29"	124037
	"2016"	"2016"	"Nebraska"	"31"	"30-34 years"	"30-34"	129975
	"2016"	"2016"	"Nebraska"	"31"	"35-39 years"	"35-39"	121886
	"2016"	"2016"	"Nebraska"	"31"	"40-44 years"	"40-44"	108526
	"2016"	"2016"	"Nebraska"	"31"	"45-49 years"	"45-49"	109457
	"2016"	"2016"	"Nebraska"	"31"	"50-54 years"	"50-54"	119596
	"2016"	"2016"	"Nebraska"	"31"	"55-59 years"	"55-59"	126728
	"2016"	"2016"	"Nebraska"	"31"	"60-64 years "	"60-64"	113996
	"2016"	"2016"	"Nebraska"	"31"	"65-69 years"	"65-69"	95601
	"2016"	"2016"	"Nebraska"	"31"	"70-74 years"	"70-74"	63828
	"2016"	"2016"	"Nebraska"	"31"	"75-79 years"	"75-79"	47542
	"2016"	"2016"	"Nebraska"	"31"	"80-84 years"	"80-84"	36348
	"2016"	"2016"	"Nebraska"	"31"	"85+ years"	"85+"	43010
"Total"	"2016"	"2016"	"Nebraska"	"31"			1906483
	"2016"	"2016"	"Nevada"	"32"	"< 1 year"	"1"	36139
	"2016"	"2016"	"Nevada"	"32"	"1-4 years"	"1-4"	146304
	"2016"	"2016"	"Nevada"	"32"	"5-9 years"	"5-9"	191738
	"2016"	"2016"	"Nevada"	"32"	"10-14 years"	"10-14"	188371
	"2016"	"2016"	"Nevada"	"32"	"15-19 years"	"15-19"	177551
	"2016"	"2016"	"Nevada"	"32"	"20-24 years"	"20-24"	181936
	"2016"	"2016"	"Nevada"	"32"	"25-29 years"	"25-29"	217101
	"2016"	"2016"	"Nevada"	"32"	"30-34 years"	"30-34"	208166
	"2016"	"2016"	"Nevada"	"32"	"35-39 years"	"35-39"	197782
	"2016"	"2016"	"Nevada"	"32"	"40-44 years"	"40-44"	187699
	"2016"	"2016"	"Nevada"	"32"	"45-49 years"	"45-49"	195885
	"2016"	"2016"	"Nevada"	"32"	"50-54 years"	"50-54"	193139
	"2016"	"2016"	"Nevada"	"32"	"55-59 years"	"55-59"	187410
	"2016"	"2016"	"Nevada"	"32"	"60-64 years "	"60-64"	171741
	"2016"	"2016"	"Nevada"	"32"	"65-69 years"	"65-69"	158948
	"2016"	"2016"	"Nevada"	"32"	"70-74 years"	"70-74"	115386
	"2016"	"2016"	"Nevada"	"32"	"75-79 years"	"75-79"	77186
	"2016"	"2016"	"Nevada"	"32"	"80-84 years"	"80-84"	46699
	"2016"	"2016"	"Nevada"	"32"	"85+ years"	"85+"	40374
"Total"	"2016"	"2016"	"Nevada"	"32"			2919555
	"2016"	"2016"	"New Hampshire"	"33"	"< 1 year"	"1"	12446
	"2016"	"2016"	"New Hampshire"	"33"	"1-4 years"	"1-4"	52019
	"2016"	"2016"	"New Hampshire"	"33"	"5-9 years"	"5-9"	70768
	"2016"	"2016"	"New Hampshire"	"33"	"10-14 years"	"10-14"	77897
	"2016"	"2016"	"New Hampshire"	"33"	"15-19 years"	"15-19"	86993
	"2016"	"2016"	"New Hampshire"	"33"	"20-24 years"	"20-24"	92212
	"2016"	"2016"	"New Hampshire"	"33"	"25-29 years"	"25-29"	82027
	"2016"	"2016"	"New Hampshire"	"33"	"30-34 years"	"30-34"	79796
	"2016"	"2016"	"New Hampshire"	"33"	"35-39 years"	"35-39"	76107
	"2016"	"2016"	"New Hampshire"	"33"	"40-44 years"	"40-44"	77580
	"2016"	"2016"	"New Hampshire"	"33"	"45-49 years"	"45-49"	94751
	"2016"	"2016"	"New Hampshire"	"33"	"50-54 years"	"50-54"	107124
	"2016"	"2016"	"New Hampshire"	"33"	"55-59 years"	"55-59"	110933
	"2016"	"2016"	"New Hampshire"	"33"	"60-64 years "	"60-64"	95744
	"2016"	"2016"	"New Hampshire"	"33"	"65-69 years"	"65-69"	81574
	"2016"	"2016"	"New Hampshire"	"33"	"70-74 years"	"70-74"	54435
	"2016"	"2016"	"New Hampshire"	"33"	"75-79 years"	"75-79"	35696
	"2016"	"2016"	"New Hampshire"	"33"	"80-84 years"	"80-84"	25990
	"2016"	"2016"	"New Hampshire"	"33"	"85+ years"	"85+"	29602
"Total"	"2016"	"2016"	"New Hampshire"	"33"			1343694
	"2016"	"2016"	"New Jersey"	"34"	"< 1 year"	"1"	103145
	"2016"	"2016"	"New Jersey"	"34"	"1-4 years"	"1-4"	418083
	"2016"	"2016"	"New Jersey"	"34"	"5-9 years"	"5-9"	541058
	"2016"	"2016"	"New Jersey"	"34"	"10-14 years"	"10-14"	560834
	"2016"	"2016"	"New Jersey"	"34"	"15-19 years"	"15-19"	563969
	"2016"	"2016"	"New Jersey"	"34"	"20-24 years"	"20-24"	563230
	"2016"	"2016"	"New Jersey"	"34"	"25-29 years"	"25-29"	562897
	"2016"	"2016"	"New Jersey"	"34"	"30-34 years"	"30-34"	569147
	"2016"	"2016"	"New Jersey"	"34"	"35-39 years"	"35-39"	569308
	"2016"	"2016"	"New Jersey"	"34"	"40-44 years"	"40-44"	564142
	"2016"	"2016"	"New Jersey"	"34"	"45-49 years"	"45-49"	625264
	"2016"	"2016"	"New Jersey"	"34"	"50-54 years"	"50-54"	663500
	"2016"	"2016"	"New Jersey"	"34"	"55-59 years"	"55-59"	647214
	"2016"	"2016"	"New Jersey"	"34"	"60-64 years "	"60-64"	542677
	"2016"	"2016"	"New Jersey"	"34"	"65-69 years"	"65-69"	452310
	"2016"	"2016"	"New Jersey"	"34"	"70-74 years"	"70-74"	324675
	"2016"	"2016"	"New Jersey"	"34"	"75-79 years"	"75-79"	230543
	"2016"	"2016"	"New Jersey"	"34"	"80-84 years"	"80-84"	169552
	"2016"	"2016"	"New Jersey"	"34"	"85+ years"	"85+"	202036
"Total"	"2016"	"2016"	"New Jersey"	"34"			8873584
	"2016"	"2016"	"New Mexico"	"35"	"< 1 year"	"1"	25067
	"2016"	"2016"	"New Mexico"	"35"	"1-4 years"	"1-4"	104896
	"2016"	"2016"	"New Mexico"	"35"	"5-9 years"	"5-9"	140271
	"2016"	"2016"	"New Mexico"	"35"	"10-14 years"	"10-14"	139965
	"2016"	"2016"	"New Mexico"	"35"	"15-19 years"	"15-19"	139674
	"2016"	"2016"	"New Mexico"	"35"	"20-24 years"	"20-24"	147912
	"2016"	"2016"	"New Mexico"	"35"	"25-29 years"	"25-29"	143482
	"2016"	"2016"	"New Mexico"	"35"	"30-34 years"	"30-34"	139764
	"2016"	"2016"	"New Mexico"	"35"	"35-39 years"	"35-39"	128089
	"2016"	"2016"	"New Mexico"	"35"	"40-44 years"	"40-44"	116879
	"2016"	"2016"	"New Mexico"	"35"	"45-49 years"	"45-49"	120679
	"2016"	"2016"	"New Mexico"	"35"	"50-54 years"	"50-54"	131826
	"2016"	"2016"	"New Mexico"	"35"	"55-59 years"	"55-59"	141378
	"2016"	"2016"	"New Mexico"	"35"	"60-64 years "	"60-64"	132321
	"2016"	"2016"	"New Mexico"	"35"	"65-69 years"	"65-69"	119535
	"2016"	"2016"	"New Mexico"	"35"	"70-74 years"	"70-74"	83124
	"2016"	"2016"	"New Mexico"	"35"	"75-79 years"	"75-79"	58778
	"2016"	"2016"	"New Mexico"	"35"	"80-84 years"	"80-84"	40152
	"2016"	"2016"	"New Mexico"	"35"	"85+ years"	"85+"	38763
"Total"	"2016"	"2016"	"New Mexico"	"35"			2092555
	"2016"	"2016"	"New York"	"36"	"< 1 year"	"1"	237148
	"2016"	"2016"	"New York"	"36"	"1-4 years"	"1-4"	931989
	"2016"	"2016"	"New York"	"36"	"5-9 years"	"5-9"	1130206
	"2016"	"2016"	"New York"	"36"	"10-14 years"	"10-14"	1137811
	"2016"	"2016"	"New York"	"36"	"15-19 years"	"15-19"	1218906
	"2016"	"2016"	"New York"	"36"	"20-24 years"	"20-24"	1357953
	"2016"	"2016"	"New York"	"36"	"25-29 years"	"25-29"	1495248
	"2016"	"2016"	"New York"	"36"	"30-34 years"	"30-34"	1378674
	"2016"	"2016"	"New York"	"36"	"35-39 years"	"35-39"	1254160
	"2016"	"2016"	"New York"	"36"	"40-44 years"	"40-44"	1176233
	"2016"	"2016"	"New York"	"36"	"45-49 years"	"45-49"	1301452
	"2016"	"2016"	"New York"	"36"	"50-54 years"	"50-54"	1383621
	"2016"	"2016"	"New York"	"36"	"55-59 years"	"55-59"	1371024
	"2016"	"2016"	"New York"	"36"	"60-64 years "	"60-64"	1188964
	"2016"	"2016"	"New York"	"36"	"65-69 years"	"65-69"	1015763
	"2016"	"2016"	"New York"	"36"	"70-74 years"	"70-74"	711469
	"2016"	"2016"	"New York"	"36"	"75-79 years"	"75-79"	517307
	"2016"	"2016"	"New York"	"36"	"80-84 years"	"80-84"	378507
	"2016"	"2016"	"New York"	"36"	"85+ years"	"85+"	449956
"Total"	"2016"	"2016"	"New York"	"36"			19636391
	"2016"	"2016"	"North Carolina"	"37"	"< 1 year"	"1"	120676
	"2016"	"2016"	"North Carolina"	"37"	"1-4 years"	"1-4"	485443
	"2016"	"2016"	"North Carolina"	"37"	"5-9 years"	"5-9"	638448
	"2016"	"2016"	"North Carolina"	"37"	"10-14 years"	"10-14"	651520
	"2016"	"2016"	"North Carolina"	"37"	"15-19 years"	"15-19"	676134
	"2016"	"2016"	"North Carolina"	"37"	"20-24 years"	"20-24"	706219
	"2016"	"2016"	"North Carolina"	"37"	"25-29 years"	"25-29"	697473
	"2016"	"2016"	"North Carolina"	"37"	"30-34 years"	"30-34"	646140
	"2016"	"2016"	"North Carolina"	"37"	"35-39 years"	"35-39"	643813
	"2016"	"2016"	"North Carolina"	"37"	"40-44 years"	"40-44"	643976
	"2016"	"2016"	"North Carolina"	"37"	"45-49 years"	"45-49"	690399
	"2016"	"2016"	"North Carolina"	"37"	"50-54 years"	"50-54"	693611
	"2016"	"2016"	"North Carolina"	"37"	"55-59 years"	"55-59"	682234
	"2016"	"2016"	"North Carolina"	"37"	"60-64 years "	"60-64"	615905
	"2016"	"2016"	"North Carolina"	"37"	"65-69 years"	"65-69"	552736
	"2016"	"2016"	"North Carolina"	"37"	"70-74 years"	"70-74"	390666
	"2016"	"2016"	"North Carolina"	"37"	"75-79 years"	"75-79"	266301
	"2016"	"2016"	"North Carolina"	"37"	"80-84 years"	"80-84"	182478
	"2016"	"2016"	"North Carolina"	"37"	"85+ years"	"85+"	177630
"Total"	"2016"	"2016"	"North Carolina"	"37"			10161802
	"2016"	"2016"	"North Dakota"	"38"	"< 1 year"	"1"	11311
	"2016"	"2016"	"North Dakota"	"38"	"1-4 years"	"1-4"	43078
	"2016"	"2016"	"North Dakota"	"38"	"5-9 years"	"5-9"	49766
	"2016"	"2016"	"North Dakota"	"38"	"10-14 years"	"10-14"	45575
	"2016"	"2016"	"North Dakota"	"38"	"15-19 years"	"15-19"	47843
	"2016"	"2016"	"North Dakota"	"38"	"20-24 years"	"20-24"	67159
	"2016"	"2016"	"North Dakota"	"38"	"25-29 years"	"25-29"	60578
	"2016"	"2016"	"North Dakota"	"38"	"30-34 years"	"30-34"	54377
	"2016"	"2016"	"North Dakota"	"38"	"35-39 years"	"35-39"	46947
	"2016"	"2016"	"North Dakota"	"38"	"40-44 years"	"40-44"	39314
	"2016"	"2016"	"North Dakota"	"38"	"45-49 years"	"45-49"	40035
	"2016"	"2016"	"North Dakota"	"38"	"50-54 years"	"50-54"	45153
	"2016"	"2016"	"North Dakota"	"38"	"55-59 years"	"55-59"	50060
	"2016"	"2016"	"North Dakota"	"38"	"60-64 years "	"60-64"	45127
	"2016"	"2016"	"North Dakota"	"38"	"65-69 years"	"65-69"	35050
	"2016"	"2016"	"North Dakota"	"38"	"70-74 years"	"70-74"	23804
	"2016"	"2016"	"North Dakota"	"38"	"75-79 years"	"75-79"	17819
	"2016"	"2016"	"North Dakota"	"38"	"80-84 years"	"80-84"	14524
	"2016"	"2016"	"North Dakota"	"38"	"85+ years"	"85+"	18594
"Total"	"2016"	"2016"	"North Dakota"	"38"			756114
	"2016"	"2016"	"Ohio"	"39"	"< 1 year"	"1"	137994
	"2016"	"2016"	"Ohio"	"39"	"1-4 years"	"1-4"	561182
	"2016"	"2016"	"Ohio"	"39"	"5-9 years"	"5-9"	716384
	"2016"	"2016"	"Ohio"	"39"	"10-14 years"	"10-14"	739469
	"2016"	"2016"	"Ohio"	"39"	"15-19 years"	"15-19"	769752
	"2016"	"2016"	"Ohio"	"39"	"20-24 years"	"20-24"	778804
	"2016"	"2016"	"Ohio"	"39"	"25-29 years"	"25-29"	782328
	"2016"	"2016"	"Ohio"	"39"	"30-34 years"	"30-34"	725407
	"2016"	"2016"	"Ohio"	"39"	"35-39 years"	"35-39"	705348
	"2016"	"2016"	"Ohio"	"39"	"40-44 years"	"40-44"	677256
	"2016"	"2016"	"Ohio"	"39"	"45-49 years"	"45-49"	749803
	"2016"	"2016"	"Ohio"	"39"	"50-54 years"	"50-54"	798815
	"2016"	"2016"	"Ohio"	"39"	"55-59 years"	"55-59"	847641
	"2016"	"2016"	"Ohio"	"39"	"60-64 years "	"60-64"	758571
	"2016"	"2016"	"Ohio"	"39"	"65-69 years"	"65-69"	648695
	"2016"	"2016"	"Ohio"	"39"	"70-74 years"	"70-74"	434619
	"2016"	"2016"	"Ohio"	"39"	"75-79 years"	"75-79"	322094
	"2016"	"2016"	"Ohio"	"39"	"80-84 years"	"80-84"	230020
	"2016"	"2016"	"Ohio"	"39"	"85+ years"	"85+"	255878
"Total"	"2016"	"2016"	"Ohio"	"39"			11640060
	"2016"	"2016"	"Oklahoma"	"40"	"< 1 year"	"1"	52796
	"2016"	"2016"	"Oklahoma"	"40"	"1-4 years"	"1-4"	213514
	"2016"	"2016"	"Oklahoma"	"40"	"5-9 years"	"5-9"	271769
	"2016"	"2016"	"Oklahoma"	"40"	"10-14 years"	"10-14"	266255
	"2016"	"2016"	"Oklahoma"	"40"	"15-19 years"	"15-19"	262923
	"2016"	"2016"	"Oklahoma"	"40"	"20-24 years"	"20-24"	280912
	"2016"	"2016"	"Oklahoma"	"40"	"25-29 years"	"25-29"	277568
	"2016"	"2016"	"Oklahoma"	"40"	"30-34 years"	"30-34"	269479
	"2016"	"2016"	"Oklahoma"	"40"	"35-39 years"	"35-39"	250586
	"2016"	"2016"	"Oklahoma"	"40"	"40-44 years"	"40-44"	228474
	"2016"	"2016"	"Oklahoma"	"40"	"45-49 years"	"45-49"	230612
	"2016"	"2016"	"Oklahoma"	"40"	"50-54 years"	"50-54"	246259
	"2016"	"2016"	"Oklahoma"	"40"	"55-59 years"	"55-59"	257199
	"2016"	"2016"	"Oklahoma"	"40"	"60-64 years "	"60-64"	230531
	"2016"	"2016"	"Oklahoma"	"40"	"65-69 years"	"65-69"	197956
	"2016"	"2016"	"Oklahoma"	"40"	"70-74 years"	"70-74"	143607
	"2016"	"2016"	"Oklahoma"	"40"	"75-79 years"	"75-79"	104429
	"2016"	"2016"	"Oklahoma"	"40"	"80-84 years"	"80-84"	72477
	"2016"	"2016"	"Oklahoma"	"40"	"85+ years"	"85+"	70797
"Total"	"2016"	"2016"	"Oklahoma"	"40"			3928143
	"2016"	"2016"	"Oregon"	"41"	"< 1 year"	"1"	45744
	"2016"	"2016"	"Oregon"	"41"	"1-4 years"	"1-4"	188295
	"2016"	"2016"	"Oregon"	"41"	"5-9 years"	"5-9"	244687
	"2016"	"2016"	"Oregon"	"41"	"10-14 years"	"10-14"	242799
	"2016"	"2016"	"Oregon"	"41"	"15-19 years"	"15-19"	247059
	"2016"	"2016"	"Oregon"	"41"	"20-24 years"	"20-24"	266564
	"2016"	"2016"	"Oregon"	"41"	"25-29 years"	"25-29"	289948
	"2016"	"2016"	"Oregon"	"41"	"30-34 years"	"30-34"	288794
	"2016"	"2016"	"Oregon"	"41"	"35-39 years"	"35-39"	279755
	"2016"	"2016"	"Oregon"	"41"	"40-44 years"	"40-44"	255153
	"2016"	"2016"	"Oregon"	"41"	"45-49 years"	"45-49"	258923
	"2016"	"2016"	"Oregon"	"41"	"50-54 years"	"50-54"	256254
	"2016"	"2016"	"Oregon"	"41"	"55-59 years"	"55-59"	274534
	"2016"	"2016"	"Oregon"	"41"	"60-64 years "	"60-64"	272995
	"2016"	"2016"	"Oregon"	"41"	"65-69 years"	"65-69"	246068
	"2016"	"2016"	"Oregon"	"41"	"70-74 years"	"70-74"	166612
	"2016"	"2016"	"Oregon"	"41"	"75-79 years"	"75-79"	111712
	"2016"	"2016"	"Oregon"	"41"	"80-84 years"	"80-84"	73541
	"2016"	"2016"	"Oregon"	"41"	"85+ years"	"85+"	83834
"Total"	"2016"	"2016"	"Oregon"	"41"			4093271
	"2016"	"2016"	"Pennsylvania"	"42"	"< 1 year"	"1"	140009
	"2016"	"2016"	"Pennsylvania"	"42"	"1-4 years"	"1-4"	571654
	"2016"	"2016"	"Pennsylvania"	"42"	"5-9 years"	"5-9"	733356
	"2016"	"2016"	"Pennsylvania"	"42"	"10-14 years"	"10-14"	754469
	"2016"	"2016"	"Pennsylvania"	"42"	"15-19 years"	"15-19"	822676
	"2016"	"2016"	"Pennsylvania"	"42"	"20-24 years"	"20-24"	845387
	"2016"	"2016"	"Pennsylvania"	"42"	"25-29 years"	"25-29"	865478
	"2016"	"2016"	"Pennsylvania"	"42"	"30-34 years"	"30-34"	807143
	"2016"	"2016"	"Pennsylvania"	"42"	"35-39 years"	"35-39"	754353
	"2016"	"2016"	"Pennsylvania"	"42"	"40-44 years"	"40-44"	726532
	"2016"	"2016"	"Pennsylvania"	"42"	"45-49 years"	"45-49"	831806
	"2016"	"2016"	"Pennsylvania"	"42"	"50-54 years"	"50-54"	903441
	"2016"	"2016"	"Pennsylvania"	"42"	"55-59 years"	"55-59"	949374
	"2016"	"2016"	"Pennsylvania"	"42"	"60-64 years "	"60-64"	855972
	"2016"	"2016"	"Pennsylvania"	"42"	"65-69 years"	"65-69"	730125
	"2016"	"2016"	"Pennsylvania"	"42"	"70-74 years"	"70-74"	507512
	"2016"	"2016"	"Pennsylvania"	"42"	"75-79 years"	"75-79"	373023
	"2016"	"2016"	"Pennsylvania"	"42"	"80-84 years"	"80-84"	279897
	"2016"	"2016"	"Pennsylvania"	"42"	"85+ years"	"85+"	336261
"Total"	"2016"	"2016"	"Pennsylvania"	"42"			12788468
	"2016"	"2016"	"Rhode Island"	"44"	"< 1 year"	"1"	10997
	"2016"	"2016"	"Rhode Island"	"44"	"1-4 years"	"1-4"	43865
	"2016"	"2016"	"Rhode Island"	"44"	"5-9 years"	"5-9"	56195
	"2016"	"2016"	"Rhode Island"	"44"	"10-14 years"	"10-14"	60198
	"2016"	"2016"	"Rhode Island"	"44"	"15-19 years"	"15-19"	72886
	"2016"	"2016"	"Rhode Island"	"44"	"20-24 years"	"20-24"	79508
	"2016"	"2016"	"Rhode Island"	"44"	"25-29 years"	"25-29"	76398
	"2016"	"2016"	"Rhode Island"	"44"	"30-34 years"	"30-34"	67505
	"2016"	"2016"	"Rhode Island"	"44"	"35-39 years"	"35-39"	62853
	"2016"	"2016"	"Rhode Island"	"44"	"40-44 years"	"40-44"	60249
	"2016"	"2016"	"Rhode Island"	"44"	"45-49 years"	"45-49"	70002
	"2016"	"2016"	"Rhode Island"	"44"	"50-54 years"	"50-54"	76908
	"2016"	"2016"	"Rhode Island"	"44"	"55-59 years"	"55-59"	77983
	"2016"	"2016"	"Rhode Island"	"44"	"60-64 years "	"60-64"	68710
	"2016"	"2016"	"Rhode Island"	"44"	"65-69 years"	"65-69"	57091
	"2016"	"2016"	"Rhode Island"	"44"	"70-74 years"	"70-74"	39836
	"2016"	"2016"	"Rhode Island"	"44"	"75-79 years"	"75-79"	27620
	"2016"	"2016"	"Rhode Island"	"44"	"80-84 years"	"80-84"	20785
	"2016"	"2016"	"Rhode Island"	"44"	"85+ years"	"85+"	28227
"Total"	"2016"	"2016"	"Rhode Island"	"44"			1057816
	"2016"	"2016"	"South Carolina"	"45"	"< 1 year"	"1"	57478
	"2016"	"2016"	"South Carolina"	"45"	"1-4 years"	"1-4"	234576
	"2016"	"2016"	"South Carolina"	"45"	"5-9 years"	"5-9"	310569
	"2016"	"2016"	"South Carolina"	"45"	"10-14 years"	"10-14"	307706
	"2016"	"2016"	"South Carolina"	"45"	"15-19 years"	"15-19"	320039
	"2016"	"2016"	"South Carolina"	"45"	"20-24 years"	"20-24"	340330
	"2016"	"2016"	"South Carolina"	"45"	"25-29 years"	"25-29"	343700
	"2016"	"2016"	"South Carolina"	"45"	"30-34 years"	"30-34"	311471
	"2016"	"2016"	"South Carolina"	"45"	"35-39 years"	"35-39"	304312
	"2016"	"2016"	"South Carolina"	"45"	"40-44 years"	"40-44"	294864
	"2016"	"2016"	"South Carolina"	"45"	"45-49 years"	"45-49"	315983
	"2016"	"2016"	"South Carolina"	"45"	"50-54 years"	"50-54"	335141
	"2016"	"2016"	"South Carolina"	"45"	"55-59 years"	"55-59"	338494
	"2016"	"2016"	"South Carolina"	"45"	"60-64 years "	"60-64"	318033
	"2016"	"2016"	"South Carolina"	"45"	"65-69 years"	"65-69"	299895
	"2016"	"2016"	"South Carolina"	"45"	"70-74 years"	"70-74"	212632
	"2016"	"2016"	"South Carolina"	"45"	"75-79 years"	"75-79"	142071
	"2016"	"2016"	"South Carolina"	"45"	"80-84 years"	"80-84"	91460
	"2016"	"2016"	"South Carolina"	"45"	"85+ years"	"85+"	84277
"Total"	"2016"	"2016"	"South Carolina"	"45"			4963031
	"2016"	"2016"	"South Dakota"	"46"	"< 1 year"	"1"	12344
	"2016"	"2016"	"South Dakota"	"46"	"1-4 years"	"1-4"	49155
	"2016"	"2016"	"South Dakota"	"46"	"5-9 years"	"5-9"	60725
	"2016"	"2016"	"South Dakota"	"46"	"10-14 years"	"10-14"	57985
	"2016"	"2016"	"South Dakota"	"46"	"15-19 years"	"15-19"	56816
	"2016"	"2016"	"South Dakota"	"46"	"20-24 years"	"20-24"	60886
	"2016"	"2016"	"South Dakota"	"46"	"25-29 years"	"25-29"	56695
	"2016"	"2016"	"South Dakota"	"46"	"30-34 years"	"30-34"	56799
	"2016"	"2016"	"South Dakota"	"46"	"35-39 years"	"35-39"	52945
	"2016"	"2016"	"South Dakota"	"46"	"40-44 years"	"40-44"	45702
	"2016"	"2016"	"South Dakota"	"46"	"45-49 years"	"45-49"	47574
	"2016"	"2016"	"South Dakota"	"46"	"50-54 years"	"50-54"	54218
	"2016"	"2016"	"South Dakota"	"46"	"55-59 years"	"55-59"	59463
	"2016"	"2016"	"South Dakota"	"46"	"60-64 years "	"60-64"	55743
	"2016"	"2016"	"South Dakota"	"46"	"65-69 years"	"65-69"	46856
	"2016"	"2016"	"South Dakota"	"46"	"70-74 years"	"70-74"	30022
	"2016"	"2016"	"South Dakota"	"46"	"75-79 years"	"75-79"	21685
	"2016"	"2016"	"South Dakota"	"46"	"80-84 years"	"80-84"	17197
	"2016"	"2016"	"South Dakota"	"46"	"85+ years"	"85+"	20883
"Total"	"2016"	"2016"	"South Dakota"	"46"			863693
	"2016"	"2016"	"Tennessee"	"47"	"< 1 year"	"1"	80909
	"2016"	"2016"	"Tennessee"	"47"	"1-4 years"	"1-4"	325202
	"2016"	"2016"	"Tennessee"	"47"	"5-9 years"	"5-9"	416192
	"2016"	"2016"	"Tennessee"	"47"	"10-14 years"	"10-14"	421726
	"2016"	"2016"	"Tennessee"	"47"	"15-19 years"	"15-19"	423129
	"2016"	"2016"	"Tennessee"	"47"	"20-24 years"	"20-24"	451401
	"2016"	"2016"	"Tennessee"	"47"	"25-29 years"	"25-29"	468191
	"2016"	"2016"	"Tennessee"	"47"	"30-34 years"	"30-34"	429721
	"2016"	"2016"	"Tennessee"	"47"	"35-39 years"	"35-39"	420480
	"2016"	"2016"	"Tennessee"	"47"	"40-44 years"	"40-44"	410349
	"2016"	"2016"	"Tennessee"	"47"	"45-49 years"	"45-49"	438605
	"2016"	"2016"	"Tennessee"	"47"	"50-54 years"	"50-54"	455490
	"2016"	"2016"	"Tennessee"	"47"	"55-59 years"	"55-59"	453623
	"2016"	"2016"	"Tennessee"	"47"	"60-64 years "	"60-64"	411551
	"2016"	"2016"	"Tennessee"	"47"	"65-69 years"	"65-69"	367530
	"2016"	"2016"	"Tennessee"	"47"	"70-74 years"	"70-74"	259048
	"2016"	"2016"	"Tennessee"	"47"	"75-79 years"	"75-79"	180898
	"2016"	"2016"	"Tennessee"	"47"	"80-84 years"	"80-84"	120959
	"2016"	"2016"	"Tennessee"	"47"	"85+ years"	"85+"	116273
"Total"	"2016"	"2016"	"Tennessee"	"47"			6651277
	"2016"	"2016"	"Texas"	"48"	"< 1 year"	"1"	401754
	"2016"	"2016"	"Texas"	"48"	"1-4 years"	"1-4"	1608859
	"2016"	"2016"	"Texas"	"48"	"5-9 years"	"5-9"	2050000
	"2016"	"2016"	"Texas"	"48"	"10-14 years"	"10-14"	2042162
	"2016"	"2016"	"Texas"	"48"	"15-19 years"	"15-19"	1984616
	"2016"	"2016"	"Texas"	"48"	"20-24 years"	"20-24"	2005589
	"2016"	"2016"	"Texas"	"48"	"25-29 years"	"25-29"	2084495
	"2016"	"2016"	"Texas"	"48"	"30-34 years"	"30-34"	2034703
	"2016"	"2016"	"Texas"	"48"	"35-39 years"	"35-39"	1927755
	"2016"	"2016"	"Texas"	"48"	"40-44 years"	"40-44"	1818184
	"2016"	"2016"	"Texas"	"48"	"45-49 years"	"45-49"	1782369
	"2016"	"2016"	"Texas"	"48"	"50-54 years"	"50-54"	1735756
	"2016"	"2016"	"Texas"	"48"	"55-59 years"	"55-59"	1679675
	"2016"	"2016"	"Texas"	"48"	"60-64 years "	"60-64"	1430041
	"2016"	"2016"	"Texas"	"48"	"65-69 years"	"65-69"	1182854
	"2016"	"2016"	"Texas"	"48"	"70-74 years"	"70-74"	814530
	"2016"	"2016"	"Texas"	"48"	"75-79 years"	"75-79"	563782
	"2016"	"2016"	"Texas"	"48"	"80-84 years"	"80-84"	387337
	"2016"	"2016"	"Texas"	"48"	"85+ years"	"85+"	379603
"Total"	"2016"	"2016"	"Texas"	"48"			27914064
	"2016"	"2016"	"Utah"	"49"	"< 1 year"	"1"	50677
	"2016"	"2016"	"Utah"	"49"	"1-4 years"	"1-4"	202948
	"2016"	"2016"	"Utah"	"49"	"5-9 years"	"5-9"	262316
	"2016"	"2016"	"Utah"	"49"	"10-14 years"	"10-14"	257474
	"2016"	"2016"	"Utah"	"49"	"15-19 years"	"15-19"	237168
	"2016"	"2016"	"Utah"	"49"	"20-24 years"	"20-24"	251794
	"2016"	"2016"	"Utah"	"49"	"25-29 years"	"25-29"	230374
	"2016"	"2016"	"Utah"	"49"	"30-34 years"	"30-34"	220233
	"2016"	"2016"	"Utah"	"49"	"35-39 years"	"35-39"	224394
	"2016"	"2016"	"Utah"	"49"	"40-44 years"	"40-44"	184636
	"2016"	"2016"	"Utah"	"49"	"45-49 years"	"45-49"	161578
	"2016"	"2016"	"Utah"	"49"	"50-54 years"	"50-54"	150887
	"2016"	"2016"	"Utah"	"49"	"55-59 years"	"55-59"	153344
	"2016"	"2016"	"Utah"	"49"	"60-64 years "	"60-64"	136587
	"2016"	"2016"	"Utah"	"49"	"65-69 years"	"65-69"	112771
	"2016"	"2016"	"Utah"	"49"	"70-74 years"	"70-74"	77974
	"2016"	"2016"	"Utah"	"49"	"75-79 years"	"75-79"	54917
	"2016"	"2016"	"Utah"	"49"	"80-84 years"	"80-84"	37908
	"2016"	"2016"	"Utah"	"49"	"85+ years"	"85+"	36261
"Total"	"2016"	"2016"	"Utah"	"49"			3044241
	"2016"	"2016"	"Vermont"	"50"	"< 1 year"	"1"	5856
	"2016"	"2016"	"Vermont"	"50"	"1-4 years"	"1-4"	24406
	"2016"	"2016"	"Vermont"	"50"	"5-9 years"	"5-9"	31924
	"2016"	"2016"	"Vermont"	"50"	"10-14 years"	"10-14"	34059
	"2016"	"2016"	"Vermont"	"50"	"15-19 years"	"15-19"	42953
	"2016"	"2016"	"Vermont"	"50"	"20-24 years"	"20-24"	46937
	"2016"	"2016"	"Vermont"	"50"	"25-29 years"	"25-29"	36418
	"2016"	"2016"	"Vermont"	"50"	"30-34 years"	"30-34"	36016
	"2016"	"2016"	"Vermont"	"50"	"35-39 years"	"35-39"	35202
	"2016"	"2016"	"Vermont"	"50"	"40-44 years"	"40-44"	34390
	"2016"	"2016"	"Vermont"	"50"	"45-49 years"	"45-49"	40402
	"2016"	"2016"	"Vermont"	"50"	"50-54 years"	"50-54"	45964
	"2016"	"2016"	"Vermont"	"50"	"55-59 years"	"55-59"	50256
	"2016"	"2016"	"Vermont"	"50"	"60-64 years "	"60-64"	46635
	"2016"	"2016"	"Vermont"	"50"	"65-69 years"	"65-69"	40544
	"2016"	"2016"	"Vermont"	"50"	"70-74 years"	"70-74"	27458
	"2016"	"2016"	"Vermont"	"50"	"75-79 years"	"75-79"	18152
	"2016"	"2016"	"Vermont"	"50"	"80-84 years"	"80-84"	12592
	"2016"	"2016"	"Vermont"	"50"	"85+ years"	"85+"	14202
"Total"	"2016"	"2016"	"Vermont"	"50"			624366
	"2016"	"2016"	"Virginia"	"51"	"< 1 year"	"1"	103753
	"2016"	"2016"	"Virginia"	"51"	"1-4 years"	"1-4"	409775
	"2016"	"2016"	"Virginia"	"51"	"5-9 years"	"5-9"	518118
	"2016"	"2016"	"Virginia"	"51"	"10-14 years"	"10-14"	522392
	"2016"	"2016"	"Virginia"	"51"	"15-19 years"	"15-19"	539651
	"2016"	"2016"	"Virginia"	"51"	"20-24 years"	"20-24"	588299
	"2016"	"2016"	"Virginia"	"51"	"25-29 years"	"25-29"	594892
	"2016"	"2016"	"Virginia"	"51"	"30-34 years"	"30-34"	582536
	"2016"	"2016"	"Virginia"	"51"	"35-39 years"	"35-39"	558066
	"2016"	"2016"	"Virginia"	"51"	"40-44 years"	"40-44"	528698
	"2016"	"2016"	"Virginia"	"51"	"45-49 years"	"45-49"	565891
	"2016"	"2016"	"Virginia"	"51"	"50-54 years"	"50-54"	594603
	"2016"	"2016"	"Virginia"	"51"	"55-59 years"	"55-59"	579505
	"2016"	"2016"	"Virginia"	"51"	"60-64 years "	"60-64"	500479
	"2016"	"2016"	"Virginia"	"51"	"65-69 years"	"65-69"	431936
	"2016"	"2016"	"Virginia"	"51"	"70-74 years"	"70-74"	303502
	"2016"	"2016"	"Virginia"	"51"	"75-79 years"	"75-79"	208969
	"2016"	"2016"	"Virginia"	"51"	"80-84 years"	"80-84"	141034
	"2016"	"2016"	"Virginia"	"51"	"85+ years"	"85+"	145552
"Total"	"2016"	"2016"	"Virginia"	"51"			8417651
	"2016"	"2016"	"Washington"	"53"	"< 1 year"	"1"	90545
	"2016"	"2016"	"Washington"	"53"	"1-4 years"	"1-4"	363662
	"2016"	"2016"	"Washington"	"53"	"5-9 years"	"5-9"	462773
	"2016"	"2016"	"Washington"	"53"	"10-14 years"	"10-14"	445922
	"2016"	"2016"	"Washington"	"53"	"15-19 years"	"15-19"	444976
	"2016"	"2016"	"Washington"	"53"	"20-24 years"	"20-24"	486591
	"2016"	"2016"	"Washington"	"53"	"25-29 years"	"25-29"	555104
	"2016"	"2016"	"Washington"	"53"	"30-34 years"	"30-34"	537007
	"2016"	"2016"	"Washington"	"53"	"35-39 years"	"35-39"	497536
	"2016"	"2016"	"Washington"	"53"	"40-44 years"	"40-44"	450097
	"2016"	"2016"	"Washington"	"53"	"45-49 years"	"45-49"	471631
	"2016"	"2016"	"Washington"	"53"	"50-54 years"	"50-54"	476026
	"2016"	"2016"	"Washington"	"53"	"55-59 years"	"55-59"	491703
	"2016"	"2016"	"Washington"	"53"	"60-64 years "	"60-64"	453878
	"2016"	"2016"	"Washington"	"53"	"65-69 years"	"65-69"	388992
	"2016"	"2016"	"Washington"	"53"	"70-74 years"	"70-74"	263443
	"2016"	"2016"	"Washington"	"53"	"75-79 years"	"75-79"	173364
	"2016"	"2016"	"Washington"	"53"	"80-84 years"	"80-84"	115679
	"2016"	"2016"	"Washington"	"53"	"85+ years"	"85+"	131032
"Total"	"2016"	"2016"	"Washington"	"53"			7299961
	"2016"	"2016"	"West Virginia"	"54"	"< 1 year"	"1"	19185
	"2016"	"2016"	"West Virginia"	"54"	"1-4 years"	"1-4"	81329
	"2016"	"2016"	"West Virginia"	"54"	"5-9 years"	"5-9"	103398
	"2016"	"2016"	"West Virginia"	"54"	"10-14 years"	"10-14"	105244
	"2016"	"2016"	"West Virginia"	"54"	"15-19 years"	"15-19"	109374
	"2016"	"2016"	"West Virginia"	"54"	"20-24 years"	"20-24"	118581
	"2016"	"2016"	"West Virginia"	"54"	"25-29 years"	"25-29"	112954
	"2016"	"2016"	"West Virginia"	"54"	"30-34 years"	"30-34"	105516
	"2016"	"2016"	"West Virginia"	"54"	"35-39 years"	"35-39"	111755
	"2016"	"2016"	"West Virginia"	"54"	"40-44 years"	"40-44"	111096
	"2016"	"2016"	"West Virginia"	"54"	"45-49 years"	"45-49"	118378
	"2016"	"2016"	"West Virginia"	"54"	"50-54 years"	"50-54"	124635
	"2016"	"2016"	"West Virginia"	"54"	"55-59 years"	"55-59"	135094
	"2016"	"2016"	"West Virginia"	"54"	"60-64 years "	"60-64"	130666
	"2016"	"2016"	"West Virginia"	"54"	"65-69 years"	"65-69"	121461
	"2016"	"2016"	"West Virginia"	"54"	"70-74 years"	"70-74"	81833
	"2016"	"2016"	"West Virginia"	"54"	"75-79 years"	"75-79"	60633
	"2016"	"2016"	"West Virginia"	"54"	"80-84 years"	"80-84"	40801
	"2016"	"2016"	"West Virginia"	"54"	"85+ years"	"85+"	40502
"Total"	"2016"	"2016"	"West Virginia"	"54"			1832435
	"2016"	"2016"	"Wisconsin"	"55"	"< 1 year"	"1"	66412
	"2016"	"2016"	"Wisconsin"	"55"	"1-4 years"	"1-4"	270611
	"2016"	"2016"	"Wisconsin"	"55"	"5-9 years"	"5-9"	357919
	"2016"	"2016"	"Wisconsin"	"55"	"10-14 years"	"10-14"	367662
	"2016"	"2016"	"Wisconsin"	"55"	"15-19 years"	"15-19"	381634
	"2016"	"2016"	"Wisconsin"	"55"	"20-24 years"	"20-24"	406956
	"2016"	"2016"	"Wisconsin"	"55"	"25-29 years"	"25-29"	358272
	"2016"	"2016"	"Wisconsin"	"55"	"30-34 years"	"30-34"	369722
	"2016"	"2016"	"Wisconsin"	"55"	"35-39 years"	"35-39"	358373
	"2016"	"2016"	"Wisconsin"	"55"	"40-44 years"	"40-44"	328880
	"2016"	"2016"	"Wisconsin"	"55"	"45-49 years"	"45-49"	367654
	"2016"	"2016"	"Wisconsin"	"55"	"50-54 years"	"50-54"	411373
	"2016"	"2016"	"Wisconsin"	"55"	"55-59 years"	"55-59"	428202
	"2016"	"2016"	"Wisconsin"	"55"	"60-64 years "	"60-64"	378640
	"2016"	"2016"	"Wisconsin"	"55"	"65-69 years"	"65-69"	315651
	"2016"	"2016"	"Wisconsin"	"55"	"70-74 years"	"70-74"	213138
	"2016"	"2016"	"Wisconsin"	"55"	"75-79 years"	"75-79"	153546
	"2016"	"2016"	"Wisconsin"	"55"	"80-84 years"	"80-84"	111874
	"2016"	"2016"	"Wisconsin"	"55"	"85+ years"	"85+"	128651
"Total"	"2016"	"2016"	"Wisconsin"	"55"			5775170
	"2016"	"2016"	"Wyoming"	"56"	"< 1 year"	"1"	7664
	"2016"	"2016"	"Wyoming"	"56"	"1-4 years"	"1-4"	30387
	"2016"	"2016"	"Wyoming"	"56"	"5-9 years"	"5-9"	40435
	"2016"	"2016"	"Wyoming"	"56"	"10-14 years"	"10-14"	38520
	"2016"	"2016"	"Wyoming"	"56"	"15-19 years"	"15-19"	36485
	"2016"	"2016"	"Wyoming"	"56"	"20-24 years"	"20-24"	40495
	"2016"	"2016"	"Wyoming"	"56"	"25-29 years"	"25-29"	40354
	"2016"	"2016"	"Wyoming"	"56"	"30-34 years"	"30-34"	41297
	"2016"	"2016"	"Wyoming"	"56"	"35-39 years"	"35-39"	38127
	"2016"	"2016"	"Wyoming"	"56"	"40-44 years"	"40-44"	33141
	"2016"	"2016"	"Wyoming"	"56"	"45-49 years"	"45-49"	32798
	"2016"	"2016"	"Wyoming"	"56"	"50-54 years"	"50-54"	35799
	"2016"	"2016"	"Wyoming"	"56"	"55-59 years"	"55-59"	41859
	"2016"	"2016"	"Wyoming"	"56"	"60-64 years "	"60-64"	39462
	"2016"	"2016"	"Wyoming"	"56"	"65-69 years"	"65-69"	32321
	"2016"	"2016"	"Wyoming"	"56"	"70-74 years"	"70-74"	21233
	"2016"	"2016"	"Wyoming"	"56"	"75-79 years"	"75-79"	14596
	"2016"	"2016"	"Wyoming"	"56"	"80-84 years"	"80-84"	9694
	"2016"	"2016"	"Wyoming"	"56"	"85+ years"	"85+"	10576
"Total"	"2016"	"2016"	"Wyoming"	"56"			585243
"Total"	"2016"	"2016"					323071755
	"2017"	"2017"	"Alabama"	"01"	"< 1 year"	"1"	58124
	"2017"	"2017"	"Alabama"	"01"	"1-4 years"	"1-4"	236448
	"2017"	"2017"	"Alabama"	"01"	"5-9 years"	"5-9"	301569
	"2017"	"2017"	"Alabama"	"01"	"10-14 years"	"10-14"	308152
	"2017"	"2017"	"Alabama"	"01"	"15-19 years"	"15-19"	318535
	"2017"	"2017"	"Alabama"	"01"	"20-24 years"	"20-24"	329296
	"2017"	"2017"	"Alabama"	"01"	"25-29 years"	"25-29"	338904
	"2017"	"2017"	"Alabama"	"01"	"30-34 years"	"30-34"	302483
	"2017"	"2017"	"Alabama"	"01"	"35-39 years"	"35-39"	302384
	"2017"	"2017"	"Alabama"	"01"	"40-44 years"	"40-44"	289396
	"2017"	"2017"	"Alabama"	"01"	"45-49 years"	"45-49"	313576
	"2017"	"2017"	"Alabama"	"01"	"50-54 years"	"50-54"	322933
	"2017"	"2017"	"Alabama"	"01"	"55-59 years"	"55-59"	337496
	"2017"	"2017"	"Alabama"	"01"	"60-64 years "	"60-64"	313427
	"2017"	"2017"	"Alabama"	"01"	"65-69 years"	"65-69"	268940
	"2017"	"2017"	"Alabama"	"01"	"70-74 years"	"70-74"	208548
	"2017"	"2017"	"Alabama"	"01"	"75-79 years"	"75-79"	143258
	"2017"	"2017"	"Alabama"	"01"	"80-84 years"	"80-84"	95215
	"2017"	"2017"	"Alabama"	"01"	"85+ years"	"85+"	89305
"Total"	"2017"	"2017"	"Alabama"	"01"			4877989
	"2017"	"2017"	"Alaska"	"02"	"< 1 year"	"1"	10737
	"2017"	"2017"	"Alaska"	"02"	"1-4 years"	"1-4"	43490
	"2017"	"2017"	"Alaska"	"02"	"5-9 years"	"5-9"	52523
	"2017"	"2017"	"Alaska"	"02"	"10-14 years"	"10-14"	49640
	"2017"	"2017"	"Alaska"	"02"	"15-19 years"	"15-19"	46625
	"2017"	"2017"	"Alaska"	"02"	"20-24 years"	"20-24"	54612
	"2017"	"2017"	"Alaska"	"02"	"25-29 years"	"25-29"	62914
	"2017"	"2017"	"Alaska"	"02"	"30-34 years"	"30-34"	57888
	"2017"	"2017"	"Alaska"	"02"	"35-39 years"	"35-39"	50576
	"2017"	"2017"	"Alaska"	"02"	"40-44 years"	"40-44"	42625
	"2017"	"2017"	"Alaska"	"02"	"45-49 years"	"45-49"	44463
	"2017"	"2017"	"Alaska"	"02"	"50-54 years"	"50-54"	46753
	"2017"	"2017"	"Alaska"	"02"	"55-59 years"	"55-59"	50154
	"2017"	"2017"	"Alaska"	"02"	"60-64 years "	"60-64"	45240
	"2017"	"2017"	"Alaska"	"02"	"65-69 years"	"65-69"	33937
	"2017"	"2017"	"Alaska"	"02"	"70-74 years"	"70-74"	22013
	"2017"	"2017"	"Alaska"	"02"	"75-79 years"	"75-79"	12805
	"2017"	"2017"	"Alaska"	"02"	"80-84 years"	"80-84"	7361
	"2017"	"2017"	"Alaska"	"02"	"85+ years"	"85+"	6627
"Total"	"2017"	"2017"	"Alaska"	"02"			740983
	"2017"	"2017"	"Arizona"	"04"	"< 1 year"	"1"	83274
	"2017"	"2017"	"Arizona"	"04"	"1-4 years"	"1-4"	352239
	"2017"	"2017"	"Arizona"	"04"	"5-9 years"	"5-9"	453847
	"2017"	"2017"	"Arizona"	"04"	"10-14 years"	"10-14"	468617
	"2017"	"2017"	"Arizona"	"04"	"15-19 years"	"15-19"	469917
	"2017"	"2017"	"Arizona"	"04"	"20-24 years"	"20-24"	487691
	"2017"	"2017"	"Arizona"	"04"	"25-29 years"	"25-29"	505393
	"2017"	"2017"	"Arizona"	"04"	"30-34 years"	"30-34"	460496
	"2017"	"2017"	"Arizona"	"04"	"35-39 years"	"35-39"	447436
	"2017"	"2017"	"Arizona"	"04"	"40-44 years"	"40-44"	415808
	"2017"	"2017"	"Arizona"	"04"	"45-49 years"	"45-49"	428030
	"2017"	"2017"	"Arizona"	"04"	"50-54 years"	"50-54"	420787
	"2017"	"2017"	"Arizona"	"04"	"55-59 years"	"55-59"	436035
	"2017"	"2017"	"Arizona"	"04"	"60-64 years "	"60-64"	411249
	"2017"	"2017"	"Arizona"	"04"	"65-69 years"	"65-69"	382866
	"2017"	"2017"	"Arizona"	"04"	"70-74 years"	"70-74"	320318
	"2017"	"2017"	"Arizona"	"04"	"75-79 years"	"75-79"	222080
	"2017"	"2017"	"Arizona"	"04"	"80-84 years"	"80-84"	143509
	"2017"	"2017"	"Arizona"	"04"	"85+ years"	"85+"	138496
"Total"	"2017"	"2017"	"Arizona"	"04"			7048088
	"2017"	"2017"	"Arkansas"	"05"	"< 1 year"	"1"	37349
	"2017"	"2017"	"Arkansas"	"05"	"1-4 years"	"1-4"	153532
	"2017"	"2017"	"Arkansas"	"05"	"5-9 years"	"5-9"	195531
	"2017"	"2017"	"Arkansas"	"05"	"10-14 years"	"10-14"	199645
	"2017"	"2017"	"Arkansas"	"05"	"15-19 years"	"15-19"	198187
	"2017"	"2017"	"Arkansas"	"05"	"20-24 years"	"20-24"	202708
	"2017"	"2017"	"Arkansas"	"05"	"25-29 years"	"25-29"	206031
	"2017"	"2017"	"Arkansas"	"05"	"30-34 years"	"30-34"	190265
	"2017"	"2017"	"Arkansas"	"05"	"35-39 years"	"35-39"	189953
	"2017"	"2017"	"Arkansas"	"05"	"40-44 years"	"40-44"	176184
	"2017"	"2017"	"Arkansas"	"05"	"45-49 years"	"45-49"	184138
	"2017"	"2017"	"Arkansas"	"05"	"50-54 years"	"50-54"	190118
	"2017"	"2017"	"Arkansas"	"05"	"55-59 years"	"55-59"	197579
	"2017"	"2017"	"Arkansas"	"05"	"60-64 years "	"60-64"	183920
	"2017"	"2017"	"Arkansas"	"05"	"65-69 years"	"65-69"	161084
	"2017"	"2017"	"Arkansas"	"05"	"70-74 years"	"70-74"	128739
	"2017"	"2017"	"Arkansas"	"05"	"75-79 years"	"75-79"	90265
	"2017"	"2017"	"Arkansas"	"05"	"80-84 years"	"80-84"	60023
	"2017"	"2017"	"Arkansas"	"05"	"85+ years"	"85+"	58604
"Total"	"2017"	"2017"	"Arkansas"	"05"			3003855
	"2017"	"2017"	"California"	"06"	"< 1 year"	"1"	482794
	"2017"	"2017"	"California"	"06"	"1-4 years"	"1-4"	1984689
	"2017"	"2017"	"California"	"06"	"5-9 years"	"5-9"	2513348
	"2017"	"2017"	"California"	"06"	"10-14 years"	"10-14"	2539886
	"2017"	"2017"	"California"	"06"	"15-19 years"	"15-19"	2555320
	"2017"	"2017"	"California"	"06"	"20-24 years"	"20-24"	2750235
	"2017"	"2017"	"California"	"06"	"25-29 years"	"25-29"	3122056
	"2017"	"2017"	"California"	"06"	"30-34 years"	"30-34"	2882778
	"2017"	"2017"	"California"	"06"	"35-39 years"	"35-39"	2700615
	"2017"	"2017"	"California"	"06"	"40-44 years"	"40-44"	2489386
	"2017"	"2017"	"California"	"06"	"45-49 years"	"45-49"	2582988
	"2017"	"2017"	"California"	"06"	"50-54 years"	"50-54"	2531978
	"2017"	"2017"	"California"	"06"	"55-59 years"	"55-59"	2508821
	"2017"	"2017"	"California"	"06"	"60-64 years "	"60-64"	2216421
	"2017"	"2017"	"California"	"06"	"65-69 years"	"65-69"	1813150
	"2017"	"2017"	"California"	"06"	"70-74 years"	"70-74"	1362501
	"2017"	"2017"	"California"	"06"	"75-79 years"	"75-79"	925884
	"2017"	"2017"	"California"	"06"	"80-84 years"	"80-84"	646733
	"2017"	"2017"	"California"	"06"	"85+ years"	"85+"	728202
"Total"	"2017"	"2017"	"California"	"06"			39337785
	"2017"	"2017"	"Colorado"	"08"	"< 1 year"	"1"	65306
	"2017"	"2017"	"Colorado"	"08"	"1-4 years"	"1-4"	269193
	"2017"	"2017"	"Colorado"	"08"	"5-9 years"	"5-9"	351573
	"2017"	"2017"	"Colorado"	"08"	"10-14 years"	"10-14"	364583
	"2017"	"2017"	"Colorado"	"08"	"15-19 years"	"15-19"	357008
	"2017"	"2017"	"Colorado"	"08"	"20-24 years"	"20-24"	378723
	"2017"	"2017"	"Colorado"	"08"	"25-29 years"	"25-29"	442914
	"2017"	"2017"	"Colorado"	"08"	"30-34 years"	"30-34"	432973
	"2017"	"2017"	"Colorado"	"08"	"35-39 years"	"35-39"	403102
	"2017"	"2017"	"Colorado"	"08"	"40-44 years"	"40-44"	358315
	"2017"	"2017"	"Colorado"	"08"	"45-49 years"	"45-49"	365978
	"2017"	"2017"	"Colorado"	"08"	"50-54 years"	"50-54"	348355
	"2017"	"2017"	"Colorado"	"08"	"55-59 years"	"55-59"	368802
	"2017"	"2017"	"Colorado"	"08"	"60-64 years "	"60-64"	337612
	"2017"	"2017"	"Colorado"	"08"	"65-69 years"	"65-69"	280099
	"2017"	"2017"	"Colorado"	"08"	"70-74 years"	"70-74"	199366
	"2017"	"2017"	"Colorado"	"08"	"75-79 years"	"75-79"	124847
	"2017"	"2017"	"Colorado"	"08"	"80-84 years"	"80-84"	81924
	"2017"	"2017"	"Colorado"	"08"	"85+ years"	"85+"	86748
"Total"	"2017"	"2017"	"Colorado"	"08"			5617421
	"2017"	"2017"	"Connecticut"	"09"	"< 1 year"	"1"	35554
	"2017"	"2017"	"Connecticut"	"09"	"1-4 years"	"1-4"	148340
	"2017"	"2017"	"Connecticut"	"09"	"5-9 years"	"5-9"	199284
	"2017"	"2017"	"Connecticut"	"09"	"10-14 years"	"10-14"	220092
	"2017"	"2017"	"Connecticut"	"09"	"15-19 years"	"15-19"	244098
	"2017"	"2017"	"Connecticut"	"09"	"20-24 years"	"20-24"	246242
	"2017"	"2017"	"Connecticut"	"09"	"25-29 years"	"25-29"	220515
	"2017"	"2017"	"Connecticut"	"09"	"30-34 years"	"30-34"	220692
	"2017"	"2017"	"Connecticut"	"09"	"35-39 years"	"35-39"	215308
	"2017"	"2017"	"Connecticut"	"09"	"40-44 years"	"40-44"	206216
	"2017"	"2017"	"Connecticut"	"09"	"45-49 years"	"45-49"	242846
	"2017"	"2017"	"Connecticut"	"09"	"50-54 years"	"50-54"	267330
	"2017"	"2017"	"Connecticut"	"09"	"55-59 years"	"55-59"	271286
	"2017"	"2017"	"Connecticut"	"09"	"60-64 years "	"60-64"	237522
	"2017"	"2017"	"Connecticut"	"09"	"65-69 years"	"65-69"	187595
	"2017"	"2017"	"Connecticut"	"09"	"70-74 years"	"70-74"	149660
	"2017"	"2017"	"Connecticut"	"09"	"75-79 years"	"75-79"	99924
	"2017"	"2017"	"Connecticut"	"09"	"80-84 years"	"80-84"	71107
	"2017"	"2017"	"Connecticut"	"09"	"85+ years"	"85+"	91713
"Total"	"2017"	"2017"	"Connecticut"	"09"			3575324
	"2017"	"2017"	"Delaware"	"10"	"< 1 year"	"1"	10801
	"2017"	"2017"	"Delaware"	"10"	"1-4 years"	"1-4"	44147
	"2017"	"2017"	"Delaware"	"10"	"5-9 years"	"5-9"	56614
	"2017"	"2017"	"Delaware"	"10"	"10-14 years"	"10-14"	57495
	"2017"	"2017"	"Delaware"	"10"	"15-19 years"	"15-19"	60230
	"2017"	"2017"	"Delaware"	"10"	"20-24 years"	"20-24"	58930
	"2017"	"2017"	"Delaware"	"10"	"25-29 years"	"25-29"	67559
	"2017"	"2017"	"Delaware"	"10"	"30-34 years"	"30-34"	60670
	"2017"	"2017"	"Delaware"	"10"	"35-39 years"	"35-39"	57404
	"2017"	"2017"	"Delaware"	"10"	"40-44 years"	"40-44"	52160
	"2017"	"2017"	"Delaware"	"10"	"45-49 years"	"45-49"	59353
	"2017"	"2017"	"Delaware"	"10"	"50-54 years"	"50-54"	65535
	"2017"	"2017"	"Delaware"	"10"	"55-59 years"	"55-59"	68297
	"2017"	"2017"	"Delaware"	"10"	"60-64 years "	"60-64"	64543
	"2017"	"2017"	"Delaware"	"10"	"65-69 years"	"65-69"	58169
	"2017"	"2017"	"Delaware"	"10"	"70-74 years"	"70-74"	46303
	"2017"	"2017"	"Delaware"	"10"	"75-79 years"	"75-79"	30532
	"2017"	"2017"	"Delaware"	"10"	"80-84 years"	"80-84"	19517
	"2017"	"2017"	"Delaware"	"10"	"85+ years"	"85+"	19683
"Total"	"2017"	"2017"	"Delaware"	"10"			957942
	"2017"	"2017"	"District of Columbia"	"11"	"< 1 year"	"1"	9832
	"2017"	"2017"	"District of Columbia"	"11"	"1-4 years"	"1-4"	35458
	"2017"	"2017"	"District of Columbia"	"11"	"5-9 years"	"5-9"	36147
	"2017"	"2017"	"District of Columbia"	"11"	"10-14 years"	"10-14"	27619
	"2017"	"2017"	"District of Columbia"	"11"	"15-19 years"	"15-19"	36903
	"2017"	"2017"	"District of Columbia"	"11"	"20-24 years"	"20-24"	53704
	"2017"	"2017"	"District of Columbia"	"11"	"25-29 years"	"25-29"	84224
	"2017"	"2017"	"District of Columbia"	"11"	"30-34 years"	"30-34"	79729
	"2017"	"2017"	"District of Columbia"	"11"	"35-39 years"	"35-39"	60237
	"2017"	"2017"	"District of Columbia"	"11"	"40-44 years"	"40-44"	42189
	"2017"	"2017"	"District of Columbia"	"11"	"45-49 years"	"45-49"	39165
	"2017"	"2017"	"District of Columbia"	"11"	"50-54 years"	"50-54"	37614
	"2017"	"2017"	"District of Columbia"	"11"	"55-59 years"	"55-59"	37002
	"2017"	"2017"	"District of Columbia"	"11"	"60-64 years "	"60-64"	33499
	"2017"	"2017"	"District of Columbia"	"11"	"65-69 years"	"65-69"	28041
	"2017"	"2017"	"District of Columbia"	"11"	"70-74 years"	"70-74"	20223
	"2017"	"2017"	"District of Columbia"	"11"	"75-79 years"	"75-79"	13993
	"2017"	"2017"	"District of Columbia"	"11"	"80-84 years"	"80-84"	9545
	"2017"	"2017"	"District of Columbia"	"11"	"85+ years"	"85+"	11955
"Total"	"2017"	"2017"	"District of Columbia"	"11"			697079
	"2017"	"2017"	"Florida"	"12"	"< 1 year"	"1"	223436
	"2017"	"2017"	"Florida"	"12"	"1-4 years"	"1-4"	914572
	"2017"	"2017"	"Florida"	"12"	"5-9 years"	"5-9"	1153427
	"2017"	"2017"	"Florida"	"12"	"10-14 years"	"10-14"	1181978
	"2017"	"2017"	"Florida"	"12"	"15-19 years"	"15-19"	1206149
	"2017"	"2017"	"Florida"	"12"	"20-24 years"	"20-24"	1272701
	"2017"	"2017"	"Florida"	"12"	"25-29 years"	"25-29"	1427048
	"2017"	"2017"	"Florida"	"12"	"30-34 years"	"30-34"	1325256
	"2017"	"2017"	"Florida"	"12"	"35-39 years"	"35-39"	1280564
	"2017"	"2017"	"Florida"	"12"	"40-44 years"	"40-44"	1236744
	"2017"	"2017"	"Florida"	"12"	"45-49 years"	"45-49"	1344776
	"2017"	"2017"	"Florida"	"12"	"50-54 years"	"50-54"	1416439
	"2017"	"2017"	"Florida"	"12"	"55-59 years"	"55-59"	1444191
	"2017"	"2017"	"Florida"	"12"	"60-64 years "	"60-64"	1341105
	"2017"	"2017"	"Florida"	"12"	"65-69 years"	"65-69"	1249855
	"2017"	"2017"	"Florida"	"12"	"70-74 years"	"70-74"	1081387
	"2017"	"2017"	"Florida"	"12"	"75-79 years"	"75-79"	780154
	"2017"	"2017"	"Florida"	"12"	"80-84 years"	"80-84"	536882
	"2017"	"2017"	"Florida"	"12"	"85+ years"	"85+"	560425
"Total"	"2017"	"2017"	"Florida"	"12"			20977089
	"2017"	"2017"	"Georgia"	"13"	"< 1 year"	"1"	128346
	"2017"	"2017"	"Georgia"	"13"	"1-4 years"	"1-4"	530448
	"2017"	"2017"	"Georgia"	"13"	"5-9 years"	"5-9"	694429
	"2017"	"2017"	"Georgia"	"13"	"10-14 years"	"10-14"	722119
	"2017"	"2017"	"Georgia"	"13"	"15-19 years"	"15-19"	723042
	"2017"	"2017"	"Georgia"	"13"	"20-24 years"	"20-24"	717998
	"2017"	"2017"	"Georgia"	"13"	"25-29 years"	"25-29"	754281
	"2017"	"2017"	"Georgia"	"13"	"30-34 years"	"30-34"	697301
	"2017"	"2017"	"Georgia"	"13"	"35-39 years"	"35-39"	696164
	"2017"	"2017"	"Georgia"	"13"	"40-44 years"	"40-44"	668229
	"2017"	"2017"	"Georgia"	"13"	"45-49 years"	"45-49"	715877
	"2017"	"2017"	"Georgia"	"13"	"50-54 years"	"50-54"	700527
	"2017"	"2017"	"Georgia"	"13"	"55-59 years"	"55-59"	672816
	"2017"	"2017"	"Georgia"	"13"	"60-64 years "	"60-64"	588910
	"2017"	"2017"	"Georgia"	"13"	"65-69 years"	"65-69"	494781
	"2017"	"2017"	"Georgia"	"13"	"70-74 years"	"70-74"	374420
	"2017"	"2017"	"Georgia"	"13"	"75-79 years"	"75-79"	241645
	"2017"	"2017"	"Georgia"	"13"	"80-84 years"	"80-84"	152669
	"2017"	"2017"	"Georgia"	"13"	"85+ years"	"85+"	143029
"Total"	"2017"	"2017"	"Georgia"	"13"			10417031
	"2017"	"2017"	"Hawaii"	"15"	"< 1 year"	"1"	17629
	"2017"	"2017"	"Hawaii"	"15"	"1-4 years"	"1-4"	73127
	"2017"	"2017"	"Hawaii"	"15"	"5-9 years"	"5-9"	87070
	"2017"	"2017"	"Hawaii"	"15"	"10-14 years"	"10-14"	81154
	"2017"	"2017"	"Hawaii"	"15"	"15-19 years"	"15-19"	76631
	"2017"	"2017"	"Hawaii"	"15"	"20-24 years"	"20-24"	93555
	"2017"	"2017"	"Hawaii"	"15"	"25-29 years"	"25-29"	105630
	"2017"	"2017"	"Hawaii"	"15"	"30-34 years"	"30-34"	100505
	"2017"	"2017"	"Hawaii"	"15"	"35-39 years"	"35-39"	94925
	"2017"	"2017"	"Hawaii"	"15"	"40-44 years"	"40-44"	83756
	"2017"	"2017"	"Hawaii"	"15"	"45-49 years"	"45-49"	87119
	"2017"	"2017"	"Hawaii"	"15"	"50-54 years"	"50-54"	87493
	"2017"	"2017"	"Hawaii"	"15"	"55-59 years"	"55-59"	92422
	"2017"	"2017"	"Hawaii"	"15"	"60-64 years "	"60-64"	90554
	"2017"	"2017"	"Hawaii"	"15"	"65-69 years"	"65-69"	81875
	"2017"	"2017"	"Hawaii"	"15"	"70-74 years"	"70-74"	62725
	"2017"	"2017"	"Hawaii"	"15"	"75-79 years"	"75-79"	40082
	"2017"	"2017"	"Hawaii"	"15"	"80-84 years"	"80-84"	28322
	"2017"	"2017"	"Hawaii"	"15"	"85+ years"	"85+"	41189
"Total"	"2017"	"2017"	"Hawaii"	"15"			1425763
	"2017"	"2017"	"Idaho"	"16"	"< 1 year"	"1"	22346
	"2017"	"2017"	"Idaho"	"16"	"1-4 years"	"1-4"	93869
	"2017"	"2017"	"Idaho"	"16"	"5-9 years"	"5-9"	123092
	"2017"	"2017"	"Idaho"	"16"	"10-14 years"	"10-14"	128279
	"2017"	"2017"	"Idaho"	"16"	"15-19 years"	"15-19"	121954
	"2017"	"2017"	"Idaho"	"16"	"20-24 years"	"20-24"	113897
	"2017"	"2017"	"Idaho"	"16"	"25-29 years"	"25-29"	116307
	"2017"	"2017"	"Idaho"	"16"	"30-34 years"	"30-34"	111095
	"2017"	"2017"	"Idaho"	"16"	"35-39 years"	"35-39"	112563
	"2017"	"2017"	"Idaho"	"16"	"40-44 years"	"40-44"	100808
	"2017"	"2017"	"Idaho"	"16"	"45-49 years"	"45-49"	100416
	"2017"	"2017"	"Idaho"	"16"	"50-54 years"	"50-54"	99036
	"2017"	"2017"	"Idaho"	"16"	"55-59 years"	"55-59"	107803
	"2017"	"2017"	"Idaho"	"16"	"60-64 years "	"60-64"	103889
	"2017"	"2017"	"Idaho"	"16"	"65-69 years"	"65-69"	91288
	"2017"	"2017"	"Idaho"	"16"	"70-74 years"	"70-74"	69432
	"2017"	"2017"	"Idaho"	"16"	"75-79 years"	"75-79"	46005
	"2017"	"2017"	"Idaho"	"16"	"80-84 years"	"80-84"	29070
	"2017"	"2017"	"Idaho"	"16"	"85+ years"	"85+"	28596
"Total"	"2017"	"2017"	"Idaho"	"16"			1719745
	"2017"	"2017"	"Illinois"	"17"	"< 1 year"	"1"	150693
	"2017"	"2017"	"Illinois"	"17"	"1-4 years"	"1-4"	619132
	"2017"	"2017"	"Illinois"	"17"	"5-9 years"	"5-9"	792221
	"2017"	"2017"	"Illinois"	"17"	"10-14 years"	"10-14"	827272
	"2017"	"2017"	"Illinois"	"17"	"15-19 years"	"15-19"	835421
	"2017"	"2017"	"Illinois"	"17"	"20-24 years"	"20-24"	862251
	"2017"	"2017"	"Illinois"	"17"	"25-29 years"	"25-29"	904088
	"2017"	"2017"	"Illinois"	"17"	"30-34 years"	"30-34"	873238
	"2017"	"2017"	"Illinois"	"17"	"35-39 years"	"35-39"	850827
	"2017"	"2017"	"Illinois"	"17"	"40-44 years"	"40-44"	785050
	"2017"	"2017"	"Illinois"	"17"	"45-49 years"	"45-49"	830620
	"2017"	"2017"	"Illinois"	"17"	"50-54 years"	"50-54"	846101
	"2017"	"2017"	"Illinois"	"17"	"55-59 years"	"55-59"	877649
	"2017"	"2017"	"Illinois"	"17"	"60-64 years "	"60-64"	785249
	"2017"	"2017"	"Illinois"	"17"	"65-69 years"	"65-69"	639538
	"2017"	"2017"	"Illinois"	"17"	"70-74 years"	"70-74"	474654
	"2017"	"2017"	"Illinois"	"17"	"75-79 years"	"75-79"	330471
	"2017"	"2017"	"Illinois"	"17"	"80-84 years"	"80-84"	230200
	"2017"	"2017"	"Illinois"	"17"	"85+ years"	"85+"	265218
"Total"	"2017"	"2017"	"Illinois"	"17"			12779893
	"2017"	"2017"	"Indiana"	"18"	"< 1 year"	"1"	81615
	"2017"	"2017"	"Indiana"	"18"	"1-4 years"	"1-4"	338805
	"2017"	"2017"	"Indiana"	"18"	"5-9 years"	"5-9"	432645
	"2017"	"2017"	"Indiana"	"18"	"10-14 years"	"10-14"	447140
	"2017"	"2017"	"Indiana"	"18"	"15-19 years"	"15-19"	456781
	"2017"	"2017"	"Indiana"	"18"	"20-24 years"	"20-24"	474644
	"2017"	"2017"	"Indiana"	"18"	"25-29 years"	"25-29"	451829
	"2017"	"2017"	"Indiana"	"18"	"30-34 years"	"30-34"	417344
	"2017"	"2017"	"Indiana"	"18"	"35-39 years"	"35-39"	421443
	"2017"	"2017"	"Indiana"	"18"	"40-44 years"	"40-44"	394487
	"2017"	"2017"	"Indiana"	"18"	"45-49 years"	"45-49"	420668
	"2017"	"2017"	"Indiana"	"18"	"50-54 years"	"50-54"	432684
	"2017"	"2017"	"Indiana"	"18"	"55-59 years"	"55-59"	454608
	"2017"	"2017"	"Indiana"	"18"	"60-64 years "	"60-64"	414862
	"2017"	"2017"	"Indiana"	"18"	"65-69 years"	"65-69"	343674
	"2017"	"2017"	"Indiana"	"18"	"70-74 years"	"70-74"	254211
	"2017"	"2017"	"Indiana"	"18"	"75-79 years"	"75-79"	175507
	"2017"	"2017"	"Indiana"	"18"	"80-84 years"	"80-84"	119132
	"2017"	"2017"	"Indiana"	"18"	"85+ years"	"85+"	129989
"Total"	"2017"	"2017"	"Indiana"	"18"			6662068
	"2017"	"2017"	"Iowa"	"19"	"< 1 year"	"1"	38571
	"2017"	"2017"	"Iowa"	"19"	"1-4 years"	"1-4"	160064
	"2017"	"2017"	"Iowa"	"19"	"5-9 years"	"5-9"	202838
	"2017"	"2017"	"Iowa"	"19"	"10-14 years"	"10-14"	206995
	"2017"	"2017"	"Iowa"	"19"	"15-19 years"	"15-19"	213902
	"2017"	"2017"	"Iowa"	"19"	"20-24 years"	"20-24"	228887
	"2017"	"2017"	"Iowa"	"19"	"25-29 years"	"25-29"	200970
	"2017"	"2017"	"Iowa"	"19"	"30-34 years"	"30-34"	195877
	"2017"	"2017"	"Iowa"	"19"	"35-39 years"	"35-39"	198974
	"2017"	"2017"	"Iowa"	"19"	"40-44 years"	"40-44"	173993
	"2017"	"2017"	"Iowa"	"19"	"45-49 years"	"45-49"	184755
	"2017"	"2017"	"Iowa"	"19"	"50-54 years"	"50-54"	195602
	"2017"	"2017"	"Iowa"	"19"	"55-59 years"	"55-59"	216194
	"2017"	"2017"	"Iowa"	"19"	"60-64 years "	"60-64"	201077
	"2017"	"2017"	"Iowa"	"19"	"65-69 years"	"65-69"	168722
	"2017"	"2017"	"Iowa"	"19"	"70-74 years"	"70-74"	122409
	"2017"	"2017"	"Iowa"	"19"	"75-79 years"	"75-79"	88786
	"2017"	"2017"	"Iowa"	"19"	"80-84 years"	"80-84"	65916
	"2017"	"2017"	"Iowa"	"19"	"85+ years"	"85+"	79202
"Total"	"2017"	"2017"	"Iowa"	"19"			3143734
	"2017"	"2017"	"Kansas"	"20"	"< 1 year"	"1"	36997
	"2017"	"2017"	"Kansas"	"20"	"1-4 years"	"1-4"	155211
	"2017"	"2017"	"Kansas"	"20"	"5-9 years"	"5-9"	200100
	"2017"	"2017"	"Kansas"	"20"	"10-14 years"	"10-14"	200505
	"2017"	"2017"	"Kansas"	"20"	"15-19 years"	"15-19"	200395
	"2017"	"2017"	"Kansas"	"20"	"20-24 years"	"20-24"	215285
	"2017"	"2017"	"Kansas"	"20"	"25-29 years"	"25-29"	194199
	"2017"	"2017"	"Kansas"	"20"	"30-34 years"	"30-34"	190805
	"2017"	"2017"	"Kansas"	"20"	"35-39 years"	"35-39"	187230
	"2017"	"2017"	"Kansas"	"20"	"40-44 years"	"40-44"	164302
	"2017"	"2017"	"Kansas"	"20"	"45-49 years"	"45-49"	168309
	"2017"	"2017"	"Kansas"	"20"	"50-54 years"	"50-54"	176523
	"2017"	"2017"	"Kansas"	"20"	"55-59 years"	"55-59"	193480
	"2017"	"2017"	"Kansas"	"20"	"60-64 years "	"60-64"	179421
	"2017"	"2017"	"Kansas"	"20"	"65-69 years"	"65-69"	146735
	"2017"	"2017"	"Kansas"	"20"	"70-74 years"	"70-74"	107546
	"2017"	"2017"	"Kansas"	"20"	"75-79 years"	"75-79"	74253
	"2017"	"2017"	"Kansas"	"20"	"80-84 years"	"80-84"	54430
	"2017"	"2017"	"Kansas"	"20"	"85+ years"	"85+"	65166
"Total"	"2017"	"2017"	"Kansas"	"20"			2910892
	"2017"	"2017"	"Kentucky"	"21"	"< 1 year"	"1"	54252
	"2017"	"2017"	"Kentucky"	"21"	"1-4 years"	"1-4"	222206
	"2017"	"2017"	"Kentucky"	"21"	"5-9 years"	"5-9"	277477
	"2017"	"2017"	"Kentucky"	"21"	"10-14 years"	"10-14"	284559
	"2017"	"2017"	"Kentucky"	"21"	"15-19 years"	"15-19"	287510
	"2017"	"2017"	"Kentucky"	"21"	"20-24 years"	"20-24"	303687
	"2017"	"2017"	"Kentucky"	"21"	"25-29 years"	"25-29"	307008
	"2017"	"2017"	"Kentucky"	"21"	"30-34 years"	"30-34"	275680
	"2017"	"2017"	"Kentucky"	"21"	"35-39 years"	"35-39"	282550
	"2017"	"2017"	"Kentucky"	"21"	"40-44 years"	"40-44"	268472
	"2017"	"2017"	"Kentucky"	"21"	"45-49 years"	"45-49"	288600
	"2017"	"2017"	"Kentucky"	"21"	"50-54 years"	"50-54"	299338
	"2017"	"2017"	"Kentucky"	"21"	"55-59 years"	"55-59"	309410
	"2017"	"2017"	"Kentucky"	"21"	"60-64 years "	"60-64"	284567
	"2017"	"2017"	"Kentucky"	"21"	"65-69 years"	"65-69"	242838
	"2017"	"2017"	"Kentucky"	"21"	"70-74 years"	"70-74"	181786
	"2017"	"2017"	"Kentucky"	"21"	"75-79 years"	"75-79"	124378
	"2017"	"2017"	"Kentucky"	"21"	"80-84 years"	"80-84"	80980
	"2017"	"2017"	"Kentucky"	"21"	"85+ years"	"85+"	80292
"Total"	"2017"	"2017"	"Kentucky"	"21"			4455590
	"2017"	"2017"	"Louisiana"	"22"	"< 1 year"	"1"	61365
	"2017"	"2017"	"Louisiana"	"22"	"1-4 years"	"1-4"	249769
	"2017"	"2017"	"Louisiana"	"22"	"5-9 years"	"5-9"	306331
	"2017"	"2017"	"Louisiana"	"22"	"10-14 years"	"10-14"	306291
	"2017"	"2017"	"Louisiana"	"22"	"15-19 years"	"15-19"	299038
	"2017"	"2017"	"Louisiana"	"22"	"20-24 years"	"20-24"	316506
	"2017"	"2017"	"Louisiana"	"22"	"25-29 years"	"25-29"	348193
	"2017"	"2017"	"Louisiana"	"22"	"30-34 years"	"30-34"	327448
	"2017"	"2017"	"Louisiana"	"22"	"35-39 years"	"35-39"	309037
	"2017"	"2017"	"Louisiana"	"22"	"40-44 years"	"40-44"	267807
	"2017"	"2017"	"Louisiana"	"22"	"45-49 years"	"45-49"	280703
	"2017"	"2017"	"Louisiana"	"22"	"50-54 years"	"50-54"	297511
	"2017"	"2017"	"Louisiana"	"22"	"55-59 years"	"55-59"	315358
	"2017"	"2017"	"Louisiana"	"22"	"60-64 years "	"60-64"	290518
	"2017"	"2017"	"Louisiana"	"22"	"65-69 years"	"65-69"	239298
	"2017"	"2017"	"Louisiana"	"22"	"70-74 years"	"70-74"	177185
	"2017"	"2017"	"Louisiana"	"22"	"75-79 years"	"75-79"	120702
	"2017"	"2017"	"Louisiana"	"22"	"80-84 years"	"80-84"	80638
	"2017"	"2017"	"Louisiana"	"22"	"85+ years"	"85+"	79975
"Total"	"2017"	"2017"	"Louisiana"	"22"			4673673
	"2017"	"2017"	"Maine"	"23"	"< 1 year"	"1"	12350
	"2017"	"2017"	"Maine"	"23"	"1-4 years"	"1-4"	52132
	"2017"	"2017"	"Maine"	"23"	"5-9 years"	"5-9"	68443
	"2017"	"2017"	"Maine"	"23"	"10-14 years"	"10-14"	73615
	"2017"	"2017"	"Maine"	"23"	"15-19 years"	"15-19"	78769
	"2017"	"2017"	"Maine"	"23"	"20-24 years"	"20-24"	76260
	"2017"	"2017"	"Maine"	"23"	"25-29 years"	"25-29"	80118
	"2017"	"2017"	"Maine"	"23"	"30-34 years"	"30-34"	78344
	"2017"	"2017"	"Maine"	"23"	"35-39 years"	"35-39"	77029
	"2017"	"2017"	"Maine"	"23"	"40-44 years"	"40-44"	74346
	"2017"	"2017"	"Maine"	"23"	"45-49 years"	"45-49"	87903
	"2017"	"2017"	"Maine"	"23"	"50-54 years"	"50-54"	98220
	"2017"	"2017"	"Maine"	"23"	"55-59 years"	"55-59"	108064
	"2017"	"2017"	"Maine"	"23"	"60-64 years "	"60-64"	103332
	"2017"	"2017"	"Maine"	"23"	"65-69 years"	"65-69"	90439
	"2017"	"2017"	"Maine"	"23"	"70-74 years"	"70-74"	67883
	"2017"	"2017"	"Maine"	"23"	"75-79 years"	"75-79"	44449
	"2017"	"2017"	"Maine"	"23"	"80-84 years"	"80-84"	30845
	"2017"	"2017"	"Maine"	"23"	"85+ years"	"85+"	33202
"Total"	"2017"	"2017"	"Maine"	"23"			1335743
	"2017"	"2017"	"Maryland"	"24"	"< 1 year"	"1"	71796
	"2017"	"2017"	"Maryland"	"24"	"1-4 years"	"1-4"	293920
	"2017"	"2017"	"Maryland"	"24"	"5-9 years"	"5-9"	373870
	"2017"	"2017"	"Maryland"	"24"	"10-14 years"	"10-14"	375985
	"2017"	"2017"	"Maryland"	"24"	"15-19 years"	"15-19"	383029
	"2017"	"2017"	"Maryland"	"24"	"20-24 years"	"20-24"	383075
	"2017"	"2017"	"Maryland"	"24"	"25-29 years"	"25-29"	418263
	"2017"	"2017"	"Maryland"	"24"	"30-34 years"	"30-34"	414517
	"2017"	"2017"	"Maryland"	"24"	"35-39 years"	"35-39"	400657
	"2017"	"2017"	"Maryland"	"24"	"40-44 years"	"40-44"	364672
	"2017"	"2017"	"Maryland"	"24"	"45-49 years"	"45-49"	407186
	"2017"	"2017"	"Maryland"	"24"	"50-54 years"	"50-54"	432920
	"2017"	"2017"	"Maryland"	"24"	"55-59 years"	"55-59"	432134
	"2017"	"2017"	"Maryland"	"24"	"60-64 years "	"60-64"	373372
	"2017"	"2017"	"Maryland"	"24"	"65-69 years"	"65-69"	303420
	"2017"	"2017"	"Maryland"	"24"	"70-74 years"	"70-74"	228493
	"2017"	"2017"	"Maryland"	"24"	"75-79 years"	"75-79"	152614
	"2017"	"2017"	"Maryland"	"24"	"80-84 years"	"80-84"	101809
	"2017"	"2017"	"Maryland"	"24"	"85+ years"	"85+"	116454
"Total"	"2017"	"2017"	"Maryland"	"24"			6028186
	"2017"	"2017"	"Massachusetts"	"25"	"< 1 year"	"1"	71446
	"2017"	"2017"	"Massachusetts"	"25"	"1-4 years"	"1-4"	290505
	"2017"	"2017"	"Massachusetts"	"25"	"5-9 years"	"5-9"	372427
	"2017"	"2017"	"Massachusetts"	"25"	"10-14 years"	"10-14"	391108
	"2017"	"2017"	"Massachusetts"	"25"	"15-19 years"	"15-19"	455637
	"2017"	"2017"	"Massachusetts"	"25"	"20-24 years"	"20-24"	494672
	"2017"	"2017"	"Massachusetts"	"25"	"25-29 years"	"25-29"	502570
	"2017"	"2017"	"Massachusetts"	"25"	"30-34 years"	"30-34"	475976
	"2017"	"2017"	"Massachusetts"	"25"	"35-39 years"	"35-39"	430587
	"2017"	"2017"	"Massachusetts"	"25"	"40-44 years"	"40-44"	400012
	"2017"	"2017"	"Massachusetts"	"25"	"45-49 years"	"45-49"	453866
	"2017"	"2017"	"Massachusetts"	"25"	"50-54 years"	"50-54"	489095
	"2017"	"2017"	"Massachusetts"	"25"	"55-59 years"	"55-59"	492645
	"2017"	"2017"	"Massachusetts"	"25"	"60-64 years "	"60-64"	437351
	"2017"	"2017"	"Massachusetts"	"25"	"65-69 years"	"65-69"	361790
	"2017"	"2017"	"Massachusetts"	"25"	"70-74 years"	"70-74"	273693
	"2017"	"2017"	"Massachusetts"	"25"	"75-79 years"	"75-79"	180690
	"2017"	"2017"	"Massachusetts"	"25"	"80-84 years"	"80-84"	130052
	"2017"	"2017"	"Massachusetts"	"25"	"85+ years"	"85+"	159438
"Total"	"2017"	"2017"	"Massachusetts"	"25"			6863560
	"2017"	"2017"	"Michigan"	"26"	"< 1 year"	"1"	111794
	"2017"	"2017"	"Michigan"	"26"	"1-4 years"	"1-4"	462208
	"2017"	"2017"	"Michigan"	"26"	"5-9 years"	"5-9"	589849
	"2017"	"2017"	"Michigan"	"26"	"10-14 years"	"10-14"	623791
	"2017"	"2017"	"Michigan"	"26"	"15-19 years"	"15-19"	661892
	"2017"	"2017"	"Michigan"	"26"	"20-24 years"	"20-24"	705635
	"2017"	"2017"	"Michigan"	"26"	"25-29 years"	"25-29"	679919
	"2017"	"2017"	"Michigan"	"26"	"30-34 years"	"30-34"	595948
	"2017"	"2017"	"Michigan"	"26"	"35-39 years"	"35-39"	593940
	"2017"	"2017"	"Michigan"	"26"	"40-44 years"	"40-44"	563930
	"2017"	"2017"	"Michigan"	"26"	"45-49 years"	"45-49"	642547
	"2017"	"2017"	"Michigan"	"26"	"50-54 years"	"50-54"	680493
	"2017"	"2017"	"Michigan"	"26"	"55-59 years"	"55-59"	725376
	"2017"	"2017"	"Michigan"	"26"	"60-64 years "	"60-64"	674782
	"2017"	"2017"	"Michigan"	"26"	"65-69 years"	"65-69"	561960
	"2017"	"2017"	"Michigan"	"26"	"70-74 years"	"70-74"	416094
	"2017"	"2017"	"Michigan"	"26"	"75-79 years"	"75-79"	282814
	"2017"	"2017"	"Michigan"	"26"	"80-84 years"	"80-84"	190767
	"2017"	"2017"	"Michigan"	"26"	"85+ years"	"85+"	213013
"Total"	"2017"	"2017"	"Michigan"	"26"			9976752
	"2017"	"2017"	"Minnesota"	"27"	"< 1 year"	"1"	69067
	"2017"	"2017"	"Minnesota"	"27"	"1-4 years"	"1-4"	286272
	"2017"	"2017"	"Minnesota"	"27"	"5-9 years"	"5-9"	360777
	"2017"	"2017"	"Minnesota"	"27"	"10-14 years"	"10-14"	367723
	"2017"	"2017"	"Minnesota"	"27"	"15-19 years"	"15-19"	356488
	"2017"	"2017"	"Minnesota"	"27"	"20-24 years"	"20-24"	362550
	"2017"	"2017"	"Minnesota"	"27"	"25-29 years"	"25-29"	371188
	"2017"	"2017"	"Minnesota"	"27"	"30-34 years"	"30-34"	385015
	"2017"	"2017"	"Minnesota"	"27"	"35-39 years"	"35-39"	374008
	"2017"	"2017"	"Minnesota"	"27"	"40-44 years"	"40-44"	319021
	"2017"	"2017"	"Minnesota"	"27"	"45-49 years"	"45-49"	342997
	"2017"	"2017"	"Minnesota"	"27"	"50-54 years"	"50-54"	367212
	"2017"	"2017"	"Minnesota"	"27"	"55-59 years"	"55-59"	396844
	"2017"	"2017"	"Minnesota"	"27"	"60-64 years "	"60-64"	351467
	"2017"	"2017"	"Minnesota"	"27"	"65-69 years"	"65-69"	286031
	"2017"	"2017"	"Minnesota"	"27"	"70-74 years"	"70-74"	206326
	"2017"	"2017"	"Minnesota"	"27"	"75-79 years"	"75-79"	143900
	"2017"	"2017"	"Minnesota"	"27"	"80-84 years"	"80-84"	101803
	"2017"	"2017"	"Minnesota"	"27"	"85+ years"	"85+"	120594
"Total"	"2017"	"2017"	"Minnesota"	"27"			5569283
	"2017"	"2017"	"Mississippi"	"28"	"< 1 year"	"1"	36923
	"2017"	"2017"	"Mississippi"	"28"	"1-4 years"	"1-4"	150778
	"2017"	"2017"	"Mississippi"	"28"	"5-9 years"	"5-9"	198023
	"2017"	"2017"	"Mississippi"	"28"	"10-14 years"	"10-14"	205613
	"2017"	"2017"	"Mississippi"	"28"	"15-19 years"	"15-19"	207332
	"2017"	"2017"	"Mississippi"	"28"	"20-24 years"	"20-24"	210496
	"2017"	"2017"	"Mississippi"	"28"	"25-29 years"	"25-29"	208151
	"2017"	"2017"	"Mississippi"	"28"	"30-34 years"	"30-34"	186885
	"2017"	"2017"	"Mississippi"	"28"	"35-39 years"	"35-39"	189665
	"2017"	"2017"	"Mississippi"	"28"	"40-44 years"	"40-44"	175880
	"2017"	"2017"	"Mississippi"	"28"	"45-49 years"	"45-49"	186123
	"2017"	"2017"	"Mississippi"	"28"	"50-54 years"	"50-54"	189466
	"2017"	"2017"	"Mississippi"	"28"	"55-59 years"	"55-59"	199651
	"2017"	"2017"	"Mississippi"	"28"	"60-64 years "	"60-64"	184438
	"2017"	"2017"	"Mississippi"	"28"	"65-69 years"	"65-69"	155884
	"2017"	"2017"	"Mississippi"	"28"	"70-74 years"	"70-74"	117983
	"2017"	"2017"	"Mississippi"	"28"	"75-79 years"	"75-79"	81740
	"2017"	"2017"	"Mississippi"	"28"	"80-84 years"	"80-84"	54105
	"2017"	"2017"	"Mississippi"	"28"	"85+ years"	"85+"	51538
"Total"	"2017"	"2017"	"Mississippi"	"28"			2990674
	"2017"	"2017"	"Missouri"	"29"	"< 1 year"	"1"	73416
	"2017"	"2017"	"Missouri"	"29"	"1-4 years"	"1-4"	301340
	"2017"	"2017"	"Missouri"	"29"	"5-9 years"	"5-9"	381617
	"2017"	"2017"	"Missouri"	"29"	"10-14 years"	"10-14"	390911
	"2017"	"2017"	"Missouri"	"29"	"15-19 years"	"15-19"	392858
	"2017"	"2017"	"Missouri"	"29"	"20-24 years"	"20-24"	413885
	"2017"	"2017"	"Missouri"	"29"	"25-29 years"	"25-29"	421932
	"2017"	"2017"	"Missouri"	"29"	"30-34 years"	"30-34"	399257
	"2017"	"2017"	"Missouri"	"29"	"35-39 years"	"35-39"	387889
	"2017"	"2017"	"Missouri"	"29"	"40-44 years"	"40-44"	347080
	"2017"	"2017"	"Missouri"	"29"	"45-49 years"	"45-49"	373944
	"2017"	"2017"	"Missouri"	"29"	"50-54 years"	"50-54"	397301
	"2017"	"2017"	"Missouri"	"29"	"55-59 years"	"55-59"	431989
	"2017"	"2017"	"Missouri"	"29"	"60-64 years "	"60-64"	391559
	"2017"	"2017"	"Missouri"	"29"	"65-69 years"	"65-69"	327448
	"2017"	"2017"	"Missouri"	"29"	"70-74 years"	"70-74"	250871
	"2017"	"2017"	"Missouri"	"29"	"75-79 years"	"75-79"	175725
	"2017"	"2017"	"Missouri"	"29"	"80-84 years"	"80-84"	121290
	"2017"	"2017"	"Missouri"	"29"	"85+ years"	"85+"	131070
"Total"	"2017"	"2017"	"Missouri"	"29"			6111382
	"2017"	"2017"	"Montana"	"30"	"< 1 year"	"1"	12151
	"2017"	"2017"	"Montana"	"30"	"1-4 years"	"1-4"	50853
	"2017"	"2017"	"Montana"	"30"	"5-9 years"	"5-9"	63887
	"2017"	"2017"	"Montana"	"30"	"10-14 years"	"10-14"	64552
	"2017"	"2017"	"Montana"	"30"	"15-19 years"	"15-19"	63762
	"2017"	"2017"	"Montana"	"30"	"20-24 years"	"20-24"	73467
	"2017"	"2017"	"Montana"	"30"	"25-29 years"	"25-29"	70024
	"2017"	"2017"	"Montana"	"30"	"30-34 years"	"30-34"	66112
	"2017"	"2017"	"Montana"	"30"	"35-39 years"	"35-39"	66096
	"2017"	"2017"	"Montana"	"30"	"40-44 years"	"40-44"	57317
	"2017"	"2017"	"Montana"	"30"	"45-49 years"	"45-49"	59037
	"2017"	"2017"	"Montana"	"30"	"50-54 years"	"50-54"	63862
	"2017"	"2017"	"Montana"	"30"	"55-59 years"	"55-59"	75945
	"2017"	"2017"	"Montana"	"30"	"60-64 years "	"60-64"	76279
	"2017"	"2017"	"Montana"	"30"	"65-69 years"	"65-69"	66617
	"2017"	"2017"	"Montana"	"30"	"70-74 years"	"70-74"	48163
	"2017"	"2017"	"Montana"	"30"	"75-79 years"	"75-79"	32136
	"2017"	"2017"	"Montana"	"30"	"80-84 years"	"80-84"	21037
	"2017"	"2017"	"Montana"	"30"	"85+ years"	"85+"	22565
"Total"	"2017"	"2017"	"Montana"	"30"			1053862
	"2017"	"2017"	"Nebraska"	"31"	"< 1 year"	"1"	26174
	"2017"	"2017"	"Nebraska"	"31"	"1-4 years"	"1-4"	106755
	"2017"	"2017"	"Nebraska"	"31"	"5-9 years"	"5-9"	132913
	"2017"	"2017"	"Nebraska"	"31"	"10-14 years"	"10-14"	132859
	"2017"	"2017"	"Nebraska"	"31"	"15-19 years"	"15-19"	130110
	"2017"	"2017"	"Nebraska"	"31"	"20-24 years"	"20-24"	137571
	"2017"	"2017"	"Nebraska"	"31"	"25-29 years"	"25-29"	126662
	"2017"	"2017"	"Nebraska"	"31"	"30-34 years"	"30-34"	128835
	"2017"	"2017"	"Nebraska"	"31"	"35-39 years"	"35-39"	125532
	"2017"	"2017"	"Nebraska"	"31"	"40-44 years"	"40-44"	108777
	"2017"	"2017"	"Nebraska"	"31"	"45-49 years"	"45-49"	109927
	"2017"	"2017"	"Nebraska"	"31"	"50-54 years"	"50-54"	114695
	"2017"	"2017"	"Nebraska"	"31"	"55-59 years"	"55-59"	126236
	"2017"	"2017"	"Nebraska"	"31"	"60-64 years "	"60-64"	115797
	"2017"	"2017"	"Nebraska"	"31"	"65-69 years"	"65-69"	96915
	"2017"	"2017"	"Nebraska"	"31"	"70-74 years"	"70-74"	69383
	"2017"	"2017"	"Nebraska"	"31"	"75-79 years"	"75-79"	48629
	"2017"	"2017"	"Nebraska"	"31"	"80-84 years"	"80-84"	36213
	"2017"	"2017"	"Nebraska"	"31"	"85+ years"	"85+"	43015
"Total"	"2017"	"2017"	"Nebraska"	"31"			1916998
	"2017"	"2017"	"Nevada"	"32"	"< 1 year"	"1"	35833
	"2017"	"2017"	"Nevada"	"32"	"1-4 years"	"1-4"	148822
	"2017"	"2017"	"Nevada"	"32"	"5-9 years"	"5-9"	191073
	"2017"	"2017"	"Nevada"	"32"	"10-14 years"	"10-14"	192735
	"2017"	"2017"	"Nevada"	"32"	"15-19 years"	"15-19"	179050
	"2017"	"2017"	"Nevada"	"32"	"20-24 years"	"20-24"	181163
	"2017"	"2017"	"Nevada"	"32"	"25-29 years"	"25-29"	223311
	"2017"	"2017"	"Nevada"	"32"	"30-34 years"	"30-34"	211897
	"2017"	"2017"	"Nevada"	"32"	"35-39 years"	"35-39"	203981
	"2017"	"2017"	"Nevada"	"32"	"40-44 years"	"40-44"	188312
	"2017"	"2017"	"Nevada"	"32"	"45-49 years"	"45-49"	198931
	"2017"	"2017"	"Nevada"	"32"	"50-54 years"	"50-54"	192477
	"2017"	"2017"	"Nevada"	"32"	"55-59 years"	"55-59"	190508
	"2017"	"2017"	"Nevada"	"32"	"60-64 years "	"60-64"	176939
	"2017"	"2017"	"Nevada"	"32"	"65-69 years"	"65-69"	158084
	"2017"	"2017"	"Nevada"	"32"	"70-74 years"	"70-74"	126465
	"2017"	"2017"	"Nevada"	"32"	"75-79 years"	"75-79"	81813
	"2017"	"2017"	"Nevada"	"32"	"80-84 years"	"80-84"	48853
	"2017"	"2017"	"Nevada"	"32"	"85+ years"	"85+"	41850
"Total"	"2017"	"2017"	"Nevada"	"32"			2972097
	"2017"	"2017"	"New Hampshire"	"33"	"< 1 year"	"1"	12256
	"2017"	"2017"	"New Hampshire"	"33"	"1-4 years"	"1-4"	52273
	"2017"	"2017"	"New Hampshire"	"33"	"5-9 years"	"5-9"	69708
	"2017"	"2017"	"New Hampshire"	"33"	"10-14 years"	"10-14"	77241
	"2017"	"2017"	"New Hampshire"	"33"	"15-19 years"	"15-19"	85977
	"2017"	"2017"	"New Hampshire"	"33"	"20-24 years"	"20-24"	91215
	"2017"	"2017"	"New Hampshire"	"33"	"25-29 years"	"25-29"	84493
	"2017"	"2017"	"New Hampshire"	"33"	"30-34 years"	"30-34"	81726
	"2017"	"2017"	"New Hampshire"	"33"	"35-39 years"	"35-39"	78153
	"2017"	"2017"	"New Hampshire"	"33"	"40-44 years"	"40-44"	75210
	"2017"	"2017"	"New Hampshire"	"33"	"45-49 years"	"45-49"	92742
	"2017"	"2017"	"New Hampshire"	"33"	"50-54 years"	"50-54"	103862
	"2017"	"2017"	"New Hampshire"	"33"	"55-59 years"	"55-59"	110943
	"2017"	"2017"	"New Hampshire"	"33"	"60-64 years "	"60-64"	98818
	"2017"	"2017"	"New Hampshire"	"33"	"65-69 years"	"65-69"	81408
	"2017"	"2017"	"New Hampshire"	"33"	"70-74 years"	"70-74"	60381
	"2017"	"2017"	"New Hampshire"	"33"	"75-79 years"	"75-79"	37985
	"2017"	"2017"	"New Hampshire"	"33"	"80-84 years"	"80-84"	26108
	"2017"	"2017"	"New Hampshire"	"33"	"85+ years"	"85+"	29896
"Total"	"2017"	"2017"	"New Hampshire"	"33"			1350395
	"2017"	"2017"	"New Jersey"	"34"	"< 1 year"	"1"	101785
	"2017"	"2017"	"New Jersey"	"34"	"1-4 years"	"1-4"	418515
	"2017"	"2017"	"New Jersey"	"34"	"5-9 years"	"5-9"	537708
	"2017"	"2017"	"New Jersey"	"34"	"10-14 years"	"10-14"	560653
	"2017"	"2017"	"New Jersey"	"34"	"15-19 years"	"15-19"	559465
	"2017"	"2017"	"New Jersey"	"34"	"20-24 years"	"20-24"	557826
	"2017"	"2017"	"New Jersey"	"34"	"25-29 years"	"25-29"	572292
	"2017"	"2017"	"New Jersey"	"34"	"30-34 years"	"30-34"	570046
	"2017"	"2017"	"New Jersey"	"34"	"35-39 years"	"35-39"	575002
	"2017"	"2017"	"New Jersey"	"34"	"40-44 years"	"40-44"	556405
	"2017"	"2017"	"New Jersey"	"34"	"45-49 years"	"45-49"	615267
	"2017"	"2017"	"New Jersey"	"34"	"50-54 years"	"50-54"	649086
	"2017"	"2017"	"New Jersey"	"34"	"55-59 years"	"55-59"	646855
	"2017"	"2017"	"New Jersey"	"34"	"60-64 years "	"60-64"	558060
	"2017"	"2017"	"New Jersey"	"34"	"65-69 years"	"65-69"	447489
	"2017"	"2017"	"New Jersey"	"34"	"70-74 years"	"70-74"	349125
	"2017"	"2017"	"New Jersey"	"34"	"75-79 years"	"75-79"	239816
	"2017"	"2017"	"New Jersey"	"34"	"80-84 years"	"80-84"	170143
	"2017"	"2017"	"New Jersey"	"34"	"85+ years"	"85+"	202609
"Total"	"2017"	"2017"	"New Jersey"	"34"			8888147
	"2017"	"2017"	"New Mexico"	"35"	"< 1 year"	"1"	24044
	"2017"	"2017"	"New Mexico"	"35"	"1-4 years"	"1-4"	103155
	"2017"	"2017"	"New Mexico"	"35"	"5-9 years"	"5-9"	137565
	"2017"	"2017"	"New Mexico"	"35"	"10-14 years"	"10-14"	140277
	"2017"	"2017"	"New Mexico"	"35"	"15-19 years"	"15-19"	139375
	"2017"	"2017"	"New Mexico"	"35"	"20-24 years"	"20-24"	144139
	"2017"	"2017"	"New Mexico"	"35"	"25-29 years"	"25-29"	145283
	"2017"	"2017"	"New Mexico"	"35"	"30-34 years"	"30-34"	138932
	"2017"	"2017"	"New Mexico"	"35"	"35-39 years"	"35-39"	130643
	"2017"	"2017"	"New Mexico"	"35"	"40-44 years"	"40-44"	116365
	"2017"	"2017"	"New Mexico"	"35"	"45-49 years"	"45-49"	120099
	"2017"	"2017"	"New Mexico"	"35"	"50-54 years"	"50-54"	125876
	"2017"	"2017"	"New Mexico"	"35"	"55-59 years"	"55-59"	140468
	"2017"	"2017"	"New Mexico"	"35"	"60-64 years "	"60-64"	133961
	"2017"	"2017"	"New Mexico"	"35"	"65-69 years"	"65-69"	119975
	"2017"	"2017"	"New Mexico"	"35"	"70-74 years"	"70-74"	90636
	"2017"	"2017"	"New Mexico"	"35"	"75-79 years"	"75-79"	61194
	"2017"	"2017"	"New Mexico"	"35"	"80-84 years"	"80-84"	41006
	"2017"	"2017"	"New Mexico"	"35"	"85+ years"	"85+"	39851
"Total"	"2017"	"2017"	"New Mexico"	"35"			2092844
	"2017"	"2017"	"New York"	"36"	"< 1 year"	"1"	232327
	"2017"	"2017"	"New York"	"36"	"1-4 years"	"1-4"	924320
	"2017"	"2017"	"New York"	"36"	"5-9 years"	"5-9"	1125614
	"2017"	"2017"	"New York"	"36"	"10-14 years"	"10-14"	1128874
	"2017"	"2017"	"New York"	"36"	"15-19 years"	"15-19"	1201826
	"2017"	"2017"	"New York"	"36"	"20-24 years"	"20-24"	1328467
	"2017"	"2017"	"New York"	"36"	"25-29 years"	"25-29"	1492674
	"2017"	"2017"	"New York"	"36"	"30-34 years"	"30-34"	1383842
	"2017"	"2017"	"New York"	"36"	"35-39 years"	"35-39"	1263543
	"2017"	"2017"	"New York"	"36"	"40-44 years"	"40-44"	1160115
	"2017"	"2017"	"New York"	"36"	"45-49 years"	"45-49"	1274108
	"2017"	"2017"	"New York"	"36"	"50-54 years"	"50-54"	1351357
	"2017"	"2017"	"New York"	"36"	"55-59 years"	"55-59"	1364642
	"2017"	"2017"	"New York"	"36"	"60-64 years "	"60-64"	1213959
	"2017"	"2017"	"New York"	"36"	"65-69 years"	"65-69"	1010757
	"2017"	"2017"	"New York"	"36"	"70-74 years"	"70-74"	764860
	"2017"	"2017"	"New York"	"36"	"75-79 years"	"75-79"	535142
	"2017"	"2017"	"New York"	"36"	"80-84 years"	"80-84"	382436
	"2017"	"2017"	"New York"	"36"	"85+ years"	"85+"	454986
"Total"	"2017"	"2017"	"New York"	"36"			19593849
	"2017"	"2017"	"North Carolina"	"37"	"< 1 year"	"1"	119327
	"2017"	"2017"	"North Carolina"	"37"	"1-4 years"	"1-4"	489752
	"2017"	"2017"	"North Carolina"	"37"	"5-9 years"	"5-9"	634135
	"2017"	"2017"	"North Carolina"	"37"	"10-14 years"	"10-14"	658753
	"2017"	"2017"	"North Carolina"	"37"	"15-19 years"	"15-19"	681074
	"2017"	"2017"	"North Carolina"	"37"	"20-24 years"	"20-24"	699588
	"2017"	"2017"	"North Carolina"	"37"	"25-29 years"	"25-29"	716579
	"2017"	"2017"	"North Carolina"	"37"	"30-34 years"	"30-34"	654170
	"2017"	"2017"	"North Carolina"	"37"	"35-39 years"	"35-39"	651603
	"2017"	"2017"	"North Carolina"	"37"	"40-44 years"	"40-44"	637305
	"2017"	"2017"	"North Carolina"	"37"	"45-49 years"	"45-49"	696982
	"2017"	"2017"	"North Carolina"	"37"	"50-54 years"	"50-54"	687085
	"2017"	"2017"	"North Carolina"	"37"	"55-59 years"	"55-59"	689093
	"2017"	"2017"	"North Carolina"	"37"	"60-64 years "	"60-64"	632049
	"2017"	"2017"	"North Carolina"	"37"	"65-69 years"	"65-69"	551754
	"2017"	"2017"	"North Carolina"	"37"	"70-74 years"	"70-74"	428246
	"2017"	"2017"	"North Carolina"	"37"	"75-79 years"	"75-79"	280125
	"2017"	"2017"	"North Carolina"	"37"	"80-84 years"	"80-84"	186376
	"2017"	"2017"	"North Carolina"	"37"	"85+ years"	"85+"	181762
"Total"	"2017"	"2017"	"North Carolina"	"37"			10275758
	"2017"	"2017"	"North Dakota"	"38"	"< 1 year"	"1"	11026
	"2017"	"2017"	"North Dakota"	"38"	"1-4 years"	"1-4"	43355
	"2017"	"2017"	"North Dakota"	"38"	"5-9 years"	"5-9"	49681
	"2017"	"2017"	"North Dakota"	"38"	"10-14 years"	"10-14"	46686
	"2017"	"2017"	"North Dakota"	"38"	"15-19 years"	"15-19"	47316
	"2017"	"2017"	"North Dakota"	"38"	"20-24 years"	"20-24"	65239
	"2017"	"2017"	"North Dakota"	"38"	"25-29 years"	"25-29"	60970
	"2017"	"2017"	"North Dakota"	"38"	"30-34 years"	"30-34"	53831
	"2017"	"2017"	"North Dakota"	"38"	"35-39 years"	"35-39"	48550
	"2017"	"2017"	"North Dakota"	"38"	"40-44 years"	"40-44"	39701
	"2017"	"2017"	"North Dakota"	"38"	"45-49 years"	"45-49"	39413
	"2017"	"2017"	"North Dakota"	"38"	"50-54 years"	"50-54"	42812
	"2017"	"2017"	"North Dakota"	"38"	"55-59 years"	"55-59"	49228
	"2017"	"2017"	"North Dakota"	"38"	"60-64 years "	"60-64"	45713
	"2017"	"2017"	"North Dakota"	"38"	"65-69 years"	"65-69"	35991
	"2017"	"2017"	"North Dakota"	"38"	"70-74 years"	"70-74"	25672
	"2017"	"2017"	"North Dakota"	"38"	"75-79 years"	"75-79"	18152
	"2017"	"2017"	"North Dakota"	"38"	"80-84 years"	"80-84"	14571
	"2017"	"2017"	"North Dakota"	"38"	"85+ years"	"85+"	18848
"Total"	"2017"	"2017"	"North Dakota"	"38"			756755
	"2017"	"2017"	"Ohio"	"39"	"< 1 year"	"1"	135805
	"2017"	"2017"	"Ohio"	"39"	"1-4 years"	"1-4"	563082
	"2017"	"2017"	"Ohio"	"39"	"5-9 years"	"5-9"	710969
	"2017"	"2017"	"Ohio"	"39"	"10-14 years"	"10-14"	739515
	"2017"	"2017"	"Ohio"	"39"	"15-19 years"	"15-19"	767843
	"2017"	"2017"	"Ohio"	"39"	"20-24 years"	"20-24"	766511
	"2017"	"2017"	"Ohio"	"39"	"25-29 years"	"25-29"	798801
	"2017"	"2017"	"Ohio"	"39"	"30-34 years"	"30-34"	729528
	"2017"	"2017"	"Ohio"	"39"	"35-39 years"	"35-39"	716157
	"2017"	"2017"	"Ohio"	"39"	"40-44 years"	"40-44"	665711
	"2017"	"2017"	"Ohio"	"39"	"45-49 years"	"45-49"	744748
	"2017"	"2017"	"Ohio"	"39"	"50-54 years"	"50-54"	775561
	"2017"	"2017"	"Ohio"	"39"	"55-59 years"	"55-59"	836054
	"2017"	"2017"	"Ohio"	"39"	"60-64 years "	"60-64"	775066
	"2017"	"2017"	"Ohio"	"39"	"65-69 years"	"65-69"	646225
	"2017"	"2017"	"Ohio"	"39"	"70-74 years"	"70-74"	472953
	"2017"	"2017"	"Ohio"	"39"	"75-79 years"	"75-79"	333009
	"2017"	"2017"	"Ohio"	"39"	"80-84 years"	"80-84"	231924
	"2017"	"2017"	"Ohio"	"39"	"85+ years"	"85+"	256244
"Total"	"2017"	"2017"	"Ohio"	"39"			11665706
	"2017"	"2017"	"Oklahoma"	"40"	"< 1 year"	"1"	50712
	"2017"	"2017"	"Oklahoma"	"40"	"1-4 years"	"1-4"	212582
	"2017"	"2017"	"Oklahoma"	"40"	"5-9 years"	"5-9"	269520
	"2017"	"2017"	"Oklahoma"	"40"	"10-14 years"	"10-14"	268074
	"2017"	"2017"	"Oklahoma"	"40"	"15-19 years"	"15-19"	263323
	"2017"	"2017"	"Oklahoma"	"40"	"20-24 years"	"20-24"	275456
	"2017"	"2017"	"Oklahoma"	"40"	"25-29 years"	"25-29"	281246
	"2017"	"2017"	"Oklahoma"	"40"	"30-34 years"	"30-34"	265425
	"2017"	"2017"	"Oklahoma"	"40"	"35-39 years"	"35-39"	256084
	"2017"	"2017"	"Oklahoma"	"40"	"40-44 years"	"40-44"	227427
	"2017"	"2017"	"Oklahoma"	"40"	"45-49 years"	"45-49"	232320
	"2017"	"2017"	"Oklahoma"	"40"	"50-54 years"	"50-54"	236817
	"2017"	"2017"	"Oklahoma"	"40"	"55-59 years"	"55-59"	256038
	"2017"	"2017"	"Oklahoma"	"40"	"60-64 years "	"60-64"	235035
	"2017"	"2017"	"Oklahoma"	"40"	"65-69 years"	"65-69"	196466
	"2017"	"2017"	"Oklahoma"	"40"	"70-74 years"	"70-74"	154020
	"2017"	"2017"	"Oklahoma"	"40"	"75-79 years"	"75-79"	107838
	"2017"	"2017"	"Oklahoma"	"40"	"80-84 years"	"80-84"	73098
	"2017"	"2017"	"Oklahoma"	"40"	"85+ years"	"85+"	72121
"Total"	"2017"	"2017"	"Oklahoma"	"40"			3933602
	"2017"	"2017"	"Oregon"	"41"	"< 1 year"	"1"	44622
	"2017"	"2017"	"Oregon"	"41"	"1-4 years"	"1-4"	189119
	"2017"	"2017"	"Oregon"	"41"	"5-9 years"	"5-9"	244087
	"2017"	"2017"	"Oregon"	"41"	"10-14 years"	"10-14"	246410
	"2017"	"2017"	"Oregon"	"41"	"15-19 years"	"15-19"	246880
	"2017"	"2017"	"Oregon"	"41"	"20-24 years"	"20-24"	265725
	"2017"	"2017"	"Oregon"	"41"	"25-29 years"	"25-29"	299319
	"2017"	"2017"	"Oregon"	"41"	"30-34 years"	"30-34"	291797
	"2017"	"2017"	"Oregon"	"41"	"35-39 years"	"35-39"	288405
	"2017"	"2017"	"Oregon"	"41"	"40-44 years"	"40-44"	259499
	"2017"	"2017"	"Oregon"	"41"	"45-49 years"	"45-49"	262788
	"2017"	"2017"	"Oregon"	"41"	"50-54 years"	"50-54"	251805
	"2017"	"2017"	"Oregon"	"41"	"55-59 years"	"55-59"	272399
	"2017"	"2017"	"Oregon"	"41"	"60-64 years "	"60-64"	275547
	"2017"	"2017"	"Oregon"	"41"	"65-69 years"	"65-69"	247490
	"2017"	"2017"	"Oregon"	"41"	"70-74 years"	"70-74"	184320
	"2017"	"2017"	"Oregon"	"41"	"75-79 years"	"75-79"	117936
	"2017"	"2017"	"Oregon"	"41"	"80-84 years"	"80-84"	75347
	"2017"	"2017"	"Oregon"	"41"	"85+ years"	"85+"	83799
"Total"	"2017"	"2017"	"Oregon"	"41"			4147294
	"2017"	"2017"	"Pennsylvania"	"42"	"< 1 year"	"1"	137312
	"2017"	"2017"	"Pennsylvania"	"42"	"1-4 years"	"1-4"	571521
	"2017"	"2017"	"Pennsylvania"	"42"	"5-9 years"	"5-9"	730043
	"2017"	"2017"	"Pennsylvania"	"42"	"10-14 years"	"10-14"	755667
	"2017"	"2017"	"Pennsylvania"	"42"	"15-19 years"	"15-19"	814340
	"2017"	"2017"	"Pennsylvania"	"42"	"20-24 years"	"20-24"	827352
	"2017"	"2017"	"Pennsylvania"	"42"	"25-29 years"	"25-29"	871107
	"2017"	"2017"	"Pennsylvania"	"42"	"30-34 years"	"30-34"	816996
	"2017"	"2017"	"Pennsylvania"	"42"	"35-39 years"	"35-39"	769446
	"2017"	"2017"	"Pennsylvania"	"42"	"40-44 years"	"40-44"	714243
	"2017"	"2017"	"Pennsylvania"	"42"	"45-49 years"	"45-49"	817559
	"2017"	"2017"	"Pennsylvania"	"42"	"50-54 years"	"50-54"	879182
	"2017"	"2017"	"Pennsylvania"	"42"	"55-59 years"	"55-59"	937082
	"2017"	"2017"	"Pennsylvania"	"42"	"60-64 years "	"60-64"	873871
	"2017"	"2017"	"Pennsylvania"	"42"	"65-69 years"	"65-69"	726979
	"2017"	"2017"	"Pennsylvania"	"42"	"70-74 years"	"70-74"	551549
	"2017"	"2017"	"Pennsylvania"	"42"	"75-79 years"	"75-79"	385496
	"2017"	"2017"	"Pennsylvania"	"42"	"80-84 years"	"80-84"	279091
	"2017"	"2017"	"Pennsylvania"	"42"	"85+ years"	"85+"	335843
"Total"	"2017"	"2017"	"Pennsylvania"	"42"			12794679
	"2017"	"2017"	"Rhode Island"	"44"	"< 1 year"	"1"	10539
	"2017"	"2017"	"Rhode Island"	"44"	"1-4 years"	"1-4"	43976
	"2017"	"2017"	"Rhode Island"	"44"	"5-9 years"	"5-9"	55658
	"2017"	"2017"	"Rhode Island"	"44"	"10-14 years"	"10-14"	59495
	"2017"	"2017"	"Rhode Island"	"44"	"15-19 years"	"15-19"	71970
	"2017"	"2017"	"Rhode Island"	"44"	"20-24 years"	"20-24"	78109
	"2017"	"2017"	"Rhode Island"	"44"	"25-29 years"	"25-29"	76370
	"2017"	"2017"	"Rhode Island"	"44"	"30-34 years"	"30-34"	68212
	"2017"	"2017"	"Rhode Island"	"44"	"35-39 years"	"35-39"	64142
	"2017"	"2017"	"Rhode Island"	"44"	"40-44 years"	"40-44"	58984
	"2017"	"2017"	"Rhode Island"	"44"	"45-49 years"	"45-49"	68001
	"2017"	"2017"	"Rhode Island"	"44"	"50-54 years"	"50-54"	75184
	"2017"	"2017"	"Rhode Island"	"44"	"55-59 years"	"55-59"	77646
	"2017"	"2017"	"Rhode Island"	"44"	"60-64 years "	"60-64"	70661
	"2017"	"2017"	"Rhode Island"	"44"	"65-69 years"	"65-69"	56790
	"2017"	"2017"	"Rhode Island"	"44"	"70-74 years"	"70-74"	43354
	"2017"	"2017"	"Rhode Island"	"44"	"75-79 years"	"75-79"	28678
	"2017"	"2017"	"Rhode Island"	"44"	"80-84 years"	"80-84"	20839
	"2017"	"2017"	"Rhode Island"	"44"	"85+ years"	"85+"	27946
"Total"	"2017"	"2017"	"Rhode Island"	"44"			1056554
	"2017"	"2017"	"South Carolina"	"45"	"< 1 year"	"1"	56531
	"2017"	"2017"	"South Carolina"	"45"	"1-4 years"	"1-4"	236269
	"2017"	"2017"	"South Carolina"	"45"	"5-9 years"	"5-9"	308523
	"2017"	"2017"	"South Carolina"	"45"	"10-14 years"	"10-14"	314311
	"2017"	"2017"	"South Carolina"	"45"	"15-19 years"	"15-19"	322479
	"2017"	"2017"	"South Carolina"	"45"	"20-24 years"	"20-24"	334918
	"2017"	"2017"	"South Carolina"	"45"	"25-29 years"	"25-29"	351489
	"2017"	"2017"	"South Carolina"	"45"	"30-34 years"	"30-34"	314698
	"2017"	"2017"	"South Carolina"	"45"	"35-39 years"	"35-39"	310860
	"2017"	"2017"	"South Carolina"	"45"	"40-44 years"	"40-44"	293574
	"2017"	"2017"	"South Carolina"	"45"	"45-49 years"	"45-49"	319853
	"2017"	"2017"	"South Carolina"	"45"	"50-54 years"	"50-54"	330937
	"2017"	"2017"	"South Carolina"	"45"	"55-59 years"	"55-59"	340983
	"2017"	"2017"	"South Carolina"	"45"	"60-64 years "	"60-64"	326564
	"2017"	"2017"	"South Carolina"	"45"	"65-69 years"	"65-69"	298581
	"2017"	"2017"	"South Carolina"	"45"	"70-74 years"	"70-74"	235033
	"2017"	"2017"	"South Carolina"	"45"	"75-79 years"	"75-79"	150781
	"2017"	"2017"	"South Carolina"	"45"	"80-84 years"	"80-84"	94116
	"2017"	"2017"	"South Carolina"	"45"	"85+ years"	"85+"	86602
"Total"	"2017"	"2017"	"South Carolina"	"45"			5027102
	"2017"	"2017"	"South Dakota"	"46"	"< 1 year"	"1"	12416
	"2017"	"2017"	"South Dakota"	"46"	"1-4 years"	"1-4"	49564
	"2017"	"2017"	"South Dakota"	"46"	"5-9 years"	"5-9"	60919
	"2017"	"2017"	"South Dakota"	"46"	"10-14 years"	"10-14"	59514
	"2017"	"2017"	"South Dakota"	"46"	"15-19 years"	"15-19"	57283
	"2017"	"2017"	"South Dakota"	"46"	"20-24 years"	"20-24"	60448
	"2017"	"2017"	"South Dakota"	"46"	"25-29 years"	"25-29"	58118
	"2017"	"2017"	"South Dakota"	"46"	"30-34 years"	"30-34"	57244
	"2017"	"2017"	"South Dakota"	"46"	"35-39 years"	"35-39"	54851
	"2017"	"2017"	"South Dakota"	"46"	"40-44 years"	"40-44"	46491
	"2017"	"2017"	"South Dakota"	"46"	"45-49 years"	"45-49"	47518
	"2017"	"2017"	"South Dakota"	"46"	"50-54 years"	"50-54"	52022
	"2017"	"2017"	"South Dakota"	"46"	"55-59 years"	"55-59"	59475
	"2017"	"2017"	"South Dakota"	"46"	"60-64 years "	"60-64"	56800
	"2017"	"2017"	"South Dakota"	"46"	"65-69 years"	"65-69"	48201
	"2017"	"2017"	"South Dakota"	"46"	"70-74 years"	"70-74"	32721
	"2017"	"2017"	"South Dakota"	"46"	"75-79 years"	"75-79"	22189
	"2017"	"2017"	"South Dakota"	"46"	"80-84 years"	"80-84"	17036
	"2017"	"2017"	"South Dakota"	"46"	"85+ years"	"85+"	20922
"Total"	"2017"	"2017"	"South Dakota"	"46"			873732
	"2017"	"2017"	"Tennessee"	"47"	"< 1 year"	"1"	79781
	"2017"	"2017"	"Tennessee"	"47"	"1-4 years"	"1-4"	327491
	"2017"	"2017"	"Tennessee"	"47"	"5-9 years"	"5-9"	415010
	"2017"	"2017"	"Tennessee"	"47"	"10-14 years"	"10-14"	426061
	"2017"	"2017"	"Tennessee"	"47"	"15-19 years"	"15-19"	425105
	"2017"	"2017"	"Tennessee"	"47"	"20-24 years"	"20-24"	447146
	"2017"	"2017"	"Tennessee"	"47"	"25-29 years"	"25-29"	484327
	"2017"	"2017"	"Tennessee"	"47"	"30-34 years"	"30-34"	433762
	"2017"	"2017"	"Tennessee"	"47"	"35-39 years"	"35-39"	427280
	"2017"	"2017"	"Tennessee"	"47"	"40-44 years"	"40-44"	406966
	"2017"	"2017"	"Tennessee"	"47"	"45-49 years"	"45-49"	442621
	"2017"	"2017"	"Tennessee"	"47"	"50-54 years"	"50-54"	448444
	"2017"	"2017"	"Tennessee"	"47"	"55-59 years"	"55-59"	454035
	"2017"	"2017"	"Tennessee"	"47"	"60-64 years "	"60-64"	421578
	"2017"	"2017"	"Tennessee"	"47"	"65-69 years"	"65-69"	363387
	"2017"	"2017"	"Tennessee"	"47"	"70-74 years"	"70-74"	281489
	"2017"	"2017"	"Tennessee"	"47"	"75-79 years"	"75-79"	189168
	"2017"	"2017"	"Tennessee"	"47"	"80-84 years"	"80-84"	122482
	"2017"	"2017"	"Tennessee"	"47"	"85+ years"	"85+"	118615
"Total"	"2017"	"2017"	"Tennessee"	"47"			6714748
	"2017"	"2017"	"Texas"	"48"	"< 1 year"	"1"	388582
	"2017"	"2017"	"Texas"	"48"	"1-4 years"	"1-4"	1628720
	"2017"	"2017"	"Texas"	"48"	"5-9 years"	"5-9"	2048892
	"2017"	"2017"	"Texas"	"48"	"10-14 years"	"10-14"	2069627
	"2017"	"2017"	"Texas"	"48"	"15-19 years"	"15-19"	2009005
	"2017"	"2017"	"Texas"	"48"	"20-24 years"	"20-24"	1994251
	"2017"	"2017"	"Texas"	"48"	"25-29 years"	"25-29"	2128684
	"2017"	"2017"	"Texas"	"48"	"30-34 years"	"30-34"	2055279
	"2017"	"2017"	"Texas"	"48"	"35-39 years"	"35-39"	1978828
	"2017"	"2017"	"Texas"	"48"	"40-44 years"	"40-44"	1826022
	"2017"	"2017"	"Texas"	"48"	"45-49 years"	"45-49"	1819660
	"2017"	"2017"	"Texas"	"48"	"50-54 years"	"50-54"	1715045
	"2017"	"2017"	"Texas"	"48"	"55-59 years"	"55-59"	1694487
	"2017"	"2017"	"Texas"	"48"	"60-64 years "	"60-64"	1477997
	"2017"	"2017"	"Texas"	"48"	"65-69 years"	"65-69"	1191787
	"2017"	"2017"	"Texas"	"48"	"70-74 years"	"70-74"	889228
	"2017"	"2017"	"Texas"	"48"	"75-79 years"	"75-79"	588993
	"2017"	"2017"	"Texas"	"48"	"80-84 years"	"80-84"	395891
	"2017"	"2017"	"Texas"	"48"	"85+ years"	"85+"	390046
"Total"	"2017"	"2017"	"Texas"	"48"			28291024
	"2017"	"2017"	"Utah"	"49"	"< 1 year"	"1"	49336
	"2017"	"2017"	"Utah"	"49"	"1-4 years"	"1-4"	204377
	"2017"	"2017"	"Utah"	"49"	"5-9 years"	"5-9"	260529
	"2017"	"2017"	"Utah"	"49"	"10-14 years"	"10-14"	263107
	"2017"	"2017"	"Utah"	"49"	"15-19 years"	"15-19"	242948
	"2017"	"2017"	"Utah"	"49"	"20-24 years"	"20-24"	255008
	"2017"	"2017"	"Utah"	"49"	"25-29 years"	"25-29"	240678
	"2017"	"2017"	"Utah"	"49"	"30-34 years"	"30-34"	217967
	"2017"	"2017"	"Utah"	"49"	"35-39 years"	"35-39"	229092
	"2017"	"2017"	"Utah"	"49"	"40-44 years"	"40-44"	193579
	"2017"	"2017"	"Utah"	"49"	"45-49 years"	"45-49"	167161
	"2017"	"2017"	"Utah"	"49"	"50-54 years"	"50-54"	149848
	"2017"	"2017"	"Utah"	"49"	"55-59 years"	"55-59"	154617
	"2017"	"2017"	"Utah"	"49"	"60-64 years "	"60-64"	141418
	"2017"	"2017"	"Utah"	"49"	"65-69 years"	"65-69"	115128
	"2017"	"2017"	"Utah"	"49"	"70-74 years"	"70-74"	85294
	"2017"	"2017"	"Utah"	"49"	"75-79 years"	"75-79"	57489
	"2017"	"2017"	"Utah"	"49"	"80-84 years"	"80-84"	38994
	"2017"	"2017"	"Utah"	"49"	"85+ years"	"85+"	36970
"Total"	"2017"	"2017"	"Utah"	"49"			3103540
	"2017"	"2017"	"Vermont"	"50"	"< 1 year"	"1"	5761
	"2017"	"2017"	"Vermont"	"50"	"1-4 years"	"1-4"	24232
	"2017"	"2017"	"Vermont"	"50"	"5-9 years"	"5-9"	31617
	"2017"	"2017"	"Vermont"	"50"	"10-14 years"	"10-14"	34146
	"2017"	"2017"	"Vermont"	"50"	"15-19 years"	"15-19"	42079
	"2017"	"2017"	"Vermont"	"50"	"20-24 years"	"20-24"	46666
	"2017"	"2017"	"Vermont"	"50"	"25-29 years"	"25-29"	37079
	"2017"	"2017"	"Vermont"	"50"	"30-34 years"	"30-34"	36268
	"2017"	"2017"	"Vermont"	"50"	"35-39 years"	"35-39"	36052
	"2017"	"2017"	"Vermont"	"50"	"40-44 years"	"40-44"	33868
	"2017"	"2017"	"Vermont"	"50"	"45-49 years"	"45-49"	39575
	"2017"	"2017"	"Vermont"	"50"	"50-54 years"	"50-54"	44115
	"2017"	"2017"	"Vermont"	"50"	"55-59 years"	"55-59"	49420
	"2017"	"2017"	"Vermont"	"50"	"60-64 years "	"60-64"	47343
	"2017"	"2017"	"Vermont"	"50"	"65-69 years"	"65-69"	40676
	"2017"	"2017"	"Vermont"	"50"	"70-74 years"	"70-74"	30162
	"2017"	"2017"	"Vermont"	"50"	"75-79 years"	"75-79"	19062
	"2017"	"2017"	"Vermont"	"50"	"80-84 years"	"80-84"	12710
	"2017"	"2017"	"Vermont"	"50"	"85+ years"	"85+"	14301
"Total"	"2017"	"2017"	"Vermont"	"50"			625132
	"2017"	"2017"	"Virginia"	"51"	"< 1 year"	"1"	99963
	"2017"	"2017"	"Virginia"	"51"	"1-4 years"	"1-4"	411907
	"2017"	"2017"	"Virginia"	"51"	"5-9 years"	"5-9"	516428
	"2017"	"2017"	"Virginia"	"51"	"10-14 years"	"10-14"	526519
	"2017"	"2017"	"Virginia"	"51"	"15-19 years"	"15-19"	541101
	"2017"	"2017"	"Virginia"	"51"	"20-24 years"	"20-24"	584221
	"2017"	"2017"	"Virginia"	"51"	"25-29 years"	"25-29"	600855
	"2017"	"2017"	"Virginia"	"51"	"30-34 years"	"30-34"	584850
	"2017"	"2017"	"Virginia"	"51"	"35-39 years"	"35-39"	568666
	"2017"	"2017"	"Virginia"	"51"	"40-44 years"	"40-44"	523135
	"2017"	"2017"	"Virginia"	"51"	"45-49 years"	"45-49"	564614
	"2017"	"2017"	"Virginia"	"51"	"50-54 years"	"50-54"	581849
	"2017"	"2017"	"Virginia"	"51"	"55-59 years"	"55-59"	581268
	"2017"	"2017"	"Virginia"	"51"	"60-64 years "	"60-64"	513088
	"2017"	"2017"	"Virginia"	"51"	"65-69 years"	"65-69"	428901
	"2017"	"2017"	"Virginia"	"51"	"70-74 years"	"70-74"	330953
	"2017"	"2017"	"Virginia"	"51"	"75-79 years"	"75-79"	219718
	"2017"	"2017"	"Virginia"	"51"	"80-84 years"	"80-84"	144405
	"2017"	"2017"	"Virginia"	"51"	"85+ years"	"85+"	148570
"Total"	"2017"	"2017"	"Virginia"	"51"			8471011
	"2017"	"2017"	"Washington"	"53"	"< 1 year"	"1"	89143
	"2017"	"2017"	"Washington"	"53"	"1-4 years"	"1-4"	370237
	"2017"	"2017"	"Washington"	"53"	"5-9 years"	"5-9"	465961
	"2017"	"2017"	"Washington"	"53"	"10-14 years"	"10-14"	454820
	"2017"	"2017"	"Washington"	"53"	"15-19 years"	"15-19"	445505
	"2017"	"2017"	"Washington"	"53"	"20-24 years"	"20-24"	483842
	"2017"	"2017"	"Washington"	"53"	"25-29 years"	"25-29"	577839
	"2017"	"2017"	"Washington"	"53"	"30-34 years"	"30-34"	549710
	"2017"	"2017"	"Washington"	"53"	"35-39 years"	"35-39"	518844
	"2017"	"2017"	"Washington"	"53"	"40-44 years"	"40-44"	456256
	"2017"	"2017"	"Washington"	"53"	"45-49 years"	"45-49"	476649
	"2017"	"2017"	"Washington"	"53"	"50-54 years"	"50-54"	466708
	"2017"	"2017"	"Washington"	"53"	"55-59 years"	"55-59"	492419
	"2017"	"2017"	"Washington"	"53"	"60-64 years "	"60-64"	464006
	"2017"	"2017"	"Washington"	"53"	"65-69 years"	"65-69"	391335
	"2017"	"2017"	"Washington"	"53"	"70-74 years"	"70-74"	290623
	"2017"	"2017"	"Washington"	"53"	"75-79 years"	"75-79"	183422
	"2017"	"2017"	"Washington"	"53"	"80-84 years"	"80-84"	118884
	"2017"	"2017"	"Washington"	"53"	"85+ years"	"85+"	131748
"Total"	"2017"	"2017"	"Washington"	"53"			7427951
	"2017"	"2017"	"West Virginia"	"54"	"< 1 year"	"1"	18783
	"2017"	"2017"	"West Virginia"	"54"	"1-4 years"	"1-4"	79521
	"2017"	"2017"	"West Virginia"	"54"	"5-9 years"	"5-9"	102094
	"2017"	"2017"	"West Virginia"	"54"	"10-14 years"	"10-14"	104757
	"2017"	"2017"	"West Virginia"	"54"	"15-19 years"	"15-19"	108090
	"2017"	"2017"	"West Virginia"	"54"	"20-24 years"	"20-24"	115028
	"2017"	"2017"	"West Virginia"	"54"	"25-29 years"	"25-29"	113906
	"2017"	"2017"	"West Virginia"	"54"	"30-34 years"	"30-34"	103288
	"2017"	"2017"	"West Virginia"	"54"	"35-39 years"	"35-39"	110424
	"2017"	"2017"	"West Virginia"	"54"	"40-44 years"	"40-44"	108839
	"2017"	"2017"	"West Virginia"	"54"	"45-49 years"	"45-49"	117795
	"2017"	"2017"	"West Virginia"	"54"	"50-54 years"	"50-54"	121381
	"2017"	"2017"	"West Virginia"	"54"	"55-59 years"	"55-59"	131196
	"2017"	"2017"	"West Virginia"	"54"	"60-64 years "	"60-64"	130665
	"2017"	"2017"	"West Virginia"	"54"	"65-69 years"	"65-69"	119918
	"2017"	"2017"	"West Virginia"	"54"	"70-74 years"	"70-74"	88895
	"2017"	"2017"	"West Virginia"	"54"	"75-79 years"	"75-79"	61830
	"2017"	"2017"	"West Virginia"	"54"	"80-84 years"	"80-84"	41576
	"2017"	"2017"	"West Virginia"	"54"	"85+ years"	"85+"	40697
"Total"	"2017"	"2017"	"West Virginia"	"54"			1818683
	"2017"	"2017"	"Wisconsin"	"55"	"< 1 year"	"1"	65413
	"2017"	"2017"	"Wisconsin"	"55"	"1-4 years"	"1-4"	270596
	"2017"	"2017"	"Wisconsin"	"55"	"5-9 years"	"5-9"	353764
	"2017"	"2017"	"Wisconsin"	"55"	"10-14 years"	"10-14"	369196
	"2017"	"2017"	"Wisconsin"	"55"	"15-19 years"	"15-19"	379702
	"2017"	"2017"	"Wisconsin"	"55"	"20-24 years"	"20-24"	401342
	"2017"	"2017"	"Wisconsin"	"55"	"25-29 years"	"25-29"	366844
	"2017"	"2017"	"Wisconsin"	"55"	"30-34 years"	"30-34"	366123
	"2017"	"2017"	"Wisconsin"	"55"	"35-39 years"	"35-39"	365509
	"2017"	"2017"	"Wisconsin"	"55"	"40-44 years"	"40-44"	328493
	"2017"	"2017"	"Wisconsin"	"55"	"45-49 years"	"45-49"	360302
	"2017"	"2017"	"Wisconsin"	"55"	"50-54 years"	"50-54"	398537
	"2017"	"2017"	"Wisconsin"	"55"	"55-59 years"	"55-59"	428086
	"2017"	"2017"	"Wisconsin"	"55"	"60-64 years "	"60-64"	386775
	"2017"	"2017"	"Wisconsin"	"55"	"65-69 years"	"65-69"	320649
	"2017"	"2017"	"Wisconsin"	"55"	"70-74 years"	"70-74"	231035
	"2017"	"2017"	"Wisconsin"	"55"	"75-79 years"	"75-79"	159372
	"2017"	"2017"	"Wisconsin"	"55"	"80-84 years"	"80-84"	112851
	"2017"	"2017"	"Wisconsin"	"55"	"85+ years"	"85+"	128558
"Total"	"2017"	"2017"	"Wisconsin"	"55"			5793147
	"2017"	"2017"	"Wyoming"	"56"	"< 1 year"	"1"	7002
	"2017"	"2017"	"Wyoming"	"56"	"1-4 years"	"1-4"	29691
	"2017"	"2017"	"Wyoming"	"56"	"5-9 years"	"5-9"	38936
	"2017"	"2017"	"Wyoming"	"56"	"10-14 years"	"10-14"	38840
	"2017"	"2017"	"Wyoming"	"56"	"15-19 years"	"15-19"	36327
	"2017"	"2017"	"Wyoming"	"56"	"20-24 years"	"20-24"	38788
	"2017"	"2017"	"Wyoming"	"56"	"25-29 years"	"25-29"	39641
	"2017"	"2017"	"Wyoming"	"56"	"30-34 years"	"30-34"	40060
	"2017"	"2017"	"Wyoming"	"56"	"35-39 years"	"35-39"	38508
	"2017"	"2017"	"Wyoming"	"56"	"40-44 years"	"40-44"	33125
	"2017"	"2017"	"Wyoming"	"56"	"45-49 years"	"45-49"	32684
	"2017"	"2017"	"Wyoming"	"56"	"50-54 years"	"50-54"	33838
	"2017"	"2017"	"Wyoming"	"56"	"55-59 years"	"55-59"	40430
	"2017"	"2017"	"Wyoming"	"56"	"60-64 years "	"60-64"	40168
	"2017"	"2017"	"Wyoming"	"56"	"65-69 years"	"65-69"	32636
	"2017"	"2017"	"Wyoming"	"56"	"70-74 years"	"70-74"	23309
	"2017"	"2017"	"Wyoming"	"56"	"75-79 years"	"75-79"	15216
	"2017"	"2017"	"Wyoming"	"56"	"80-84 years"	"80-84"	9956
	"2017"	"2017"	"Wyoming"	"56"	"85+ years"	"85+"	10839
"Total"	"2017"	"2017"	"Wyoming"	"56"			579994
"Total"	"2017"	"2017"					325122128
	"2018"	"2018"	"Alabama"	"01"	"< 1 year"	"1"	58246
	"2018"	"2018"	"Alabama"	"01"	"1-4 years"	"1-4"	237274
	"2018"	"2018"	"Alabama"	"01"	"5-9 years"	"5-9"	298235
	"2018"	"2018"	"Alabama"	"01"	"10-14 years"	"10-14"	310445
	"2018"	"2018"	"Alabama"	"01"	"15-19 years"	"15-19"	316229
	"2018"	"2018"	"Alabama"	"01"	"20-24 years"	"20-24"	325400
	"2018"	"2018"	"Alabama"	"01"	"25-29 years"	"25-29"	340605
	"2018"	"2018"	"Alabama"	"01"	"30-34 years"	"30-34"	303982
	"2018"	"2018"	"Alabama"	"01"	"35-39 years"	"35-39"	304008
	"2018"	"2018"	"Alabama"	"01"	"40-44 years"	"40-44"	287921
	"2018"	"2018"	"Alabama"	"01"	"45-49 years"	"45-49"	312737
	"2018"	"2018"	"Alabama"	"01"	"50-54 years"	"50-54"	314503
	"2018"	"2018"	"Alabama"	"01"	"55-59 years"	"55-59"	336687
	"2018"	"2018"	"Alabama"	"01"	"60-64 years "	"60-64"	318376
	"2018"	"2018"	"Alabama"	"01"	"65-69 years"	"65-69"	270942
	"2018"	"2018"	"Alabama"	"01"	"70-74 years"	"70-74"	216619
	"2018"	"2018"	"Alabama"	"01"	"75-79 years"	"75-79"	150538
	"2018"	"2018"	"Alabama"	"01"	"80-84 years"	"80-84"	98221
	"2018"	"2018"	"Alabama"	"01"	"85+ years"	"85+"	90660
"Total"	"2018"	"2018"	"Alabama"	"01"			4891628
	"2018"	"2018"	"Alaska"	"02"	"< 1 year"	"1"	10331
	"2018"	"2018"	"Alaska"	"02"	"1-4 years"	"1-4"	42363
	"2018"	"2018"	"Alaska"	"02"	"5-9 years"	"5-9"	52302
	"2018"	"2018"	"Alaska"	"02"	"10-14 years"	"10-14"	49516
	"2018"	"2018"	"Alaska"	"02"	"15-19 years"	"15-19"	45823
	"2018"	"2018"	"Alaska"	"02"	"20-24 years"	"20-24"	52751
	"2018"	"2018"	"Alaska"	"02"	"25-29 years"	"25-29"	61766
	"2018"	"2018"	"Alaska"	"02"	"30-34 years"	"30-34"	57334
	"2018"	"2018"	"Alaska"	"02"	"35-39 years"	"35-39"	51878
	"2018"	"2018"	"Alaska"	"02"	"40-44 years"	"40-44"	42830
	"2018"	"2018"	"Alaska"	"02"	"45-49 years"	"45-49"	43481
	"2018"	"2018"	"Alaska"	"02"	"50-54 years"	"50-54"	44457
	"2018"	"2018"	"Alaska"	"02"	"55-59 years"	"55-59"	49264
	"2018"	"2018"	"Alaska"	"02"	"60-64 years "	"60-64"	45445
	"2018"	"2018"	"Alaska"	"02"	"65-69 years"	"65-69"	35062
	"2018"	"2018"	"Alaska"	"02"	"70-74 years"	"70-74"	23475
	"2018"	"2018"	"Alaska"	"02"	"75-79 years"	"75-79"	13921
	"2018"	"2018"	"Alaska"	"02"	"80-84 years"	"80-84"	7748
	"2018"	"2018"	"Alaska"	"02"	"85+ years"	"85+"	6877
"Total"	"2018"	"2018"	"Alaska"	"02"			736624
	"2018"	"2018"	"Arizona"	"04"	"< 1 year"	"1"	81155
	"2018"	"2018"	"Arizona"	"04"	"1-4 years"	"1-4"	351130
	"2018"	"2018"	"Arizona"	"04"	"5-9 years"	"5-9"	451303
	"2018"	"2018"	"Arizona"	"04"	"10-14 years"	"10-14"	476490
	"2018"	"2018"	"Arizona"	"04"	"15-19 years"	"15-19"	473941
	"2018"	"2018"	"Arizona"	"04"	"20-24 years"	"20-24"	492429
	"2018"	"2018"	"Arizona"	"04"	"25-29 years"	"25-29"	517758
	"2018"	"2018"	"Arizona"	"04"	"30-34 years"	"30-34"	467932
	"2018"	"2018"	"Arizona"	"04"	"35-39 years"	"35-39"	458460
	"2018"	"2018"	"Arizona"	"04"	"40-44 years"	"40-44"	421227
	"2018"	"2018"	"Arizona"	"04"	"45-49 years"	"45-49"	431112
	"2018"	"2018"	"Arizona"	"04"	"50-54 years"	"50-54"	417956
	"2018"	"2018"	"Arizona"	"04"	"55-59 years"	"55-59"	441212
	"2018"	"2018"	"Arizona"	"04"	"60-64 years "	"60-64"	423070
	"2018"	"2018"	"Arizona"	"04"	"65-69 years"	"65-69"	389055
	"2018"	"2018"	"Arizona"	"04"	"70-74 years"	"70-74"	336679
	"2018"	"2018"	"Arizona"	"04"	"75-79 years"	"75-79"	239337
	"2018"	"2018"	"Arizona"	"04"	"80-84 years"	"80-84"	150715
	"2018"	"2018"	"Arizona"	"04"	"85+ years"	"85+"	143267
"Total"	"2018"	"2018"	"Arizona"	"04"			7164228
	"2018"	"2018"	"Arkansas"	"05"	"< 1 year"	"1"	37229
	"2018"	"2018"	"Arkansas"	"05"	"1-4 years"	"1-4"	153282
	"2018"	"2018"	"Arkansas"	"05"	"5-9 years"	"5-9"	193202
	"2018"	"2018"	"Arkansas"	"05"	"10-14 years"	"10-14"	201014
	"2018"	"2018"	"Arkansas"	"05"	"15-19 years"	"15-19"	197941
	"2018"	"2018"	"Arkansas"	"05"	"20-24 years"	"20-24"	201386
	"2018"	"2018"	"Arkansas"	"05"	"25-29 years"	"25-29"	206776
	"2018"	"2018"	"Arkansas"	"05"	"30-34 years"	"30-34"	190247
	"2018"	"2018"	"Arkansas"	"05"	"35-39 years"	"35-39"	191468
	"2018"	"2018"	"Arkansas"	"05"	"40-44 years"	"40-44"	176657
	"2018"	"2018"	"Arkansas"	"05"	"45-49 years"	"45-49"	183940
	"2018"	"2018"	"Arkansas"	"05"	"50-54 years"	"50-54"	184300
	"2018"	"2018"	"Arkansas"	"05"	"55-59 years"	"55-59"	198116
	"2018"	"2018"	"Arkansas"	"05"	"60-64 years "	"60-64"	186003
	"2018"	"2018"	"Arkansas"	"05"	"65-69 years"	"65-69"	162247
	"2018"	"2018"	"Arkansas"	"05"	"70-74 years"	"70-74"	132921
	"2018"	"2018"	"Arkansas"	"05"	"75-79 years"	"75-79"	94449
	"2018"	"2018"	"Arkansas"	"05"	"80-84 years"	"80-84"	61264
	"2018"	"2018"	"Arkansas"	"05"	"85+ years"	"85+"	59719
"Total"	"2018"	"2018"	"Arkansas"	"05"			3012161
	"2018"	"2018"	"California"	"06"	"< 1 year"	"1"	462041
	"2018"	"2018"	"California"	"06"	"1-4 years"	"1-4"	1963062
	"2018"	"2018"	"California"	"06"	"5-9 years"	"5-9"	2490201
	"2018"	"2018"	"California"	"06"	"10-14 years"	"10-14"	2547817
	"2018"	"2018"	"California"	"06"	"15-19 years"	"15-19"	2543076
	"2018"	"2018"	"California"	"06"	"20-24 years"	"20-24"	2698781
	"2018"	"2018"	"California"	"06"	"25-29 years"	"25-29"	3122924
	"2018"	"2018"	"California"	"06"	"30-34 years"	"30-34"	2913176
	"2018"	"2018"	"California"	"06"	"35-39 years"	"35-39"	2749890
	"2018"	"2018"	"California"	"06"	"40-44 years"	"40-44"	2489933
	"2018"	"2018"	"California"	"06"	"45-49 years"	"45-49"	2555567
	"2018"	"2018"	"California"	"06"	"50-54 years"	"50-54"	2492046
	"2018"	"2018"	"California"	"06"	"55-59 years"	"55-59"	2509460
	"2018"	"2018"	"California"	"06"	"60-64 years "	"60-64"	2253633
	"2018"	"2018"	"California"	"06"	"65-69 years"	"65-69"	1843661
	"2018"	"2018"	"California"	"06"	"70-74 years"	"70-74"	1426370
	"2018"	"2018"	"California"	"06"	"75-79 years"	"75-79"	974384
	"2018"	"2018"	"California"	"06"	"80-84 years"	"80-84"	663417
	"2018"	"2018"	"California"	"06"	"85+ years"	"85+"	738024
"Total"	"2018"	"2018"	"California"	"06"			39437463
	"2018"	"2018"	"Colorado"	"08"	"< 1 year"	"1"	63895
	"2018"	"2018"	"Colorado"	"08"	"1-4 years"	"1-4"	270075
	"2018"	"2018"	"Colorado"	"08"	"5-9 years"	"5-9"	349040
	"2018"	"2018"	"Colorado"	"08"	"10-14 years"	"10-14"	365697
	"2018"	"2018"	"Colorado"	"08"	"15-19 years"	"15-19"	361983
	"2018"	"2018"	"Colorado"	"08"	"20-24 years"	"20-24"	378056
	"2018"	"2018"	"Colorado"	"08"	"25-29 years"	"25-29"	455211
	"2018"	"2018"	"Colorado"	"08"	"30-34 years"	"30-34"	442322
	"2018"	"2018"	"Colorado"	"08"	"35-39 years"	"35-39"	416498
	"2018"	"2018"	"Colorado"	"08"	"40-44 years"	"40-44"	365318
	"2018"	"2018"	"Colorado"	"08"	"45-49 years"	"45-49"	367381
	"2018"	"2018"	"Colorado"	"08"	"50-54 years"	"50-54"	342323
	"2018"	"2018"	"Colorado"	"08"	"55-59 years"	"55-59"	367494
	"2018"	"2018"	"Colorado"	"08"	"60-64 years "	"60-64"	343576
	"2018"	"2018"	"Colorado"	"08"	"65-69 years"	"65-69"	288064
	"2018"	"2018"	"Colorado"	"08"	"70-74 years"	"70-74"	212570
	"2018"	"2018"	"Colorado"	"08"	"75-79 years"	"75-79"	134177
	"2018"	"2018"	"Colorado"	"08"	"80-84 years"	"80-84"	85075
	"2018"	"2018"	"Colorado"	"08"	"85+ years"	"85+"	88400
"Total"	"2018"	"2018"	"Colorado"	"08"			5697155
	"2018"	"2018"	"Connecticut"	"09"	"< 1 year"	"1"	35094
	"2018"	"2018"	"Connecticut"	"09"	"1-4 years"	"1-4"	148138
	"2018"	"2018"	"Connecticut"	"09"	"5-9 years"	"5-9"	196503
	"2018"	"2018"	"Connecticut"	"09"	"10-14 years"	"10-14"	218331
	"2018"	"2018"	"Connecticut"	"09"	"15-19 years"	"15-19"	241369
	"2018"	"2018"	"Connecticut"	"09"	"20-24 years"	"20-24"	243016
	"2018"	"2018"	"Connecticut"	"09"	"25-29 years"	"25-29"	223665
	"2018"	"2018"	"Connecticut"	"09"	"30-34 years"	"30-34"	222772
	"2018"	"2018"	"Connecticut"	"09"	"35-39 years"	"35-39"	218279
	"2018"	"2018"	"Connecticut"	"09"	"40-44 years"	"40-44"	205583
	"2018"	"2018"	"Connecticut"	"09"	"45-49 years"	"45-49"	234914
	"2018"	"2018"	"Connecticut"	"09"	"50-54 years"	"50-54"	259840
	"2018"	"2018"	"Connecticut"	"09"	"55-59 years"	"55-59"	269570
	"2018"	"2018"	"Connecticut"	"09"	"60-64 years "	"60-64"	242478
	"2018"	"2018"	"Connecticut"	"09"	"65-69 years"	"65-69"	190498
	"2018"	"2018"	"Connecticut"	"09"	"70-74 years"	"70-74"	153418
	"2018"	"2018"	"Connecticut"	"09"	"75-79 years"	"75-79"	107581
	"2018"	"2018"	"Connecticut"	"09"	"80-84 years"	"80-84"	72308
	"2018"	"2018"	"Connecticut"	"09"	"85+ years"	"85+"	91204
"Total"	"2018"	"2018"	"Connecticut"	"09"			3574561
	"2018"	"2018"	"Delaware"	"10"	"< 1 year"	"1"	10725
	"2018"	"2018"	"Delaware"	"10"	"1-4 years"	"1-4"	44339
	"2018"	"2018"	"Delaware"	"10"	"5-9 years"	"5-9"	56437
	"2018"	"2018"	"Delaware"	"10"	"10-14 years"	"10-14"	57796
	"2018"	"2018"	"Delaware"	"10"	"15-19 years"	"15-19"	60300
	"2018"	"2018"	"Delaware"	"10"	"20-24 years"	"20-24"	57898
	"2018"	"2018"	"Delaware"	"10"	"25-29 years"	"25-29"	66868
	"2018"	"2018"	"Delaware"	"10"	"30-34 years"	"30-34"	61991
	"2018"	"2018"	"Delaware"	"10"	"35-39 years"	"35-39"	58584
	"2018"	"2018"	"Delaware"	"10"	"40-44 years"	"40-44"	52570
	"2018"	"2018"	"Delaware"	"10"	"45-49 years"	"45-49"	58242
	"2018"	"2018"	"Delaware"	"10"	"50-54 years"	"50-54"	63975
	"2018"	"2018"	"Delaware"	"10"	"55-59 years"	"55-59"	68762
	"2018"	"2018"	"Delaware"	"10"	"60-64 years "	"60-64"	66851
	"2018"	"2018"	"Delaware"	"10"	"65-69 years"	"65-69"	59625
	"2018"	"2018"	"Delaware"	"10"	"70-74 years"	"70-74"	48806
	"2018"	"2018"	"Delaware"	"10"	"75-79 years"	"75-79"	32934
	"2018"	"2018"	"Delaware"	"10"	"80-84 years"	"80-84"	20304
	"2018"	"2018"	"Delaware"	"10"	"85+ years"	"85+"	19978
"Total"	"2018"	"2018"	"Delaware"	"10"			966985
	"2018"	"2018"	"District of Columbia"	"11"	"< 1 year"	"1"	9524
	"2018"	"2018"	"District of Columbia"	"11"	"1-4 years"	"1-4"	35590
	"2018"	"2018"	"District of Columbia"	"11"	"5-9 years"	"5-9"	37515
	"2018"	"2018"	"District of Columbia"	"11"	"10-14 years"	"10-14"	28512
	"2018"	"2018"	"District of Columbia"	"11"	"15-19 years"	"15-19"	36790
	"2018"	"2018"	"District of Columbia"	"11"	"20-24 years"	"20-24"	53075
	"2018"	"2018"	"District of Columbia"	"11"	"25-29 years"	"25-29"	83442
	"2018"	"2018"	"District of Columbia"	"11"	"30-34 years"	"30-34"	81419
	"2018"	"2018"	"District of Columbia"	"11"	"35-39 years"	"35-39"	62489
	"2018"	"2018"	"District of Columbia"	"11"	"40-44 years"	"40-44"	43179
	"2018"	"2018"	"District of Columbia"	"11"	"45-49 years"	"45-49"	39148
	"2018"	"2018"	"District of Columbia"	"11"	"50-54 years"	"50-54"	36850
	"2018"	"2018"	"District of Columbia"	"11"	"55-59 years"	"55-59"	37071
	"2018"	"2018"	"District of Columbia"	"11"	"60-64 years "	"60-64"	33572
	"2018"	"2018"	"District of Columbia"	"11"	"65-69 years"	"65-69"	28212
	"2018"	"2018"	"District of Columbia"	"11"	"70-74 years"	"70-74"	21225
	"2018"	"2018"	"District of Columbia"	"11"	"75-79 years"	"75-79"	14698
	"2018"	"2018"	"District of Columbia"	"11"	"80-84 years"	"80-84"	9770
	"2018"	"2018"	"District of Columbia"	"11"	"85+ years"	"85+"	12066
"Total"	"2018"	"2018"	"District of Columbia"	"11"			704147
	"2018"	"2018"	"Florida"	"12"	"< 1 year"	"1"	223804
	"2018"	"2018"	"Florida"	"12"	"1-4 years"	"1-4"	920216
	"2018"	"2018"	"Florida"	"12"	"5-9 years"	"5-9"	1156432
	"2018"	"2018"	"Florida"	"12"	"10-14 years"	"10-14"	1204834
	"2018"	"2018"	"Florida"	"12"	"15-19 years"	"15-19"	1204406
	"2018"	"2018"	"Florida"	"12"	"20-24 years"	"20-24"	1266014
	"2018"	"2018"	"Florida"	"12"	"25-29 years"	"25-29"	1433024
	"2018"	"2018"	"Florida"	"12"	"30-34 years"	"30-34"	1351869
	"2018"	"2018"	"Florida"	"12"	"35-39 years"	"35-39"	1314011
	"2018"	"2018"	"Florida"	"12"	"40-44 years"	"40-44"	1247893
	"2018"	"2018"	"Florida"	"12"	"45-49 years"	"45-49"	1348797
	"2018"	"2018"	"Florida"	"12"	"50-54 years"	"50-54"	1393673
	"2018"	"2018"	"Florida"	"12"	"55-59 years"	"55-59"	1467741
	"2018"	"2018"	"Florida"	"12"	"60-64 years "	"60-64"	1377367
	"2018"	"2018"	"Florida"	"12"	"65-69 years"	"65-69"	1264065
	"2018"	"2018"	"Florida"	"12"	"70-74 years"	"70-74"	1119271
	"2018"	"2018"	"Florida"	"12"	"75-79 years"	"75-79"	831591
	"2018"	"2018"	"Florida"	"12"	"80-84 years"	"80-84"	556797
	"2018"	"2018"	"Florida"	"12"	"85+ years"	"85+"	573121
"Total"	"2018"	"2018"	"Florida"	"12"			21254926
	"2018"	"2018"	"Georgia"	"13"	"< 1 year"	"1"	127445
	"2018"	"2018"	"Georgia"	"13"	"1-4 years"	"1-4"	531056
	"2018"	"2018"	"Georgia"	"13"	"5-9 years"	"5-9"	687018
	"2018"	"2018"	"Georgia"	"13"	"10-14 years"	"10-14"	728854
	"2018"	"2018"	"Georgia"	"13"	"15-19 years"	"15-19"	727383
	"2018"	"2018"	"Georgia"	"13"	"20-24 years"	"20-24"	715244
	"2018"	"2018"	"Georgia"	"13"	"25-29 years"	"25-29"	766833
	"2018"	"2018"	"Georgia"	"13"	"30-34 years"	"30-34"	705681
	"2018"	"2018"	"Georgia"	"13"	"35-39 years"	"35-39"	705252
	"2018"	"2018"	"Georgia"	"13"	"40-44 years"	"40-44"	666743
	"2018"	"2018"	"Georgia"	"13"	"45-49 years"	"45-49"	718175
	"2018"	"2018"	"Georgia"	"13"	"50-54 years"	"50-54"	693245
	"2018"	"2018"	"Georgia"	"13"	"55-59 years"	"55-59"	682293
	"2018"	"2018"	"Georgia"	"13"	"60-64 years "	"60-64"	603076
	"2018"	"2018"	"Georgia"	"13"	"65-69 years"	"65-69"	500781
	"2018"	"2018"	"Georgia"	"13"	"70-74 years"	"70-74"	394456
	"2018"	"2018"	"Georgia"	"13"	"75-79 years"	"75-79"	260214
	"2018"	"2018"	"Georgia"	"13"	"80-84 years"	"80-84"	158587
	"2018"	"2018"	"Georgia"	"13"	"85+ years"	"85+"	147053
"Total"	"2018"	"2018"	"Georgia"	"13"			10519389
	"2018"	"2018"	"Hawaii"	"15"	"< 1 year"	"1"	17161
	"2018"	"2018"	"Hawaii"	"15"	"1-4 years"	"1-4"	71574
	"2018"	"2018"	"Hawaii"	"15"	"5-9 years"	"5-9"	87523
	"2018"	"2018"	"Hawaii"	"15"	"10-14 years"	"10-14"	80686
	"2018"	"2018"	"Hawaii"	"15"	"15-19 years"	"15-19"	76069
	"2018"	"2018"	"Hawaii"	"15"	"20-24 years"	"20-24"	90959
	"2018"	"2018"	"Hawaii"	"15"	"25-29 years"	"25-29"	104350
	"2018"	"2018"	"Hawaii"	"15"	"30-34 years"	"30-34"	99233
	"2018"	"2018"	"Hawaii"	"15"	"35-39 years"	"35-39"	96563
	"2018"	"2018"	"Hawaii"	"15"	"40-44 years"	"40-44"	83953
	"2018"	"2018"	"Hawaii"	"15"	"45-49 years"	"45-49"	85890
	"2018"	"2018"	"Hawaii"	"15"	"50-54 years"	"50-54"	85366
	"2018"	"2018"	"Hawaii"	"15"	"55-59 years"	"55-59"	91459
	"2018"	"2018"	"Hawaii"	"15"	"60-64 years "	"60-64"	90172
	"2018"	"2018"	"Hawaii"	"15"	"65-69 years"	"65-69"	82703
	"2018"	"2018"	"Hawaii"	"15"	"70-74 years"	"70-74"	66333
	"2018"	"2018"	"Hawaii"	"15"	"75-79 years"	"75-79"	42404
	"2018"	"2018"	"Hawaii"	"15"	"80-84 years"	"80-84"	28762
	"2018"	"2018"	"Hawaii"	"15"	"85+ years"	"85+"	41942
"Total"	"2018"	"2018"	"Hawaii"	"15"			1423102
	"2018"	"2018"	"Idaho"	"16"	"< 1 year"	"1"	21507
	"2018"	"2018"	"Idaho"	"16"	"1-4 years"	"1-4"	93978
	"2018"	"2018"	"Idaho"	"16"	"5-9 years"	"5-9"	122921
	"2018"	"2018"	"Idaho"	"16"	"10-14 years"	"10-14"	130724
	"2018"	"2018"	"Idaho"	"16"	"15-19 years"	"15-19"	123285
	"2018"	"2018"	"Idaho"	"16"	"20-24 years"	"20-24"	115228
	"2018"	"2018"	"Idaho"	"16"	"25-29 years"	"25-29"	119553
	"2018"	"2018"	"Idaho"	"16"	"30-34 years"	"30-34"	112488
	"2018"	"2018"	"Idaho"	"16"	"35-39 years"	"35-39"	115583
	"2018"	"2018"	"Idaho"	"16"	"40-44 years"	"40-44"	104974
	"2018"	"2018"	"Idaho"	"16"	"45-49 years"	"45-49"	101843
	"2018"	"2018"	"Idaho"	"16"	"50-54 years"	"50-54"	98072
	"2018"	"2018"	"Idaho"	"16"	"55-59 years"	"55-59"	108587
	"2018"	"2018"	"Idaho"	"16"	"60-64 years "	"60-64"	106243
	"2018"	"2018"	"Idaho"	"16"	"65-69 years"	"65-69"	94443
	"2018"	"2018"	"Idaho"	"16"	"70-74 years"	"70-74"	73554
	"2018"	"2018"	"Idaho"	"16"	"75-79 years"	"75-79"	49909
	"2018"	"2018"	"Idaho"	"16"	"80-84 years"	"80-84"	30101
	"2018"	"2018"	"Idaho"	"16"	"85+ years"	"85+"	29081
"Total"	"2018"	"2018"	"Idaho"	"16"			1752074
	"2018"	"2018"	"Illinois"	"17"	"< 1 year"	"1"	147406
	"2018"	"2018"	"Illinois"	"17"	"1-4 years"	"1-4"	612342
	"2018"	"2018"	"Illinois"	"17"	"5-9 years"	"5-9"	777957
	"2018"	"2018"	"Illinois"	"17"	"10-14 years"	"10-14"	820048
	"2018"	"2018"	"Illinois"	"17"	"15-19 years"	"15-19"	828384
	"2018"	"2018"	"Illinois"	"17"	"20-24 years"	"20-24"	844896
	"2018"	"2018"	"Illinois"	"17"	"25-29 years"	"25-29"	902447
	"2018"	"2018"	"Illinois"	"17"	"30-34 years"	"30-34"	865311
	"2018"	"2018"	"Illinois"	"17"	"35-39 years"	"35-39"	853575
	"2018"	"2018"	"Illinois"	"17"	"40-44 years"	"40-44"	783210
	"2018"	"2018"	"Illinois"	"17"	"45-49 years"	"45-49"	816189
	"2018"	"2018"	"Illinois"	"17"	"50-54 years"	"50-54"	820358
	"2018"	"2018"	"Illinois"	"17"	"55-59 years"	"55-59"	866579
	"2018"	"2018"	"Illinois"	"17"	"60-64 years "	"60-64"	796674
	"2018"	"2018"	"Illinois"	"17"	"65-69 years"	"65-69"	648701
	"2018"	"2018"	"Illinois"	"17"	"70-74 years"	"70-74"	491917
	"2018"	"2018"	"Illinois"	"17"	"75-79 years"	"75-79"	347640
	"2018"	"2018"	"Illinois"	"17"	"80-84 years"	"80-84"	235326
	"2018"	"2018"	"Illinois"	"17"	"85+ years"	"85+"	265725
"Total"	"2018"	"2018"	"Illinois"	"17"			12724685
	"2018"	"2018"	"Indiana"	"18"	"< 1 year"	"1"	82128
	"2018"	"2018"	"Indiana"	"18"	"1-4 years"	"1-4"	338477
	"2018"	"2018"	"Indiana"	"18"	"5-9 years"	"5-9"	431393
	"2018"	"2018"	"Indiana"	"18"	"10-14 years"	"10-14"	449292
	"2018"	"2018"	"Indiana"	"18"	"15-19 years"	"15-19"	457165
	"2018"	"2018"	"Indiana"	"18"	"20-24 years"	"20-24"	473238
	"2018"	"2018"	"Indiana"	"18"	"25-29 years"	"25-29"	460291
	"2018"	"2018"	"Indiana"	"18"	"30-34 years"	"30-34"	420087
	"2018"	"2018"	"Indiana"	"18"	"35-39 years"	"35-39"	425998
	"2018"	"2018"	"Indiana"	"18"	"40-44 years"	"40-44"	396374
	"2018"	"2018"	"Indiana"	"18"	"45-49 years"	"45-49"	418872
	"2018"	"2018"	"Indiana"	"18"	"50-54 years"	"50-54"	420580
	"2018"	"2018"	"Indiana"	"18"	"55-59 years"	"55-59"	450752
	"2018"	"2018"	"Indiana"	"18"	"60-64 years "	"60-64"	422111
	"2018"	"2018"	"Indiana"	"18"	"65-69 years"	"65-69"	350324
	"2018"	"2018"	"Indiana"	"18"	"70-74 years"	"70-74"	264169
	"2018"	"2018"	"Indiana"	"18"	"75-79 years"	"75-79"	184744
	"2018"	"2018"	"Indiana"	"18"	"80-84 years"	"80-84"	122052
	"2018"	"2018"	"Indiana"	"18"	"85+ years"	"85+"	130434
"Total"	"2018"	"2018"	"Indiana"	"18"			6698481
	"2018"	"2018"	"Iowa"	"19"	"< 1 year"	"1"	38109
	"2018"	"2018"	"Iowa"	"19"	"1-4 years"	"1-4"	159662
	"2018"	"2018"	"Iowa"	"19"	"5-9 years"	"5-9"	200860
	"2018"	"2018"	"Iowa"	"19"	"10-14 years"	"10-14"	208674
	"2018"	"2018"	"Iowa"	"19"	"15-19 years"	"15-19"	212460
	"2018"	"2018"	"Iowa"	"19"	"20-24 years"	"20-24"	226648
	"2018"	"2018"	"Iowa"	"19"	"25-29 years"	"25-29"	204413
	"2018"	"2018"	"Iowa"	"19"	"30-34 years"	"30-34"	193199
	"2018"	"2018"	"Iowa"	"19"	"35-39 years"	"35-39"	202080
	"2018"	"2018"	"Iowa"	"19"	"40-44 years"	"40-44"	177606
	"2018"	"2018"	"Iowa"	"19"	"45-49 years"	"45-49"	182024
	"2018"	"2018"	"Iowa"	"19"	"50-54 years"	"50-54"	188790
	"2018"	"2018"	"Iowa"	"19"	"55-59 years"	"55-59"	213884
	"2018"	"2018"	"Iowa"	"19"	"60-64 years "	"60-64"	203513
	"2018"	"2018"	"Iowa"	"19"	"65-69 years"	"65-69"	172543
	"2018"	"2018"	"Iowa"	"19"	"70-74 years"	"70-74"	127708
	"2018"	"2018"	"Iowa"	"19"	"75-79 years"	"75-79"	92197
	"2018"	"2018"	"Iowa"	"19"	"80-84 years"	"80-84"	66725
	"2018"	"2018"	"Iowa"	"19"	"85+ years"	"85+"	78805
"Total"	"2018"	"2018"	"Iowa"	"19"			3149900
	"2018"	"2018"	"Kansas"	"20"	"< 1 year"	"1"	36269
	"2018"	"2018"	"Kansas"	"20"	"1-4 years"	"1-4"	152832
	"2018"	"2018"	"Kansas"	"20"	"5-9 years"	"5-9"	197854
	"2018"	"2018"	"Kansas"	"20"	"10-14 years"	"10-14"	200719
	"2018"	"2018"	"Kansas"	"20"	"15-19 years"	"15-19"	200993
	"2018"	"2018"	"Kansas"	"20"	"20-24 years"	"20-24"	213873
	"2018"	"2018"	"Kansas"	"20"	"25-29 years"	"25-29"	195824
	"2018"	"2018"	"Kansas"	"20"	"30-34 years"	"30-34"	188747
	"2018"	"2018"	"Kansas"	"20"	"35-39 years"	"35-39"	190303
	"2018"	"2018"	"Kansas"	"20"	"40-44 years"	"40-44"	166397
	"2018"	"2018"	"Kansas"	"20"	"45-49 years"	"45-49"	166792
	"2018"	"2018"	"Kansas"	"20"	"50-54 years"	"50-54"	168809
	"2018"	"2018"	"Kansas"	"20"	"55-59 years"	"55-59"	191456
	"2018"	"2018"	"Kansas"	"20"	"60-64 years "	"60-64"	181332
	"2018"	"2018"	"Kansas"	"20"	"65-69 years"	"65-69"	150089
	"2018"	"2018"	"Kansas"	"20"	"70-74 years"	"70-74"	112307
	"2018"	"2018"	"Kansas"	"20"	"75-79 years"	"75-79"	77784
	"2018"	"2018"	"Kansas"	"20"	"80-84 years"	"80-84"	54935
	"2018"	"2018"	"Kansas"	"20"	"85+ years"	"85+"	65433
"Total"	"2018"	"2018"	"Kansas"	"20"			2912748
	"2018"	"2018"	"Kentucky"	"21"	"< 1 year"	"1"	54286
	"2018"	"2018"	"Kentucky"	"21"	"1-4 years"	"1-4"	221230
	"2018"	"2018"	"Kentucky"	"21"	"5-9 years"	"5-9"	276600
	"2018"	"2018"	"Kentucky"	"21"	"10-14 years"	"10-14"	285482
	"2018"	"2018"	"Kentucky"	"21"	"15-19 years"	"15-19"	286685
	"2018"	"2018"	"Kentucky"	"21"	"20-24 years"	"20-24"	300761
	"2018"	"2018"	"Kentucky"	"21"	"25-29 years"	"25-29"	310249
	"2018"	"2018"	"Kentucky"	"21"	"30-34 years"	"30-34"	274638
	"2018"	"2018"	"Kentucky"	"21"	"35-39 years"	"35-39"	282796
	"2018"	"2018"	"Kentucky"	"21"	"40-44 years"	"40-44"	268781
	"2018"	"2018"	"Kentucky"	"21"	"45-49 years"	"45-49"	285534
	"2018"	"2018"	"Kentucky"	"21"	"50-54 years"	"50-54"	291153
	"2018"	"2018"	"Kentucky"	"21"	"55-59 years"	"55-59"	307567
	"2018"	"2018"	"Kentucky"	"21"	"60-64 years "	"60-64"	289154
	"2018"	"2018"	"Kentucky"	"21"	"65-69 years"	"65-69"	245021
	"2018"	"2018"	"Kentucky"	"21"	"70-74 years"	"70-74"	189602
	"2018"	"2018"	"Kentucky"	"21"	"75-79 years"	"75-79"	130071
	"2018"	"2018"	"Kentucky"	"21"	"80-84 years"	"80-84"	83565
	"2018"	"2018"	"Kentucky"	"21"	"85+ years"	"85+"	81098
"Total"	"2018"	"2018"	"Kentucky"	"21"			4464273
	"2018"	"2018"	"Louisiana"	"22"	"< 1 year"	"1"	60297
	"2018"	"2018"	"Louisiana"	"22"	"1-4 years"	"1-4"	247717
	"2018"	"2018"	"Louisiana"	"22"	"5-9 years"	"5-9"	302223
	"2018"	"2018"	"Louisiana"	"22"	"10-14 years"	"10-14"	307748
	"2018"	"2018"	"Louisiana"	"22"	"15-19 years"	"15-19"	296684
	"2018"	"2018"	"Louisiana"	"22"	"20-24 years"	"20-24"	308876
	"2018"	"2018"	"Louisiana"	"22"	"25-29 years"	"25-29"	343936
	"2018"	"2018"	"Louisiana"	"22"	"30-34 years"	"30-34"	323666
	"2018"	"2018"	"Louisiana"	"22"	"35-39 years"	"35-39"	313860
	"2018"	"2018"	"Louisiana"	"22"	"40-44 years"	"40-44"	270026
	"2018"	"2018"	"Louisiana"	"22"	"45-49 years"	"45-49"	275744
	"2018"	"2018"	"Louisiana"	"22"	"50-54 years"	"50-54"	288074
	"2018"	"2018"	"Louisiana"	"22"	"55-59 years"	"55-59"	312462
	"2018"	"2018"	"Louisiana"	"22"	"60-64 years "	"60-64"	294293
	"2018"	"2018"	"Louisiana"	"22"	"65-69 years"	"65-69"	243149
	"2018"	"2018"	"Louisiana"	"22"	"70-74 years"	"70-74"	185045
	"2018"	"2018"	"Louisiana"	"22"	"75-79 years"	"75-79"	126469
	"2018"	"2018"	"Louisiana"	"22"	"80-84 years"	"80-84"	83012
	"2018"	"2018"	"Louisiana"	"22"	"85+ years"	"85+"	81169
"Total"	"2018"	"2018"	"Louisiana"	"22"			4664450
	"2018"	"2018"	"Maine"	"23"	"< 1 year"	"1"	12228
	"2018"	"2018"	"Maine"	"23"	"1-4 years"	"1-4"	51746
	"2018"	"2018"	"Maine"	"23"	"5-9 years"	"5-9"	67622
	"2018"	"2018"	"Maine"	"23"	"10-14 years"	"10-14"	73296
	"2018"	"2018"	"Maine"	"23"	"15-19 years"	"15-19"	78110
	"2018"	"2018"	"Maine"	"23"	"20-24 years"	"20-24"	75632
	"2018"	"2018"	"Maine"	"23"	"25-29 years"	"25-29"	80772
	"2018"	"2018"	"Maine"	"23"	"30-34 years"	"30-34"	79786
	"2018"	"2018"	"Maine"	"23"	"35-39 years"	"35-39"	78255
	"2018"	"2018"	"Maine"	"23"	"40-44 years"	"40-44"	74254
	"2018"	"2018"	"Maine"	"23"	"45-49 years"	"45-49"	85673
	"2018"	"2018"	"Maine"	"23"	"50-54 years"	"50-54"	94414
	"2018"	"2018"	"Maine"	"23"	"55-59 years"	"55-59"	107148
	"2018"	"2018"	"Maine"	"23"	"60-64 years "	"60-64"	104820
	"2018"	"2018"	"Maine"	"23"	"65-69 years"	"65-69"	91798
	"2018"	"2018"	"Maine"	"23"	"70-74 years"	"70-74"	71684
	"2018"	"2018"	"Maine"	"23"	"75-79 years"	"75-79"	47728
	"2018"	"2018"	"Maine"	"23"	"80-84 years"	"80-84"	31458
	"2018"	"2018"	"Maine"	"23"	"85+ years"	"85+"	33699
"Total"	"2018"	"2018"	"Maine"	"23"			1340123
	"2018"	"2018"	"Maryland"	"24"	"< 1 year"	"1"	71630
	"2018"	"2018"	"Maryland"	"24"	"1-4 years"	"1-4"	293267
	"2018"	"2018"	"Maryland"	"24"	"5-9 years"	"5-9"	371356
	"2018"	"2018"	"Maryland"	"24"	"10-14 years"	"10-14"	378604
	"2018"	"2018"	"Maryland"	"24"	"15-19 years"	"15-19"	381315
	"2018"	"2018"	"Maryland"	"24"	"20-24 years"	"20-24"	375877
	"2018"	"2018"	"Maryland"	"24"	"25-29 years"	"25-29"	417022
	"2018"	"2018"	"Maryland"	"24"	"30-34 years"	"30-34"	416303
	"2018"	"2018"	"Maryland"	"24"	"35-39 years"	"35-39"	407285
	"2018"	"2018"	"Maryland"	"24"	"40-44 years"	"40-44"	366192
	"2018"	"2018"	"Maryland"	"24"	"45-49 years"	"45-49"	397204
	"2018"	"2018"	"Maryland"	"24"	"50-54 years"	"50-54"	421759
	"2018"	"2018"	"Maryland"	"24"	"55-59 years"	"55-59"	432468
	"2018"	"2018"	"Maryland"	"24"	"60-64 years "	"60-64"	380362
	"2018"	"2018"	"Maryland"	"24"	"65-69 years"	"65-69"	307229
	"2018"	"2018"	"Maryland"	"24"	"70-74 years"	"70-74"	238450
	"2018"	"2018"	"Maryland"	"24"	"75-79 years"	"75-79"	162880
	"2018"	"2018"	"Maryland"	"24"	"80-84 years"	"80-84"	104773
	"2018"	"2018"	"Maryland"	"24"	"85+ years"	"85+"	118177
"Total"	"2018"	"2018"	"Maryland"	"24"			6042153
	"2018"	"2018"	"Massachusetts"	"25"	"< 1 year"	"1"	70950
	"2018"	"2018"	"Massachusetts"	"25"	"1-4 years"	"1-4"	289250
	"2018"	"2018"	"Massachusetts"	"25"	"5-9 years"	"5-9"	370569
	"2018"	"2018"	"Massachusetts"	"25"	"10-14 years"	"10-14"	388988
	"2018"	"2018"	"Massachusetts"	"25"	"15-19 years"	"15-19"	453425
	"2018"	"2018"	"Massachusetts"	"25"	"20-24 years"	"20-24"	490167
	"2018"	"2018"	"Massachusetts"	"25"	"25-29 years"	"25-29"	505233
	"2018"	"2018"	"Massachusetts"	"25"	"30-34 years"	"30-34"	483714
	"2018"	"2018"	"Massachusetts"	"25"	"35-39 years"	"35-39"	438839
	"2018"	"2018"	"Massachusetts"	"25"	"40-44 years"	"40-44"	400114
	"2018"	"2018"	"Massachusetts"	"25"	"45-49 years"	"45-49"	442377
	"2018"	"2018"	"Massachusetts"	"25"	"50-54 years"	"50-54"	477391
	"2018"	"2018"	"Massachusetts"	"25"	"55-59 years"	"55-59"	491957
	"2018"	"2018"	"Massachusetts"	"25"	"60-64 years "	"60-64"	446328
	"2018"	"2018"	"Massachusetts"	"25"	"65-69 years"	"65-69"	366711
	"2018"	"2018"	"Massachusetts"	"25"	"70-74 years"	"70-74"	285635
	"2018"	"2018"	"Massachusetts"	"25"	"75-79 years"	"75-79"	193244
	"2018"	"2018"	"Massachusetts"	"25"	"80-84 years"	"80-84"	131831
	"2018"	"2018"	"Massachusetts"	"25"	"85+ years"	"85+"	158997
"Total"	"2018"	"2018"	"Massachusetts"	"25"			6885720
	"2018"	"2018"	"Michigan"	"26"	"< 1 year"	"1"	110503
	"2018"	"2018"	"Michigan"	"26"	"1-4 years"	"1-4"	461761
	"2018"	"2018"	"Michigan"	"26"	"5-9 years"	"5-9"	585870
	"2018"	"2018"	"Michigan"	"26"	"10-14 years"	"10-14"	619464
	"2018"	"2018"	"Michigan"	"26"	"15-19 years"	"15-19"	652633
	"2018"	"2018"	"Michigan"	"26"	"20-24 years"	"20-24"	693846
	"2018"	"2018"	"Michigan"	"26"	"25-29 years"	"25-29"	694003
	"2018"	"2018"	"Michigan"	"26"	"30-34 years"	"30-34"	601962
	"2018"	"2018"	"Michigan"	"26"	"35-39 years"	"35-39"	599101
	"2018"	"2018"	"Michigan"	"26"	"40-44 years"	"40-44"	562602
	"2018"	"2018"	"Michigan"	"26"	"45-49 years"	"45-49"	630087
	"2018"	"2018"	"Michigan"	"26"	"50-54 years"	"50-54"	660292
	"2018"	"2018"	"Michigan"	"26"	"55-59 years"	"55-59"	716292
	"2018"	"2018"	"Michigan"	"26"	"60-64 years "	"60-64"	686432
	"2018"	"2018"	"Michigan"	"26"	"65-69 years"	"65-69"	572015
	"2018"	"2018"	"Michigan"	"26"	"70-74 years"	"70-74"	432123
	"2018"	"2018"	"Michigan"	"26"	"75-79 years"	"75-79"	301337
	"2018"	"2018"	"Michigan"	"26"	"80-84 years"	"80-84"	195083
	"2018"	"2018"	"Michigan"	"26"	"85+ years"	"85+"	211880
"Total"	"2018"	"2018"	"Michigan"	"26"			9987286
	"2018"	"2018"	"Minnesota"	"27"	"< 1 year"	"1"	67728
	"2018"	"2018"	"Minnesota"	"27"	"1-4 years"	"1-4"	286794
	"2018"	"2018"	"Minnesota"	"27"	"5-9 years"	"5-9"	360862
	"2018"	"2018"	"Minnesota"	"27"	"10-14 years"	"10-14"	371037
	"2018"	"2018"	"Minnesota"	"27"	"15-19 years"	"15-19"	357623
	"2018"	"2018"	"Minnesota"	"27"	"20-24 years"	"20-24"	358801
	"2018"	"2018"	"Minnesota"	"27"	"25-29 years"	"25-29"	376481
	"2018"	"2018"	"Minnesota"	"27"	"30-34 years"	"30-34"	384489
	"2018"	"2018"	"Minnesota"	"27"	"35-39 years"	"35-39"	383876
	"2018"	"2018"	"Minnesota"	"27"	"40-44 years"	"40-44"	326545
	"2018"	"2018"	"Minnesota"	"27"	"45-49 years"	"45-49"	336892
	"2018"	"2018"	"Minnesota"	"27"	"50-54 years"	"50-54"	354261
	"2018"	"2018"	"Minnesota"	"27"	"55-59 years"	"55-59"	395126
	"2018"	"2018"	"Minnesota"	"27"	"60-64 years "	"60-64"	359507
	"2018"	"2018"	"Minnesota"	"27"	"65-69 years"	"65-69"	294669
	"2018"	"2018"	"Minnesota"	"27"	"70-74 years"	"70-74"	215799
	"2018"	"2018"	"Minnesota"	"27"	"75-79 years"	"75-79"	152608
	"2018"	"2018"	"Minnesota"	"27"	"80-84 years"	"80-84"	104196
	"2018"	"2018"	"Minnesota"	"27"	"85+ years"	"85+"	121468
"Total"	"2018"	"2018"	"Minnesota"	"27"			5608762
	"2018"	"2018"	"Mississippi"	"28"	"< 1 year"	"1"	37070
	"2018"	"2018"	"Mississippi"	"28"	"1-4 years"	"1-4"	149895
	"2018"	"2018"	"Mississippi"	"28"	"5-9 years"	"5-9"	192870
	"2018"	"2018"	"Mississippi"	"28"	"10-14 years"	"10-14"	206984
	"2018"	"2018"	"Mississippi"	"28"	"15-19 years"	"15-19"	203095
	"2018"	"2018"	"Mississippi"	"28"	"20-24 years"	"20-24"	204520
	"2018"	"2018"	"Mississippi"	"28"	"25-29 years"	"25-29"	209830
	"2018"	"2018"	"Mississippi"	"28"	"30-34 years"	"30-34"	185020
	"2018"	"2018"	"Mississippi"	"28"	"35-39 years"	"35-39"	190409
	"2018"	"2018"	"Mississippi"	"28"	"40-44 years"	"40-44"	175579
	"2018"	"2018"	"Mississippi"	"28"	"45-49 years"	"45-49"	184540
	"2018"	"2018"	"Mississippi"	"28"	"50-54 years"	"50-54"	184608
	"2018"	"2018"	"Mississippi"	"28"	"55-59 years"	"55-59"	198517
	"2018"	"2018"	"Mississippi"	"28"	"60-64 years "	"60-64"	187107
	"2018"	"2018"	"Mississippi"	"28"	"65-69 years"	"65-69"	157441
	"2018"	"2018"	"Mississippi"	"28"	"70-74 years"	"70-74"	122505
	"2018"	"2018"	"Mississippi"	"28"	"75-79 years"	"75-79"	85015
	"2018"	"2018"	"Mississippi"	"28"	"80-84 years"	"80-84"	55834
	"2018"	"2018"	"Mississippi"	"28"	"85+ years"	"85+"	52040
"Total"	"2018"	"2018"	"Mississippi"	"28"			2982879
	"2018"	"2018"	"Missouri"	"29"	"< 1 year"	"1"	73222
	"2018"	"2018"	"Missouri"	"29"	"1-4 years"	"1-4"	300488
	"2018"	"2018"	"Missouri"	"29"	"5-9 years"	"5-9"	378486
	"2018"	"2018"	"Missouri"	"29"	"10-14 years"	"10-14"	392745
	"2018"	"2018"	"Missouri"	"29"	"15-19 years"	"15-19"	391346
	"2018"	"2018"	"Missouri"	"29"	"20-24 years"	"20-24"	408395
	"2018"	"2018"	"Missouri"	"29"	"25-29 years"	"25-29"	426200
	"2018"	"2018"	"Missouri"	"29"	"30-34 years"	"30-34"	397590
	"2018"	"2018"	"Missouri"	"29"	"35-39 years"	"35-39"	394284
	"2018"	"2018"	"Missouri"	"29"	"40-44 years"	"40-44"	350301
	"2018"	"2018"	"Missouri"	"29"	"45-49 years"	"45-49"	370119
	"2018"	"2018"	"Missouri"	"29"	"50-54 years"	"50-54"	381633
	"2018"	"2018"	"Missouri"	"29"	"55-59 years"	"55-59"	429800
	"2018"	"2018"	"Missouri"	"29"	"60-64 years "	"60-64"	399079
	"2018"	"2018"	"Missouri"	"29"	"65-69 years"	"65-69"	332303
	"2018"	"2018"	"Missouri"	"29"	"70-74 years"	"70-74"	259237
	"2018"	"2018"	"Missouri"	"29"	"75-79 years"	"75-79"	185134
	"2018"	"2018"	"Missouri"	"29"	"80-84 years"	"80-84"	123255
	"2018"	"2018"	"Missouri"	"29"	"85+ years"	"85+"	132369
"Total"	"2018"	"2018"	"Missouri"	"29"			6125986
	"2018"	"2018"	"Montana"	"30"	"< 1 year"	"1"	11705
	"2018"	"2018"	"Montana"	"30"	"1-4 years"	"1-4"	50484
	"2018"	"2018"	"Montana"	"30"	"5-9 years"	"5-9"	63595
	"2018"	"2018"	"Montana"	"30"	"10-14 years"	"10-14"	65325
	"2018"	"2018"	"Montana"	"30"	"15-19 years"	"15-19"	63864
	"2018"	"2018"	"Montana"	"30"	"20-24 years"	"20-24"	72432
	"2018"	"2018"	"Montana"	"30"	"25-29 years"	"25-29"	71543
	"2018"	"2018"	"Montana"	"30"	"30-34 years"	"30-34"	66220
	"2018"	"2018"	"Montana"	"30"	"35-39 years"	"35-39"	67525
	"2018"	"2018"	"Montana"	"30"	"40-44 years"	"40-44"	59224
	"2018"	"2018"	"Montana"	"30"	"45-49 years"	"45-49"	58927
	"2018"	"2018"	"Montana"	"30"	"50-54 years"	"50-54"	61323
	"2018"	"2018"	"Montana"	"30"	"55-59 years"	"55-59"	74630
	"2018"	"2018"	"Montana"	"30"	"60-64 years "	"60-64"	76841
	"2018"	"2018"	"Montana"	"30"	"65-69 years"	"65-69"	68595
	"2018"	"2018"	"Montana"	"30"	"70-74 years"	"70-74"	50669
	"2018"	"2018"	"Montana"	"30"	"75-79 years"	"75-79"	34342
	"2018"	"2018"	"Montana"	"30"	"80-84 years"	"80-84"	21818
	"2018"	"2018"	"Montana"	"30"	"85+ years"	"85+"	22756
"Total"	"2018"	"2018"	"Montana"	"30"			1061818
	"2018"	"2018"	"Nebraska"	"31"	"< 1 year"	"1"	25507
	"2018"	"2018"	"Nebraska"	"31"	"1-4 years"	"1-4"	106903
	"2018"	"2018"	"Nebraska"	"31"	"5-9 years"	"5-9"	132435
	"2018"	"2018"	"Nebraska"	"31"	"10-14 years"	"10-14"	133746
	"2018"	"2018"	"Nebraska"	"31"	"15-19 years"	"15-19"	131374
	"2018"	"2018"	"Nebraska"	"31"	"20-24 years"	"20-24"	136453
	"2018"	"2018"	"Nebraska"	"31"	"25-29 years"	"25-29"	128280
	"2018"	"2018"	"Nebraska"	"31"	"30-34 years"	"30-34"	127195
	"2018"	"2018"	"Nebraska"	"31"	"35-39 years"	"35-39"	128442
	"2018"	"2018"	"Nebraska"	"31"	"40-44 years"	"40-44"	110905
	"2018"	"2018"	"Nebraska"	"31"	"45-49 years"	"45-49"	109515
	"2018"	"2018"	"Nebraska"	"31"	"50-54 years"	"50-54"	110129
	"2018"	"2018"	"Nebraska"	"31"	"55-59 years"	"55-59"	125176
	"2018"	"2018"	"Nebraska"	"31"	"60-64 years "	"60-64"	117443
	"2018"	"2018"	"Nebraska"	"31"	"65-69 years"	"65-69"	98984
	"2018"	"2018"	"Nebraska"	"31"	"70-74 years"	"70-74"	72638
	"2018"	"2018"	"Nebraska"	"31"	"75-79 years"	"75-79"	50779
	"2018"	"2018"	"Nebraska"	"31"	"80-84 years"	"80-84"	36693
	"2018"	"2018"	"Nebraska"	"31"	"85+ years"	"85+"	42915
"Total"	"2018"	"2018"	"Nebraska"	"31"			1925512
	"2018"	"2018"	"Nevada"	"32"	"< 1 year"	"1"	35342
	"2018"	"2018"	"Nevada"	"32"	"1-4 years"	"1-4"	150200
	"2018"	"2018"	"Nevada"	"32"	"5-9 years"	"5-9"	191780
	"2018"	"2018"	"Nevada"	"32"	"10-14 years"	"10-14"	197347
	"2018"	"2018"	"Nevada"	"32"	"15-19 years"	"15-19"	181004
	"2018"	"2018"	"Nevada"	"32"	"20-24 years"	"20-24"	181996
	"2018"	"2018"	"Nevada"	"32"	"25-29 years"	"25-29"	227470
	"2018"	"2018"	"Nevada"	"32"	"30-34 years"	"30-34"	217635
	"2018"	"2018"	"Nevada"	"32"	"35-39 years"	"35-39"	210354
	"2018"	"2018"	"Nevada"	"32"	"40-44 years"	"40-44"	191419
	"2018"	"2018"	"Nevada"	"32"	"45-49 years"	"45-49"	200707
	"2018"	"2018"	"Nevada"	"32"	"50-54 years"	"50-54"	193128
	"2018"	"2018"	"Nevada"	"32"	"55-59 years"	"55-59"	193786
	"2018"	"2018"	"Nevada"	"32"	"60-64 years "	"60-64"	181812
	"2018"	"2018"	"Nevada"	"32"	"65-69 years"	"65-69"	160303
	"2018"	"2018"	"Nevada"	"32"	"70-74 years"	"70-74"	132974
	"2018"	"2018"	"Nevada"	"32"	"75-79 years"	"75-79"	88379
	"2018"	"2018"	"Nevada"	"32"	"80-84 years"	"80-84"	51542
	"2018"	"2018"	"Nevada"	"32"	"85+ years"	"85+"	43547
"Total"	"2018"	"2018"	"Nevada"	"32"			3030725
	"2018"	"2018"	"New Hampshire"	"33"	"< 1 year"	"1"	12038
	"2018"	"2018"	"New Hampshire"	"33"	"1-4 years"	"1-4"	51763
	"2018"	"2018"	"New Hampshire"	"33"	"5-9 years"	"5-9"	69456
	"2018"	"2018"	"New Hampshire"	"33"	"10-14 years"	"10-14"	76195
	"2018"	"2018"	"New Hampshire"	"33"	"15-19 years"	"15-19"	84782
	"2018"	"2018"	"New Hampshire"	"33"	"20-24 years"	"20-24"	89495
	"2018"	"2018"	"New Hampshire"	"33"	"25-29 years"	"25-29"	86097
	"2018"	"2018"	"New Hampshire"	"33"	"30-34 years"	"30-34"	83333
	"2018"	"2018"	"New Hampshire"	"33"	"35-39 years"	"35-39"	80088
	"2018"	"2018"	"New Hampshire"	"33"	"40-44 years"	"40-44"	74767
	"2018"	"2018"	"New Hampshire"	"33"	"45-49 years"	"45-49"	89871
	"2018"	"2018"	"New Hampshire"	"33"	"50-54 years"	"50-54"	100269
	"2018"	"2018"	"New Hampshire"	"33"	"55-59 years"	"55-59"	110891
	"2018"	"2018"	"New Hampshire"	"33"	"60-64 years "	"60-64"	101599
	"2018"	"2018"	"New Hampshire"	"33"	"65-69 years"	"65-69"	82671
	"2018"	"2018"	"New Hampshire"	"33"	"70-74 years"	"70-74"	63929
	"2018"	"2018"	"New Hampshire"	"33"	"75-79 years"	"75-79"	41217
	"2018"	"2018"	"New Hampshire"	"33"	"80-84 years"	"80-84"	26362
	"2018"	"2018"	"New Hampshire"	"33"	"85+ years"	"85+"	30241
"Total"	"2018"	"2018"	"New Hampshire"	"33"			1355064
	"2018"	"2018"	"New Jersey"	"34"	"< 1 year"	"1"	101986
	"2018"	"2018"	"New Jersey"	"34"	"1-4 years"	"1-4"	417938
	"2018"	"2018"	"New Jersey"	"34"	"5-9 years"	"5-9"	534349
	"2018"	"2018"	"New Jersey"	"34"	"10-14 years"	"10-14"	558429
	"2018"	"2018"	"New Jersey"	"34"	"15-19 years"	"15-19"	555479
	"2018"	"2018"	"New Jersey"	"34"	"20-24 years"	"20-24"	548446
	"2018"	"2018"	"New Jersey"	"34"	"25-29 years"	"25-29"	578652
	"2018"	"2018"	"New Jersey"	"34"	"30-34 years"	"30-34"	570174
	"2018"	"2018"	"New Jersey"	"34"	"35-39 years"	"35-39"	579077
	"2018"	"2018"	"New Jersey"	"34"	"40-44 years"	"40-44"	555498
	"2018"	"2018"	"New Jersey"	"34"	"45-49 years"	"45-49"	601089
	"2018"	"2018"	"New Jersey"	"34"	"50-54 years"	"50-54"	631930
	"2018"	"2018"	"New Jersey"	"34"	"55-59 years"	"55-59"	645195
	"2018"	"2018"	"New Jersey"	"34"	"60-64 years "	"60-64"	571307
	"2018"	"2018"	"New Jersey"	"34"	"65-69 years"	"65-69"	452375
	"2018"	"2018"	"New Jersey"	"34"	"70-74 years"	"70-74"	359464
	"2018"	"2018"	"New Jersey"	"34"	"75-79 years"	"75-79"	254250
	"2018"	"2018"	"New Jersey"	"34"	"80-84 years"	"80-84"	173236
	"2018"	"2018"	"New Jersey"	"34"	"85+ years"	"85+"	202856
"Total"	"2018"	"2018"	"New Jersey"	"34"			8891730
	"2018"	"2018"	"New Mexico"	"35"	"< 1 year"	"1"	23045
	"2018"	"2018"	"New Mexico"	"35"	"1-4 years"	"1-4"	100642
	"2018"	"2018"	"New Mexico"	"35"	"5-9 years"	"5-9"	135089
	"2018"	"2018"	"New Mexico"	"35"	"10-14 years"	"10-14"	140253
	"2018"	"2018"	"New Mexico"	"35"	"15-19 years"	"15-19"	139337
	"2018"	"2018"	"New Mexico"	"35"	"20-24 years"	"20-24"	141360
	"2018"	"2018"	"New Mexico"	"35"	"25-29 years"	"25-29"	145741
	"2018"	"2018"	"New Mexico"	"35"	"30-34 years"	"30-34"	138182
	"2018"	"2018"	"New Mexico"	"35"	"35-39 years"	"35-39"	133674
	"2018"	"2018"	"New Mexico"	"35"	"40-44 years"	"40-44"	117102
	"2018"	"2018"	"New Mexico"	"35"	"45-49 years"	"45-49"	119089
	"2018"	"2018"	"New Mexico"	"35"	"50-54 years"	"50-54"	121298
	"2018"	"2018"	"New Mexico"	"35"	"55-59 years"	"55-59"	138986
	"2018"	"2018"	"New Mexico"	"35"	"60-64 years "	"60-64"	134730
	"2018"	"2018"	"New Mexico"	"35"	"65-69 years"	"65-69"	121421
	"2018"	"2018"	"New Mexico"	"35"	"70-74 years"	"70-74"	95813
	"2018"	"2018"	"New Mexico"	"35"	"75-79 years"	"75-79"	64840
	"2018"	"2018"	"New Mexico"	"35"	"80-84 years"	"80-84"	42396
	"2018"	"2018"	"New Mexico"	"35"	"85+ years"	"85+"	40756
"Total"	"2018"	"2018"	"New Mexico"	"35"			2093754
	"2018"	"2018"	"New York"	"36"	"< 1 year"	"1"	230412
	"2018"	"2018"	"New York"	"36"	"1-4 years"	"1-4"	914079
	"2018"	"2018"	"New York"	"36"	"5-9 years"	"5-9"	1121194
	"2018"	"2018"	"New York"	"36"	"10-14 years"	"10-14"	1118063
	"2018"	"2018"	"New York"	"36"	"15-19 years"	"15-19"	1187736
	"2018"	"2018"	"New York"	"36"	"20-24 years"	"20-24"	1298331
	"2018"	"2018"	"New York"	"36"	"25-29 years"	"25-29"	1484168
	"2018"	"2018"	"New York"	"36"	"30-34 years"	"30-34"	1392439
	"2018"	"2018"	"New York"	"36"	"35-39 years"	"35-39"	1272129
	"2018"	"2018"	"New York"	"36"	"40-44 years"	"40-44"	1156034
	"2018"	"2018"	"New York"	"36"	"45-49 years"	"45-49"	1238232
	"2018"	"2018"	"New York"	"36"	"50-54 years"	"50-54"	1313332
	"2018"	"2018"	"New York"	"36"	"55-59 years"	"55-59"	1357999
	"2018"	"2018"	"New York"	"36"	"60-64 years "	"60-64"	1235223
	"2018"	"2018"	"New York"	"36"	"65-69 years"	"65-69"	1019842
	"2018"	"2018"	"New York"	"36"	"70-74 years"	"70-74"	794555
	"2018"	"2018"	"New York"	"36"	"75-79 years"	"75-79"	561507
	"2018"	"2018"	"New York"	"36"	"80-84 years"	"80-84"	390448
	"2018"	"2018"	"New York"	"36"	"85+ years"	"85+"	458375
"Total"	"2018"	"2018"	"New York"	"36"			19544098
	"2018"	"2018"	"North Carolina"	"37"	"< 1 year"	"1"	119728
	"2018"	"2018"	"North Carolina"	"37"	"1-4 years"	"1-4"	491465
	"2018"	"2018"	"North Carolina"	"37"	"5-9 years"	"5-9"	629750
	"2018"	"2018"	"North Carolina"	"37"	"10-14 years"	"10-14"	665002
	"2018"	"2018"	"North Carolina"	"37"	"15-19 years"	"15-19"	687067
	"2018"	"2018"	"North Carolina"	"37"	"20-24 years"	"20-24"	699539
	"2018"	"2018"	"North Carolina"	"37"	"25-29 years"	"25-29"	729076
	"2018"	"2018"	"North Carolina"	"37"	"30-34 years"	"30-34"	664561
	"2018"	"2018"	"North Carolina"	"37"	"35-39 years"	"35-39"	658642
	"2018"	"2018"	"North Carolina"	"37"	"40-44 years"	"40-44"	637232
	"2018"	"2018"	"North Carolina"	"37"	"45-49 years"	"45-49"	697012
	"2018"	"2018"	"North Carolina"	"37"	"50-54 years"	"50-54"	680291
	"2018"	"2018"	"North Carolina"	"37"	"55-59 years"	"55-59"	695765
	"2018"	"2018"	"North Carolina"	"37"	"60-64 years "	"60-64"	646738
	"2018"	"2018"	"North Carolina"	"37"	"65-69 years"	"65-69"	560535
	"2018"	"2018"	"North Carolina"	"37"	"70-74 years"	"70-74"	450301
	"2018"	"2018"	"North Carolina"	"37"	"75-79 years"	"75-79"	300382
	"2018"	"2018"	"North Carolina"	"37"	"80-84 years"	"80-84"	192352
	"2018"	"2018"	"North Carolina"	"37"	"85+ years"	"85+"	185920
"Total"	"2018"	"2018"	"North Carolina"	"37"			10391358
	"2018"	"2018"	"North Dakota"	"38"	"< 1 year"	"1"	10651
	"2018"	"2018"	"North Dakota"	"38"	"1-4 years"	"1-4"	43746
	"2018"	"2018"	"North Dakota"	"38"	"5-9 years"	"5-9"	50329
	"2018"	"2018"	"North Dakota"	"38"	"10-14 years"	"10-14"	47745
	"2018"	"2018"	"North Dakota"	"38"	"15-19 years"	"15-19"	47352
	"2018"	"2018"	"North Dakota"	"38"	"20-24 years"	"20-24"	63933
	"2018"	"2018"	"North Dakota"	"38"	"25-29 years"	"25-29"	60957
	"2018"	"2018"	"North Dakota"	"38"	"30-34 years"	"30-34"	53809
	"2018"	"2018"	"North Dakota"	"38"	"35-39 years"	"35-39"	49786
	"2018"	"2018"	"North Dakota"	"38"	"40-44 years"	"40-44"	40591
	"2018"	"2018"	"North Dakota"	"38"	"45-49 years"	"45-49"	39174
	"2018"	"2018"	"North Dakota"	"38"	"50-54 years"	"50-54"	40795
	"2018"	"2018"	"North Dakota"	"38"	"55-59 years"	"55-59"	48277
	"2018"	"2018"	"North Dakota"	"38"	"60-64 years "	"60-64"	46276
	"2018"	"2018"	"North Dakota"	"38"	"65-69 years"	"65-69"	37295
	"2018"	"2018"	"North Dakota"	"38"	"70-74 years"	"70-74"	26933
	"2018"	"2018"	"North Dakota"	"38"	"75-79 years"	"75-79"	18844
	"2018"	"2018"	"North Dakota"	"38"	"80-84 years"	"80-84"	14594
	"2018"	"2018"	"North Dakota"	"38"	"85+ years"	"85+"	18975
"Total"	"2018"	"2018"	"North Dakota"	"38"			760062
	"2018"	"2018"	"Ohio"	"39"	"< 1 year"	"1"	135979
	"2018"	"2018"	"Ohio"	"39"	"1-4 years"	"1-4"	560839
	"2018"	"2018"	"Ohio"	"39"	"5-9 years"	"5-9"	708501
	"2018"	"2018"	"Ohio"	"39"	"10-14 years"	"10-14"	738020
	"2018"	"2018"	"Ohio"	"39"	"15-19 years"	"15-19"	760648
	"2018"	"2018"	"Ohio"	"39"	"20-24 years"	"20-24"	757374
	"2018"	"2018"	"Ohio"	"39"	"25-29 years"	"25-29"	806053
	"2018"	"2018"	"Ohio"	"39"	"30-34 years"	"30-34"	737740
	"2018"	"2018"	"Ohio"	"39"	"35-39 years"	"35-39"	723828
	"2018"	"2018"	"Ohio"	"39"	"40-44 years"	"40-44"	666244
	"2018"	"2018"	"Ohio"	"39"	"45-49 years"	"45-49"	732900
	"2018"	"2018"	"Ohio"	"39"	"50-54 years"	"50-54"	752696
	"2018"	"2018"	"Ohio"	"39"	"55-59 years"	"55-59"	821111
	"2018"	"2018"	"Ohio"	"39"	"60-64 years "	"60-64"	789493
	"2018"	"2018"	"Ohio"	"39"	"65-69 years"	"65-69"	654281
	"2018"	"2018"	"Ohio"	"39"	"70-74 years"	"70-74"	494239
	"2018"	"2018"	"Ohio"	"39"	"75-79 years"	"75-79"	348628
	"2018"	"2018"	"Ohio"	"39"	"80-84 years"	"80-84"	237239
	"2018"	"2018"	"Ohio"	"39"	"85+ years"	"85+"	255079
"Total"	"2018"	"2018"	"Ohio"	"39"			11680892
	"2018"	"2018"	"Oklahoma"	"40"	"< 1 year"	"1"	49775
	"2018"	"2018"	"Oklahoma"	"40"	"1-4 years"	"1-4"	209995
	"2018"	"2018"	"Oklahoma"	"40"	"5-9 years"	"5-9"	268449
	"2018"	"2018"	"Oklahoma"	"40"	"10-14 years"	"10-14"	269861
	"2018"	"2018"	"Oklahoma"	"40"	"15-19 years"	"15-19"	263774
	"2018"	"2018"	"Oklahoma"	"40"	"20-24 years"	"20-24"	273938
	"2018"	"2018"	"Oklahoma"	"40"	"25-29 years"	"25-29"	281400
	"2018"	"2018"	"Oklahoma"	"40"	"30-34 years"	"30-34"	262833
	"2018"	"2018"	"Oklahoma"	"40"	"35-39 years"	"35-39"	261895
	"2018"	"2018"	"Oklahoma"	"40"	"40-44 years"	"40-44"	229085
	"2018"	"2018"	"Oklahoma"	"40"	"45-49 years"	"45-49"	232231
	"2018"	"2018"	"Oklahoma"	"40"	"50-54 years"	"50-54"	228167
	"2018"	"2018"	"Oklahoma"	"40"	"55-59 years"	"55-59"	254891
	"2018"	"2018"	"Oklahoma"	"40"	"60-64 years "	"60-64"	238359
	"2018"	"2018"	"Oklahoma"	"40"	"65-69 years"	"65-69"	199530
	"2018"	"2018"	"Oklahoma"	"40"	"70-74 years"	"70-74"	159108
	"2018"	"2018"	"Oklahoma"	"40"	"75-79 years"	"75-79"	112539
	"2018"	"2018"	"Oklahoma"	"40"	"80-84 years"	"80-84"	74439
	"2018"	"2018"	"Oklahoma"	"40"	"85+ years"	"85+"	73219
"Total"	"2018"	"2018"	"Oklahoma"	"40"			3943488
	"2018"	"2018"	"Oregon"	"41"	"< 1 year"	"1"	42892
	"2018"	"2018"	"Oregon"	"41"	"1-4 years"	"1-4"	187482
	"2018"	"2018"	"Oregon"	"41"	"5-9 years"	"5-9"	242518
	"2018"	"2018"	"Oregon"	"41"	"10-14 years"	"10-14"	248809
	"2018"	"2018"	"Oregon"	"41"	"15-19 years"	"15-19"	246417
	"2018"	"2018"	"Oregon"	"41"	"20-24 years"	"20-24"	265245
	"2018"	"2018"	"Oregon"	"41"	"25-29 years"	"25-29"	303743
	"2018"	"2018"	"Oregon"	"41"	"30-34 years"	"30-34"	294573
	"2018"	"2018"	"Oregon"	"41"	"35-39 years"	"35-39"	294255
	"2018"	"2018"	"Oregon"	"41"	"40-44 years"	"40-44"	264912
	"2018"	"2018"	"Oregon"	"41"	"45-49 years"	"45-49"	263908
	"2018"	"2018"	"Oregon"	"41"	"50-54 years"	"50-54"	247914
	"2018"	"2018"	"Oregon"	"41"	"55-59 years"	"55-59"	269780
	"2018"	"2018"	"Oregon"	"41"	"60-64 years "	"60-64"	274596
	"2018"	"2018"	"Oregon"	"41"	"65-69 years"	"65-69"	252652
	"2018"	"2018"	"Oregon"	"41"	"70-74 years"	"70-74"	194307
	"2018"	"2018"	"Oregon"	"41"	"75-79 years"	"75-79"	127220
	"2018"	"2018"	"Oregon"	"41"	"80-84 years"	"80-84"	78133
	"2018"	"2018"	"Oregon"	"41"	"85+ years"	"85+"	84182
"Total"	"2018"	"2018"	"Oregon"	"41"			4183538
	"2018"	"2018"	"Pennsylvania"	"42"	"< 1 year"	"1"	137090
	"2018"	"2018"	"Pennsylvania"	"42"	"1-4 years"	"1-4"	568499
	"2018"	"2018"	"Pennsylvania"	"42"	"5-9 years"	"5-9"	726835
	"2018"	"2018"	"Pennsylvania"	"42"	"10-14 years"	"10-14"	755709
	"2018"	"2018"	"Pennsylvania"	"42"	"15-19 years"	"15-19"	809570
	"2018"	"2018"	"Pennsylvania"	"42"	"20-24 years"	"20-24"	813210
	"2018"	"2018"	"Pennsylvania"	"42"	"25-29 years"	"25-29"	870159
	"2018"	"2018"	"Pennsylvania"	"42"	"30-34 years"	"30-34"	831236
	"2018"	"2018"	"Pennsylvania"	"42"	"35-39 years"	"35-39"	783250
	"2018"	"2018"	"Pennsylvania"	"42"	"40-44 years"	"40-44"	715419
	"2018"	"2018"	"Pennsylvania"	"42"	"45-49 years"	"45-49"	798119
	"2018"	"2018"	"Pennsylvania"	"42"	"50-54 years"	"50-54"	854458
	"2018"	"2018"	"Pennsylvania"	"42"	"55-59 years"	"55-59"	921887
	"2018"	"2018"	"Pennsylvania"	"42"	"60-64 years "	"60-64"	888718
	"2018"	"2018"	"Pennsylvania"	"42"	"65-69 years"	"65-69"	739052
	"2018"	"2018"	"Pennsylvania"	"42"	"70-74 years"	"70-74"	572196
	"2018"	"2018"	"Pennsylvania"	"42"	"75-79 years"	"75-79"	407048
	"2018"	"2018"	"Pennsylvania"	"42"	"80-84 years"	"80-84"	282783
	"2018"	"2018"	"Pennsylvania"	"42"	"85+ years"	"85+"	333869
"Total"	"2018"	"2018"	"Pennsylvania"	"42"			12809107
	"2018"	"2018"	"Rhode Island"	"44"	"< 1 year"	"1"	10760
	"2018"	"2018"	"Rhode Island"	"44"	"1-4 years"	"1-4"	44124
	"2018"	"2018"	"Rhode Island"	"44"	"5-9 years"	"5-9"	55179
	"2018"	"2018"	"Rhode Island"	"44"	"10-14 years"	"10-14"	58934
	"2018"	"2018"	"Rhode Island"	"44"	"15-19 years"	"15-19"	71443
	"2018"	"2018"	"Rhode Island"	"44"	"20-24 years"	"20-24"	76701
	"2018"	"2018"	"Rhode Island"	"44"	"25-29 years"	"25-29"	76954
	"2018"	"2018"	"Rhode Island"	"44"	"30-34 years"	"30-34"	70153
	"2018"	"2018"	"Rhode Island"	"44"	"35-39 years"	"35-39"	65528
	"2018"	"2018"	"Rhode Island"	"44"	"40-44 years"	"40-44"	58702
	"2018"	"2018"	"Rhode Island"	"44"	"45-49 years"	"45-49"	66023
	"2018"	"2018"	"Rhode Island"	"44"	"50-54 years"	"50-54"	73450
	"2018"	"2018"	"Rhode Island"	"44"	"55-59 years"	"55-59"	76996
	"2018"	"2018"	"Rhode Island"	"44"	"60-64 years "	"60-64"	72173
	"2018"	"2018"	"Rhode Island"	"44"	"65-69 years"	"65-69"	57869
	"2018"	"2018"	"Rhode Island"	"44"	"70-74 years"	"70-74"	44975
	"2018"	"2018"	"Rhode Island"	"44"	"75-79 years"	"75-79"	30794
	"2018"	"2018"	"Rhode Island"	"44"	"80-84 years"	"80-84"	20970
	"2018"	"2018"	"Rhode Island"	"44"	"85+ years"	"85+"	27610
"Total"	"2018"	"2018"	"Rhode Island"	"44"			1059338
	"2018"	"2018"	"South Carolina"	"45"	"< 1 year"	"1"	56677
	"2018"	"2018"	"South Carolina"	"45"	"1-4 years"	"1-4"	236946
	"2018"	"2018"	"South Carolina"	"45"	"5-9 years"	"5-9"	307020
	"2018"	"2018"	"South Carolina"	"45"	"10-14 years"	"10-14"	320206
	"2018"	"2018"	"South Carolina"	"45"	"15-19 years"	"15-19"	323794
	"2018"	"2018"	"South Carolina"	"45"	"20-24 years"	"20-24"	331576
	"2018"	"2018"	"South Carolina"	"45"	"25-29 years"	"25-29"	355189
	"2018"	"2018"	"South Carolina"	"45"	"30-34 years"	"30-34"	320227
	"2018"	"2018"	"South Carolina"	"45"	"35-39 years"	"35-39"	317167
	"2018"	"2018"	"South Carolina"	"45"	"40-44 years"	"40-44"	295595
	"2018"	"2018"	"South Carolina"	"45"	"45-49 years"	"45-49"	320870
	"2018"	"2018"	"South Carolina"	"45"	"50-54 years"	"50-54"	326866
	"2018"	"2018"	"South Carolina"	"45"	"55-59 years"	"55-59"	345106
	"2018"	"2018"	"South Carolina"	"45"	"60-64 years "	"60-64"	333676
	"2018"	"2018"	"South Carolina"	"45"	"65-69 years"	"65-69"	302753
	"2018"	"2018"	"South Carolina"	"45"	"70-74 years"	"70-74"	247909
	"2018"	"2018"	"South Carolina"	"45"	"75-79 years"	"75-79"	163321
	"2018"	"2018"	"South Carolina"	"45"	"80-84 years"	"80-84"	97985
	"2018"	"2018"	"South Carolina"	"45"	"85+ years"	"85+"	88819
"Total"	"2018"	"2018"	"South Carolina"	"45"			5091702
	"2018"	"2018"	"South Dakota"	"46"	"< 1 year"	"1"	12212
	"2018"	"2018"	"South Dakota"	"46"	"1-4 years"	"1-4"	49617
	"2018"	"2018"	"South Dakota"	"46"	"5-9 years"	"5-9"	60701
	"2018"	"2018"	"South Dakota"	"46"	"10-14 years"	"10-14"	60602
	"2018"	"2018"	"South Dakota"	"46"	"15-19 years"	"15-19"	57404
	"2018"	"2018"	"South Dakota"	"46"	"20-24 years"	"20-24"	59716
	"2018"	"2018"	"South Dakota"	"46"	"25-29 years"	"25-29"	58213
	"2018"	"2018"	"South Dakota"	"46"	"30-34 years"	"30-34"	57164
	"2018"	"2018"	"South Dakota"	"46"	"35-39 years"	"35-39"	55945
	"2018"	"2018"	"South Dakota"	"46"	"40-44 years"	"40-44"	47630
	"2018"	"2018"	"South Dakota"	"46"	"45-49 years"	"45-49"	47049
	"2018"	"2018"	"South Dakota"	"46"	"50-54 years"	"50-54"	49829
	"2018"	"2018"	"South Dakota"	"46"	"55-59 years"	"55-59"	59191
	"2018"	"2018"	"South Dakota"	"46"	"60-64 years "	"60-64"	58042
	"2018"	"2018"	"South Dakota"	"46"	"65-69 years"	"65-69"	50128
	"2018"	"2018"	"South Dakota"	"46"	"70-74 years"	"70-74"	34632
	"2018"	"2018"	"South Dakota"	"46"	"75-79 years"	"75-79"	23469
	"2018"	"2018"	"South Dakota"	"46"	"80-84 years"	"80-84"	16914
	"2018"	"2018"	"South Dakota"	"46"	"85+ years"	"85+"	20928
"Total"	"2018"	"2018"	"South Dakota"	"46"			879386
	"2018"	"2018"	"Tennessee"	"47"	"< 1 year"	"1"	81039
	"2018"	"2018"	"Tennessee"	"47"	"1-4 years"	"1-4"	328123
	"2018"	"2018"	"Tennessee"	"47"	"5-9 years"	"5-9"	413019
	"2018"	"2018"	"Tennessee"	"47"	"10-14 years"	"10-14"	430857
	"2018"	"2018"	"Tennessee"	"47"	"15-19 years"	"15-19"	425729
	"2018"	"2018"	"Tennessee"	"47"	"20-24 years"	"20-24"	446818
	"2018"	"2018"	"Tennessee"	"47"	"25-29 years"	"25-29"	494243
	"2018"	"2018"	"Tennessee"	"47"	"30-34 years"	"30-34"	440694
	"2018"	"2018"	"Tennessee"	"47"	"35-39 years"	"35-39"	433430
	"2018"	"2018"	"Tennessee"	"47"	"40-44 years"	"40-44"	408011
	"2018"	"2018"	"Tennessee"	"47"	"45-49 years"	"45-49"	443082
	"2018"	"2018"	"Tennessee"	"47"	"50-54 years"	"50-54"	440106
	"2018"	"2018"	"Tennessee"	"47"	"55-59 years"	"55-59"	456148
	"2018"	"2018"	"Tennessee"	"47"	"60-64 years "	"60-64"	429339
	"2018"	"2018"	"Tennessee"	"47"	"65-69 years"	"65-69"	366224
	"2018"	"2018"	"Tennessee"	"47"	"70-74 years"	"70-74"	294248
	"2018"	"2018"	"Tennessee"	"47"	"75-79 years"	"75-79"	200671
	"2018"	"2018"	"Tennessee"	"47"	"80-84 years"	"80-84"	126093
	"2018"	"2018"	"Tennessee"	"47"	"85+ years"	"85+"	120306
"Total"	"2018"	"2018"	"Tennessee"	"47"			6778180
	"2018"	"2018"	"Texas"	"48"	"< 1 year"	"1"	380635
	"2018"	"2018"	"Texas"	"48"	"1-4 years"	"1-4"	1627430
	"2018"	"2018"	"Texas"	"48"	"5-9 years"	"5-9"	2047922
	"2018"	"2018"	"Texas"	"48"	"10-14 years"	"10-14"	2092916
	"2018"	"2018"	"Texas"	"48"	"15-19 years"	"15-19"	2032026
	"2018"	"2018"	"Texas"	"48"	"20-24 years"	"20-24"	1990803
	"2018"	"2018"	"Texas"	"48"	"25-29 years"	"25-29"	2154156
	"2018"	"2018"	"Texas"	"48"	"30-34 years"	"30-34"	2072695
	"2018"	"2018"	"Texas"	"48"	"35-39 years"	"35-39"	2027110
	"2018"	"2018"	"Texas"	"48"	"40-44 years"	"40-44"	1845129
	"2018"	"2018"	"Texas"	"48"	"45-49 years"	"45-49"	1840330
	"2018"	"2018"	"Texas"	"48"	"50-54 years"	"50-54"	1700011
	"2018"	"2018"	"Texas"	"48"	"55-59 years"	"55-59"	1707712
	"2018"	"2018"	"Texas"	"48"	"60-64 years "	"60-64"	1515948
	"2018"	"2018"	"Texas"	"48"	"65-69 years"	"65-69"	1222188
	"2018"	"2018"	"Texas"	"48"	"70-74 years"	"70-74"	935971
	"2018"	"2018"	"Texas"	"48"	"75-79 years"	"75-79"	625015
	"2018"	"2018"	"Texas"	"48"	"80-84 years"	"80-84"	407413
	"2018"	"2018"	"Texas"	"48"	"85+ years"	"85+"	399154
"Total"	"2018"	"2018"	"Texas"	"48"			28624564
	"2018"	"2018"	"Utah"	"49"	"< 1 year"	"1"	47409
	"2018"	"2018"	"Utah"	"49"	"1-4 years"	"1-4"	202077
	"2018"	"2018"	"Utah"	"49"	"5-9 years"	"5-9"	260083
	"2018"	"2018"	"Utah"	"49"	"10-14 years"	"10-14"	267112
	"2018"	"2018"	"Utah"	"49"	"15-19 years"	"15-19"	248676
	"2018"	"2018"	"Utah"	"49"	"20-24 years"	"20-24"	259519
	"2018"	"2018"	"Utah"	"49"	"25-29 years"	"25-29"	247095
	"2018"	"2018"	"Utah"	"49"	"30-34 years"	"30-34"	217518
	"2018"	"2018"	"Utah"	"49"	"35-39 years"	"35-39"	231644
	"2018"	"2018"	"Utah"	"49"	"40-44 years"	"40-44"	203409
	"2018"	"2018"	"Utah"	"49"	"45-49 years"	"45-49"	172345
	"2018"	"2018"	"Utah"	"49"	"50-54 years"	"50-54"	149257
	"2018"	"2018"	"Utah"	"49"	"55-59 years"	"55-59"	155445
	"2018"	"2018"	"Utah"	"49"	"60-64 years "	"60-64"	144790
	"2018"	"2018"	"Utah"	"49"	"65-69 years"	"65-69"	119302
	"2018"	"2018"	"Utah"	"49"	"70-74 years"	"70-74"	89918
	"2018"	"2018"	"Utah"	"49"	"75-79 years"	"75-79"	61766
	"2018"	"2018"	"Utah"	"49"	"80-84 years"	"80-84"	40280
	"2018"	"2018"	"Utah"	"49"	"85+ years"	"85+"	37508
"Total"	"2018"	"2018"	"Utah"	"49"			3155153
	"2018"	"2018"	"Vermont"	"50"	"< 1 year"	"1"	5419
	"2018"	"2018"	"Vermont"	"50"	"1-4 years"	"1-4"	24080
	"2018"	"2018"	"Vermont"	"50"	"5-9 years"	"5-9"	31321
	"2018"	"2018"	"Vermont"	"50"	"10-14 years"	"10-14"	33786
	"2018"	"2018"	"Vermont"	"50"	"15-19 years"	"15-19"	41644
	"2018"	"2018"	"Vermont"	"50"	"20-24 years"	"20-24"	45817
	"2018"	"2018"	"Vermont"	"50"	"25-29 years"	"25-29"	37699
	"2018"	"2018"	"Vermont"	"50"	"30-34 years"	"30-34"	36486
	"2018"	"2018"	"Vermont"	"50"	"35-39 years"	"35-39"	36693
	"2018"	"2018"	"Vermont"	"50"	"40-44 years"	"40-44"	34004
	"2018"	"2018"	"Vermont"	"50"	"45-49 years"	"45-49"	38568
	"2018"	"2018"	"Vermont"	"50"	"50-54 years"	"50-54"	42138
	"2018"	"2018"	"Vermont"	"50"	"55-59 years"	"55-59"	48477
	"2018"	"2018"	"Vermont"	"50"	"60-64 years "	"60-64"	47722
	"2018"	"2018"	"Vermont"	"50"	"65-69 years"	"65-69"	41360
	"2018"	"2018"	"Vermont"	"50"	"70-74 years"	"70-74"	31564
	"2018"	"2018"	"Vermont"	"50"	"75-79 years"	"75-79"	20581
	"2018"	"2018"	"Vermont"	"50"	"80-84 years"	"80-84"	13044
	"2018"	"2018"	"Vermont"	"50"	"85+ years"	"85+"	14399
"Total"	"2018"	"2018"	"Vermont"	"50"			624802
	"2018"	"2018"	"Virginia"	"51"	"< 1 year"	"1"	100607
	"2018"	"2018"	"Virginia"	"51"	"1-4 years"	"1-4"	410189
	"2018"	"2018"	"Virginia"	"51"	"5-9 years"	"5-9"	514157
	"2018"	"2018"	"Virginia"	"51"	"10-14 years"	"10-14"	529185
	"2018"	"2018"	"Virginia"	"51"	"15-19 years"	"15-19"	541916
	"2018"	"2018"	"Virginia"	"51"	"20-24 years"	"20-24"	577256
	"2018"	"2018"	"Virginia"	"51"	"25-29 years"	"25-29"	602972
	"2018"	"2018"	"Virginia"	"51"	"30-34 years"	"30-34"	584903
	"2018"	"2018"	"Virginia"	"51"	"35-39 years"	"35-39"	577867
	"2018"	"2018"	"Virginia"	"51"	"40-44 years"	"40-44"	525299
	"2018"	"2018"	"Virginia"	"51"	"45-49 years"	"45-49"	557977
	"2018"	"2018"	"Virginia"	"51"	"50-54 years"	"50-54"	566861
	"2018"	"2018"	"Virginia"	"51"	"55-59 years"	"55-59"	582827
	"2018"	"2018"	"Virginia"	"51"	"60-64 years "	"60-64"	523093
	"2018"	"2018"	"Virginia"	"51"	"65-69 years"	"65-69"	433122
	"2018"	"2018"	"Virginia"	"51"	"70-74 years"	"70-74"	346130
	"2018"	"2018"	"Virginia"	"51"	"75-79 years"	"75-79"	235343
	"2018"	"2018"	"Virginia"	"51"	"80-84 years"	"80-84"	149573
	"2018"	"2018"	"Virginia"	"51"	"85+ years"	"85+"	151643
"Total"	"2018"	"2018"	"Virginia"	"51"			8510920
	"2018"	"2018"	"Washington"	"53"	"< 1 year"	"1"	86887
	"2018"	"2018"	"Washington"	"53"	"1-4 years"	"1-4"	370970
	"2018"	"2018"	"Washington"	"53"	"5-9 years"	"5-9"	467319
	"2018"	"2018"	"Washington"	"53"	"10-14 years"	"10-14"	462546
	"2018"	"2018"	"Washington"	"53"	"15-19 years"	"15-19"	445752
	"2018"	"2018"	"Washington"	"53"	"20-24 years"	"20-24"	482940
	"2018"	"2018"	"Washington"	"53"	"25-29 years"	"25-29"	590100
	"2018"	"2018"	"Washington"	"53"	"30-34 years"	"30-34"	563420
	"2018"	"2018"	"Washington"	"53"	"35-39 years"	"35-39"	536899
	"2018"	"2018"	"Washington"	"53"	"40-44 years"	"40-44"	466196
	"2018"	"2018"	"Washington"	"53"	"45-49 years"	"45-49"	474057
	"2018"	"2018"	"Washington"	"53"	"50-54 years"	"50-54"	458282
	"2018"	"2018"	"Washington"	"53"	"55-59 years"	"55-59"	491334
	"2018"	"2018"	"Washington"	"53"	"60-64 years "	"60-64"	469035
	"2018"	"2018"	"Washington"	"53"	"65-69 years"	"65-69"	400250
	"2018"	"2018"	"Washington"	"53"	"70-74 years"	"70-74"	306589
	"2018"	"2018"	"Washington"	"53"	"75-79 years"	"75-79"	197542
	"2018"	"2018"	"Washington"	"53"	"80-84 years"	"80-84"	123720
	"2018"	"2018"	"Washington"	"53"	"85+ years"	"85+"	132955
"Total"	"2018"	"2018"	"Washington"	"53"			7526793
	"2018"	"2018"	"West Virginia"	"54"	"< 1 year"	"1"	18430
	"2018"	"2018"	"West Virginia"	"54"	"1-4 years"	"1-4"	77673
	"2018"	"2018"	"West Virginia"	"54"	"5-9 years"	"5-9"	101172
	"2018"	"2018"	"West Virginia"	"54"	"10-14 years"	"10-14"	104414
	"2018"	"2018"	"West Virginia"	"54"	"15-19 years"	"15-19"	106837
	"2018"	"2018"	"West Virginia"	"54"	"20-24 years"	"20-24"	112710
	"2018"	"2018"	"West Virginia"	"54"	"25-29 years"	"25-29"	113681
	"2018"	"2018"	"West Virginia"	"54"	"30-34 years"	"30-34"	101739
	"2018"	"2018"	"West Virginia"	"54"	"35-39 years"	"35-39"	109146
	"2018"	"2018"	"West Virginia"	"54"	"40-44 years"	"40-44"	107518
	"2018"	"2018"	"West Virginia"	"54"	"45-49 years"	"45-49"	116599
	"2018"	"2018"	"West Virginia"	"54"	"50-54 years"	"50-54"	117859
	"2018"	"2018"	"West Virginia"	"54"	"55-59 years"	"55-59"	127451
	"2018"	"2018"	"West Virginia"	"54"	"60-64 years "	"60-64"	130457
	"2018"	"2018"	"West Virginia"	"54"	"65-69 years"	"65-69"	119593
	"2018"	"2018"	"West Virginia"	"54"	"70-74 years"	"70-74"	93046
	"2018"	"2018"	"West Virginia"	"54"	"75-79 years"	"75-79"	64137
	"2018"	"2018"	"West Virginia"	"54"	"80-84 years"	"80-84"	42725
	"2018"	"2018"	"West Virginia"	"54"	"85+ years"	"85+"	40766
"Total"	"2018"	"2018"	"West Virginia"	"54"			1805953
	"2018"	"2018"	"Wisconsin"	"55"	"< 1 year"	"1"	63980
	"2018"	"2018"	"Wisconsin"	"55"	"1-4 years"	"1-4"	269739
	"2018"	"2018"	"Wisconsin"	"55"	"5-9 years"	"5-9"	349757
	"2018"	"2018"	"Wisconsin"	"55"	"10-14 years"	"10-14"	369838
	"2018"	"2018"	"Wisconsin"	"55"	"15-19 years"	"15-19"	378609
	"2018"	"2018"	"Wisconsin"	"55"	"20-24 years"	"20-24"	395451
	"2018"	"2018"	"Wisconsin"	"55"	"25-29 years"	"25-29"	374933
	"2018"	"2018"	"Wisconsin"	"55"	"30-34 years"	"30-34"	362950
	"2018"	"2018"	"Wisconsin"	"55"	"35-39 years"	"35-39"	371694
	"2018"	"2018"	"Wisconsin"	"55"	"40-44 years"	"40-44"	332796
	"2018"	"2018"	"Wisconsin"	"55"	"45-49 years"	"45-49"	351958
	"2018"	"2018"	"Wisconsin"	"55"	"50-54 years"	"50-54"	384804
	"2018"	"2018"	"Wisconsin"	"55"	"55-59 years"	"55-59"	425928
	"2018"	"2018"	"Wisconsin"	"55"	"60-64 years "	"60-64"	394865
	"2018"	"2018"	"Wisconsin"	"55"	"65-69 years"	"65-69"	328986
	"2018"	"2018"	"Wisconsin"	"55"	"70-74 years"	"70-74"	241924
	"2018"	"2018"	"Wisconsin"	"55"	"75-79 years"	"75-79"	168351
	"2018"	"2018"	"Wisconsin"	"55"	"80-84 years"	"80-84"	115182
	"2018"	"2018"	"Wisconsin"	"55"	"85+ years"	"85+"	127574
"Total"	"2018"	"2018"	"Wisconsin"	"55"			5809319
	"2018"	"2018"	"Wyoming"	"56"	"< 1 year"	"1"	6720
	"2018"	"2018"	"Wyoming"	"56"	"1-4 years"	"1-4"	29078
	"2018"	"2018"	"Wyoming"	"56"	"5-9 years"	"5-9"	37874
	"2018"	"2018"	"Wyoming"	"56"	"10-14 years"	"10-14"	39145
	"2018"	"2018"	"Wyoming"	"56"	"15-19 years"	"15-19"	36319
	"2018"	"2018"	"Wyoming"	"56"	"20-24 years"	"20-24"	38284
	"2018"	"2018"	"Wyoming"	"56"	"25-29 years"	"25-29"	39168
	"2018"	"2018"	"Wyoming"	"56"	"30-34 years"	"30-34"	39005
	"2018"	"2018"	"Wyoming"	"56"	"35-39 years"	"35-39"	39268
	"2018"	"2018"	"Wyoming"	"56"	"40-44 years"	"40-44"	33651
	"2018"	"2018"	"Wyoming"	"56"	"45-49 years"	"45-49"	32531
	"2018"	"2018"	"Wyoming"	"56"	"50-54 years"	"50-54"	32302
	"2018"	"2018"	"Wyoming"	"56"	"55-59 years"	"55-59"	39379
	"2018"	"2018"	"Wyoming"	"56"	"60-64 years "	"60-64"	40336
	"2018"	"2018"	"Wyoming"	"56"	"65-69 years"	"65-69"	33637
	"2018"	"2018"	"Wyoming"	"56"	"70-74 years"	"70-74"	24797
	"2018"	"2018"	"Wyoming"	"56"	"75-79 years"	"75-79"	16226
	"2018"	"2018"	"Wyoming"	"56"	"80-84 years"	"80-84"	10346
	"2018"	"2018"	"Wyoming"	"56"	"85+ years"	"85+"	10988
"Total"	"2018"	"2018"	"Wyoming"	"56"			579054
"Total"	"2018"	"2018"					326838199
	"2019"	"2019"	"Alabama"	"01"	"< 1 year"	"1"	56807
	"2019"	"2019"	"Alabama"	"01"	"1-4 years"	"1-4"	237467
	"2019"	"2019"	"Alabama"	"01"	"5-9 years"	"5-9"	298242
	"2019"	"2019"	"Alabama"	"01"	"10-14 years"	"10-14"	310695
	"2019"	"2019"	"Alabama"	"01"	"15-19 years"	"15-19"	313884
	"2019"	"2019"	"Alabama"	"01"	"20-24 years"	"20-24"	322396
	"2019"	"2019"	"Alabama"	"01"	"25-29 years"	"25-29"	338597
	"2019"	"2019"	"Alabama"	"01"	"30-34 years"	"30-34"	309922
	"2019"	"2019"	"Alabama"	"01"	"35-39 years"	"35-39"	304435
	"2019"	"2019"	"Alabama"	"01"	"40-44 years"	"40-44"	289340
	"2019"	"2019"	"Alabama"	"01"	"45-49 years"	"45-49"	309098
	"2019"	"2019"	"Alabama"	"01"	"50-54 years"	"50-54"	307754
	"2019"	"2019"	"Alabama"	"01"	"55-59 years"	"55-59"	336455
	"2019"	"2019"	"Alabama"	"01"	"60-64 years "	"60-64"	321353
	"2019"	"2019"	"Alabama"	"01"	"65-69 years"	"65-69"	275993
	"2019"	"2019"	"Alabama"	"01"	"70-74 years"	"70-74"	226442
	"2019"	"2019"	"Alabama"	"01"	"75-79 years"	"75-79"	155951
	"2019"	"2019"	"Alabama"	"01"	"80-84 years"	"80-84"	101107
	"2019"	"2019"	"Alabama"	"01"	"85+ years"	"85+"	92027
"Total"	"2019"	"2019"	"Alabama"	"01"			4907965
	"2019"	"2019"	"Alaska"	"02"	"< 1 year"	"1"	9821
	"2019"	"2019"	"Alaska"	"02"	"1-4 years"	"1-4"	41361
	"2019"	"2019"	"Alaska"	"02"	"5-9 years"	"5-9"	51946
	"2019"	"2019"	"Alaska"	"02"	"10-14 years"	"10-14"	49118
	"2019"	"2019"	"Alaska"	"02"	"15-19 years"	"15-19"	45072
	"2019"	"2019"	"Alaska"	"02"	"20-24 years"	"20-24"	51519
	"2019"	"2019"	"Alaska"	"02"	"25-29 years"	"25-29"	60638
	"2019"	"2019"	"Alaska"	"02"	"30-34 years"	"30-34"	57549
	"2019"	"2019"	"Alaska"	"02"	"35-39 years"	"35-39"	52733
	"2019"	"2019"	"Alaska"	"02"	"40-44 years"	"40-44"	43447
	"2019"	"2019"	"Alaska"	"02"	"45-49 years"	"45-49"	42422
	"2019"	"2019"	"Alaska"	"02"	"50-54 years"	"50-54"	42900
	"2019"	"2019"	"Alaska"	"02"	"55-59 years"	"55-59"	48293
	"2019"	"2019"	"Alaska"	"02"	"60-64 years "	"60-64"	45231
	"2019"	"2019"	"Alaska"	"02"	"65-69 years"	"65-69"	36326
	"2019"	"2019"	"Alaska"	"02"	"70-74 years"	"70-74"	24985
	"2019"	"2019"	"Alaska"	"02"	"75-79 years"	"75-79"	15019
	"2019"	"2019"	"Alaska"	"02"	"80-84 years"	"80-84"	8063
	"2019"	"2019"	"Alaska"	"02"	"85+ years"	"85+"	7160
"Total"	"2019"	"2019"	"Alaska"	"02"			733603
	"2019"	"2019"	"Arizona"	"04"	"< 1 year"	"1"	81439
	"2019"	"2019"	"Arizona"	"04"	"1-4 years"	"1-4"	347671
	"2019"	"2019"	"Arizona"	"04"	"5-9 years"	"5-9"	454018
	"2019"	"2019"	"Arizona"	"04"	"10-14 years"	"10-14"	478224
	"2019"	"2019"	"Arizona"	"04"	"15-19 years"	"15-19"	479565
	"2019"	"2019"	"Arizona"	"04"	"20-24 years"	"20-24"	496960
	"2019"	"2019"	"Arizona"	"04"	"25-29 years"	"25-29"	527245
	"2019"	"2019"	"Arizona"	"04"	"30-34 years"	"30-34"	482476
	"2019"	"2019"	"Arizona"	"04"	"35-39 years"	"35-39"	467513
	"2019"	"2019"	"Arizona"	"04"	"40-44 years"	"40-44"	428972
	"2019"	"2019"	"Arizona"	"04"	"45-49 years"	"45-49"	433051
	"2019"	"2019"	"Arizona"	"04"	"50-54 years"	"50-54"	418599
	"2019"	"2019"	"Arizona"	"04"	"55-59 years"	"55-59"	446758
	"2019"	"2019"	"Arizona"	"04"	"60-64 years "	"60-64"	433564
	"2019"	"2019"	"Arizona"	"04"	"65-69 years"	"65-69"	399238
	"2019"	"2019"	"Arizona"	"04"	"70-74 years"	"70-74"	355076
	"2019"	"2019"	"Arizona"	"04"	"75-79 years"	"75-79"	254113
	"2019"	"2019"	"Arizona"	"04"	"80-84 years"	"80-84"	159618
	"2019"	"2019"	"Arizona"	"04"	"85+ years"	"85+"	147743
"Total"	"2019"	"2019"	"Arizona"	"04"			7291843
	"2019"	"2019"	"Arkansas"	"05"	"< 1 year"	"1"	36338
	"2019"	"2019"	"Arkansas"	"05"	"1-4 years"	"1-4"	152381
	"2019"	"2019"	"Arkansas"	"05"	"5-9 years"	"5-9"	192927
	"2019"	"2019"	"Arkansas"	"05"	"10-14 years"	"10-14"	200963
	"2019"	"2019"	"Arkansas"	"05"	"15-19 years"	"15-19"	197377
	"2019"	"2019"	"Arkansas"	"05"	"20-24 years"	"20-24"	200279
	"2019"	"2019"	"Arkansas"	"05"	"25-29 years"	"25-29"	206172
	"2019"	"2019"	"Arkansas"	"05"	"30-34 years"	"30-34"	191992
	"2019"	"2019"	"Arkansas"	"05"	"35-39 years"	"35-39"	192303
	"2019"	"2019"	"Arkansas"	"05"	"40-44 years"	"40-44"	178278
	"2019"	"2019"	"Arkansas"	"05"	"45-49 years"	"45-49"	182538
	"2019"	"2019"	"Arkansas"	"05"	"50-54 years"	"50-54"	179466
	"2019"	"2019"	"Arkansas"	"05"	"55-59 years"	"55-59"	198116
	"2019"	"2019"	"Arkansas"	"05"	"60-64 years "	"60-64"	187875
	"2019"	"2019"	"Arkansas"	"05"	"65-69 years"	"65-69"	164810
	"2019"	"2019"	"Arkansas"	"05"	"70-74 years"	"70-74"	137890
	"2019"	"2019"	"Arkansas"	"05"	"75-79 years"	"75-79"	97800
	"2019"	"2019"	"Arkansas"	"05"	"80-84 years"	"80-84"	63036
	"2019"	"2019"	"Arkansas"	"05"	"85+ years"	"85+"	60444
"Total"	"2019"	"2019"	"Arkansas"	"05"			3020985
	"2019"	"2019"	"California"	"06"	"< 1 year"	"1"	451885
	"2019"	"2019"	"California"	"06"	"1-4 years"	"1-4"	1918685
	"2019"	"2019"	"California"	"06"	"5-9 years"	"5-9"	2480357
	"2019"	"2019"	"California"	"06"	"10-14 years"	"10-14"	2528498
	"2019"	"2019"	"California"	"06"	"15-19 years"	"15-19"	2532005
	"2019"	"2019"	"California"	"06"	"20-24 years"	"20-24"	2639873
	"2019"	"2019"	"California"	"06"	"25-29 years"	"25-29"	3092545
	"2019"	"2019"	"California"	"06"	"30-34 years"	"30-34"	2954993
	"2019"	"2019"	"California"	"06"	"35-39 years"	"35-39"	2776974
	"2019"	"2019"	"California"	"06"	"40-44 years"	"40-44"	2496802
	"2019"	"2019"	"California"	"06"	"45-49 years"	"45-49"	2510078
	"2019"	"2019"	"California"	"06"	"50-54 years"	"50-54"	2458499
	"2019"	"2019"	"California"	"06"	"55-59 years"	"55-59"	2503819
	"2019"	"2019"	"California"	"06"	"60-64 years "	"60-64"	2273197
	"2019"	"2019"	"California"	"06"	"65-69 years"	"65-69"	1881969
	"2019"	"2019"	"California"	"06"	"70-74 years"	"70-74"	1491188
	"2019"	"2019"	"California"	"06"	"75-79 years"	"75-79"	1014672
	"2019"	"2019"	"California"	"06"	"80-84 years"	"80-84"	682562
	"2019"	"2019"	"California"	"06"	"85+ years"	"85+"	749009
"Total"	"2019"	"2019"	"California"	"06"			39437610
	"2019"	"2019"	"Colorado"	"08"	"< 1 year"	"1"	63035
	"2019"	"2019"	"Colorado"	"08"	"1-4 years"	"1-4"	266190
	"2019"	"2019"	"Colorado"	"08"	"5-9 years"	"5-9"	346980
	"2019"	"2019"	"Colorado"	"08"	"10-14 years"	"10-14"	363379
	"2019"	"2019"	"Colorado"	"08"	"15-19 years"	"15-19"	365699
	"2019"	"2019"	"Colorado"	"08"	"20-24 years"	"20-24"	378813
	"2019"	"2019"	"Colorado"	"08"	"25-29 years"	"25-29"	461470
	"2019"	"2019"	"Colorado"	"08"	"30-34 years"	"30-34"	452026
	"2019"	"2019"	"Colorado"	"08"	"35-39 years"	"35-39"	426156
	"2019"	"2019"	"Colorado"	"08"	"40-44 years"	"40-44"	372814
	"2019"	"2019"	"Colorado"	"08"	"45-49 years"	"45-49"	364951
	"2019"	"2019"	"Colorado"	"08"	"50-54 years"	"50-54"	340733
	"2019"	"2019"	"Colorado"	"08"	"55-59 years"	"55-59"	364757
	"2019"	"2019"	"Colorado"	"08"	"60-64 years "	"60-64"	347958
	"2019"	"2019"	"Colorado"	"08"	"65-69 years"	"65-69"	296415
	"2019"	"2019"	"Colorado"	"08"	"70-74 years"	"70-74"	226127
	"2019"	"2019"	"Colorado"	"08"	"75-79 years"	"75-79"	142262
	"2019"	"2019"	"Colorado"	"08"	"80-84 years"	"80-84"	88719
	"2019"	"2019"	"Colorado"	"08"	"85+ years"	"85+"	90002
"Total"	"2019"	"2019"	"Colorado"	"08"			5758486
	"2019"	"2019"	"Connecticut"	"09"	"< 1 year"	"1"	34656
	"2019"	"2019"	"Connecticut"	"09"	"1-4 years"	"1-4"	147129
	"2019"	"2019"	"Connecticut"	"09"	"5-9 years"	"5-9"	194906
	"2019"	"2019"	"Connecticut"	"09"	"10-14 years"	"10-14"	214292
	"2019"	"2019"	"Connecticut"	"09"	"15-19 years"	"15-19"	238247
	"2019"	"2019"	"Connecticut"	"09"	"20-24 years"	"20-24"	240213
	"2019"	"2019"	"Connecticut"	"09"	"25-29 years"	"25-29"	225531
	"2019"	"2019"	"Connecticut"	"09"	"30-34 years"	"30-34"	222543
	"2019"	"2019"	"Connecticut"	"09"	"35-39 years"	"35-39"	220194
	"2019"	"2019"	"Connecticut"	"09"	"40-44 years"	"40-44"	207218
	"2019"	"2019"	"Connecticut"	"09"	"45-49 years"	"45-49"	225304
	"2019"	"2019"	"Connecticut"	"09"	"50-54 years"	"50-54"	251215
	"2019"	"2019"	"Connecticut"	"09"	"55-59 years"	"55-59"	268224
	"2019"	"2019"	"Connecticut"	"09"	"60-64 years "	"60-64"	245645
	"2019"	"2019"	"Connecticut"	"09"	"65-69 years"	"65-69"	195251
	"2019"	"2019"	"Connecticut"	"09"	"70-74 years"	"70-74"	158075
	"2019"	"2019"	"Connecticut"	"09"	"75-79 years"	"75-79"	112488
	"2019"	"2019"	"Connecticut"	"09"	"80-84 years"	"80-84"	73946
	"2019"	"2019"	"Connecticut"	"09"	"85+ years"	"85+"	90945
"Total"	"2019"	"2019"	"Connecticut"	"09"			3566022
	"2019"	"2019"	"Delaware"	"10"	"< 1 year"	"1"	10552
	"2019"	"2019"	"Delaware"	"10"	"1-4 years"	"1-4"	44299
	"2019"	"2019"	"Delaware"	"10"	"5-9 years"	"5-9"	56570
	"2019"	"2019"	"Delaware"	"10"	"10-14 years"	"10-14"	57883
	"2019"	"2019"	"Delaware"	"10"	"15-19 years"	"15-19"	60428
	"2019"	"2019"	"Delaware"	"10"	"20-24 years"	"20-24"	57408
	"2019"	"2019"	"Delaware"	"10"	"25-29 years"	"25-29"	65661
	"2019"	"2019"	"Delaware"	"10"	"30-34 years"	"30-34"	64081
	"2019"	"2019"	"Delaware"	"10"	"35-39 years"	"35-39"	59468
	"2019"	"2019"	"Delaware"	"10"	"40-44 years"	"40-44"	53902
	"2019"	"2019"	"Delaware"	"10"	"45-49 years"	"45-49"	56778
	"2019"	"2019"	"Delaware"	"10"	"50-54 years"	"50-54"	62215
	"2019"	"2019"	"Delaware"	"10"	"55-59 years"	"55-59"	69408
	"2019"	"2019"	"Delaware"	"10"	"60-64 years "	"60-64"	68560
	"2019"	"2019"	"Delaware"	"10"	"65-69 years"	"65-69"	61553
	"2019"	"2019"	"Delaware"	"10"	"70-74 years"	"70-74"	51597
	"2019"	"2019"	"Delaware"	"10"	"75-79 years"	"75-79"	34865
	"2019"	"2019"	"Delaware"	"10"	"80-84 years"	"80-84"	21253
	"2019"	"2019"	"Delaware"	"10"	"85+ years"	"85+"	20187
"Total"	"2019"	"2019"	"Delaware"	"10"			976668
	"2019"	"2019"	"District of Columbia"	"11"	"< 1 year"	"1"	9273
	"2019"	"2019"	"District of Columbia"	"11"	"1-4 years"	"1-4"	35742
	"2019"	"2019"	"District of Columbia"	"11"	"5-9 years"	"5-9"	38255
	"2019"	"2019"	"District of Columbia"	"11"	"10-14 years"	"10-14"	29322
	"2019"	"2019"	"District of Columbia"	"11"	"15-19 years"	"15-19"	36458
	"2019"	"2019"	"District of Columbia"	"11"	"20-24 years"	"20-24"	51529
	"2019"	"2019"	"District of Columbia"	"11"	"25-29 years"	"25-29"	82921
	"2019"	"2019"	"District of Columbia"	"11"	"30-34 years"	"30-34"	82354
	"2019"	"2019"	"District of Columbia"	"11"	"35-39 years"	"35-39"	64143
	"2019"	"2019"	"District of Columbia"	"11"	"40-44 years"	"40-44"	45128
	"2019"	"2019"	"District of Columbia"	"11"	"45-49 years"	"45-49"	38779
	"2019"	"2019"	"District of Columbia"	"11"	"50-54 years"	"50-54"	35973
	"2019"	"2019"	"District of Columbia"	"11"	"55-59 years"	"55-59"	36989
	"2019"	"2019"	"District of Columbia"	"11"	"60-64 years "	"60-64"	33255
	"2019"	"2019"	"District of Columbia"	"11"	"65-69 years"	"65-69"	28565
	"2019"	"2019"	"District of Columbia"	"11"	"70-74 years"	"70-74"	22093
	"2019"	"2019"	"District of Columbia"	"11"	"75-79 years"	"75-79"	15216
	"2019"	"2019"	"District of Columbia"	"11"	"80-84 years"	"80-84"	10057
	"2019"	"2019"	"District of Columbia"	"11"	"85+ years"	"85+"	12201
"Total"	"2019"	"2019"	"District of Columbia"	"11"			708253
	"2019"	"2019"	"Florida"	"12"	"< 1 year"	"1"	220604
	"2019"	"2019"	"Florida"	"12"	"1-4 years"	"1-4"	919536
	"2019"	"2019"	"Florida"	"12"	"5-9 years"	"5-9"	1167120
	"2019"	"2019"	"Florida"	"12"	"10-14 years"	"10-14"	1208055
	"2019"	"2019"	"Florida"	"12"	"15-19 years"	"15-19"	1204158
	"2019"	"2019"	"Florida"	"12"	"20-24 years"	"20-24"	1259012
	"2019"	"2019"	"Florida"	"12"	"25-29 years"	"25-29"	1422974
	"2019"	"2019"	"Florida"	"12"	"30-34 years"	"30-34"	1386162
	"2019"	"2019"	"Florida"	"12"	"35-39 years"	"35-39"	1337577
	"2019"	"2019"	"Florida"	"12"	"40-44 years"	"40-44"	1264424
	"2019"	"2019"	"Florida"	"12"	"45-49 years"	"45-49"	1340672
	"2019"	"2019"	"Florida"	"12"	"50-54 years"	"50-54"	1370147
	"2019"	"2019"	"Florida"	"12"	"55-59 years"	"55-59"	1489467
	"2019"	"2019"	"Florida"	"12"	"60-64 years "	"60-64"	1408052
	"2019"	"2019"	"Florida"	"12"	"65-69 years"	"65-69"	1291366
	"2019"	"2019"	"Florida"	"12"	"70-74 years"	"70-74"	1165712
	"2019"	"2019"	"Florida"	"12"	"75-79 years"	"75-79"	870876
	"2019"	"2019"	"Florida"	"12"	"80-84 years"	"80-84"	580970
	"2019"	"2019"	"Florida"	"12"	"85+ years"	"85+"	585172
"Total"	"2019"	"2019"	"Florida"	"12"			21492056
	"2019"	"2019"	"Georgia"	"13"	"< 1 year"	"1"	125209
	"2019"	"2019"	"Georgia"	"13"	"1-4 years"	"1-4"	529547
	"2019"	"2019"	"Georgia"	"13"	"5-9 years"	"5-9"	686900
	"2019"	"2019"	"Georgia"	"13"	"10-14 years"	"10-14"	728600
	"2019"	"2019"	"Georgia"	"13"	"15-19 years"	"15-19"	733527
	"2019"	"2019"	"Georgia"	"13"	"20-24 years"	"20-24"	719377
	"2019"	"2019"	"Georgia"	"13"	"25-29 years"	"25-29"	772167
	"2019"	"2019"	"Georgia"	"13"	"30-34 years"	"30-34"	723332
	"2019"	"2019"	"Georgia"	"13"	"35-39 years"	"35-39"	710065
	"2019"	"2019"	"Georgia"	"13"	"40-44 years"	"40-44"	672349
	"2019"	"2019"	"Georgia"	"13"	"45-49 years"	"45-49"	712718
	"2019"	"2019"	"Georgia"	"13"	"50-54 years"	"50-54"	687313
	"2019"	"2019"	"Georgia"	"13"	"55-59 years"	"55-59"	691544
	"2019"	"2019"	"Georgia"	"13"	"60-64 years "	"60-64"	616177
	"2019"	"2019"	"Georgia"	"13"	"65-69 years"	"65-69"	511765
	"2019"	"2019"	"Georgia"	"13"	"70-74 years"	"70-74"	414940
	"2019"	"2019"	"Georgia"	"13"	"75-79 years"	"75-79"	274499
	"2019"	"2019"	"Georgia"	"13"	"80-84 years"	"80-84"	166640
	"2019"	"2019"	"Georgia"	"13"	"85+ years"	"85+"	151351
"Total"	"2019"	"2019"	"Georgia"	"13"			10628020
	"2019"	"2019"	"Hawaii"	"15"	"< 1 year"	"1"	16539
	"2019"	"2019"	"Hawaii"	"15"	"1-4 years"	"1-4"	69681
	"2019"	"2019"	"Hawaii"	"15"	"5-9 years"	"5-9"	88018
	"2019"	"2019"	"Hawaii"	"15"	"10-14 years"	"10-14"	79252
	"2019"	"2019"	"Hawaii"	"15"	"15-19 years"	"15-19"	75716
	"2019"	"2019"	"Hawaii"	"15"	"20-24 years"	"20-24"	88822
	"2019"	"2019"	"Hawaii"	"15"	"25-29 years"	"25-29"	102055
	"2019"	"2019"	"Hawaii"	"15"	"30-34 years"	"30-34"	98205
	"2019"	"2019"	"Hawaii"	"15"	"35-39 years"	"35-39"	96664
	"2019"	"2019"	"Hawaii"	"15"	"40-44 years"	"40-44"	84728
	"2019"	"2019"	"Hawaii"	"15"	"45-49 years"	"45-49"	84006
	"2019"	"2019"	"Hawaii"	"15"	"50-54 years"	"50-54"	83643
	"2019"	"2019"	"Hawaii"	"15"	"55-59 years"	"55-59"	90041
	"2019"	"2019"	"Hawaii"	"15"	"60-64 years "	"60-64"	89231
	"2019"	"2019"	"Hawaii"	"15"	"65-69 years"	"65-69"	82970
	"2019"	"2019"	"Hawaii"	"15"	"70-74 years"	"70-74"	68969
	"2019"	"2019"	"Hawaii"	"15"	"75-79 years"	"75-79"	45505
	"2019"	"2019"	"Hawaii"	"15"	"80-84 years"	"80-84"	29343
	"2019"	"2019"	"Hawaii"	"15"	"85+ years"	"85+"	42227
"Total"	"2019"	"2019"	"Hawaii"	"15"			1415615
	"2019"	"2019"	"Idaho"	"16"	"< 1 year"	"1"	21470
	"2019"	"2019"	"Idaho"	"16"	"1-4 years"	"1-4"	93796
	"2019"	"2019"	"Idaho"	"16"	"5-9 years"	"5-9"	123593
	"2019"	"2019"	"Idaho"	"16"	"10-14 years"	"10-14"	131847
	"2019"	"2019"	"Idaho"	"16"	"15-19 years"	"15-19"	125338
	"2019"	"2019"	"Idaho"	"16"	"20-24 years"	"20-24"	117137
	"2019"	"2019"	"Idaho"	"16"	"25-29 years"	"25-29"	121962
	"2019"	"2019"	"Idaho"	"16"	"30-34 years"	"30-34"	115204
	"2019"	"2019"	"Idaho"	"16"	"35-39 years"	"35-39"	118326
	"2019"	"2019"	"Idaho"	"16"	"40-44 years"	"40-44"	109259
	"2019"	"2019"	"Idaho"	"16"	"45-49 years"	"45-49"	102905
	"2019"	"2019"	"Idaho"	"16"	"50-54 years"	"50-54"	98865
	"2019"	"2019"	"Idaho"	"16"	"55-59 years"	"55-59"	109592
	"2019"	"2019"	"Idaho"	"16"	"60-64 years "	"60-64"	108797
	"2019"	"2019"	"Idaho"	"16"	"65-69 years"	"65-69"	97969
	"2019"	"2019"	"Idaho"	"16"	"70-74 years"	"70-74"	78359
	"2019"	"2019"	"Idaho"	"16"	"75-79 years"	"75-79"	52938
	"2019"	"2019"	"Idaho"	"16"	"80-84 years"	"80-84"	32082
	"2019"	"2019"	"Idaho"	"16"	"85+ years"	"85+"	29621
"Total"	"2019"	"2019"	"Idaho"	"16"			1789060
	"2019"	"2019"	"Illinois"	"17"	"< 1 year"	"1"	141867
	"2019"	"2019"	"Illinois"	"17"	"1-4 years"	"1-4"	603788
	"2019"	"2019"	"Illinois"	"17"	"5-9 years"	"5-9"	769274
	"2019"	"2019"	"Illinois"	"17"	"10-14 years"	"10-14"	806797
	"2019"	"2019"	"Illinois"	"17"	"15-19 years"	"15-19"	823417
	"2019"	"2019"	"Illinois"	"17"	"20-24 years"	"20-24"	829516
	"2019"	"2019"	"Illinois"	"17"	"25-29 years"	"25-29"	897868
	"2019"	"2019"	"Illinois"	"17"	"30-34 years"	"30-34"	861264
	"2019"	"2019"	"Illinois"	"17"	"35-39 years"	"35-39"	850411
	"2019"	"2019"	"Illinois"	"17"	"40-44 years"	"40-44"	786072
	"2019"	"2019"	"Illinois"	"17"	"45-49 years"	"45-49"	798602
	"2019"	"2019"	"Illinois"	"17"	"50-54 years"	"50-54"	799055
	"2019"	"2019"	"Illinois"	"17"	"55-59 years"	"55-59"	854020
	"2019"	"2019"	"Illinois"	"17"	"60-64 years "	"60-64"	802804
	"2019"	"2019"	"Illinois"	"17"	"65-69 years"	"65-69"	661539
	"2019"	"2019"	"Illinois"	"17"	"70-74 years"	"70-74"	513990
	"2019"	"2019"	"Illinois"	"17"	"75-79 years"	"75-79"	358855
	"2019"	"2019"	"Illinois"	"17"	"80-84 years"	"80-84"	241394
	"2019"	"2019"	"Illinois"	"17"	"85+ years"	"85+"	266484
"Total"	"2019"	"2019"	"Illinois"	"17"			12667017
	"2019"	"2019"	"Indiana"	"18"	"< 1 year"	"1"	80785
	"2019"	"2019"	"Indiana"	"18"	"1-4 years"	"1-4"	338485
	"2019"	"2019"	"Indiana"	"18"	"5-9 years"	"5-9"	432456
	"2019"	"2019"	"Indiana"	"18"	"10-14 years"	"10-14"	447379
	"2019"	"2019"	"Indiana"	"18"	"15-19 years"	"15-19"	457046
	"2019"	"2019"	"Indiana"	"18"	"20-24 years"	"20-24"	472094
	"2019"	"2019"	"Indiana"	"18"	"25-29 years"	"25-29"	464791
	"2019"	"2019"	"Indiana"	"18"	"30-34 years"	"30-34"	426859
	"2019"	"2019"	"Indiana"	"18"	"35-39 years"	"35-39"	427117
	"2019"	"2019"	"Indiana"	"18"	"40-44 years"	"40-44"	401850
	"2019"	"2019"	"Indiana"	"18"	"45-49 years"	"45-49"	413646
	"2019"	"2019"	"Indiana"	"18"	"50-54 years"	"50-54"	410091
	"2019"	"2019"	"Indiana"	"18"	"55-59 years"	"55-59"	448450
	"2019"	"2019"	"Indiana"	"18"	"60-64 years "	"60-64"	426048
	"2019"	"2019"	"Indiana"	"18"	"65-69 years"	"65-69"	358130
	"2019"	"2019"	"Indiana"	"18"	"70-74 years"	"70-74"	278052
	"2019"	"2019"	"Indiana"	"18"	"75-79 years"	"75-79"	191136
	"2019"	"2019"	"Indiana"	"18"	"80-84 years"	"80-84"	125903
	"2019"	"2019"	"Indiana"	"18"	"85+ years"	"85+"	130692
"Total"	"2019"	"2019"	"Indiana"	"18"			6731010
	"2019"	"2019"	"Iowa"	"19"	"< 1 year"	"1"	37278
	"2019"	"2019"	"Iowa"	"19"	"1-4 years"	"1-4"	158422
	"2019"	"2019"	"Iowa"	"19"	"5-9 years"	"5-9"	200405
	"2019"	"2019"	"Iowa"	"19"	"10-14 years"	"10-14"	208894
	"2019"	"2019"	"Iowa"	"19"	"15-19 years"	"15-19"	212919
	"2019"	"2019"	"Iowa"	"19"	"20-24 years"	"20-24"	225261
	"2019"	"2019"	"Iowa"	"19"	"25-29 years"	"25-29"	207081
	"2019"	"2019"	"Iowa"	"19"	"30-34 years"	"30-34"	192723
	"2019"	"2019"	"Iowa"	"19"	"35-39 years"	"35-39"	203047
	"2019"	"2019"	"Iowa"	"19"	"40-44 years"	"40-44"	183077
	"2019"	"2019"	"Iowa"	"19"	"45-49 years"	"45-49"	178327
	"2019"	"2019"	"Iowa"	"19"	"50-54 years"	"50-54"	184234
	"2019"	"2019"	"Iowa"	"19"	"55-59 years"	"55-59"	210886
	"2019"	"2019"	"Iowa"	"19"	"60-64 years "	"60-64"	204830
	"2019"	"2019"	"Iowa"	"19"	"65-69 years"	"65-69"	176802
	"2019"	"2019"	"Iowa"	"19"	"70-74 years"	"70-74"	134534
	"2019"	"2019"	"Iowa"	"19"	"75-79 years"	"75-79"	94446
	"2019"	"2019"	"Iowa"	"19"	"80-84 years"	"80-84"	67976
	"2019"	"2019"	"Iowa"	"19"	"85+ years"	"85+"	78454
"Total"	"2019"	"2019"	"Iowa"	"19"			3159596
	"2019"	"2019"	"Kansas"	"20"	"< 1 year"	"1"	35629
	"2019"	"2019"	"Kansas"	"20"	"1-4 years"	"1-4"	150415
	"2019"	"2019"	"Kansas"	"20"	"5-9 years"	"5-9"	196423
	"2019"	"2019"	"Kansas"	"20"	"10-14 years"	"10-14"	200204
	"2019"	"2019"	"Kansas"	"20"	"15-19 years"	"15-19"	200561
	"2019"	"2019"	"Kansas"	"20"	"20-24 years"	"20-24"	211456
	"2019"	"2019"	"Kansas"	"20"	"25-29 years"	"25-29"	195909
	"2019"	"2019"	"Kansas"	"20"	"30-34 years"	"30-34"	186973
	"2019"	"2019"	"Kansas"	"20"	"35-39 years"	"35-39"	191455
	"2019"	"2019"	"Kansas"	"20"	"40-44 years"	"40-44"	169646
	"2019"	"2019"	"Kansas"	"20"	"45-49 years"	"45-49"	164036
	"2019"	"2019"	"Kansas"	"20"	"50-54 years"	"50-54"	163821
	"2019"	"2019"	"Kansas"	"20"	"55-59 years"	"55-59"	188564
	"2019"	"2019"	"Kansas"	"20"	"60-64 years "	"60-64"	182627
	"2019"	"2019"	"Kansas"	"20"	"65-69 years"	"65-69"	154450
	"2019"	"2019"	"Kansas"	"20"	"70-74 years"	"70-74"	117824
	"2019"	"2019"	"Kansas"	"20"	"75-79 years"	"75-79"	81138
	"2019"	"2019"	"Kansas"	"20"	"80-84 years"	"80-84"	56002
	"2019"	"2019"	"Kansas"	"20"	"85+ years"	"85+"	65502
"Total"	"2019"	"2019"	"Kansas"	"20"			2912635
	"2019"	"2019"	"Kentucky"	"21"	"< 1 year"	"1"	53208
	"2019"	"2019"	"Kentucky"	"21"	"1-4 years"	"1-4"	219647
	"2019"	"2019"	"Kentucky"	"21"	"5-9 years"	"5-9"	276766
	"2019"	"2019"	"Kentucky"	"21"	"10-14 years"	"10-14"	284506
	"2019"	"2019"	"Kentucky"	"21"	"15-19 years"	"15-19"	286587
	"2019"	"2019"	"Kentucky"	"21"	"20-24 years"	"20-24"	298982
	"2019"	"2019"	"Kentucky"	"21"	"25-29 years"	"25-29"	310345
	"2019"	"2019"	"Kentucky"	"21"	"30-34 years"	"30-34"	278561
	"2019"	"2019"	"Kentucky"	"21"	"35-39 years"	"35-39"	280876
	"2019"	"2019"	"Kentucky"	"21"	"40-44 years"	"40-44"	270704
	"2019"	"2019"	"Kentucky"	"21"	"45-49 years"	"45-49"	280788
	"2019"	"2019"	"Kentucky"	"21"	"50-54 years"	"50-54"	283019
	"2019"	"2019"	"Kentucky"	"21"	"55-59 years"	"55-59"	306937
	"2019"	"2019"	"Kentucky"	"21"	"60-64 years "	"60-64"	291078
	"2019"	"2019"	"Kentucky"	"21"	"65-69 years"	"65-69"	248871
	"2019"	"2019"	"Kentucky"	"21"	"70-74 years"	"70-74"	198976
	"2019"	"2019"	"Kentucky"	"21"	"75-79 years"	"75-79"	134253
	"2019"	"2019"	"Kentucky"	"21"	"80-84 years"	"80-84"	86191
	"2019"	"2019"	"Kentucky"	"21"	"85+ years"	"85+"	82050
"Total"	"2019"	"2019"	"Kentucky"	"21"			4472345
	"2019"	"2019"	"Louisiana"	"22"	"< 1 year"	"1"	58038
	"2019"	"2019"	"Louisiana"	"22"	"1-4 years"	"1-4"	244501
	"2019"	"2019"	"Louisiana"	"22"	"5-9 years"	"5-9"	301750
	"2019"	"2019"	"Louisiana"	"22"	"10-14 years"	"10-14"	307131
	"2019"	"2019"	"Louisiana"	"22"	"15-19 years"	"15-19"	294649
	"2019"	"2019"	"Louisiana"	"22"	"20-24 years"	"20-24"	304332
	"2019"	"2019"	"Louisiana"	"22"	"25-29 years"	"25-29"	336588
	"2019"	"2019"	"Louisiana"	"22"	"30-34 years"	"30-34"	323695
	"2019"	"2019"	"Louisiana"	"22"	"35-39 years"	"35-39"	315790
	"2019"	"2019"	"Louisiana"	"22"	"40-44 years"	"40-44"	275183
	"2019"	"2019"	"Louisiana"	"22"	"45-49 years"	"45-49"	269926
	"2019"	"2019"	"Louisiana"	"22"	"50-54 years"	"50-54"	279223
	"2019"	"2019"	"Louisiana"	"22"	"55-59 years"	"55-59"	308725
	"2019"	"2019"	"Louisiana"	"22"	"60-64 years "	"60-64"	296654
	"2019"	"2019"	"Louisiana"	"22"	"65-69 years"	"65-69"	249240
	"2019"	"2019"	"Louisiana"	"22"	"70-74 years"	"70-74"	193914
	"2019"	"2019"	"Louisiana"	"22"	"75-79 years"	"75-79"	131205
	"2019"	"2019"	"Louisiana"	"22"	"80-84 years"	"80-84"	85506
	"2019"	"2019"	"Louisiana"	"22"	"85+ years"	"85+"	82235
"Total"	"2019"	"2019"	"Louisiana"	"22"			4658285
	"2019"	"2019"	"Maine"	"23"	"< 1 year"	"1"	12475
	"2019"	"2019"	"Maine"	"23"	"1-4 years"	"1-4"	51585
	"2019"	"2019"	"Maine"	"23"	"5-9 years"	"5-9"	67500
	"2019"	"2019"	"Maine"	"23"	"10-14 years"	"10-14"	72705
	"2019"	"2019"	"Maine"	"23"	"15-19 years"	"15-19"	77465
	"2019"	"2019"	"Maine"	"23"	"20-24 years"	"20-24"	74855
	"2019"	"2019"	"Maine"	"23"	"25-29 years"	"25-29"	81305
	"2019"	"2019"	"Maine"	"23"	"30-34 years"	"30-34"	81951
	"2019"	"2019"	"Maine"	"23"	"35-39 years"	"35-39"	79363
	"2019"	"2019"	"Maine"	"23"	"40-44 years"	"40-44"	74953
	"2019"	"2019"	"Maine"	"23"	"45-49 years"	"45-49"	83366
	"2019"	"2019"	"Maine"	"23"	"50-54 years"	"50-54"	91396
	"2019"	"2019"	"Maine"	"23"	"55-59 years"	"55-59"	105984
	"2019"	"2019"	"Maine"	"23"	"60-64 years "	"60-64"	105666
	"2019"	"2019"	"Maine"	"23"	"65-69 years"	"65-69"	93713
	"2019"	"2019"	"Maine"	"23"	"70-74 years"	"70-74"	75436
	"2019"	"2019"	"Maine"	"23"	"75-79 years"	"75-79"	50257
	"2019"	"2019"	"Maine"	"23"	"80-84 years"	"80-84"	32090
	"2019"	"2019"	"Maine"	"23"	"85+ years"	"85+"	33705
"Total"	"2019"	"2019"	"Maine"	"23"			1345770
	"2019"	"2019"	"Maryland"	"24"	"< 1 year"	"1"	70749
	"2019"	"2019"	"Maryland"	"24"	"1-4 years"	"1-4"	292895
	"2019"	"2019"	"Maryland"	"24"	"5-9 years"	"5-9"	371451
	"2019"	"2019"	"Maryland"	"24"	"10-14 years"	"10-14"	377895
	"2019"	"2019"	"Maryland"	"24"	"15-19 years"	"15-19"	380590
	"2019"	"2019"	"Maryland"	"24"	"20-24 years"	"20-24"	371722
	"2019"	"2019"	"Maryland"	"24"	"25-29 years"	"25-29"	413011
	"2019"	"2019"	"Maryland"	"24"	"30-34 years"	"30-34"	418662
	"2019"	"2019"	"Maryland"	"24"	"35-39 years"	"35-39"	411204
	"2019"	"2019"	"Maryland"	"24"	"40-44 years"	"40-44"	371921
	"2019"	"2019"	"Maryland"	"24"	"45-49 years"	"45-49"	385472
	"2019"	"2019"	"Maryland"	"24"	"50-54 years"	"50-54"	409954
	"2019"	"2019"	"Maryland"	"24"	"55-59 years"	"55-59"	432115
	"2019"	"2019"	"Maryland"	"24"	"60-64 years "	"60-64"	387062
	"2019"	"2019"	"Maryland"	"24"	"65-69 years"	"65-69"	312633
	"2019"	"2019"	"Maryland"	"24"	"70-74 years"	"70-74"	249573
	"2019"	"2019"	"Maryland"	"24"	"75-79 years"	"75-79"	170177
	"2019"	"2019"	"Maryland"	"24"	"80-84 years"	"80-84"	108727
	"2019"	"2019"	"Maryland"	"24"	"85+ years"	"85+"	119141
"Total"	"2019"	"2019"	"Maryland"	"24"			6054954
	"2019"	"2019"	"Massachusetts"	"25"	"< 1 year"	"1"	69176
	"2019"	"2019"	"Massachusetts"	"25"	"1-4 years"	"1-4"	286971
	"2019"	"2019"	"Massachusetts"	"25"	"5-9 years"	"5-9"	369560
	"2019"	"2019"	"Massachusetts"	"25"	"10-14 years"	"10-14"	383290
	"2019"	"2019"	"Massachusetts"	"25"	"15-19 years"	"15-19"	451206
	"2019"	"2019"	"Massachusetts"	"25"	"20-24 years"	"20-24"	485921
	"2019"	"2019"	"Massachusetts"	"25"	"25-29 years"	"25-29"	505376
	"2019"	"2019"	"Massachusetts"	"25"	"30-34 years"	"30-34"	491141
	"2019"	"2019"	"Massachusetts"	"25"	"35-39 years"	"35-39"	444438
	"2019"	"2019"	"Massachusetts"	"25"	"40-44 years"	"40-44"	403500
	"2019"	"2019"	"Massachusetts"	"25"	"45-49 years"	"45-49"	428654
	"2019"	"2019"	"Massachusetts"	"25"	"50-54 years"	"50-54"	464648
	"2019"	"2019"	"Massachusetts"	"25"	"55-59 years"	"55-59"	491122
	"2019"	"2019"	"Massachusetts"	"25"	"60-64 years "	"60-64"	452116
	"2019"	"2019"	"Massachusetts"	"25"	"65-69 years"	"65-69"	373652
	"2019"	"2019"	"Massachusetts"	"25"	"70-74 years"	"70-74"	299234
	"2019"	"2019"	"Massachusetts"	"25"	"75-79 years"	"75-79"	202023
	"2019"	"2019"	"Massachusetts"	"25"	"80-84 years"	"80-84"	134346
	"2019"	"2019"	"Massachusetts"	"25"	"85+ years"	"85+"	158509
"Total"	"2019"	"2019"	"Massachusetts"	"25"			6894883
	"2019"	"2019"	"Michigan"	"26"	"< 1 year"	"1"	108720
	"2019"	"2019"	"Michigan"	"26"	"1-4 years"	"1-4"	457818
	"2019"	"2019"	"Michigan"	"26"	"5-9 years"	"5-9"	586147
	"2019"	"2019"	"Michigan"	"26"	"10-14 years"	"10-14"	610860
	"2019"	"2019"	"Michigan"	"26"	"15-19 years"	"15-19"	644542
	"2019"	"2019"	"Michigan"	"26"	"20-24 years"	"20-24"	681510
	"2019"	"2019"	"Michigan"	"26"	"25-29 years"	"25-29"	698262
	"2019"	"2019"	"Michigan"	"26"	"30-34 years"	"30-34"	614054
	"2019"	"2019"	"Michigan"	"26"	"35-39 years"	"35-39"	599571
	"2019"	"2019"	"Michigan"	"26"	"40-44 years"	"40-44"	566322
	"2019"	"2019"	"Michigan"	"26"	"45-49 years"	"45-49"	612530
	"2019"	"2019"	"Michigan"	"26"	"50-54 years"	"50-54"	641926
	"2019"	"2019"	"Michigan"	"26"	"55-59 years"	"55-59"	708252
	"2019"	"2019"	"Michigan"	"26"	"60-64 years "	"60-64"	691090
	"2019"	"2019"	"Michigan"	"26"	"65-69 years"	"65-69"	584655
	"2019"	"2019"	"Michigan"	"26"	"70-74 years"	"70-74"	453199
	"2019"	"2019"	"Michigan"	"26"	"75-79 years"	"75-79"	313100
	"2019"	"2019"	"Michigan"	"26"	"80-84 years"	"80-84"	200680
	"2019"	"2019"	"Michigan"	"26"	"85+ years"	"85+"	211557
"Total"	"2019"	"2019"	"Michigan"	"26"			9984795
	"2019"	"2019"	"Minnesota"	"27"	"< 1 year"	"1"	66935
	"2019"	"2019"	"Minnesota"	"27"	"1-4 years"	"1-4"	283796
	"2019"	"2019"	"Minnesota"	"27"	"5-9 years"	"5-9"	363023
	"2019"	"2019"	"Minnesota"	"27"	"10-14 years"	"10-14"	370226
	"2019"	"2019"	"Minnesota"	"27"	"15-19 years"	"15-19"	361036
	"2019"	"2019"	"Minnesota"	"27"	"20-24 years"	"20-24"	355738
	"2019"	"2019"	"Minnesota"	"27"	"25-29 years"	"25-29"	379276
	"2019"	"2019"	"Minnesota"	"27"	"30-34 years"	"30-34"	384385
	"2019"	"2019"	"Minnesota"	"27"	"35-39 years"	"35-39"	389484
	"2019"	"2019"	"Minnesota"	"27"	"40-44 years"	"40-44"	336944
	"2019"	"2019"	"Minnesota"	"27"	"45-49 years"	"45-49"	328947
	"2019"	"2019"	"Minnesota"	"27"	"50-54 years"	"50-54"	344339
	"2019"	"2019"	"Minnesota"	"27"	"55-59 years"	"55-59"	391115
	"2019"	"2019"	"Minnesota"	"27"	"60-64 years "	"60-64"	365497
	"2019"	"2019"	"Minnesota"	"27"	"65-69 years"	"65-69"	303532
	"2019"	"2019"	"Minnesota"	"27"	"70-74 years"	"70-74"	227595
	"2019"	"2019"	"Minnesota"	"27"	"75-79 years"	"75-79"	158494
	"2019"	"2019"	"Minnesota"	"27"	"80-84 years"	"80-84"	107516
	"2019"	"2019"	"Minnesota"	"27"	"85+ years"	"85+"	122175
"Total"	"2019"	"2019"	"Minnesota"	"27"			5640053
	"2019"	"2019"	"Mississippi"	"28"	"< 1 year"	"1"	35982
	"2019"	"2019"	"Mississippi"	"28"	"1-4 years"	"1-4"	148687
	"2019"	"2019"	"Mississippi"	"28"	"5-9 years"	"5-9"	189365
	"2019"	"2019"	"Mississippi"	"28"	"10-14 years"	"10-14"	206319
	"2019"	"2019"	"Mississippi"	"28"	"15-19 years"	"15-19"	201644
	"2019"	"2019"	"Mississippi"	"28"	"20-24 years"	"20-24"	201884
	"2019"	"2019"	"Mississippi"	"28"	"25-29 years"	"25-29"	207197
	"2019"	"2019"	"Mississippi"	"28"	"30-34 years"	"30-34"	186738
	"2019"	"2019"	"Mississippi"	"28"	"35-39 years"	"35-39"	189249
	"2019"	"2019"	"Mississippi"	"28"	"40-44 years"	"40-44"	176901
	"2019"	"2019"	"Mississippi"	"28"	"45-49 years"	"45-49"	181886
	"2019"	"2019"	"Mississippi"	"28"	"50-54 years"	"50-54"	180231
	"2019"	"2019"	"Mississippi"	"28"	"55-59 years"	"55-59"	197261
	"2019"	"2019"	"Mississippi"	"28"	"60-64 years "	"60-64"	188385
	"2019"	"2019"	"Mississippi"	"28"	"65-69 years"	"65-69"	160537
	"2019"	"2019"	"Mississippi"	"28"	"70-74 years"	"70-74"	128232
	"2019"	"2019"	"Mississippi"	"28"	"75-79 years"	"75-79"	87577
	"2019"	"2019"	"Mississippi"	"28"	"80-84 years"	"80-84"	57743
	"2019"	"2019"	"Mississippi"	"28"	"85+ years"	"85+"	52409
"Total"	"2019"	"2019"	"Mississippi"	"28"			2978227
	"2019"	"2019"	"Missouri"	"29"	"< 1 year"	"1"	72341
	"2019"	"2019"	"Missouri"	"29"	"1-4 years"	"1-4"	298259
	"2019"	"2019"	"Missouri"	"29"	"5-9 years"	"5-9"	378829
	"2019"	"2019"	"Missouri"	"29"	"10-14 years"	"10-14"	391901
	"2019"	"2019"	"Missouri"	"29"	"15-19 years"	"15-19"	390341
	"2019"	"2019"	"Missouri"	"29"	"20-24 years"	"20-24"	404800
	"2019"	"2019"	"Missouri"	"29"	"25-29 years"	"25-29"	425508
	"2019"	"2019"	"Missouri"	"29"	"30-34 years"	"30-34"	400614
	"2019"	"2019"	"Missouri"	"29"	"35-39 years"	"35-39"	397081
	"2019"	"2019"	"Missouri"	"29"	"40-44 years"	"40-44"	356560
	"2019"	"2019"	"Missouri"	"29"	"45-49 years"	"45-49"	363267
	"2019"	"2019"	"Missouri"	"29"	"50-54 years"	"50-54"	369231
	"2019"	"2019"	"Missouri"	"29"	"55-59 years"	"55-59"	425989
	"2019"	"2019"	"Missouri"	"29"	"60-64 years "	"60-64"	404070
	"2019"	"2019"	"Missouri"	"29"	"65-69 years"	"65-69"	339736
	"2019"	"2019"	"Missouri"	"29"	"70-74 years"	"70-74"	270076
	"2019"	"2019"	"Missouri"	"29"	"75-79 years"	"75-79"	191852
	"2019"	"2019"	"Missouri"	"29"	"80-84 years"	"80-84"	126297
	"2019"	"2019"	"Missouri"	"29"	"85+ years"	"85+"	133723
"Total"	"2019"	"2019"	"Missouri"	"29"			6140475
	"2019"	"2019"	"Montana"	"30"	"< 1 year"	"1"	11352
	"2019"	"2019"	"Montana"	"30"	"1-4 years"	"1-4"	49592
	"2019"	"2019"	"Montana"	"30"	"5-9 years"	"5-9"	64018
	"2019"	"2019"	"Montana"	"30"	"10-14 years"	"10-14"	65640
	"2019"	"2019"	"Montana"	"30"	"15-19 years"	"15-19"	64205
	"2019"	"2019"	"Montana"	"30"	"20-24 years"	"20-24"	72074
	"2019"	"2019"	"Montana"	"30"	"25-29 years"	"25-29"	72179
	"2019"	"2019"	"Montana"	"30"	"30-34 years"	"30-34"	67006
	"2019"	"2019"	"Montana"	"30"	"35-39 years"	"35-39"	68904
	"2019"	"2019"	"Montana"	"30"	"40-44 years"	"40-44"	61289
	"2019"	"2019"	"Montana"	"30"	"45-49 years"	"45-49"	58438
	"2019"	"2019"	"Montana"	"30"	"50-54 years"	"50-54"	59479
	"2019"	"2019"	"Montana"	"30"	"55-59 years"	"55-59"	73051
	"2019"	"2019"	"Montana"	"30"	"60-64 years "	"60-64"	77036
	"2019"	"2019"	"Montana"	"30"	"65-69 years"	"65-69"	70496
	"2019"	"2019"	"Montana"	"30"	"70-74 years"	"70-74"	53816
	"2019"	"2019"	"Montana"	"30"	"75-79 years"	"75-79"	35925
	"2019"	"2019"	"Montana"	"30"	"80-84 years"	"80-84"	22667
	"2019"	"2019"	"Montana"	"30"	"85+ years"	"85+"	22956
"Total"	"2019"	"2019"	"Montana"	"30"			1070123
	"2019"	"2019"	"Nebraska"	"31"	"< 1 year"	"1"	25233
	"2019"	"2019"	"Nebraska"	"31"	"1-4 years"	"1-4"	105721
	"2019"	"2019"	"Nebraska"	"31"	"5-9 years"	"5-9"	132469
	"2019"	"2019"	"Nebraska"	"31"	"10-14 years"	"10-14"	133910
	"2019"	"2019"	"Nebraska"	"31"	"15-19 years"	"15-19"	132354
	"2019"	"2019"	"Nebraska"	"31"	"20-24 years"	"20-24"	135249
	"2019"	"2019"	"Nebraska"	"31"	"25-29 years"	"25-29"	129868
	"2019"	"2019"	"Nebraska"	"31"	"30-34 years"	"30-34"	125753
	"2019"	"2019"	"Nebraska"	"31"	"35-39 years"	"35-39"	129981
	"2019"	"2019"	"Nebraska"	"31"	"40-44 years"	"40-44"	113034
	"2019"	"2019"	"Nebraska"	"31"	"45-49 years"	"45-49"	108613
	"2019"	"2019"	"Nebraska"	"31"	"50-54 years"	"50-54"	107017
	"2019"	"2019"	"Nebraska"	"31"	"55-59 years"	"55-59"	123436
	"2019"	"2019"	"Nebraska"	"31"	"60-64 years "	"60-64"	118678
	"2019"	"2019"	"Nebraska"	"31"	"65-69 years"	"65-69"	101322
	"2019"	"2019"	"Nebraska"	"31"	"70-74 years"	"70-74"	76847
	"2019"	"2019"	"Nebraska"	"31"	"75-79 years"	"75-79"	52779
	"2019"	"2019"	"Nebraska"	"31"	"80-84 years"	"80-84"	37418
	"2019"	"2019"	"Nebraska"	"31"	"85+ years"	"85+"	42889
"Total"	"2019"	"2019"	"Nebraska"	"31"			1932571
	"2019"	"2019"	"Nevada"	"32"	"< 1 year"	"1"	35780
	"2019"	"2019"	"Nevada"	"32"	"1-4 years"	"1-4"	150140
	"2019"	"2019"	"Nevada"	"32"	"5-9 years"	"5-9"	193644
	"2019"	"2019"	"Nevada"	"32"	"10-14 years"	"10-14"	199786
	"2019"	"2019"	"Nevada"	"32"	"15-19 years"	"15-19"	183294
	"2019"	"2019"	"Nevada"	"32"	"20-24 years"	"20-24"	183861
	"2019"	"2019"	"Nevada"	"32"	"25-29 years"	"25-29"	230946
	"2019"	"2019"	"Nevada"	"32"	"30-34 years"	"30-34"	225156
	"2019"	"2019"	"Nevada"	"32"	"35-39 years"	"35-39"	216042
	"2019"	"2019"	"Nevada"	"32"	"40-44 years"	"40-44"	195639
	"2019"	"2019"	"Nevada"	"32"	"45-49 years"	"45-49"	200516
	"2019"	"2019"	"Nevada"	"32"	"50-54 years"	"50-54"	194516
	"2019"	"2019"	"Nevada"	"32"	"55-59 years"	"55-59"	198066
	"2019"	"2019"	"Nevada"	"32"	"60-64 years "	"60-64"	185703
	"2019"	"2019"	"Nevada"	"32"	"65-69 years"	"65-69"	164427
	"2019"	"2019"	"Nevada"	"32"	"70-74 years"	"70-74"	139466
	"2019"	"2019"	"Nevada"	"32"	"75-79 years"	"75-79"	93866
	"2019"	"2019"	"Nevada"	"32"	"80-84 years"	"80-84"	54864
	"2019"	"2019"	"Nevada"	"32"	"85+ years"	"85+"	45059
"Total"	"2019"	"2019"	"Nevada"	"32"			3090771
	"2019"	"2019"	"New Hampshire"	"33"	"< 1 year"	"1"	12111
	"2019"	"2019"	"New Hampshire"	"33"	"1-4 years"	"1-4"	51595
	"2019"	"2019"	"New Hampshire"	"33"	"5-9 years"	"5-9"	68954
	"2019"	"2019"	"New Hampshire"	"33"	"10-14 years"	"10-14"	74828
	"2019"	"2019"	"New Hampshire"	"33"	"15-19 years"	"15-19"	84052
	"2019"	"2019"	"New Hampshire"	"33"	"20-24 years"	"20-24"	88170
	"2019"	"2019"	"New Hampshire"	"33"	"25-29 years"	"25-29"	87606
	"2019"	"2019"	"New Hampshire"	"33"	"30-34 years"	"30-34"	85701
	"2019"	"2019"	"New Hampshire"	"33"	"35-39 years"	"35-39"	81513
	"2019"	"2019"	"New Hampshire"	"33"	"40-44 years"	"40-44"	75017
	"2019"	"2019"	"New Hampshire"	"33"	"45-49 years"	"45-49"	86275
	"2019"	"2019"	"New Hampshire"	"33"	"50-54 years"	"50-54"	97051
	"2019"	"2019"	"New Hampshire"	"33"	"55-59 years"	"55-59"	110318
	"2019"	"2019"	"New Hampshire"	"33"	"60-64 years "	"60-64"	104078
	"2019"	"2019"	"New Hampshire"	"33"	"65-69 years"	"65-69"	84873
	"2019"	"2019"	"New Hampshire"	"33"	"70-74 years"	"70-74"	67540
	"2019"	"2019"	"New Hampshire"	"33"	"75-79 years"	"75-79"	43650
	"2019"	"2019"	"New Hampshire"	"33"	"80-84 years"	"80-84"	27143
	"2019"	"2019"	"New Hampshire"	"33"	"85+ years"	"85+"	30308
"Total"	"2019"	"2019"	"New Hampshire"	"33"			1360783
	"2019"	"2019"	"New Jersey"	"34"	"< 1 year"	"1"	100549
	"2019"	"2019"	"New Jersey"	"34"	"1-4 years"	"1-4"	417148
	"2019"	"2019"	"New Jersey"	"34"	"5-9 years"	"5-9"	533575
	"2019"	"2019"	"New Jersey"	"34"	"10-14 years"	"10-14"	552588
	"2019"	"2019"	"New Jersey"	"34"	"15-19 years"	"15-19"	552643
	"2019"	"2019"	"New Jersey"	"34"	"20-24 years"	"20-24"	541669
	"2019"	"2019"	"New Jersey"	"34"	"25-29 years"	"25-29"	579995
	"2019"	"2019"	"New Jersey"	"34"	"30-34 years"	"30-34"	574606
	"2019"	"2019"	"New Jersey"	"34"	"35-39 years"	"35-39"	580198
	"2019"	"2019"	"New Jersey"	"34"	"40-44 years"	"40-44"	557466
	"2019"	"2019"	"New Jersey"	"34"	"45-49 years"	"45-49"	585025
	"2019"	"2019"	"New Jersey"	"34"	"50-54 years"	"50-54"	616055
	"2019"	"2019"	"New Jersey"	"34"	"55-59 years"	"55-59"	642468
	"2019"	"2019"	"New Jersey"	"34"	"60-64 years "	"60-64"	581090
	"2019"	"2019"	"New Jersey"	"34"	"65-69 years"	"65-69"	461753
	"2019"	"2019"	"New Jersey"	"34"	"70-74 years"	"70-74"	372896
	"2019"	"2019"	"New Jersey"	"34"	"75-79 years"	"75-79"	262470
	"2019"	"2019"	"New Jersey"	"34"	"80-84 years"	"80-84"	176875
	"2019"	"2019"	"New Jersey"	"34"	"85+ years"	"85+"	202189
"Total"	"2019"	"2019"	"New Jersey"	"34"			8891258
	"2019"	"2019"	"New Mexico"	"35"	"< 1 year"	"1"	23036
	"2019"	"2019"	"New Mexico"	"35"	"1-4 years"	"1-4"	98148
	"2019"	"2019"	"New Mexico"	"35"	"5-9 years"	"5-9"	133072
	"2019"	"2019"	"New Mexico"	"35"	"10-14 years"	"10-14"	139872
	"2019"	"2019"	"New Mexico"	"35"	"15-19 years"	"15-19"	139182
	"2019"	"2019"	"New Mexico"	"35"	"20-24 years"	"20-24"	140507
	"2019"	"2019"	"New Mexico"	"35"	"25-29 years"	"25-29"	146180
	"2019"	"2019"	"New Mexico"	"35"	"30-34 years"	"30-34"	138696
	"2019"	"2019"	"New Mexico"	"35"	"35-39 years"	"35-39"	135932
	"2019"	"2019"	"New Mexico"	"35"	"40-44 years"	"40-44"	119267
	"2019"	"2019"	"New Mexico"	"35"	"45-49 years"	"45-49"	117359
	"2019"	"2019"	"New Mexico"	"35"	"50-54 years"	"50-54"	118106
	"2019"	"2019"	"New Mexico"	"35"	"55-59 years"	"55-59"	137328
	"2019"	"2019"	"New Mexico"	"35"	"60-64 years "	"60-64"	135158
	"2019"	"2019"	"New Mexico"	"35"	"65-69 years"	"65-69"	123206
	"2019"	"2019"	"New Mexico"	"35"	"70-74 years"	"70-74"	101432
	"2019"	"2019"	"New Mexico"	"35"	"75-79 years"	"75-79"	67633
	"2019"	"2019"	"New Mexico"	"35"	"80-84 years"	"80-84"	44128
	"2019"	"2019"	"New Mexico"	"35"	"85+ years"	"85+"	41392
"Total"	"2019"	"2019"	"New Mexico"	"35"			2099634
	"2019"	"2019"	"New York"	"36"	"< 1 year"	"1"	224393
	"2019"	"2019"	"New York"	"36"	"1-4 years"	"1-4"	905144
	"2019"	"2019"	"New York"	"36"	"5-9 years"	"5-9"	1119219
	"2019"	"2019"	"New York"	"36"	"10-14 years"	"10-14"	1100706
	"2019"	"2019"	"New York"	"36"	"15-19 years"	"15-19"	1173331
	"2019"	"2019"	"New York"	"36"	"20-24 years"	"20-24"	1268137
	"2019"	"2019"	"New York"	"36"	"25-29 years"	"25-29"	1466705
	"2019"	"2019"	"New York"	"36"	"30-34 years"	"30-34"	1403212
	"2019"	"2019"	"New York"	"36"	"35-39 years"	"35-39"	1272689
	"2019"	"2019"	"New York"	"36"	"40-44 years"	"40-44"	1158240
	"2019"	"2019"	"New York"	"36"	"45-49 years"	"45-49"	1196859
	"2019"	"2019"	"New York"	"36"	"50-54 years"	"50-54"	1275165
	"2019"	"2019"	"New York"	"36"	"55-59 years"	"55-59"	1349292
	"2019"	"2019"	"New York"	"36"	"60-64 years "	"60-64"	1248924
	"2019"	"2019"	"New York"	"36"	"65-69 years"	"65-69"	1034161
	"2019"	"2019"	"New York"	"36"	"70-74 years"	"70-74"	829489
	"2019"	"2019"	"New York"	"36"	"75-79 years"	"75-79"	578496
	"2019"	"2019"	"New York"	"36"	"80-84 years"	"80-84"	398643
	"2019"	"2019"	"New York"	"36"	"85+ years"	"85+"	460326
"Total"	"2019"	"2019"	"New York"	"36"			19463131
	"2019"	"2019"	"North Carolina"	"37"	"< 1 year"	"1"	118705
	"2019"	"2019"	"North Carolina"	"37"	"1-4 years"	"1-4"	491075
	"2019"	"2019"	"North Carolina"	"37"	"5-9 years"	"5-9"	630413
	"2019"	"2019"	"North Carolina"	"37"	"10-14 years"	"10-14"	666861
	"2019"	"2019"	"North Carolina"	"37"	"15-19 years"	"15-19"	690253
	"2019"	"2019"	"North Carolina"	"37"	"20-24 years"	"20-24"	701782
	"2019"	"2019"	"North Carolina"	"37"	"25-29 years"	"25-29"	735543
	"2019"	"2019"	"North Carolina"	"37"	"30-34 years"	"30-34"	683849
	"2019"	"2019"	"North Carolina"	"37"	"35-39 years"	"35-39"	662966
	"2019"	"2019"	"North Carolina"	"37"	"40-44 years"	"40-44"	641661
	"2019"	"2019"	"North Carolina"	"37"	"45-49 years"	"45-49"	688579
	"2019"	"2019"	"North Carolina"	"37"	"50-54 years"	"50-54"	675532
	"2019"	"2019"	"North Carolina"	"37"	"55-59 years"	"55-59"	703387
	"2019"	"2019"	"North Carolina"	"37"	"60-64 years "	"60-64"	658514
	"2019"	"2019"	"North Carolina"	"37"	"65-69 years"	"65-69"	573824
	"2019"	"2019"	"North Carolina"	"37"	"70-74 years"	"70-74"	473144
	"2019"	"2019"	"North Carolina"	"37"	"75-79 years"	"75-79"	316704
	"2019"	"2019"	"North Carolina"	"37"	"80-84 years"	"80-84"	199018
	"2019"	"2019"	"North Carolina"	"37"	"85+ years"	"85+"	189574
"Total"	"2019"	"2019"	"North Carolina"	"37"			10501384
	"2019"	"2019"	"North Dakota"	"38"	"< 1 year"	"1"	10463
	"2019"	"2019"	"North Dakota"	"38"	"1-4 years"	"1-4"	43640
	"2019"	"2019"	"North Dakota"	"38"	"5-9 years"	"5-9"	51179
	"2019"	"2019"	"North Dakota"	"38"	"10-14 years"	"10-14"	48681
	"2019"	"2019"	"North Dakota"	"38"	"15-19 years"	"15-19"	47494
	"2019"	"2019"	"North Dakota"	"38"	"20-24 years"	"20-24"	62793
	"2019"	"2019"	"North Dakota"	"38"	"25-29 years"	"25-29"	60273
	"2019"	"2019"	"North Dakota"	"38"	"30-34 years"	"30-34"	54494
	"2019"	"2019"	"North Dakota"	"38"	"35-39 years"	"35-39"	50947
	"2019"	"2019"	"North Dakota"	"38"	"40-44 years"	"40-44"	41806
	"2019"	"2019"	"North Dakota"	"38"	"45-49 years"	"45-49"	38753
	"2019"	"2019"	"North Dakota"	"38"	"50-54 years"	"50-54"	39457
	"2019"	"2019"	"North Dakota"	"38"	"55-59 years"	"55-59"	47043
	"2019"	"2019"	"North Dakota"	"38"	"60-64 years "	"60-64"	46673
	"2019"	"2019"	"North Dakota"	"38"	"65-69 years"	"65-69"	38596
	"2019"	"2019"	"North Dakota"	"38"	"70-74 years"	"70-74"	28235
	"2019"	"2019"	"North Dakota"	"38"	"75-79 years"	"75-79"	19577
	"2019"	"2019"	"North Dakota"	"38"	"80-84 years"	"80-84"	14711
	"2019"	"2019"	"North Dakota"	"38"	"85+ years"	"85+"	18909
"Total"	"2019"	"2019"	"North Dakota"	"38"			763724
	"2019"	"2019"	"Ohio"	"39"	"< 1 year"	"1"	133311
	"2019"	"2019"	"Ohio"	"39"	"1-4 years"	"1-4"	558265
	"2019"	"2019"	"Ohio"	"39"	"5-9 years"	"5-9"	709418
	"2019"	"2019"	"Ohio"	"39"	"10-14 years"	"10-14"	732625
	"2019"	"2019"	"Ohio"	"39"	"15-19 years"	"15-19"	756422
	"2019"	"2019"	"Ohio"	"39"	"20-24 years"	"20-24"	752136
	"2019"	"2019"	"Ohio"	"39"	"25-29 years"	"25-29"	803537
	"2019"	"2019"	"Ohio"	"39"	"30-34 years"	"30-34"	754633
	"2019"	"2019"	"Ohio"	"39"	"35-39 years"	"35-39"	725422
	"2019"	"2019"	"Ohio"	"39"	"40-44 years"	"40-44"	673884
	"2019"	"2019"	"Ohio"	"39"	"45-49 years"	"45-49"	714285
	"2019"	"2019"	"Ohio"	"39"	"50-54 years"	"50-54"	734143
	"2019"	"2019"	"Ohio"	"39"	"55-59 years"	"55-59"	808275
	"2019"	"2019"	"Ohio"	"39"	"60-64 years "	"60-64"	796149
	"2019"	"2019"	"Ohio"	"39"	"65-69 years"	"65-69"	666411
	"2019"	"2019"	"Ohio"	"39"	"70-74 years"	"70-74"	522655
	"2019"	"2019"	"Ohio"	"39"	"75-79 years"	"75-79"	357520
	"2019"	"2019"	"Ohio"	"39"	"80-84 years"	"80-84"	242655
	"2019"	"2019"	"Ohio"	"39"	"85+ years"	"85+"	254761
"Total"	"2019"	"2019"	"Ohio"	"39"			11696507
	"2019"	"2019"	"Oklahoma"	"40"	"< 1 year"	"1"	49046
	"2019"	"2019"	"Oklahoma"	"40"	"1-4 years"	"1-4"	207660
	"2019"	"2019"	"Oklahoma"	"40"	"5-9 years"	"5-9"	268427
	"2019"	"2019"	"Oklahoma"	"40"	"10-14 years"	"10-14"	270241
	"2019"	"2019"	"Oklahoma"	"40"	"15-19 years"	"15-19"	264552
	"2019"	"2019"	"Oklahoma"	"40"	"20-24 years"	"20-24"	274496
	"2019"	"2019"	"Oklahoma"	"40"	"25-29 years"	"25-29"	280473
	"2019"	"2019"	"Oklahoma"	"40"	"30-34 years"	"30-34"	264002
	"2019"	"2019"	"Oklahoma"	"40"	"35-39 years"	"35-39"	265144
	"2019"	"2019"	"Oklahoma"	"40"	"40-44 years"	"40-44"	233567
	"2019"	"2019"	"Oklahoma"	"40"	"45-49 years"	"45-49"	230464
	"2019"	"2019"	"Oklahoma"	"40"	"50-54 years"	"50-54"	223040
	"2019"	"2019"	"Oklahoma"	"40"	"55-59 years"	"55-59"	252834
	"2019"	"2019"	"Oklahoma"	"40"	"60-64 years "	"60-64"	240531
	"2019"	"2019"	"Oklahoma"	"40"	"65-69 years"	"65-69"	204518
	"2019"	"2019"	"Oklahoma"	"40"	"70-74 years"	"70-74"	164336
	"2019"	"2019"	"Oklahoma"	"40"	"75-79 years"	"75-79"	116752
	"2019"	"2019"	"Oklahoma"	"40"	"80-84 years"	"80-84"	76370
	"2019"	"2019"	"Oklahoma"	"40"	"85+ years"	"85+"	74223
"Total"	"2019"	"2019"	"Oklahoma"	"40"			3960676
	"2019"	"2019"	"Oregon"	"41"	"< 1 year"	"1"	42152
	"2019"	"2019"	"Oregon"	"41"	"1-4 years"	"1-4"	183797
	"2019"	"2019"	"Oregon"	"41"	"5-9 years"	"5-9"	242538
	"2019"	"2019"	"Oregon"	"41"	"10-14 years"	"10-14"	249098
	"2019"	"2019"	"Oregon"	"41"	"15-19 years"	"15-19"	246193
	"2019"	"2019"	"Oregon"	"41"	"20-24 years"	"20-24"	264043
	"2019"	"2019"	"Oregon"	"41"	"25-29 years"	"25-29"	305173
	"2019"	"2019"	"Oregon"	"41"	"30-34 years"	"30-34"	300317
	"2019"	"2019"	"Oregon"	"41"	"35-39 years"	"35-39"	298058
	"2019"	"2019"	"Oregon"	"41"	"40-44 years"	"40-44"	271047
	"2019"	"2019"	"Oregon"	"41"	"45-49 years"	"45-49"	261861
	"2019"	"2019"	"Oregon"	"41"	"50-54 years"	"50-54"	248361
	"2019"	"2019"	"Oregon"	"41"	"55-59 years"	"55-59"	266650
	"2019"	"2019"	"Oregon"	"41"	"60-64 years "	"60-64"	272434
	"2019"	"2019"	"Oregon"	"41"	"65-69 years"	"65-69"	257876
	"2019"	"2019"	"Oregon"	"41"	"70-74 years"	"70-74"	205485
	"2019"	"2019"	"Oregon"	"41"	"75-79 years"	"75-79"	134926
	"2019"	"2019"	"Oregon"	"41"	"80-84 years"	"80-84"	81616
	"2019"	"2019"	"Oregon"	"41"	"85+ years"	"85+"	84491
"Total"	"2019"	"2019"	"Oregon"	"41"			4216116
	"2019"	"2019"	"Pennsylvania"	"42"	"< 1 year"	"1"	134272
	"2019"	"2019"	"Pennsylvania"	"42"	"1-4 years"	"1-4"	563615
	"2019"	"2019"	"Pennsylvania"	"42"	"5-9 years"	"5-9"	727113
	"2019"	"2019"	"Pennsylvania"	"42"	"10-14 years"	"10-14"	749709
	"2019"	"2019"	"Pennsylvania"	"42"	"15-19 years"	"15-19"	801600
	"2019"	"2019"	"Pennsylvania"	"42"	"20-24 years"	"20-24"	797002
	"2019"	"2019"	"Pennsylvania"	"42"	"25-29 years"	"25-29"	860618
	"2019"	"2019"	"Pennsylvania"	"42"	"30-34 years"	"30-34"	848252
	"2019"	"2019"	"Pennsylvania"	"42"	"35-39 years"	"35-39"	791738
	"2019"	"2019"	"Pennsylvania"	"42"	"40-44 years"	"40-44"	722055
	"2019"	"2019"	"Pennsylvania"	"42"	"45-49 years"	"45-49"	773522
	"2019"	"2019"	"Pennsylvania"	"42"	"50-54 years"	"50-54"	830078
	"2019"	"2019"	"Pennsylvania"	"42"	"55-59 years"	"55-59"	909729
	"2019"	"2019"	"Pennsylvania"	"42"	"60-64 years "	"60-64"	895409
	"2019"	"2019"	"Pennsylvania"	"42"	"65-69 years"	"65-69"	756122
	"2019"	"2019"	"Pennsylvania"	"42"	"70-74 years"	"70-74"	598719
	"2019"	"2019"	"Pennsylvania"	"42"	"75-79 years"	"75-79"	419977
	"2019"	"2019"	"Pennsylvania"	"42"	"80-84 years"	"80-84"	288025
	"2019"	"2019"	"Pennsylvania"	"42"	"85+ years"	"85+"	331328
"Total"	"2019"	"2019"	"Pennsylvania"	"42"			12798883
	"2019"	"2019"	"Rhode Island"	"44"	"< 1 year"	"1"	10431
	"2019"	"2019"	"Rhode Island"	"44"	"1-4 years"	"1-4"	44051
	"2019"	"2019"	"Rhode Island"	"44"	"5-9 years"	"5-9"	54998
	"2019"	"2019"	"Rhode Island"	"44"	"10-14 years"	"10-14"	57725
	"2019"	"2019"	"Rhode Island"	"44"	"15-19 years"	"15-19"	70648
	"2019"	"2019"	"Rhode Island"	"44"	"20-24 years"	"20-24"	75137
	"2019"	"2019"	"Rhode Island"	"44"	"25-29 years"	"25-29"	75704
	"2019"	"2019"	"Rhode Island"	"44"	"30-34 years"	"30-34"	72441
	"2019"	"2019"	"Rhode Island"	"44"	"35-39 years"	"35-39"	66268
	"2019"	"2019"	"Rhode Island"	"44"	"40-44 years"	"40-44"	58996
	"2019"	"2019"	"Rhode Island"	"44"	"45-49 years"	"45-49"	63803
	"2019"	"2019"	"Rhode Island"	"44"	"50-54 years"	"50-54"	71283
	"2019"	"2019"	"Rhode Island"	"44"	"55-59 years"	"55-59"	76466
	"2019"	"2019"	"Rhode Island"	"44"	"60-64 years "	"60-64"	73050
	"2019"	"2019"	"Rhode Island"	"44"	"65-69 years"	"65-69"	59301
	"2019"	"2019"	"Rhode Island"	"44"	"70-74 years"	"70-74"	47072
	"2019"	"2019"	"Rhode Island"	"44"	"75-79 years"	"75-79"	32201
	"2019"	"2019"	"Rhode Island"	"44"	"80-84 years"	"80-84"	21276
	"2019"	"2019"	"Rhode Island"	"44"	"85+ years"	"85+"	27307
"Total"	"2019"	"2019"	"Rhode Island"	"44"			1058158
	"2019"	"2019"	"South Carolina"	"45"	"< 1 year"	"1"	56624
	"2019"	"2019"	"South Carolina"	"45"	"1-4 years"	"1-4"	236806
	"2019"	"2019"	"South Carolina"	"45"	"5-9 years"	"5-9"	307379
	"2019"	"2019"	"South Carolina"	"45"	"10-14 years"	"10-14"	324648
	"2019"	"2019"	"South Carolina"	"45"	"15-19 years"	"15-19"	325238
	"2019"	"2019"	"South Carolina"	"45"	"20-24 years"	"20-24"	330863
	"2019"	"2019"	"South Carolina"	"45"	"25-29 years"	"25-29"	354097
	"2019"	"2019"	"South Carolina"	"45"	"30-34 years"	"30-34"	330659
	"2019"	"2019"	"South Carolina"	"45"	"35-39 years"	"35-39"	321320
	"2019"	"2019"	"South Carolina"	"45"	"40-44 years"	"40-44"	300607
	"2019"	"2019"	"South Carolina"	"45"	"45-49 years"	"45-49"	318697
	"2019"	"2019"	"South Carolina"	"45"	"50-54 years"	"50-54"	322770
	"2019"	"2019"	"South Carolina"	"45"	"55-59 years"	"55-59"	350252
	"2019"	"2019"	"South Carolina"	"45"	"60-64 years "	"60-64"	339368
	"2019"	"2019"	"South Carolina"	"45"	"65-69 years"	"65-69"	309333
	"2019"	"2019"	"South Carolina"	"45"	"70-74 years"	"70-74"	261781
	"2019"	"2019"	"South Carolina"	"45"	"75-79 years"	"75-79"	173377
	"2019"	"2019"	"South Carolina"	"45"	"80-84 years"	"80-84"	102344
	"2019"	"2019"	"South Carolina"	"45"	"85+ years"	"85+"	91539
"Total"	"2019"	"2019"	"South Carolina"	"45"			5157702
	"2019"	"2019"	"South Dakota"	"46"	"< 1 year"	"1"	11850
	"2019"	"2019"	"South Dakota"	"46"	"1-4 years"	"1-4"	49382
	"2019"	"2019"	"South Dakota"	"46"	"5-9 years"	"5-9"	61136
	"2019"	"2019"	"South Dakota"	"46"	"10-14 years"	"10-14"	60979
	"2019"	"2019"	"South Dakota"	"46"	"15-19 years"	"15-19"	58206
	"2019"	"2019"	"South Dakota"	"46"	"20-24 years"	"20-24"	59550
	"2019"	"2019"	"South Dakota"	"46"	"25-29 years"	"25-29"	58415
	"2019"	"2019"	"South Dakota"	"46"	"30-34 years"	"30-34"	57339
	"2019"	"2019"	"South Dakota"	"46"	"35-39 years"	"35-39"	57059
	"2019"	"2019"	"South Dakota"	"46"	"40-44 years"	"40-44"	49085
	"2019"	"2019"	"South Dakota"	"46"	"45-49 years"	"45-49"	46660
	"2019"	"2019"	"South Dakota"	"46"	"50-54 years"	"50-54"	48216
	"2019"	"2019"	"South Dakota"	"46"	"55-59 years"	"55-59"	58707
	"2019"	"2019"	"South Dakota"	"46"	"60-64 years "	"60-64"	58749
	"2019"	"2019"	"South Dakota"	"46"	"65-69 years"	"65-69"	52243
	"2019"	"2019"	"South Dakota"	"46"	"70-74 years"	"70-74"	37142
	"2019"	"2019"	"South Dakota"	"46"	"75-79 years"	"75-79"	24399
	"2019"	"2019"	"South Dakota"	"46"	"80-84 years"	"80-84"	17108
	"2019"	"2019"	"South Dakota"	"46"	"85+ years"	"85+"	20902
"Total"	"2019"	"2019"	"South Dakota"	"46"			887127
	"2019"	"2019"	"Tennessee"	"47"	"< 1 year"	"1"	80041
	"2019"	"2019"	"Tennessee"	"47"	"1-4 years"	"1-4"	328842
	"2019"	"2019"	"Tennessee"	"47"	"5-9 years"	"5-9"	413520
	"2019"	"2019"	"Tennessee"	"47"	"10-14 years"	"10-14"	431661
	"2019"	"2019"	"Tennessee"	"47"	"15-19 years"	"15-19"	424541
	"2019"	"2019"	"Tennessee"	"47"	"20-24 years"	"20-24"	444995
	"2019"	"2019"	"Tennessee"	"47"	"25-29 years"	"25-29"	497483
	"2019"	"2019"	"Tennessee"	"47"	"30-34 years"	"30-34"	452520
	"2019"	"2019"	"Tennessee"	"47"	"35-39 years"	"35-39"	435283
	"2019"	"2019"	"Tennessee"	"47"	"40-44 years"	"40-44"	412383
	"2019"	"2019"	"Tennessee"	"47"	"45-49 years"	"45-49"	437949
	"2019"	"2019"	"Tennessee"	"47"	"50-54 years"	"50-54"	433176
	"2019"	"2019"	"Tennessee"	"47"	"55-59 years"	"55-59"	459940
	"2019"	"2019"	"Tennessee"	"47"	"60-64 years "	"60-64"	434110
	"2019"	"2019"	"Tennessee"	"47"	"65-69 years"	"65-69"	373554
	"2019"	"2019"	"Tennessee"	"47"	"70-74 years"	"70-74"	308071
	"2019"	"2019"	"Tennessee"	"47"	"75-79 years"	"75-79"	209305
	"2019"	"2019"	"Tennessee"	"47"	"80-84 years"	"80-84"	130964
	"2019"	"2019"	"Tennessee"	"47"	"85+ years"	"85+"	121987
"Total"	"2019"	"2019"	"Tennessee"	"47"			6830325
	"2019"	"2019"	"Texas"	"48"	"< 1 year"	"1"	376619
	"2019"	"2019"	"Texas"	"48"	"1-4 years"	"1-4"	1614937
	"2019"	"2019"	"Texas"	"48"	"5-9 years"	"5-9"	2065856
	"2019"	"2019"	"Texas"	"48"	"10-14 years"	"10-14"	2106468
	"2019"	"2019"	"Texas"	"48"	"15-19 years"	"15-19"	2054752
	"2019"	"2019"	"Texas"	"48"	"20-24 years"	"20-24"	2002737
	"2019"	"2019"	"Texas"	"48"	"25-29 years"	"25-29"	2172711
	"2019"	"2019"	"Texas"	"48"	"30-34 years"	"30-34"	2106508
	"2019"	"2019"	"Texas"	"48"	"35-39 years"	"35-39"	2065579
	"2019"	"2019"	"Texas"	"48"	"40-44 years"	"40-44"	1876184
	"2019"	"2019"	"Texas"	"48"	"45-49 years"	"45-49"	1850542
	"2019"	"2019"	"Texas"	"48"	"50-54 years"	"50-54"	1698077
	"2019"	"2019"	"Texas"	"48"	"55-59 years"	"55-59"	1719371
	"2019"	"2019"	"Texas"	"48"	"60-64 years "	"60-64"	1549940
	"2019"	"2019"	"Texas"	"48"	"65-69 years"	"65-69"	1260149
	"2019"	"2019"	"Texas"	"48"	"70-74 years"	"70-74"	983694
	"2019"	"2019"	"Texas"	"48"	"75-79 years"	"75-79"	658167
	"2019"	"2019"	"Texas"	"48"	"80-84 years"	"80-84"	419389
	"2019"	"2019"	"Texas"	"48"	"85+ years"	"85+"	405114
"Total"	"2019"	"2019"	"Texas"	"48"			28986794
	"2019"	"2019"	"Utah"	"49"	"< 1 year"	"1"	47397
	"2019"	"2019"	"Utah"	"49"	"1-4 years"	"1-4"	198174
	"2019"	"2019"	"Utah"	"49"	"5-9 years"	"5-9"	259417
	"2019"	"2019"	"Utah"	"49"	"10-14 years"	"10-14"	268386
	"2019"	"2019"	"Utah"	"49"	"15-19 years"	"15-19"	254050
	"2019"	"2019"	"Utah"	"49"	"20-24 years"	"20-24"	264598
	"2019"	"2019"	"Utah"	"49"	"25-29 years"	"25-29"	251288
	"2019"	"2019"	"Utah"	"49"	"30-34 years"	"30-34"	220573
	"2019"	"2019"	"Utah"	"49"	"35-39 years"	"35-39"	231278
	"2019"	"2019"	"Utah"	"49"	"40-44 years"	"40-44"	212449
	"2019"	"2019"	"Utah"	"49"	"45-49 years"	"45-49"	176826
	"2019"	"2019"	"Utah"	"49"	"50-54 years"	"50-54"	151254
	"2019"	"2019"	"Utah"	"49"	"55-59 years"	"55-59"	155352
	"2019"	"2019"	"Utah"	"49"	"60-64 years "	"60-64"	147381
	"2019"	"2019"	"Utah"	"49"	"65-69 years"	"65-69"	124015
	"2019"	"2019"	"Utah"	"49"	"70-74 years"	"70-74"	95012
	"2019"	"2019"	"Utah"	"49"	"75-79 years"	"75-79"	65597
	"2019"	"2019"	"Utah"	"49"	"80-84 years"	"80-84"	41913
	"2019"	"2019"	"Utah"	"49"	"85+ years"	"85+"	38423
"Total"	"2019"	"2019"	"Utah"	"49"			3203383
	"2019"	"2019"	"Vermont"	"50"	"< 1 year"	"1"	5444
	"2019"	"2019"	"Vermont"	"50"	"1-4 years"	"1-4"	23374
	"2019"	"2019"	"Vermont"	"50"	"5-9 years"	"5-9"	31282
	"2019"	"2019"	"Vermont"	"50"	"10-14 years"	"10-14"	33291
	"2019"	"2019"	"Vermont"	"50"	"15-19 years"	"15-19"	41335
	"2019"	"2019"	"Vermont"	"50"	"20-24 years"	"20-24"	45374
	"2019"	"2019"	"Vermont"	"50"	"25-29 years"	"25-29"	38143
	"2019"	"2019"	"Vermont"	"50"	"30-34 years"	"30-34"	36537
	"2019"	"2019"	"Vermont"	"50"	"35-39 years"	"35-39"	37059
	"2019"	"2019"	"Vermont"	"50"	"40-44 years"	"40-44"	34324
	"2019"	"2019"	"Vermont"	"50"	"45-49 years"	"45-49"	37318
	"2019"	"2019"	"Vermont"	"50"	"50-54 years"	"50-54"	40657
	"2019"	"2019"	"Vermont"	"50"	"55-59 years"	"55-59"	47419
	"2019"	"2019"	"Vermont"	"50"	"60-64 years "	"60-64"	47864
	"2019"	"2019"	"Vermont"	"50"	"65-69 years"	"65-69"	41988
	"2019"	"2019"	"Vermont"	"50"	"70-74 years"	"70-74"	33155
	"2019"	"2019"	"Vermont"	"50"	"75-79 years"	"75-79"	21853
	"2019"	"2019"	"Vermont"	"50"	"80-84 years"	"80-84"	13331
	"2019"	"2019"	"Vermont"	"50"	"85+ years"	"85+"	14298
"Total"	"2019"	"2019"	"Vermont"	"50"			624046
	"2019"	"2019"	"Virginia"	"51"	"< 1 year"	"1"	98652
	"2019"	"2019"	"Virginia"	"51"	"1-4 years"	"1-4"	409778
	"2019"	"2019"	"Virginia"	"51"	"5-9 years"	"5-9"	516531
	"2019"	"2019"	"Virginia"	"51"	"10-14 years"	"10-14"	527441
	"2019"	"2019"	"Virginia"	"51"	"15-19 years"	"15-19"	543837
	"2019"	"2019"	"Virginia"	"51"	"20-24 years"	"20-24"	574225
	"2019"	"2019"	"Virginia"	"51"	"25-29 years"	"25-29"	604953
	"2019"	"2019"	"Virginia"	"51"	"30-34 years"	"30-34"	590130
	"2019"	"2019"	"Virginia"	"51"	"35-39 years"	"35-39"	583248
	"2019"	"2019"	"Virginia"	"51"	"40-44 years"	"40-44"	531783
	"2019"	"2019"	"Virginia"	"51"	"45-49 years"	"45-49"	548294
	"2019"	"2019"	"Virginia"	"51"	"50-54 years"	"50-54"	553215
	"2019"	"2019"	"Virginia"	"51"	"55-59 years"	"55-59"	584742
	"2019"	"2019"	"Virginia"	"51"	"60-64 years "	"60-64"	530134
	"2019"	"2019"	"Virginia"	"51"	"65-69 years"	"65-69"	441587
	"2019"	"2019"	"Virginia"	"51"	"70-74 years"	"70-74"	361651
	"2019"	"2019"	"Virginia"	"51"	"75-79 years"	"75-79"	247022
	"2019"	"2019"	"Virginia"	"51"	"80-84 years"	"80-84"	155293
	"2019"	"2019"	"Virginia"	"51"	"85+ years"	"85+"	154126
"Total"	"2019"	"2019"	"Virginia"	"51"			8556642
	"2019"	"2019"	"Washington"	"53"	"< 1 year"	"1"	86437
	"2019"	"2019"	"Washington"	"53"	"1-4 years"	"1-4"	368268
	"2019"	"2019"	"Washington"	"53"	"5-9 years"	"5-9"	469438
	"2019"	"2019"	"Washington"	"53"	"10-14 years"	"10-14"	466521
	"2019"	"2019"	"Washington"	"53"	"15-19 years"	"15-19"	447613
	"2019"	"2019"	"Washington"	"53"	"20-24 years"	"20-24"	482829
	"2019"	"2019"	"Washington"	"53"	"25-29 years"	"25-29"	593809
	"2019"	"2019"	"Washington"	"53"	"30-34 years"	"30-34"	580092
	"2019"	"2019"	"Washington"	"53"	"35-39 years"	"35-39"	551529
	"2019"	"2019"	"Washington"	"53"	"40-44 years"	"40-44"	478245
	"2019"	"2019"	"Washington"	"53"	"45-49 years"	"45-49"	467242
	"2019"	"2019"	"Washington"	"53"	"50-54 years"	"50-54"	456172
	"2019"	"2019"	"Washington"	"53"	"55-59 years"	"55-59"	488580
	"2019"	"2019"	"Washington"	"53"	"60-64 years "	"60-64"	471429
	"2019"	"2019"	"Washington"	"53"	"65-69 years"	"65-69"	410032
	"2019"	"2019"	"Washington"	"53"	"70-74 years"	"70-74"	322669
	"2019"	"2019"	"Washington"	"53"	"75-79 years"	"75-79"	210378
	"2019"	"2019"	"Washington"	"53"	"80-84 years"	"80-84"	128599
	"2019"	"2019"	"Washington"	"53"	"85+ years"	"85+"	134142
"Total"	"2019"	"2019"	"Washington"	"53"			7614024
	"2019"	"2019"	"West Virginia"	"54"	"< 1 year"	"1"	17731
	"2019"	"2019"	"West Virginia"	"54"	"1-4 years"	"1-4"	75626
	"2019"	"2019"	"West Virginia"	"54"	"5-9 years"	"5-9"	100557
	"2019"	"2019"	"West Virginia"	"54"	"10-14 years"	"10-14"	103335
	"2019"	"2019"	"West Virginia"	"54"	"15-19 years"	"15-19"	106345
	"2019"	"2019"	"West Virginia"	"54"	"20-24 years"	"20-24"	111223
	"2019"	"2019"	"West Virginia"	"54"	"25-29 years"	"25-29"	112414
	"2019"	"2019"	"West Virginia"	"54"	"30-34 years"	"30-34"	102541
	"2019"	"2019"	"West Virginia"	"54"	"35-39 years"	"35-39"	106510
	"2019"	"2019"	"West Virginia"	"54"	"40-44 years"	"40-44"	107621
	"2019"	"2019"	"West Virginia"	"54"	"45-49 years"	"45-49"	114285
	"2019"	"2019"	"West Virginia"	"54"	"50-54 years"	"50-54"	115021
	"2019"	"2019"	"West Virginia"	"54"	"55-59 years"	"55-59"	124856
	"2019"	"2019"	"West Virginia"	"54"	"60-64 years "	"60-64"	129574
	"2019"	"2019"	"West Virginia"	"54"	"65-69 years"	"65-69"	119246
	"2019"	"2019"	"West Virginia"	"54"	"70-74 years"	"70-74"	98208
	"2019"	"2019"	"West Virginia"	"54"	"75-79 years"	"75-79"	65694
	"2019"	"2019"	"West Virginia"	"54"	"80-84 years"	"80-84"	43884
	"2019"	"2019"	"West Virginia"	"54"	"85+ years"	"85+"	40592
"Total"	"2019"	"2019"	"West Virginia"	"54"			1795263
	"2019"	"2019"	"Wisconsin"	"55"	"< 1 year"	"1"	63434
	"2019"	"2019"	"Wisconsin"	"55"	"1-4 years"	"1-4"	267254
	"2019"	"2019"	"Wisconsin"	"55"	"5-9 years"	"5-9"	347505
	"2019"	"2019"	"Wisconsin"	"55"	"10-14 years"	"10-14"	367332
	"2019"	"2019"	"Wisconsin"	"55"	"15-19 years"	"15-19"	378304
	"2019"	"2019"	"Wisconsin"	"55"	"20-24 years"	"20-24"	391117
	"2019"	"2019"	"Wisconsin"	"55"	"25-29 years"	"25-29"	380528
	"2019"	"2019"	"Wisconsin"	"55"	"30-34 years"	"30-34"	362135
	"2019"	"2019"	"Wisconsin"	"55"	"35-39 years"	"35-39"	373775
	"2019"	"2019"	"Wisconsin"	"55"	"40-44 years"	"40-44"	339957
	"2019"	"2019"	"Wisconsin"	"55"	"45-49 years"	"45-49"	343004
	"2019"	"2019"	"Wisconsin"	"55"	"50-54 years"	"50-54"	372141
	"2019"	"2019"	"Wisconsin"	"55"	"55-59 years"	"55-59"	422318
	"2019"	"2019"	"Wisconsin"	"55"	"60-64 years "	"60-64"	400821
	"2019"	"2019"	"Wisconsin"	"55"	"65-69 years"	"65-69"	338749
	"2019"	"2019"	"Wisconsin"	"55"	"70-74 years"	"70-74"	256158
	"2019"	"2019"	"Wisconsin"	"55"	"75-79 years"	"75-79"	174797
	"2019"	"2019"	"Wisconsin"	"55"	"80-84 years"	"80-84"	118388
	"2019"	"2019"	"Wisconsin"	"55"	"85+ years"	"85+"	126864
"Total"	"2019"	"2019"	"Wisconsin"	"55"			5824581
	"2019"	"2019"	"Wyoming"	"56"	"< 1 year"	"1"	6353
	"2019"	"2019"	"Wyoming"	"56"	"1-4 years"	"1-4"	28326
	"2019"	"2019"	"Wyoming"	"56"	"5-9 years"	"5-9"	37314
	"2019"	"2019"	"Wyoming"	"56"	"10-14 years"	"10-14"	39486
	"2019"	"2019"	"Wyoming"	"56"	"15-19 years"	"15-19"	36502
	"2019"	"2019"	"Wyoming"	"56"	"20-24 years"	"20-24"	37998
	"2019"	"2019"	"Wyoming"	"56"	"25-29 years"	"25-29"	38356
	"2019"	"2019"	"Wyoming"	"56"	"30-34 years"	"30-34"	38621
	"2019"	"2019"	"Wyoming"	"56"	"35-39 years"	"35-39"	39804
	"2019"	"2019"	"Wyoming"	"56"	"40-44 years"	"40-44"	34661
	"2019"	"2019"	"Wyoming"	"56"	"45-49 years"	"45-49"	32523
	"2019"	"2019"	"Wyoming"	"56"	"50-54 years"	"50-54"	31412
	"2019"	"2019"	"Wyoming"	"56"	"55-59 years"	"55-59"	38328
	"2019"	"2019"	"Wyoming"	"56"	"60-64 years "	"60-64"	40515
	"2019"	"2019"	"Wyoming"	"56"	"65-69 years"	"65-69"	34905
	"2019"	"2019"	"Wyoming"	"56"	"70-74 years"	"70-74"	26216
	"2019"	"2019"	"Wyoming"	"56"	"75-79 years"	"75-79"	17042
	"2019"	"2019"	"Wyoming"	"56"	"80-84 years"	"80-84"	10711
	"2019"	"2019"	"Wyoming"	"56"	"85+ years"	"85+"	11043
"Total"	"2019"	"2019"	"Wyoming"	"56"			580116
"Total"	"2019"	"2019"					328329953
	"2020"	"2020"	"Alabama"	"01"	"< 1 year"	"1"	56246
	"2020"	"2020"	"Alabama"	"01"	"1-4 years"	"1-4"	235674
	"2020"	"2020"	"Alabama"	"01"	"5-9 years"	"5-9"	299404
	"2020"	"2020"	"Alabama"	"01"	"10-14 years"	"10-14"	310210
	"2020"	"2020"	"Alabama"	"01"	"15-19 years"	"15-19"	310127
	"2020"	"2020"	"Alabama"	"01"	"20-24 years"	"20-24"	323264
	"2020"	"2020"	"Alabama"	"01"	"25-29 years"	"25-29"	331899
	"2020"	"2020"	"Alabama"	"01"	"30-34 years"	"30-34"	318647
	"2020"	"2020"	"Alabama"	"01"	"35-39 years"	"35-39"	302872
	"2020"	"2020"	"Alabama"	"01"	"40-44 years"	"40-44"	293490
	"2020"	"2020"	"Alabama"	"01"	"45-49 years"	"45-49"	302481
	"2020"	"2020"	"Alabama"	"01"	"50-54 years"	"50-54"	305693
	"2020"	"2020"	"Alabama"	"01"	"55-59 years"	"55-59"	332661
	"2020"	"2020"	"Alabama"	"01"	"60-64 years "	"60-64"	324620
	"2020"	"2020"	"Alabama"	"01"	"65-69 years"	"65-69"	281928
	"2020"	"2020"	"Alabama"	"01"	"70-74 years"	"70-74"	235789
	"2020"	"2020"	"Alabama"	"01"	"75-79 years"	"75-79"	160349
	"2020"	"2020"	"Alabama"	"01"	"80-84 years"	"80-84"	103319
	"2020"	"2020"	"Alabama"	"01"	"85+ years"	"85+"	92859
"Total"	"2020"	"2020"	"Alabama"	"01"			4921532
	"2020"	"2020"	"Alaska"	"02"	"< 1 year"	"1"	9706
	"2020"	"2020"	"Alaska"	"02"	"1-4 years"	"1-4"	40043
	"2020"	"2020"	"Alaska"	"02"	"5-9 years"	"5-9"	51643
	"2020"	"2020"	"Alaska"	"02"	"10-14 years"	"10-14"	49030
	"2020"	"2020"	"Alaska"	"02"	"15-19 years"	"15-19"	44846
	"2020"	"2020"	"Alaska"	"02"	"20-24 years"	"20-24"	50553
	"2020"	"2020"	"Alaska"	"02"	"25-29 years"	"25-29"	58506
	"2020"	"2020"	"Alaska"	"02"	"30-34 years"	"30-34"	57802
	"2020"	"2020"	"Alaska"	"02"	"35-39 years"	"35-39"	53686
	"2020"	"2020"	"Alaska"	"02"	"40-44 years"	"40-44"	44455
	"2020"	"2020"	"Alaska"	"02"	"45-49 years"	"45-49"	41185
	"2020"	"2020"	"Alaska"	"02"	"50-54 years"	"50-54"	42291
	"2020"	"2020"	"Alaska"	"02"	"55-59 years"	"55-59"	46576
	"2020"	"2020"	"Alaska"	"02"	"60-64 years "	"60-64"	44960
	"2020"	"2020"	"Alaska"	"02"	"65-69 years"	"65-69"	37529
	"2020"	"2020"	"Alaska"	"02"	"70-74 years"	"70-74"	26629
	"2020"	"2020"	"Alaska"	"02"	"75-79 years"	"75-79"	15938
	"2020"	"2020"	"Alaska"	"02"	"80-84 years"	"80-84"	8441
	"2020"	"2020"	"Alaska"	"02"	"85+ years"	"85+"	7339
"Total"	"2020"	"2020"	"Alaska"	"02"			731158
	"2020"	"2020"	"Arizona"	"04"	"< 1 year"	"1"	81409
	"2020"	"2020"	"Arizona"	"04"	"1-4 years"	"1-4"	343346
	"2020"	"2020"	"Arizona"	"04"	"5-9 years"	"5-9"	458844
	"2020"	"2020"	"Arizona"	"04"	"10-14 years"	"10-14"	478216
	"2020"	"2020"	"Arizona"	"04"	"15-19 years"	"15-19"	481924
	"2020"	"2020"	"Arizona"	"04"	"20-24 years"	"20-24"	504348
	"2020"	"2020"	"Arizona"	"04"	"25-29 years"	"25-29"	529789
	"2020"	"2020"	"Arizona"	"04"	"30-34 years"	"30-34"	501041
	"2020"	"2020"	"Arizona"	"04"	"35-39 years"	"35-39"	472582
	"2020"	"2020"	"Arizona"	"04"	"40-44 years"	"40-44"	441334
	"2020"	"2020"	"Arizona"	"04"	"45-49 years"	"45-49"	433090
	"2020"	"2020"	"Arizona"	"04"	"50-54 years"	"50-54"	426594
	"2020"	"2020"	"Arizona"	"04"	"55-59 years"	"55-59"	448906
	"2020"	"2020"	"Arizona"	"04"	"60-64 years "	"60-64"	446003
	"2020"	"2020"	"Arizona"	"04"	"65-69 years"	"65-69"	412556
	"2020"	"2020"	"Arizona"	"04"	"70-74 years"	"70-74"	374349
	"2020"	"2020"	"Arizona"	"04"	"75-79 years"	"75-79"	267038
	"2020"	"2020"	"Arizona"	"04"	"80-84 years"	"80-84"	167934
	"2020"	"2020"	"Arizona"	"04"	"85+ years"	"85+"	152098
"Total"	"2020"	"2020"	"Arizona"	"04"			7421401
	"2020"	"2020"	"Arkansas"	"05"	"< 1 year"	"1"	36035
	"2020"	"2020"	"Arkansas"	"05"	"1-4 years"	"1-4"	150257
	"2020"	"2020"	"Arkansas"	"05"	"5-9 years"	"5-9"	193212
	"2020"	"2020"	"Arkansas"	"05"	"10-14 years"	"10-14"	200458
	"2020"	"2020"	"Arkansas"	"05"	"15-19 years"	"15-19"	197095
	"2020"	"2020"	"Arkansas"	"05"	"20-24 years"	"20-24"	201289
	"2020"	"2020"	"Arkansas"	"05"	"25-29 years"	"25-29"	202805
	"2020"	"2020"	"Arkansas"	"05"	"30-34 years"	"30-34"	196068
	"2020"	"2020"	"Arkansas"	"05"	"35-39 years"	"35-39"	190974
	"2020"	"2020"	"Arkansas"	"05"	"40-44 years"	"40-44"	181756
	"2020"	"2020"	"Arkansas"	"05"	"45-49 years"	"45-49"	179715
	"2020"	"2020"	"Arkansas"	"05"	"50-54 years"	"50-54"	178352
	"2020"	"2020"	"Arkansas"	"05"	"55-59 years"	"55-59"	196283
	"2020"	"2020"	"Arkansas"	"05"	"60-64 years "	"60-64"	189917
	"2020"	"2020"	"Arkansas"	"05"	"65-69 years"	"65-69"	168129
	"2020"	"2020"	"Arkansas"	"05"	"70-74 years"	"70-74"	142360
	"2020"	"2020"	"Arkansas"	"05"	"75-79 years"	"75-79"	100225
	"2020"	"2020"	"Arkansas"	"05"	"80-84 years"	"80-84"	64487
	"2020"	"2020"	"Arkansas"	"05"	"85+ years"	"85+"	61105
"Total"	"2020"	"2020"	"Arkansas"	"05"			3030522
	"2020"	"2020"	"California"	"06"	"< 1 year"	"1"	446864
	"2020"	"2020"	"California"	"06"	"1-4 years"	"1-4"	1863516
	"2020"	"2020"	"California"	"06"	"5-9 years"	"5-9"	2468600
	"2020"	"2020"	"California"	"06"	"10-14 years"	"10-14"	2505304
	"2020"	"2020"	"California"	"06"	"15-19 years"	"15-19"	2513522
	"2020"	"2020"	"California"	"06"	"20-24 years"	"20-24"	2597931
	"2020"	"2020"	"California"	"06"	"25-29 years"	"25-29"	3011714
	"2020"	"2020"	"California"	"06"	"30-34 years"	"30-34"	3005343
	"2020"	"2020"	"California"	"06"	"35-39 years"	"35-39"	2781508
	"2020"	"2020"	"California"	"06"	"40-44 years"	"40-44"	2524241
	"2020"	"2020"	"California"	"06"	"45-49 years"	"45-49"	2452996
	"2020"	"2020"	"California"	"06"	"50-54 years"	"50-54"	2457952
	"2020"	"2020"	"California"	"06"	"55-59 years"	"55-59"	2466381
	"2020"	"2020"	"California"	"06"	"60-64 years "	"60-64"	2296040
	"2020"	"2020"	"California"	"06"	"65-69 years"	"65-69"	1918055
	"2020"	"2020"	"California"	"06"	"70-74 years"	"70-74"	1551490
	"2020"	"2020"	"California"	"06"	"75-79 years"	"75-79"	1052210
	"2020"	"2020"	"California"	"06"	"80-84 years"	"80-84"	698039
	"2020"	"2020"	"California"	"06"	"85+ years"	"85+"	756372
"Total"	"2020"	"2020"	"California"	"06"			39368078
	"2020"	"2020"	"Colorado"	"08"	"< 1 year"	"1"	63076
	"2020"	"2020"	"Colorado"	"08"	"1-4 years"	"1-4"	261507
	"2020"	"2020"	"Colorado"	"08"	"5-9 years"	"5-9"	344851
	"2020"	"2020"	"Colorado"	"08"	"10-14 years"	"10-14"	361425
	"2020"	"2020"	"Colorado"	"08"	"15-19 years"	"15-19"	366386
	"2020"	"2020"	"Colorado"	"08"	"20-24 years"	"20-24"	380269
	"2020"	"2020"	"Colorado"	"08"	"25-29 years"	"25-29"	461679
	"2020"	"2020"	"Colorado"	"08"	"30-34 years"	"30-34"	462331
	"2020"	"2020"	"Colorado"	"08"	"35-39 years"	"35-39"	433137
	"2020"	"2020"	"Colorado"	"08"	"40-44 years"	"40-44"	382981
	"2020"	"2020"	"Colorado"	"08"	"45-49 years"	"45-49"	360321
	"2020"	"2020"	"Colorado"	"08"	"50-54 years"	"50-54"	344624
	"2020"	"2020"	"Colorado"	"08"	"55-59 years"	"55-59"	357179
	"2020"	"2020"	"Colorado"	"08"	"60-64 years "	"60-64"	351566
	"2020"	"2020"	"Colorado"	"08"	"65-69 years"	"65-69"	303686
	"2020"	"2020"	"Colorado"	"08"	"70-74 years"	"70-74"	239677
	"2020"	"2020"	"Colorado"	"08"	"75-79 years"	"75-79"	149796
	"2020"	"2020"	"Colorado"	"08"	"80-84 years"	"80-84"	91938
	"2020"	"2020"	"Colorado"	"08"	"85+ years"	"85+"	91290
"Total"	"2020"	"2020"	"Colorado"	"08"			5807719
	"2020"	"2020"	"Connecticut"	"09"	"< 1 year"	"1"	34232
	"2020"	"2020"	"Connecticut"	"09"	"1-4 years"	"1-4"	145359
	"2020"	"2020"	"Connecticut"	"09"	"5-9 years"	"5-9"	193731
	"2020"	"2020"	"Connecticut"	"09"	"10-14 years"	"10-14"	210332
	"2020"	"2020"	"Connecticut"	"09"	"15-19 years"	"15-19"	234796
	"2020"	"2020"	"Connecticut"	"09"	"20-24 years"	"20-24"	238322
	"2020"	"2020"	"Connecticut"	"09"	"25-29 years"	"25-29"	225727
	"2020"	"2020"	"Connecticut"	"09"	"30-34 years"	"30-34"	222900
	"2020"	"2020"	"Connecticut"	"09"	"35-39 years"	"35-39"	221485
	"2020"	"2020"	"Connecticut"	"09"	"40-44 years"	"40-44"	210397
	"2020"	"2020"	"Connecticut"	"09"	"45-49 years"	"45-49"	215492
	"2020"	"2020"	"Connecticut"	"09"	"50-54 years"	"50-54"	245442
	"2020"	"2020"	"Connecticut"	"09"	"55-59 years"	"55-59"	264570
	"2020"	"2020"	"Connecticut"	"09"	"60-64 years "	"60-64"	248225
	"2020"	"2020"	"Connecticut"	"09"	"65-69 years"	"65-69"	200667
	"2020"	"2020"	"Connecticut"	"09"	"70-74 years"	"70-74"	163097
	"2020"	"2020"	"Connecticut"	"09"	"75-79 years"	"75-79"	116400
	"2020"	"2020"	"Connecticut"	"09"	"80-84 years"	"80-84"	75258
	"2020"	"2020"	"Connecticut"	"09"	"85+ years"	"85+"	90574
"Total"	"2020"	"2020"	"Connecticut"	"09"			3557006
	"2020"	"2020"	"Delaware"	"10"	"< 1 year"	"1"	10497
	"2020"	"2020"	"Delaware"	"10"	"1-4 years"	"1-4"	43964
	"2020"	"2020"	"Delaware"	"10"	"5-9 years"	"5-9"	56799
	"2020"	"2020"	"Delaware"	"10"	"10-14 years"	"10-14"	58119
	"2020"	"2020"	"Delaware"	"10"	"15-19 years"	"15-19"	60477
	"2020"	"2020"	"Delaware"	"10"	"20-24 years"	"20-24"	57543
	"2020"	"2020"	"Delaware"	"10"	"25-29 years"	"25-29"	63991
	"2020"	"2020"	"Delaware"	"10"	"30-34 years"	"30-34"	65661
	"2020"	"2020"	"Delaware"	"10"	"35-39 years"	"35-39"	60335
	"2020"	"2020"	"Delaware"	"10"	"40-44 years"	"40-44"	55508
	"2020"	"2020"	"Delaware"	"10"	"45-49 years"	"45-49"	55020
	"2020"	"2020"	"Delaware"	"10"	"50-54 years"	"50-54"	61541
	"2020"	"2020"	"Delaware"	"10"	"55-59 years"	"55-59"	69431
	"2020"	"2020"	"Delaware"	"10"	"60-64 years "	"60-64"	70329
	"2020"	"2020"	"Delaware"	"10"	"65-69 years"	"65-69"	64177
	"2020"	"2020"	"Delaware"	"10"	"70-74 years"	"70-74"	54285
	"2020"	"2020"	"Delaware"	"10"	"75-79 years"	"75-79"	36546
	"2020"	"2020"	"Delaware"	"10"	"80-84 years"	"80-84"	21982
	"2020"	"2020"	"Delaware"	"10"	"85+ years"	"85+"	20604
"Total"	"2020"	"2020"	"Delaware"	"10"			986809
	"2020"	"2020"	"District of Columbia"	"11"	"< 1 year"	"1"	9225
	"2020"	"2020"	"District of Columbia"	"11"	"1-4 years"	"1-4"	35075
	"2020"	"2020"	"District of Columbia"	"11"	"5-9 years"	"5-9"	39363
	"2020"	"2020"	"District of Columbia"	"11"	"10-14 years"	"10-14"	30407
	"2020"	"2020"	"District of Columbia"	"11"	"15-19 years"	"15-19"	36293
	"2020"	"2020"	"District of Columbia"	"11"	"20-24 years"	"20-24"	51048
	"2020"	"2020"	"District of Columbia"	"11"	"25-29 years"	"25-29"	81666
	"2020"	"2020"	"District of Columbia"	"11"	"30-34 years"	"30-34"	83058
	"2020"	"2020"	"District of Columbia"	"11"	"35-39 years"	"35-39"	65432
	"2020"	"2020"	"District of Columbia"	"11"	"40-44 years"	"40-44"	47565
	"2020"	"2020"	"District of Columbia"	"11"	"45-49 years"	"45-49"	38442
	"2020"	"2020"	"District of Columbia"	"11"	"50-54 years"	"50-54"	35610
	"2020"	"2020"	"District of Columbia"	"11"	"55-59 years"	"55-59"	36474
	"2020"	"2020"	"District of Columbia"	"11"	"60-64 years "	"60-64"	33325
	"2020"	"2020"	"District of Columbia"	"11"	"65-69 years"	"65-69"	28625
	"2020"	"2020"	"District of Columbia"	"11"	"70-74 years"	"70-74"	22932
	"2020"	"2020"	"District of Columbia"	"11"	"75-79 years"	"75-79"	15577
	"2020"	"2020"	"District of Columbia"	"11"	"80-84 years"	"80-84"	10409
	"2020"	"2020"	"District of Columbia"	"11"	"85+ years"	"85+"	12290
"Total"	"2020"	"2020"	"District of Columbia"	"11"			712816
	"2020"	"2020"	"Florida"	"12"	"< 1 year"	"1"	219558
	"2020"	"2020"	"Florida"	"12"	"1-4 years"	"1-4"	915447
	"2020"	"2020"	"Florida"	"12"	"5-9 years"	"5-9"	1179044
	"2020"	"2020"	"Florida"	"12"	"10-14 years"	"10-14"	1211524
	"2020"	"2020"	"Florida"	"12"	"15-19 years"	"15-19"	1202855
	"2020"	"2020"	"Florida"	"12"	"20-24 years"	"20-24"	1263937
	"2020"	"2020"	"Florida"	"12"	"25-29 years"	"25-29"	1395878
	"2020"	"2020"	"Florida"	"12"	"30-34 years"	"30-34"	1422593
	"2020"	"2020"	"Florida"	"12"	"35-39 years"	"35-39"	1355944
	"2020"	"2020"	"Florida"	"12"	"40-44 years"	"40-44"	1293216
	"2020"	"2020"	"Florida"	"12"	"45-49 years"	"45-49"	1323586
	"2020"	"2020"	"Florida"	"12"	"50-54 years"	"50-54"	1369217
	"2020"	"2020"	"Florida"	"12"	"55-59 years"	"55-59"	1497423
	"2020"	"2020"	"Florida"	"12"	"60-64 years "	"60-64"	1444996
	"2020"	"2020"	"Florida"	"12"	"65-69 years"	"65-69"	1326632
	"2020"	"2020"	"Florida"	"12"	"70-74 years"	"70-74"	1212944
	"2020"	"2020"	"Florida"	"12"	"75-79 years"	"75-79"	903122
	"2020"	"2020"	"Florida"	"12"	"80-84 years"	"80-84"	599087
	"2020"	"2020"	"Florida"	"12"	"85+ years"	"85+"	596309
"Total"	"2020"	"2020"	"Florida"	"12"			21733312
	"2020"	"2020"	"Georgia"	"13"	"< 1 year"	"1"	124993
	"2020"	"2020"	"Georgia"	"13"	"1-4 years"	"1-4"	522551
	"2020"	"2020"	"Georgia"	"13"	"5-9 years"	"5-9"	687297
	"2020"	"2020"	"Georgia"	"13"	"10-14 years"	"10-14"	726884
	"2020"	"2020"	"Georgia"	"13"	"15-19 years"	"15-19"	731958
	"2020"	"2020"	"Georgia"	"13"	"20-24 years"	"20-24"	726152
	"2020"	"2020"	"Georgia"	"13"	"25-29 years"	"25-29"	765892
	"2020"	"2020"	"Georgia"	"13"	"30-34 years"	"30-34"	740467
	"2020"	"2020"	"Georgia"	"13"	"35-39 years"	"35-39"	710868
	"2020"	"2020"	"Georgia"	"13"	"40-44 years"	"40-44"	683979
	"2020"	"2020"	"Georgia"	"13"	"45-49 years"	"45-49"	698848
	"2020"	"2020"	"Georgia"	"13"	"50-54 years"	"50-54"	692250
	"2020"	"2020"	"Georgia"	"13"	"55-59 years"	"55-59"	694684
	"2020"	"2020"	"Georgia"	"13"	"60-64 years "	"60-64"	628527
	"2020"	"2020"	"Georgia"	"13"	"65-69 years"	"65-69"	524975
	"2020"	"2020"	"Georgia"	"13"	"70-74 years"	"70-74"	434289
	"2020"	"2020"	"Georgia"	"13"	"75-79 years"	"75-79"	286294
	"2020"	"2020"	"Georgia"	"13"	"80-84 years"	"80-84"	173520
	"2020"	"2020"	"Georgia"	"13"	"85+ years"	"85+"	155589
"Total"	"2020"	"2020"	"Georgia"	"13"			10710017
	"2020"	"2020"	"Hawaii"	"15"	"< 1 year"	"1"	16244
	"2020"	"2020"	"Hawaii"	"15"	"1-4 years"	"1-4"	67796
	"2020"	"2020"	"Hawaii"	"15"	"5-9 years"	"5-9"	87555
	"2020"	"2020"	"Hawaii"	"15"	"10-14 years"	"10-14"	78574
	"2020"	"2020"	"Hawaii"	"15"	"15-19 years"	"15-19"	74824
	"2020"	"2020"	"Hawaii"	"15"	"20-24 years"	"20-24"	87107
	"2020"	"2020"	"Hawaii"	"15"	"25-29 years"	"25-29"	98412
	"2020"	"2020"	"Hawaii"	"15"	"30-34 years"	"30-34"	97947
	"2020"	"2020"	"Hawaii"	"15"	"35-39 years"	"35-39"	95419
	"2020"	"2020"	"Hawaii"	"15"	"40-44 years"	"40-44"	86460
	"2020"	"2020"	"Hawaii"	"15"	"45-49 years"	"45-49"	81388
	"2020"	"2020"	"Hawaii"	"15"	"50-54 years"	"50-54"	83325
	"2020"	"2020"	"Hawaii"	"15"	"55-59 years"	"55-59"	87874
	"2020"	"2020"	"Hawaii"	"15"	"60-64 years "	"60-64"	89001
	"2020"	"2020"	"Hawaii"	"15"	"65-69 years"	"65-69"	82862
	"2020"	"2020"	"Hawaii"	"15"	"70-74 years"	"70-74"	71844
	"2020"	"2020"	"Hawaii"	"15"	"75-79 years"	"75-79"	48085
	"2020"	"2020"	"Hawaii"	"15"	"80-84 years"	"80-84"	30143
	"2020"	"2020"	"Hawaii"	"15"	"85+ years"	"85+"	42146
"Total"	"2020"	"2020"	"Hawaii"	"15"			1407006
	"2020"	"2020"	"Idaho"	"16"	"< 1 year"	"1"	21547
	"2020"	"2020"	"Idaho"	"16"	"1-4 years"	"1-4"	92301
	"2020"	"2020"	"Idaho"	"16"	"5-9 years"	"5-9"	125055
	"2020"	"2020"	"Idaho"	"16"	"10-14 years"	"10-14"	132772
	"2020"	"2020"	"Idaho"	"16"	"15-19 years"	"15-19"	127139
	"2020"	"2020"	"Idaho"	"16"	"20-24 years"	"20-24"	119974
	"2020"	"2020"	"Idaho"	"16"	"25-29 years"	"25-29"	122723
	"2020"	"2020"	"Idaho"	"16"	"30-34 years"	"30-34"	118855
	"2020"	"2020"	"Idaho"	"16"	"35-39 years"	"35-39"	120252
	"2020"	"2020"	"Idaho"	"16"	"40-44 years"	"40-44"	113978
	"2020"	"2020"	"Idaho"	"16"	"45-49 years"	"45-49"	104222
	"2020"	"2020"	"Idaho"	"16"	"50-54 years"	"50-54"	101277
	"2020"	"2020"	"Idaho"	"16"	"55-59 years"	"55-59"	109050
	"2020"	"2020"	"Idaho"	"16"	"60-64 years "	"60-64"	111774
	"2020"	"2020"	"Idaho"	"16"	"65-69 years"	"65-69"	102392
	"2020"	"2020"	"Idaho"	"16"	"70-74 years"	"70-74"	83550
	"2020"	"2020"	"Idaho"	"16"	"75-79 years"	"75-79"	55797
	"2020"	"2020"	"Idaho"	"16"	"80-84 years"	"80-84"	33841
	"2020"	"2020"	"Idaho"	"16"	"85+ years"	"85+"	30414
"Total"	"2020"	"2020"	"Idaho"	"16"			1826913
	"2020"	"2020"	"Illinois"	"17"	"< 1 year"	"1"	140052
	"2020"	"2020"	"Illinois"	"17"	"1-4 years"	"1-4"	587467
	"2020"	"2020"	"Illinois"	"17"	"5-9 years"	"5-9"	762503
	"2020"	"2020"	"Illinois"	"17"	"10-14 years"	"10-14"	795778
	"2020"	"2020"	"Illinois"	"17"	"15-19 years"	"15-19"	812241
	"2020"	"2020"	"Illinois"	"17"	"20-24 years"	"20-24"	818355
	"2020"	"2020"	"Illinois"	"17"	"25-29 years"	"25-29"	882835
	"2020"	"2020"	"Illinois"	"17"	"30-34 years"	"30-34"	858449
	"2020"	"2020"	"Illinois"	"17"	"35-39 years"	"35-39"	841651
	"2020"	"2020"	"Illinois"	"17"	"40-44 years"	"40-44"	794767
	"2020"	"2020"	"Illinois"	"17"	"45-49 years"	"45-49"	777065
	"2020"	"2020"	"Illinois"	"17"	"50-54 years"	"50-54"	788673
	"2020"	"2020"	"Illinois"	"17"	"55-59 years"	"55-59"	833446
	"2020"	"2020"	"Illinois"	"17"	"60-64 years "	"60-64"	805014
	"2020"	"2020"	"Illinois"	"17"	"65-69 years"	"65-69"	674898
	"2020"	"2020"	"Illinois"	"17"	"70-74 years"	"70-74"	536843
	"2020"	"2020"	"Illinois"	"17"	"75-79 years"	"75-79"	366390
	"2020"	"2020"	"Illinois"	"17"	"80-84 years"	"80-84"	244247
	"2020"	"2020"	"Illinois"	"17"	"85+ years"	"85+"	266856
"Total"	"2020"	"2020"	"Illinois"	"17"			12587530
	"2020"	"2020"	"Indiana"	"18"	"< 1 year"	"1"	80450
	"2020"	"2020"	"Indiana"	"18"	"1-4 years"	"1-4"	334968
	"2020"	"2020"	"Indiana"	"18"	"5-9 years"	"5-9"	434108
	"2020"	"2020"	"Indiana"	"18"	"10-14 years"	"10-14"	445948
	"2020"	"2020"	"Indiana"	"18"	"15-19 years"	"15-19"	453671
	"2020"	"2020"	"Indiana"	"18"	"20-24 years"	"20-24"	473342
	"2020"	"2020"	"Indiana"	"18"	"25-29 years"	"25-29"	462908
	"2020"	"2020"	"Indiana"	"18"	"30-34 years"	"30-34"	434416
	"2020"	"2020"	"Indiana"	"18"	"35-39 years"	"35-39"	425820
	"2020"	"2020"	"Indiana"	"18"	"40-44 years"	"40-44"	409613
	"2020"	"2020"	"Indiana"	"18"	"45-49 years"	"45-49"	405826
	"2020"	"2020"	"Indiana"	"18"	"50-54 years"	"50-54"	407516
	"2020"	"2020"	"Indiana"	"18"	"55-59 years"	"55-59"	441287
	"2020"	"2020"	"Indiana"	"18"	"60-64 years "	"60-64"	429795
	"2020"	"2020"	"Indiana"	"18"	"65-69 years"	"65-69"	367051
	"2020"	"2020"	"Indiana"	"18"	"70-74 years"	"70-74"	291831
	"2020"	"2020"	"Indiana"	"18"	"75-79 years"	"75-79"	196730
	"2020"	"2020"	"Indiana"	"18"	"80-84 years"	"80-84"	128482
	"2020"	"2020"	"Indiana"	"18"	"85+ years"	"85+"	131191
"Total"	"2020"	"2020"	"Indiana"	"18"			6754953
	"2020"	"2020"	"Iowa"	"19"	"< 1 year"	"1"	36974
	"2020"	"2020"	"Iowa"	"19"	"1-4 years"	"1-4"	155608
	"2020"	"2020"	"Iowa"	"19"	"5-9 years"	"5-9"	200418
	"2020"	"2020"	"Iowa"	"19"	"10-14 years"	"10-14"	208584
	"2020"	"2020"	"Iowa"	"19"	"15-19 years"	"15-19"	212414
	"2020"	"2020"	"Iowa"	"19"	"20-24 years"	"20-24"	225417
	"2020"	"2020"	"Iowa"	"19"	"25-29 years"	"25-29"	205697
	"2020"	"2020"	"Iowa"	"19"	"30-34 years"	"30-34"	193099
	"2020"	"2020"	"Iowa"	"19"	"35-39 years"	"35-39"	202157
	"2020"	"2020"	"Iowa"	"19"	"40-44 years"	"40-44"	188432
	"2020"	"2020"	"Iowa"	"19"	"45-49 years"	"45-49"	175188
	"2020"	"2020"	"Iowa"	"19"	"50-54 years"	"50-54"	182403
	"2020"	"2020"	"Iowa"	"19"	"55-59 years"	"55-59"	204652
	"2020"	"2020"	"Iowa"	"19"	"60-64 years "	"60-64"	206382
	"2020"	"2020"	"Iowa"	"19"	"65-69 years"	"65-69"	181101
	"2020"	"2020"	"Iowa"	"19"	"70-74 years"	"70-74"	142248
	"2020"	"2020"	"Iowa"	"19"	"75-79 years"	"75-79"	96126
	"2020"	"2020"	"Iowa"	"19"	"80-84 years"	"80-84"	68566
	"2020"	"2020"	"Iowa"	"19"	"85+ years"	"85+"	78095
"Total"	"2020"	"2020"	"Iowa"	"19"			3163561
	"2020"	"2020"	"Kansas"	"20"	"< 1 year"	"1"	35281
	"2020"	"2020"	"Kansas"	"20"	"1-4 years"	"1-4"	147823
	"2020"	"2020"	"Kansas"	"20"	"5-9 years"	"5-9"	194309
	"2020"	"2020"	"Kansas"	"20"	"10-14 years"	"10-14"	200006
	"2020"	"2020"	"Kansas"	"20"	"15-19 years"	"15-19"	199563
	"2020"	"2020"	"Kansas"	"20"	"20-24 years"	"20-24"	211506
	"2020"	"2020"	"Kansas"	"20"	"25-29 years"	"25-29"	195871
	"2020"	"2020"	"Kansas"	"20"	"30-34 years"	"30-34"	185657
	"2020"	"2020"	"Kansas"	"20"	"35-39 years"	"35-39"	190942
	"2020"	"2020"	"Kansas"	"20"	"40-44 years"	"40-44"	174069
	"2020"	"2020"	"Kansas"	"20"	"45-49 years"	"45-49"	161696
	"2020"	"2020"	"Kansas"	"20"	"50-54 years"	"50-54"	162031
	"2020"	"2020"	"Kansas"	"20"	"55-59 years"	"55-59"	183329
	"2020"	"2020"	"Kansas"	"20"	"60-64 years "	"60-64"	183406
	"2020"	"2020"	"Kansas"	"20"	"65-69 years"	"65-69"	158510
	"2020"	"2020"	"Kansas"	"20"	"70-74 years"	"70-74"	123948
	"2020"	"2020"	"Kansas"	"20"	"75-79 years"	"75-79"	83800
	"2020"	"2020"	"Kansas"	"20"	"80-84 years"	"80-84"	56571
	"2020"	"2020"	"Kansas"	"20"	"85+ years"	"85+"	65487
"Total"	"2020"	"2020"	"Kansas"	"20"			2913805
	"2020"	"2020"	"Kentucky"	"21"	"< 1 year"	"1"	52511
	"2020"	"2020"	"Kentucky"	"21"	"1-4 years"	"1-4"	217577
	"2020"	"2020"	"Kentucky"	"21"	"5-9 years"	"5-9"	277704
	"2020"	"2020"	"Kentucky"	"21"	"10-14 years"	"10-14"	282821
	"2020"	"2020"	"Kentucky"	"21"	"15-19 years"	"15-19"	284918
	"2020"	"2020"	"Kentucky"	"21"	"20-24 years"	"20-24"	298443
	"2020"	"2020"	"Kentucky"	"21"	"25-29 years"	"25-29"	305478
	"2020"	"2020"	"Kentucky"	"21"	"30-34 years"	"30-34"	285625
	"2020"	"2020"	"Kentucky"	"21"	"35-39 years"	"35-39"	276935
	"2020"	"2020"	"Kentucky"	"21"	"40-44 years"	"40-44"	274006
	"2020"	"2020"	"Kentucky"	"21"	"45-49 years"	"45-49"	275000
	"2020"	"2020"	"Kentucky"	"21"	"50-54 years"	"50-54"	279414
	"2020"	"2020"	"Kentucky"	"21"	"55-59 years"	"55-59"	303465
	"2020"	"2020"	"Kentucky"	"21"	"60-64 years "	"60-64"	292519
	"2020"	"2020"	"Kentucky"	"21"	"65-69 years"	"65-69"	254276
	"2020"	"2020"	"Kentucky"	"21"	"70-74 years"	"70-74"	208086
	"2020"	"2020"	"Kentucky"	"21"	"75-79 years"	"75-79"	137646
	"2020"	"2020"	"Kentucky"	"21"	"80-84 years"	"80-84"	88385
	"2020"	"2020"	"Kentucky"	"21"	"85+ years"	"85+"	82442
"Total"	"2020"	"2020"	"Kentucky"	"21"			4477251
	"2020"	"2020"	"Louisiana"	"22"	"< 1 year"	"1"	57134
	"2020"	"2020"	"Louisiana"	"22"	"1-4 years"	"1-4"	238771
	"2020"	"2020"	"Louisiana"	"22"	"5-9 years"	"5-9"	301718
	"2020"	"2020"	"Louisiana"	"22"	"10-14 years"	"10-14"	304821
	"2020"	"2020"	"Louisiana"	"22"	"15-19 years"	"15-19"	291669
	"2020"	"2020"	"Louisiana"	"22"	"20-24 years"	"20-24"	303575
	"2020"	"2020"	"Louisiana"	"22"	"25-29 years"	"25-29"	324947
	"2020"	"2020"	"Louisiana"	"22"	"30-34 years"	"30-34"	324056
	"2020"	"2020"	"Louisiana"	"22"	"35-39 years"	"35-39"	314945
	"2020"	"2020"	"Louisiana"	"22"	"40-44 years"	"40-44"	282782
	"2020"	"2020"	"Louisiana"	"22"	"45-49 years"	"45-49"	263611
	"2020"	"2020"	"Louisiana"	"22"	"50-54 years"	"50-54"	273592
	"2020"	"2020"	"Louisiana"	"22"	"55-59 years"	"55-59"	302082
	"2020"	"2020"	"Louisiana"	"22"	"60-64 years "	"60-64"	297865
	"2020"	"2020"	"Louisiana"	"22"	"65-69 years"	"65-69"	255550
	"2020"	"2020"	"Louisiana"	"22"	"70-74 years"	"70-74"	202732
	"2020"	"2020"	"Louisiana"	"22"	"75-79 years"	"75-79"	134974
	"2020"	"2020"	"Louisiana"	"22"	"80-84 years"	"80-84"	87227
	"2020"	"2020"	"Louisiana"	"22"	"85+ years"	"85+"	83267
"Total"	"2020"	"2020"	"Louisiana"	"22"			4645318
	"2020"	"2020"	"Maine"	"23"	"< 1 year"	"1"	12272
	"2020"	"2020"	"Maine"	"23"	"1-4 years"	"1-4"	51108
	"2020"	"2020"	"Maine"	"23"	"5-9 years"	"5-9"	67233
	"2020"	"2020"	"Maine"	"23"	"10-14 years"	"10-14"	71960
	"2020"	"2020"	"Maine"	"23"	"15-19 years"	"15-19"	76937
	"2020"	"2020"	"Maine"	"23"	"20-24 years"	"20-24"	74554
	"2020"	"2020"	"Maine"	"23"	"25-29 years"	"25-29"	80996
	"2020"	"2020"	"Maine"	"23"	"30-34 years"	"30-34"	83447
	"2020"	"2020"	"Maine"	"23"	"35-39 years"	"35-39"	80381
	"2020"	"2020"	"Maine"	"23"	"40-44 years"	"40-44"	76460
	"2020"	"2020"	"Maine"	"23"	"45-49 years"	"45-49"	80488
	"2020"	"2020"	"Maine"	"23"	"50-54 years"	"50-54"	90055
	"2020"	"2020"	"Maine"	"23"	"55-59 years"	"55-59"	104031
	"2020"	"2020"	"Maine"	"23"	"60-64 years "	"60-64"	106443
	"2020"	"2020"	"Maine"	"23"	"65-69 years"	"65-69"	95984
	"2020"	"2020"	"Maine"	"23"	"70-74 years"	"70-74"	79384
	"2020"	"2020"	"Maine"	"23"	"75-79 years"	"75-79"	52124
	"2020"	"2020"	"Maine"	"23"	"80-84 years"	"80-84"	32659
	"2020"	"2020"	"Maine"	"23"	"85+ years"	"85+"	33625
"Total"	"2020"	"2020"	"Maine"	"23"			1350141
	"2020"	"2020"	"Maryland"	"24"	"< 1 year"	"1"	69583
	"2020"	"2020"	"Maryland"	"24"	"1-4 years"	"1-4"	289296
	"2020"	"2020"	"Maryland"	"24"	"5-9 years"	"5-9"	371372
	"2020"	"2020"	"Maryland"	"24"	"10-14 years"	"10-14"	377704
	"2020"	"2020"	"Maryland"	"24"	"15-19 years"	"15-19"	377580
	"2020"	"2020"	"Maryland"	"24"	"20-24 years"	"20-24"	368767
	"2020"	"2020"	"Maryland"	"24"	"25-29 years"	"25-29"	404238
	"2020"	"2020"	"Maryland"	"24"	"30-34 years"	"30-34"	421963
	"2020"	"2020"	"Maryland"	"24"	"35-39 years"	"35-39"	411936
	"2020"	"2020"	"Maryland"	"24"	"40-44 years"	"40-44"	380073
	"2020"	"2020"	"Maryland"	"24"	"45-49 years"	"45-49"	373482
	"2020"	"2020"	"Maryland"	"24"	"50-54 years"	"50-54"	403262
	"2020"	"2020"	"Maryland"	"24"	"55-59 years"	"55-59"	427529
	"2020"	"2020"	"Maryland"	"24"	"60-64 years "	"60-64"	391665
	"2020"	"2020"	"Maryland"	"24"	"65-69 years"	"65-69"	319466
	"2020"	"2020"	"Maryland"	"24"	"70-74 years"	"70-74"	259043
	"2020"	"2020"	"Maryland"	"24"	"75-79 years"	"75-79"	176629
	"2020"	"2020"	"Maryland"	"24"	"80-84 years"	"80-84"	111683
	"2020"	"2020"	"Maryland"	"24"	"85+ years"	"85+"	120531
"Total"	"2020"	"2020"	"Maryland"	"24"			6055802
	"2020"	"2020"	"Massachusetts"	"25"	"< 1 year"	"1"	68824
	"2020"	"2020"	"Massachusetts"	"25"	"1-4 years"	"1-4"	282991
	"2020"	"2020"	"Massachusetts"	"25"	"5-9 years"	"5-9"	367853
	"2020"	"2020"	"Massachusetts"	"25"	"10-14 years"	"10-14"	379381
	"2020"	"2020"	"Massachusetts"	"25"	"15-19 years"	"15-19"	445396
	"2020"	"2020"	"Massachusetts"	"25"	"20-24 years"	"20-24"	480950
	"2020"	"2020"	"Massachusetts"	"25"	"25-29 years"	"25-29"	500717
	"2020"	"2020"	"Massachusetts"	"25"	"30-34 years"	"30-34"	495920
	"2020"	"2020"	"Massachusetts"	"25"	"35-39 years"	"35-39"	450495
	"2020"	"2020"	"Massachusetts"	"25"	"40-44 years"	"40-44"	408671
	"2020"	"2020"	"Massachusetts"	"25"	"45-49 years"	"45-49"	414222
	"2020"	"2020"	"Massachusetts"	"25"	"50-54 years"	"50-54"	456369
	"2020"	"2020"	"Massachusetts"	"25"	"55-59 years"	"55-59"	486443
	"2020"	"2020"	"Massachusetts"	"25"	"60-64 years "	"60-64"	456940
	"2020"	"2020"	"Massachusetts"	"25"	"65-69 years"	"65-69"	382243
	"2020"	"2020"	"Massachusetts"	"25"	"70-74 years"	"70-74"	311598
	"2020"	"2020"	"Massachusetts"	"25"	"75-79 years"	"75-79"	210082
	"2020"	"2020"	"Massachusetts"	"25"	"80-84 years"	"80-84"	136109
	"2020"	"2020"	"Massachusetts"	"25"	"85+ years"	"85+"	158370
"Total"	"2020"	"2020"	"Massachusetts"	"25"			6893574
	"2020"	"2020"	"Michigan"	"26"	"< 1 year"	"1"	107849
	"2020"	"2020"	"Michigan"	"26"	"1-4 years"	"1-4"	451290
	"2020"	"2020"	"Michigan"	"26"	"5-9 years"	"5-9"	585009
	"2020"	"2020"	"Michigan"	"26"	"10-14 years"	"10-14"	604840
	"2020"	"2020"	"Michigan"	"26"	"15-19 years"	"15-19"	633603
	"2020"	"2020"	"Michigan"	"26"	"20-24 years"	"20-24"	672087
	"2020"	"2020"	"Michigan"	"26"	"25-29 years"	"25-29"	685946
	"2020"	"2020"	"Michigan"	"26"	"30-34 years"	"30-34"	631856
	"2020"	"2020"	"Michigan"	"26"	"35-39 years"	"35-39"	597658
	"2020"	"2020"	"Michigan"	"26"	"40-44 years"	"40-44"	573538
	"2020"	"2020"	"Michigan"	"26"	"45-49 years"	"45-49"	589665
	"2020"	"2020"	"Michigan"	"26"	"50-54 years"	"50-54"	634675
	"2020"	"2020"	"Michigan"	"26"	"55-59 years"	"55-59"	693475
	"2020"	"2020"	"Michigan"	"26"	"60-64 years "	"60-64"	692623
	"2020"	"2020"	"Michigan"	"26"	"65-69 years"	"65-69"	598895
	"2020"	"2020"	"Michigan"	"26"	"70-74 years"	"70-74"	475867
	"2020"	"2020"	"Michigan"	"26"	"75-79 years"	"75-79"	321684
	"2020"	"2020"	"Michigan"	"26"	"80-84 years"	"80-84"	204282
	"2020"	"2020"	"Michigan"	"26"	"85+ years"	"85+"	211713
"Total"	"2020"	"2020"	"Michigan"	"26"			9966555
	"2020"	"2020"	"Minnesota"	"27"	"< 1 year"	"1"	66390
	"2020"	"2020"	"Minnesota"	"27"	"1-4 years"	"1-4"	279601
	"2020"	"2020"	"Minnesota"	"27"	"5-9 years"	"5-9"	363435
	"2020"	"2020"	"Minnesota"	"27"	"10-14 years"	"10-14"	369664
	"2020"	"2020"	"Minnesota"	"27"	"15-19 years"	"15-19"	361987
	"2020"	"2020"	"Minnesota"	"27"	"20-24 years"	"20-24"	353979
	"2020"	"2020"	"Minnesota"	"27"	"25-29 years"	"25-29"	377817
	"2020"	"2020"	"Minnesota"	"27"	"30-34 years"	"30-34"	382580
	"2020"	"2020"	"Minnesota"	"27"	"35-39 years"	"35-39"	391474
	"2020"	"2020"	"Minnesota"	"27"	"40-44 years"	"40-44"	348478
	"2020"	"2020"	"Minnesota"	"27"	"45-49 years"	"45-49"	321235
	"2020"	"2020"	"Minnesota"	"27"	"50-54 years"	"50-54"	339589
	"2020"	"2020"	"Minnesota"	"27"	"55-59 years"	"55-59"	381073
	"2020"	"2020"	"Minnesota"	"27"	"60-64 years "	"60-64"	371199
	"2020"	"2020"	"Minnesota"	"27"	"65-69 years"	"65-69"	311506
	"2020"	"2020"	"Minnesota"	"27"	"70-74 years"	"70-74"	240702
	"2020"	"2020"	"Minnesota"	"27"	"75-79 years"	"75-79"	163494
	"2020"	"2020"	"Minnesota"	"27"	"80-84 years"	"80-84"	110392
	"2020"	"2020"	"Minnesota"	"27"	"85+ years"	"85+"	122747
"Total"	"2020"	"2020"	"Minnesota"	"27"			5657342
	"2020"	"2020"	"Mississippi"	"28"	"< 1 year"	"1"	35419
	"2020"	"2020"	"Mississippi"	"28"	"1-4 years"	"1-4"	146244
	"2020"	"2020"	"Mississippi"	"28"	"5-9 years"	"5-9"	187645
	"2020"	"2020"	"Mississippi"	"28"	"10-14 years"	"10-14"	203643
	"2020"	"2020"	"Mississippi"	"28"	"15-19 years"	"15-19"	199040
	"2020"	"2020"	"Mississippi"	"28"	"20-24 years"	"20-24"	200659
	"2020"	"2020"	"Mississippi"	"28"	"25-29 years"	"25-29"	201431
	"2020"	"2020"	"Mississippi"	"28"	"30-34 years"	"30-34"	188216
	"2020"	"2020"	"Mississippi"	"28"	"35-39 years"	"35-39"	185747
	"2020"	"2020"	"Mississippi"	"28"	"40-44 years"	"40-44"	179593
	"2020"	"2020"	"Mississippi"	"28"	"45-49 years"	"45-49"	177552
	"2020"	"2020"	"Mississippi"	"28"	"50-54 years"	"50-54"	178610
	"2020"	"2020"	"Mississippi"	"28"	"55-59 years"	"55-59"	193833
	"2020"	"2020"	"Mississippi"	"28"	"60-64 years "	"60-64"	189199
	"2020"	"2020"	"Mississippi"	"28"	"65-69 years"	"65-69"	164021
	"2020"	"2020"	"Mississippi"	"28"	"70-74 years"	"70-74"	134188
	"2020"	"2020"	"Mississippi"	"28"	"75-79 years"	"75-79"	89582
	"2020"	"2020"	"Mississippi"	"28"	"80-84 years"	"80-84"	58849
	"2020"	"2020"	"Mississippi"	"28"	"85+ years"	"85+"	53315
"Total"	"2020"	"2020"	"Mississippi"	"28"			2966786
	"2020"	"2020"	"Missouri"	"29"	"< 1 year"	"1"	71649
	"2020"	"2020"	"Missouri"	"29"	"1-4 years"	"1-4"	295929
	"2020"	"2020"	"Missouri"	"29"	"5-9 years"	"5-9"	379136
	"2020"	"2020"	"Missouri"	"29"	"10-14 years"	"10-14"	390001
	"2020"	"2020"	"Missouri"	"29"	"15-19 years"	"15-19"	388427
	"2020"	"2020"	"Missouri"	"29"	"20-24 years"	"20-24"	404293
	"2020"	"2020"	"Missouri"	"29"	"25-29 years"	"25-29"	419628
	"2020"	"2020"	"Missouri"	"29"	"30-34 years"	"30-34"	404479
	"2020"	"2020"	"Missouri"	"29"	"35-39 years"	"35-39"	396878
	"2020"	"2020"	"Missouri"	"29"	"40-44 years"	"40-44"	365746
	"2020"	"2020"	"Missouri"	"29"	"45-49 years"	"45-49"	354958
	"2020"	"2020"	"Missouri"	"29"	"50-54 years"	"50-54"	364782
	"2020"	"2020"	"Missouri"	"29"	"55-59 years"	"55-59"	416040
	"2020"	"2020"	"Missouri"	"29"	"60-64 years "	"60-64"	409888
	"2020"	"2020"	"Missouri"	"29"	"65-69 years"	"65-69"	348244
	"2020"	"2020"	"Missouri"	"29"	"70-74 years"	"70-74"	282144
	"2020"	"2020"	"Missouri"	"29"	"75-79 years"	"75-79"	196717
	"2020"	"2020"	"Missouri"	"29"	"80-84 years"	"80-84"	128656
	"2020"	"2020"	"Missouri"	"29"	"85+ years"	"85+"	133953
"Total"	"2020"	"2020"	"Missouri"	"29"			6151548
	"2020"	"2020"	"Montana"	"30"	"< 1 year"	"1"	11365
	"2020"	"2020"	"Montana"	"30"	"1-4 years"	"1-4"	48549
	"2020"	"2020"	"Montana"	"30"	"5-9 years"	"5-9"	64831
	"2020"	"2020"	"Montana"	"30"	"10-14 years"	"10-14"	66038
	"2020"	"2020"	"Montana"	"30"	"15-19 years"	"15-19"	64601
	"2020"	"2020"	"Montana"	"30"	"20-24 years"	"20-24"	72288
	"2020"	"2020"	"Montana"	"30"	"25-29 years"	"25-29"	71991
	"2020"	"2020"	"Montana"	"30"	"30-34 years"	"30-34"	68626
	"2020"	"2020"	"Montana"	"30"	"35-39 years"	"35-39"	69500
	"2020"	"2020"	"Montana"	"30"	"40-44 years"	"40-44"	64184
	"2020"	"2020"	"Montana"	"30"	"45-49 years"	"45-49"	58066
	"2020"	"2020"	"Montana"	"30"	"50-54 years"	"50-54"	59026
	"2020"	"2020"	"Montana"	"30"	"55-59 years"	"55-59"	70868
	"2020"	"2020"	"Montana"	"30"	"60-64 years "	"60-64"	77252
	"2020"	"2020"	"Montana"	"30"	"65-69 years"	"65-69"	72136
	"2020"	"2020"	"Montana"	"30"	"70-74 years"	"70-74"	57438
	"2020"	"2020"	"Montana"	"30"	"75-79 years"	"75-79"	37308
	"2020"	"2020"	"Montana"	"30"	"80-84 years"	"80-84"	23438
	"2020"	"2020"	"Montana"	"30"	"85+ years"	"85+"	23072
"Total"	"2020"	"2020"	"Montana"	"30"			1080577
	"2020"	"2020"	"Nebraska"	"31"	"< 1 year"	"1"	24961
	"2020"	"2020"	"Nebraska"	"31"	"1-4 years"	"1-4"	103756
	"2020"	"2020"	"Nebraska"	"31"	"5-9 years"	"5-9"	133064
	"2020"	"2020"	"Nebraska"	"31"	"10-14 years"	"10-14"	133640
	"2020"	"2020"	"Nebraska"	"31"	"15-19 years"	"15-19"	132940
	"2020"	"2020"	"Nebraska"	"31"	"20-24 years"	"20-24"	135285
	"2020"	"2020"	"Nebraska"	"31"	"25-29 years"	"25-29"	130094
	"2020"	"2020"	"Nebraska"	"31"	"30-34 years"	"30-34"	124613
	"2020"	"2020"	"Nebraska"	"31"	"35-39 years"	"35-39"	130004
	"2020"	"2020"	"Nebraska"	"31"	"40-44 years"	"40-44"	116294
	"2020"	"2020"	"Nebraska"	"31"	"45-49 years"	"45-49"	107821
	"2020"	"2020"	"Nebraska"	"31"	"50-54 years"	"50-54"	105976
	"2020"	"2020"	"Nebraska"	"31"	"55-59 years"	"55-59"	120067
	"2020"	"2020"	"Nebraska"	"31"	"60-64 years "	"60-64"	119600
	"2020"	"2020"	"Nebraska"	"31"	"65-69 years"	"65-69"	103546
	"2020"	"2020"	"Nebraska"	"31"	"70-74 years"	"70-74"	81469
	"2020"	"2020"	"Nebraska"	"31"	"75-79 years"	"75-79"	54146
	"2020"	"2020"	"Nebraska"	"31"	"80-84 years"	"80-84"	37646
	"2020"	"2020"	"Nebraska"	"31"	"85+ years"	"85+"	42630
"Total"	"2020"	"2020"	"Nebraska"	"31"			1937552
	"2020"	"2020"	"Nevada"	"32"	"< 1 year"	"1"	35704
	"2020"	"2020"	"Nevada"	"32"	"1-4 years"	"1-4"	148952
	"2020"	"2020"	"Nevada"	"32"	"5-9 years"	"5-9"	195109
	"2020"	"2020"	"Nevada"	"32"	"10-14 years"	"10-14"	200809
	"2020"	"2020"	"Nevada"	"32"	"15-19 years"	"15-19"	184412
	"2020"	"2020"	"Nevada"	"32"	"20-24 years"	"20-24"	185474
	"2020"	"2020"	"Nevada"	"32"	"25-29 years"	"25-29"	229704
	"2020"	"2020"	"Nevada"	"32"	"30-34 years"	"30-34"	232406
	"2020"	"2020"	"Nevada"	"32"	"35-39 years"	"35-39"	219957
	"2020"	"2020"	"Nevada"	"32"	"40-44 years"	"40-44"	200965
	"2020"	"2020"	"Nevada"	"32"	"45-49 years"	"45-49"	198285
	"2020"	"2020"	"Nevada"	"32"	"50-54 years"	"50-54"	197934
	"2020"	"2020"	"Nevada"	"32"	"55-59 years"	"55-59"	199445
	"2020"	"2020"	"Nevada"	"32"	"60-64 years "	"60-64"	189787
	"2020"	"2020"	"Nevada"	"32"	"65-69 years"	"65-69"	169711
	"2020"	"2020"	"Nevada"	"32"	"70-74 years"	"70-74"	146401
	"2020"	"2020"	"Nevada"	"32"	"75-79 years"	"75-79"	98274
	"2020"	"2020"	"Nevada"	"32"	"80-84 years"	"80-84"	58016
	"2020"	"2020"	"Nevada"	"32"	"85+ years"	"85+"	46914
"Total"	"2020"	"2020"	"Nevada"	"32"			3138259
	"2020"	"2020"	"New Hampshire"	"33"	"< 1 year"	"1"	12058
	"2020"	"2020"	"New Hampshire"	"33"	"1-4 years"	"1-4"	51031
	"2020"	"2020"	"New Hampshire"	"33"	"5-9 years"	"5-9"	68591
	"2020"	"2020"	"New Hampshire"	"33"	"10-14 years"	"10-14"	73683
	"2020"	"2020"	"New Hampshire"	"33"	"15-19 years"	"15-19"	83054
	"2020"	"2020"	"New Hampshire"	"33"	"20-24 years"	"20-24"	87000
	"2020"	"2020"	"New Hampshire"	"33"	"25-29 years"	"25-29"	87849
	"2020"	"2020"	"New Hampshire"	"33"	"30-34 years"	"30-34"	87649
	"2020"	"2020"	"New Hampshire"	"33"	"35-39 years"	"35-39"	83091
	"2020"	"2020"	"New Hampshire"	"33"	"40-44 years"	"40-44"	76311
	"2020"	"2020"	"New Hampshire"	"33"	"45-49 years"	"45-49"	82550
	"2020"	"2020"	"New Hampshire"	"33"	"50-54 years"	"50-54"	95106
	"2020"	"2020"	"New Hampshire"	"33"	"55-59 years"	"55-59"	108938
	"2020"	"2020"	"New Hampshire"	"33"	"60-64 years "	"60-64"	106235
	"2020"	"2020"	"New Hampshire"	"33"	"65-69 years"	"65-69"	88043
	"2020"	"2020"	"New Hampshire"	"33"	"70-74 years"	"70-74"	70884
	"2020"	"2020"	"New Hampshire"	"33"	"75-79 years"	"75-79"	45817
	"2020"	"2020"	"New Hampshire"	"33"	"80-84 years"	"80-84"	27805
	"2020"	"2020"	"New Hampshire"	"33"	"85+ years"	"85+"	30580
"Total"	"2020"	"2020"	"New Hampshire"	"33"			1366275
	"2020"	"2020"	"New Jersey"	"34"	"< 1 year"	"1"	99506
	"2020"	"2020"	"New Jersey"	"34"	"1-4 years"	"1-4"	414445
	"2020"	"2020"	"New Jersey"	"34"	"5-9 years"	"5-9"	532324
	"2020"	"2020"	"New Jersey"	"34"	"10-14 years"	"10-14"	548860
	"2020"	"2020"	"New Jersey"	"34"	"15-19 years"	"15-19"	547485
	"2020"	"2020"	"New Jersey"	"34"	"20-24 years"	"20-24"	536749
	"2020"	"2020"	"New Jersey"	"34"	"25-29 years"	"25-29"	574735
	"2020"	"2020"	"New Jersey"	"34"	"30-34 years"	"30-34"	579811
	"2020"	"2020"	"New Jersey"	"34"	"35-39 years"	"35-39"	578830
	"2020"	"2020"	"New Jersey"	"34"	"40-44 years"	"40-44"	562547
	"2020"	"2020"	"New Jersey"	"34"	"45-49 years"	"45-49"	567832
	"2020"	"2020"	"New Jersey"	"34"	"50-54 years"	"50-54"	606560
	"2020"	"2020"	"New Jersey"	"34"	"55-59 years"	"55-59"	634658
	"2020"	"2020"	"New Jersey"	"34"	"60-64 years "	"60-64"	588001
	"2020"	"2020"	"New Jersey"	"34"	"65-69 years"	"65-69"	473445
	"2020"	"2020"	"New Jersey"	"34"	"70-74 years"	"70-74"	385964
	"2020"	"2020"	"New Jersey"	"34"	"75-79 years"	"75-79"	269675
	"2020"	"2020"	"New Jersey"	"34"	"80-84 years"	"80-84"	179575
	"2020"	"2020"	"New Jersey"	"34"	"85+ years"	"85+"	201369
"Total"	"2020"	"2020"	"New Jersey"	"34"			8882371
	"2020"	"2020"	"New Mexico"	"35"	"< 1 year"	"1"	22576
	"2020"	"2020"	"New Mexico"	"35"	"1-4 years"	"1-4"	96149
	"2020"	"2020"	"New Mexico"	"35"	"5-9 years"	"5-9"	131348
	"2020"	"2020"	"New Mexico"	"35"	"10-14 years"	"10-14"	138955
	"2020"	"2020"	"New Mexico"	"35"	"15-19 years"	"15-19"	138913
	"2020"	"2020"	"New Mexico"	"35"	"20-24 years"	"20-24"	140700
	"2020"	"2020"	"New Mexico"	"35"	"25-29 years"	"25-29"	144593
	"2020"	"2020"	"New Mexico"	"35"	"30-34 years"	"30-34"	140436
	"2020"	"2020"	"New Mexico"	"35"	"35-39 years"	"35-39"	137094
	"2020"	"2020"	"New Mexico"	"35"	"40-44 years"	"40-44"	122783
	"2020"	"2020"	"New Mexico"	"35"	"45-49 years"	"45-49"	116023
	"2020"	"2020"	"New Mexico"	"35"	"50-54 years"	"50-54"	116926
	"2020"	"2020"	"New Mexico"	"35"	"55-59 years"	"55-59"	133752
	"2020"	"2020"	"New Mexico"	"35"	"60-64 years "	"60-64"	136160
	"2020"	"2020"	"New Mexico"	"35"	"65-69 years"	"65-69"	124988
	"2020"	"2020"	"New Mexico"	"35"	"70-74 years"	"70-74"	106758
	"2020"	"2020"	"New Mexico"	"35"	"75-79 years"	"75-79"	70745
	"2020"	"2020"	"New Mexico"	"35"	"80-84 years"	"80-84"	45121
	"2020"	"2020"	"New Mexico"	"35"	"85+ years"	"85+"	42299
"Total"	"2020"	"2020"	"New Mexico"	"35"			2106319
	"2020"	"2020"	"New York"	"36"	"< 1 year"	"1"	220972
	"2020"	"2020"	"New York"	"36"	"1-4 years"	"1-4"	887353
	"2020"	"2020"	"New York"	"36"	"5-9 years"	"5-9"	1114413
	"2020"	"2020"	"New York"	"36"	"10-14 years"	"10-14"	1090249
	"2020"	"2020"	"New York"	"36"	"15-19 years"	"15-19"	1153680
	"2020"	"2020"	"New York"	"36"	"20-24 years"	"20-24"	1243572
	"2020"	"2020"	"New York"	"36"	"25-29 years"	"25-29"	1427987
	"2020"	"2020"	"New York"	"36"	"30-34 years"	"30-34"	1409561
	"2020"	"2020"	"New York"	"36"	"35-39 years"	"35-39"	1268344
	"2020"	"2020"	"New York"	"36"	"40-44 years"	"40-44"	1162869
	"2020"	"2020"	"New York"	"36"	"45-49 years"	"45-49"	1152921
	"2020"	"2020"	"New York"	"36"	"50-54 years"	"50-54"	1250590
	"2020"	"2020"	"New York"	"36"	"55-59 years"	"55-59"	1326609
	"2020"	"2020"	"New York"	"36"	"60-64 years "	"60-64"	1258087
	"2020"	"2020"	"New York"	"36"	"65-69 years"	"65-69"	1050113
	"2020"	"2020"	"New York"	"36"	"70-74 years"	"70-74"	862609
	"2020"	"2020"	"New York"	"36"	"75-79 years"	"75-79"	592543
	"2020"	"2020"	"New York"	"36"	"80-84 years"	"80-84"	403785
	"2020"	"2020"	"New York"	"36"	"85+ years"	"85+"	460519
"Total"	"2020"	"2020"	"New York"	"36"			19336776
	"2020"	"2020"	"North Carolina"	"37"	"< 1 year"	"1"	118309
	"2020"	"2020"	"North Carolina"	"37"	"1-4 years"	"1-4"	488512
	"2020"	"2020"	"North Carolina"	"37"	"5-9 years"	"5-9"	632113
	"2020"	"2020"	"North Carolina"	"37"	"10-14 years"	"10-14"	666756
	"2020"	"2020"	"North Carolina"	"37"	"15-19 years"	"15-19"	689241
	"2020"	"2020"	"North Carolina"	"37"	"20-24 years"	"20-24"	706948
	"2020"	"2020"	"North Carolina"	"37"	"25-29 years"	"25-29"	731816
	"2020"	"2020"	"North Carolina"	"37"	"30-34 years"	"30-34"	705009
	"2020"	"2020"	"North Carolina"	"37"	"35-39 years"	"35-39"	665912
	"2020"	"2020"	"North Carolina"	"37"	"40-44 years"	"40-44"	650663
	"2020"	"2020"	"North Carolina"	"37"	"45-49 years"	"45-49"	674569
	"2020"	"2020"	"North Carolina"	"37"	"50-54 years"	"50-54"	682348
	"2020"	"2020"	"North Carolina"	"37"	"55-59 years"	"55-59"	703580
	"2020"	"2020"	"North Carolina"	"37"	"60-64 years "	"60-64"	670505
	"2020"	"2020"	"North Carolina"	"37"	"65-69 years"	"65-69"	589262
	"2020"	"2020"	"North Carolina"	"37"	"70-74 years"	"70-74"	495220
	"2020"	"2020"	"North Carolina"	"37"	"75-79 years"	"75-79"	331112
	"2020"	"2020"	"North Carolina"	"37"	"80-84 years"	"80-84"	204707
	"2020"	"2020"	"North Carolina"	"37"	"85+ years"	"85+"	194241
"Total"	"2020"	"2020"	"North Carolina"	"37"			10600823
	"2020"	"2020"	"North Dakota"	"38"	"< 1 year"	"1"	10459
	"2020"	"2020"	"North Dakota"	"38"	"1-4 years"	"1-4"	42620
	"2020"	"2020"	"North Dakota"	"38"	"5-9 years"	"5-9"	52006
	"2020"	"2020"	"North Dakota"	"38"	"10-14 years"	"10-14"	49156
	"2020"	"2020"	"North Dakota"	"38"	"15-19 years"	"15-19"	48176
	"2020"	"2020"	"North Dakota"	"38"	"20-24 years"	"20-24"	62341
	"2020"	"2020"	"North Dakota"	"38"	"25-29 years"	"25-29"	58464
	"2020"	"2020"	"North Dakota"	"38"	"30-34 years"	"30-34"	54847
	"2020"	"2020"	"North Dakota"	"38"	"35-39 years"	"35-39"	51724
	"2020"	"2020"	"North Dakota"	"38"	"40-44 years"	"40-44"	43165
	"2020"	"2020"	"North Dakota"	"38"	"45-49 years"	"45-49"	38386
	"2020"	"2020"	"North Dakota"	"38"	"50-54 years"	"50-54"	38775
	"2020"	"2020"	"North Dakota"	"38"	"55-59 years"	"55-59"	45197
	"2020"	"2020"	"North Dakota"	"38"	"60-64 years "	"60-64"	46852
	"2020"	"2020"	"North Dakota"	"38"	"65-69 years"	"65-69"	39924
	"2020"	"2020"	"North Dakota"	"38"	"70-74 years"	"70-74"	29734
	"2020"	"2020"	"North Dakota"	"38"	"75-79 years"	"75-79"	20304
	"2020"	"2020"	"North Dakota"	"38"	"80-84 years"	"80-84"	14546
	"2020"	"2020"	"North Dakota"	"38"	"85+ years"	"85+"	18633
"Total"	"2020"	"2020"	"North Dakota"	"38"			765309
	"2020"	"2020"	"Ohio"	"39"	"< 1 year"	"1"	132316
	"2020"	"2020"	"Ohio"	"39"	"1-4 years"	"1-4"	552042
	"2020"	"2020"	"Ohio"	"39"	"5-9 years"	"5-9"	710741
	"2020"	"2020"	"Ohio"	"39"	"10-14 years"	"10-14"	727742
	"2020"	"2020"	"Ohio"	"39"	"15-19 years"	"15-19"	745614
	"2020"	"2020"	"Ohio"	"39"	"20-24 years"	"20-24"	747720
	"2020"	"2020"	"Ohio"	"39"	"25-29 years"	"25-29"	792889
	"2020"	"2020"	"Ohio"	"39"	"30-34 years"	"30-34"	768919
	"2020"	"2020"	"Ohio"	"39"	"35-39 years"	"35-39"	725528
	"2020"	"2020"	"Ohio"	"39"	"40-44 years"	"40-44"	685131
	"2020"	"2020"	"Ohio"	"39"	"45-49 years"	"45-49"	692461
	"2020"	"2020"	"Ohio"	"39"	"50-54 years"	"50-54"	727518
	"2020"	"2020"	"Ohio"	"39"	"55-59 years"	"55-59"	790389
	"2020"	"2020"	"Ohio"	"39"	"60-64 years "	"60-64"	796569
	"2020"	"2020"	"Ohio"	"39"	"65-69 years"	"65-69"	682168
	"2020"	"2020"	"Ohio"	"39"	"70-74 years"	"70-74"	551068
	"2020"	"2020"	"Ohio"	"39"	"75-79 years"	"75-79"	363546
	"2020"	"2020"	"Ohio"	"39"	"80-84 years"	"80-84"	245246
	"2020"	"2020"	"Ohio"	"39"	"85+ years"	"85+"	255610
"Total"	"2020"	"2020"	"Ohio"	"39"			11693217
	"2020"	"2020"	"Oklahoma"	"40"	"< 1 year"	"1"	48675
	"2020"	"2020"	"Oklahoma"	"40"	"1-4 years"	"1-4"	204841
	"2020"	"2020"	"Oklahoma"	"40"	"5-9 years"	"5-9"	269174
	"2020"	"2020"	"Oklahoma"	"40"	"10-14 years"	"10-14"	270884
	"2020"	"2020"	"Oklahoma"	"40"	"15-19 years"	"15-19"	264926
	"2020"	"2020"	"Oklahoma"	"40"	"20-24 years"	"20-24"	276994
	"2020"	"2020"	"Oklahoma"	"40"	"25-29 years"	"25-29"	277864
	"2020"	"2020"	"Oklahoma"	"40"	"30-34 years"	"30-34"	267172
	"2020"	"2020"	"Oklahoma"	"40"	"35-39 years"	"35-39"	265674
	"2020"	"2020"	"Oklahoma"	"40"	"40-44 years"	"40-44"	240274
	"2020"	"2020"	"Oklahoma"	"40"	"45-49 years"	"45-49"	228231
	"2020"	"2020"	"Oklahoma"	"40"	"50-54 years"	"50-54"	222945
	"2020"	"2020"	"Oklahoma"	"40"	"55-59 years"	"55-59"	246854
	"2020"	"2020"	"Oklahoma"	"40"	"60-64 years "	"60-64"	243116
	"2020"	"2020"	"Oklahoma"	"40"	"65-69 years"	"65-69"	210087
	"2020"	"2020"	"Oklahoma"	"40"	"70-74 years"	"70-74"	170460
	"2020"	"2020"	"Oklahoma"	"40"	"75-79 years"	"75-79"	119798
	"2020"	"2020"	"Oklahoma"	"40"	"80-84 years"	"80-84"	77827
	"2020"	"2020"	"Oklahoma"	"40"	"85+ years"	"85+"	74987
"Total"	"2020"	"2020"	"Oklahoma"	"40"			3980783
	"2020"	"2020"	"Oregon"	"41"	"< 1 year"	"1"	42018
	"2020"	"2020"	"Oregon"	"41"	"1-4 years"	"1-4"	179028
	"2020"	"2020"	"Oregon"	"41"	"5-9 years"	"5-9"	241871
	"2020"	"2020"	"Oregon"	"41"	"10-14 years"	"10-14"	249649
	"2020"	"2020"	"Oregon"	"41"	"15-19 years"	"15-19"	244980
	"2020"	"2020"	"Oregon"	"41"	"20-24 years"	"20-24"	263425
	"2020"	"2020"	"Oregon"	"41"	"25-29 years"	"25-29"	301585
	"2020"	"2020"	"Oregon"	"41"	"30-34 years"	"30-34"	306634
	"2020"	"2020"	"Oregon"	"41"	"35-39 years"	"35-39"	299852
	"2020"	"2020"	"Oregon"	"41"	"40-44 years"	"40-44"	278687
	"2020"	"2020"	"Oregon"	"41"	"45-49 years"	"45-49"	259294
	"2020"	"2020"	"Oregon"	"41"	"50-54 years"	"50-54"	252733
	"2020"	"2020"	"Oregon"	"41"	"55-59 years"	"55-59"	261028
	"2020"	"2020"	"Oregon"	"41"	"60-64 years "	"60-64"	271196
	"2020"	"2020"	"Oregon"	"41"	"65-69 years"	"65-69"	261600
	"2020"	"2020"	"Oregon"	"41"	"70-74 years"	"70-74"	216952
	"2020"	"2020"	"Oregon"	"41"	"75-79 years"	"75-79"	141422
	"2020"	"2020"	"Oregon"	"41"	"80-84 years"	"80-84"	85056
	"2020"	"2020"	"Oregon"	"41"	"85+ years"	"85+"	84497
"Total"	"2020"	"2020"	"Oregon"	"41"			4241507
	"2020"	"2020"	"Pennsylvania"	"42"	"< 1 year"	"1"	133055
	"2020"	"2020"	"Pennsylvania"	"42"	"1-4 years"	"1-4"	556049
	"2020"	"2020"	"Pennsylvania"	"42"	"5-9 years"	"5-9"	725467
	"2020"	"2020"	"Pennsylvania"	"42"	"10-14 years"	"10-14"	745345
	"2020"	"2020"	"Pennsylvania"	"42"	"15-19 years"	"15-19"	793290
	"2020"	"2020"	"Pennsylvania"	"42"	"20-24 years"	"20-24"	789841
	"2020"	"2020"	"Pennsylvania"	"42"	"25-29 years"	"25-29"	843698
	"2020"	"2020"	"Pennsylvania"	"42"	"30-34 years"	"30-34"	863353
	"2020"	"2020"	"Pennsylvania"	"42"	"35-39 years"	"35-39"	797952
	"2020"	"2020"	"Pennsylvania"	"42"	"40-44 years"	"40-44"	736057
	"2020"	"2020"	"Pennsylvania"	"42"	"45-49 years"	"45-49"	745910
	"2020"	"2020"	"Pennsylvania"	"42"	"50-54 years"	"50-54"	815481
	"2020"	"2020"	"Pennsylvania"	"42"	"55-59 years"	"55-59"	892737
	"2020"	"2020"	"Pennsylvania"	"42"	"60-64 years "	"60-64"	897332
	"2020"	"2020"	"Pennsylvania"	"42"	"65-69 years"	"65-69"	774779
	"2020"	"2020"	"Pennsylvania"	"42"	"70-74 years"	"70-74"	626479
	"2020"	"2020"	"Pennsylvania"	"42"	"75-79 years"	"75-79"	428508
	"2020"	"2020"	"Pennsylvania"	"42"	"80-84 years"	"80-84"	289281
	"2020"	"2020"	"Pennsylvania"	"42"	"85+ years"	"85+"	328640
"Total"	"2020"	"2020"	"Pennsylvania"	"42"			12783254
	"2020"	"2020"	"Rhode Island"	"44"	"< 1 year"	"1"	10402
	"2020"	"2020"	"Rhode Island"	"44"	"1-4 years"	"1-4"	43360
	"2020"	"2020"	"Rhode Island"	"44"	"5-9 years"	"5-9"	55021
	"2020"	"2020"	"Rhode Island"	"44"	"10-14 years"	"10-14"	56783
	"2020"	"2020"	"Rhode Island"	"44"	"15-19 years"	"15-19"	69616
	"2020"	"2020"	"Rhode Island"	"44"	"20-24 years"	"20-24"	74115
	"2020"	"2020"	"Rhode Island"	"44"	"25-29 years"	"25-29"	74079
	"2020"	"2020"	"Rhode Island"	"44"	"30-34 years"	"30-34"	74634
	"2020"	"2020"	"Rhode Island"	"44"	"35-39 years"	"35-39"	66540
	"2020"	"2020"	"Rhode Island"	"44"	"40-44 years"	"40-44"	60198
	"2020"	"2020"	"Rhode Island"	"44"	"45-49 years"	"45-49"	61301
	"2020"	"2020"	"Rhode Island"	"44"	"50-54 years"	"50-54"	69430
	"2020"	"2020"	"Rhode Island"	"44"	"55-59 years"	"55-59"	75903
	"2020"	"2020"	"Rhode Island"	"44"	"60-64 years "	"60-64"	73266
	"2020"	"2020"	"Rhode Island"	"44"	"65-69 years"	"65-69"	61188
	"2020"	"2020"	"Rhode Island"	"44"	"70-74 years"	"70-74"	49144
	"2020"	"2020"	"Rhode Island"	"44"	"75-79 years"	"75-79"	33392
	"2020"	"2020"	"Rhode Island"	"44"	"80-84 years"	"80-84"	21796
	"2020"	"2020"	"Rhode Island"	"44"	"85+ years"	"85+"	26957
"Total"	"2020"	"2020"	"Rhode Island"	"44"			1057125
	"2020"	"2020"	"South Carolina"	"45"	"< 1 year"	"1"	56371
	"2020"	"2020"	"South Carolina"	"45"	"1-4 years"	"1-4"	234925
	"2020"	"2020"	"South Carolina"	"45"	"5-9 years"	"5-9"	308821
	"2020"	"2020"	"South Carolina"	"45"	"10-14 years"	"10-14"	327318
	"2020"	"2020"	"South Carolina"	"45"	"15-19 years"	"15-19"	325272
	"2020"	"2020"	"South Carolina"	"45"	"20-24 years"	"20-24"	333970
	"2020"	"2020"	"South Carolina"	"45"	"25-29 years"	"25-29"	347980
	"2020"	"2020"	"South Carolina"	"45"	"30-34 years"	"30-34"	341665
	"2020"	"2020"	"South Carolina"	"45"	"35-39 years"	"35-39"	323078
	"2020"	"2020"	"South Carolina"	"45"	"40-44 years"	"40-44"	307260
	"2020"	"2020"	"South Carolina"	"45"	"45-49 years"	"45-49"	313764
	"2020"	"2020"	"South Carolina"	"45"	"50-54 years"	"50-54"	324378
	"2020"	"2020"	"South Carolina"	"45"	"55-59 years"	"55-59"	351090
	"2020"	"2020"	"South Carolina"	"45"	"60-64 years "	"60-64"	345773
	"2020"	"2020"	"South Carolina"	"45"	"65-69 years"	"65-69"	318083
	"2020"	"2020"	"South Carolina"	"45"	"70-74 years"	"70-74"	274965
	"2020"	"2020"	"South Carolina"	"45"	"75-79 years"	"75-79"	182164
	"2020"	"2020"	"South Carolina"	"45"	"80-84 years"	"80-84"	106869
	"2020"	"2020"	"South Carolina"	"45"	"85+ years"	"85+"	94294
"Total"	"2020"	"2020"	"South Carolina"	"45"			5218040
	"2020"	"2020"	"South Dakota"	"46"	"< 1 year"	"1"	11810
	"2020"	"2020"	"South Dakota"	"46"	"1-4 years"	"1-4"	48654
	"2020"	"2020"	"South Dakota"	"46"	"5-9 years"	"5-9"	61387
	"2020"	"2020"	"South Dakota"	"46"	"10-14 years"	"10-14"	61285
	"2020"	"2020"	"South Dakota"	"46"	"15-19 years"	"15-19"	58826
	"2020"	"2020"	"South Dakota"	"46"	"20-24 years"	"20-24"	59560
	"2020"	"2020"	"South Dakota"	"46"	"25-29 years"	"25-29"	57884
	"2020"	"2020"	"South Dakota"	"46"	"30-34 years"	"30-34"	57225
	"2020"	"2020"	"South Dakota"	"46"	"35-39 years"	"35-39"	57060
	"2020"	"2020"	"South Dakota"	"46"	"40-44 years"	"40-44"	51248
	"2020"	"2020"	"South Dakota"	"46"	"45-49 years"	"45-49"	46133
	"2020"	"2020"	"South Dakota"	"46"	"50-54 years"	"50-54"	47567
	"2020"	"2020"	"South Dakota"	"46"	"55-59 years"	"55-59"	57078
	"2020"	"2020"	"South Dakota"	"46"	"60-64 years "	"60-64"	59823
	"2020"	"2020"	"South Dakota"	"46"	"65-69 years"	"65-69"	54035
	"2020"	"2020"	"South Dakota"	"46"	"70-74 years"	"70-74"	40006
	"2020"	"2020"	"South Dakota"	"46"	"75-79 years"	"75-79"	25136
	"2020"	"2020"	"South Dakota"	"46"	"80-84 years"	"80-84"	17144
	"2020"	"2020"	"South Dakota"	"46"	"85+ years"	"85+"	20856
"Total"	"2020"	"2020"	"South Dakota"	"46"			892717
	"2020"	"2020"	"Tennessee"	"47"	"< 1 year"	"1"	79891
	"2020"	"2020"	"Tennessee"	"47"	"1-4 years"	"1-4"	327507
	"2020"	"2020"	"Tennessee"	"47"	"5-9 years"	"5-9"	416196
	"2020"	"2020"	"Tennessee"	"47"	"10-14 years"	"10-14"	431394
	"2020"	"2020"	"Tennessee"	"47"	"15-19 years"	"15-19"	422864
	"2020"	"2020"	"Tennessee"	"47"	"20-24 years"	"20-24"	447159
	"2020"	"2020"	"Tennessee"	"47"	"25-29 years"	"25-29"	495123
	"2020"	"2020"	"Tennessee"	"47"	"30-34 years"	"30-34"	466816
	"2020"	"2020"	"Tennessee"	"47"	"35-39 years"	"35-39"	435747
	"2020"	"2020"	"Tennessee"	"47"	"40-44 years"	"40-44"	419215
	"2020"	"2020"	"Tennessee"	"47"	"45-49 years"	"45-49"	429098
	"2020"	"2020"	"Tennessee"	"47"	"50-54 years"	"50-54"	434689
	"2020"	"2020"	"Tennessee"	"47"	"55-59 years"	"55-59"	459688
	"2020"	"2020"	"Tennessee"	"47"	"60-64 years "	"60-64"	440904
	"2020"	"2020"	"Tennessee"	"47"	"65-69 years"	"65-69"	383966
	"2020"	"2020"	"Tennessee"	"47"	"70-74 years"	"70-74"	320904
	"2020"	"2020"	"Tennessee"	"47"	"75-79 years"	"75-79"	216659
	"2020"	"2020"	"Tennessee"	"47"	"80-84 years"	"80-84"	135093
	"2020"	"2020"	"Tennessee"	"47"	"85+ years"	"85+"	123921
"Total"	"2020"	"2020"	"Tennessee"	"47"			6886834
	"2020"	"2020"	"Texas"	"48"	"< 1 year"	"1"	377019
	"2020"	"2020"	"Texas"	"48"	"1-4 years"	"1-4"	1591888
	"2020"	"2020"	"Texas"	"48"	"5-9 years"	"5-9"	2086674
	"2020"	"2020"	"Texas"	"48"	"10-14 years"	"10-14"	2119719
	"2020"	"2020"	"Texas"	"48"	"15-19 years"	"15-19"	2067665
	"2020"	"2020"	"Texas"	"48"	"20-24 years"	"20-24"	2030723
	"2020"	"2020"	"Texas"	"48"	"25-29 years"	"25-29"	2173086
	"2020"	"2020"	"Texas"	"48"	"30-34 years"	"30-34"	2145484
	"2020"	"2020"	"Texas"	"48"	"35-39 years"	"35-39"	2091557
	"2020"	"2020"	"Texas"	"48"	"40-44 years"	"40-44"	1927702
	"2020"	"2020"	"Texas"	"48"	"45-49 years"	"45-49"	1850386
	"2020"	"2020"	"Texas"	"48"	"50-54 years"	"50-54"	1726449
	"2020"	"2020"	"Texas"	"48"	"55-59 years"	"55-59"	1713628
	"2020"	"2020"	"Texas"	"48"	"60-64 years "	"60-64"	1585096
	"2020"	"2020"	"Texas"	"48"	"65-69 years"	"65-69"	1305244
	"2020"	"2020"	"Texas"	"48"	"70-74 years"	"70-74"	1034668
	"2020"	"2020"	"Texas"	"48"	"75-79 years"	"75-79"	687927
	"2020"	"2020"	"Texas"	"48"	"80-84 years"	"80-84"	431914
	"2020"	"2020"	"Texas"	"48"	"85+ years"	"85+"	413930
"Total"	"2020"	"2020"	"Texas"	"48"			29360759
	"2020"	"2020"	"Utah"	"49"	"< 1 year"	"1"	47431
	"2020"	"2020"	"Utah"	"49"	"1-4 years"	"1-4"	194302
	"2020"	"2020"	"Utah"	"49"	"5-9 years"	"5-9"	258247
	"2020"	"2020"	"Utah"	"49"	"10-14 years"	"10-14"	269625
	"2020"	"2020"	"Utah"	"49"	"15-19 years"	"15-19"	257119
	"2020"	"2020"	"Utah"	"49"	"20-24 years"	"20-24"	269900
	"2020"	"2020"	"Utah"	"49"	"25-29 years"	"25-29"	254772
	"2020"	"2020"	"Utah"	"49"	"30-34 years"	"30-34"	224804
	"2020"	"2020"	"Utah"	"49"	"35-39 years"	"35-39"	228952
	"2020"	"2020"	"Utah"	"49"	"40-44 years"	"40-44"	221657
	"2020"	"2020"	"Utah"	"49"	"45-49 years"	"45-49"	181260
	"2020"	"2020"	"Utah"	"49"	"50-54 years"	"50-54"	156123
	"2020"	"2020"	"Utah"	"49"	"55-59 years"	"55-59"	153879
	"2020"	"2020"	"Utah"	"49"	"60-64 years "	"60-64"	150215
	"2020"	"2020"	"Utah"	"49"	"65-69 years"	"65-69"	129086
	"2020"	"2020"	"Utah"	"49"	"70-74 years"	"70-74"	100966
	"2020"	"2020"	"Utah"	"49"	"75-79 years"	"75-79"	68599
	"2020"	"2020"	"Utah"	"49"	"80-84 years"	"80-84"	43419
	"2020"	"2020"	"Utah"	"49"	"85+ years"	"85+"	39523
"Total"	"2020"	"2020"	"Utah"	"49"			3249879
	"2020"	"2020"	"Vermont"	"50"	"< 1 year"	"1"	5330
	"2020"	"2020"	"Vermont"	"50"	"1-4 years"	"1-4"	22928
	"2020"	"2020"	"Vermont"	"50"	"5-9 years"	"5-9"	31177
	"2020"	"2020"	"Vermont"	"50"	"10-14 years"	"10-14"	32888
	"2020"	"2020"	"Vermont"	"50"	"15-19 years"	"15-19"	40826
	"2020"	"2020"	"Vermont"	"50"	"20-24 years"	"20-24"	44561
	"2020"	"2020"	"Vermont"	"50"	"25-29 years"	"25-29"	38311
	"2020"	"2020"	"Vermont"	"50"	"30-34 years"	"30-34"	36979
	"2020"	"2020"	"Vermont"	"50"	"35-39 years"	"35-39"	37172
	"2020"	"2020"	"Vermont"	"50"	"40-44 years"	"40-44"	35086
	"2020"	"2020"	"Vermont"	"50"	"45-49 years"	"45-49"	35843
	"2020"	"2020"	"Vermont"	"50"	"50-54 years"	"50-54"	39961
	"2020"	"2020"	"Vermont"	"50"	"55-59 years"	"55-59"	46112
	"2020"	"2020"	"Vermont"	"50"	"60-64 years "	"60-64"	47579
	"2020"	"2020"	"Vermont"	"50"	"65-69 years"	"65-69"	42881
	"2020"	"2020"	"Vermont"	"50"	"70-74 years"	"70-74"	34732
	"2020"	"2020"	"Vermont"	"50"	"75-79 years"	"75-79"	22903
	"2020"	"2020"	"Vermont"	"50"	"80-84 years"	"80-84"	13721
	"2020"	"2020"	"Vermont"	"50"	"85+ years"	"85+"	14357
"Total"	"2020"	"2020"	"Vermont"	"50"			623347
	"2020"	"2020"	"Virginia"	"51"	"< 1 year"	"1"	97752
	"2020"	"2020"	"Virginia"	"51"	"1-4 years"	"1-4"	405713
	"2020"	"2020"	"Virginia"	"51"	"5-9 years"	"5-9"	518139
	"2020"	"2020"	"Virginia"	"51"	"10-14 years"	"10-14"	527084
	"2020"	"2020"	"Virginia"	"51"	"15-19 years"	"15-19"	542556
	"2020"	"2020"	"Virginia"	"51"	"20-24 years"	"20-24"	574562
	"2020"	"2020"	"Virginia"	"51"	"25-29 years"	"25-29"	600352
	"2020"	"2020"	"Virginia"	"51"	"30-34 years"	"30-34"	595125
	"2020"	"2020"	"Virginia"	"51"	"35-39 years"	"35-39"	584382
	"2020"	"2020"	"Virginia"	"51"	"40-44 years"	"40-44"	542709
	"2020"	"2020"	"Virginia"	"51"	"45-49 years"	"45-49"	535696
	"2020"	"2020"	"Virginia"	"51"	"50-54 years"	"50-54"	548618
	"2020"	"2020"	"Virginia"	"51"	"55-59 years"	"55-59"	579969
	"2020"	"2020"	"Virginia"	"51"	"60-64 years "	"60-64"	536862
	"2020"	"2020"	"Virginia"	"51"	"65-69 years"	"65-69"	451144
	"2020"	"2020"	"Virginia"	"51"	"70-74 years"	"70-74"	376422
	"2020"	"2020"	"Virginia"	"51"	"75-79 years"	"75-79"	256621
	"2020"	"2020"	"Virginia"	"51"	"80-84 years"	"80-84"	160221
	"2020"	"2020"	"Virginia"	"51"	"85+ years"	"85+"	156636
"Total"	"2020"	"2020"	"Virginia"	"51"			8590563
	"2020"	"2020"	"Washington"	"53"	"< 1 year"	"1"	86481
	"2020"	"2020"	"Washington"	"53"	"1-4 years"	"1-4"	363482
	"2020"	"2020"	"Washington"	"53"	"5-9 years"	"5-9"	471749
	"2020"	"2020"	"Washington"	"53"	"10-14 years"	"10-14"	470688
	"2020"	"2020"	"Washington"	"53"	"15-19 years"	"15-19"	447495
	"2020"	"2020"	"Washington"	"53"	"20-24 years"	"20-24"	483806
	"2020"	"2020"	"Washington"	"53"	"25-29 years"	"25-29"	589762
	"2020"	"2020"	"Washington"	"53"	"30-34 years"	"30-34"	599790
	"2020"	"2020"	"Washington"	"53"	"35-39 years"	"35-39"	562639
	"2020"	"2020"	"Washington"	"53"	"40-44 years"	"40-44"	494461
	"2020"	"2020"	"Washington"	"53"	"45-49 years"	"45-49"	459817
	"2020"	"2020"	"Washington"	"53"	"50-54 years"	"50-54"	461427
	"2020"	"2020"	"Washington"	"53"	"55-59 years"	"55-59"	480318
	"2020"	"2020"	"Washington"	"53"	"60-64 years "	"60-64"	473823
	"2020"	"2020"	"Washington"	"53"	"65-69 years"	"65-69"	419962
	"2020"	"2020"	"Washington"	"53"	"70-74 years"	"70-74"	338543
	"2020"	"2020"	"Washington"	"53"	"75-79 years"	"75-79"	221034
	"2020"	"2020"	"Washington"	"53"	"80-84 years"	"80-84"	132954
	"2020"	"2020"	"Washington"	"53"	"85+ years"	"85+"	135381
"Total"	"2020"	"2020"	"Washington"	"53"			7693612
	"2020"	"2020"	"West Virginia"	"54"	"< 1 year"	"1"	17447
	"2020"	"2020"	"West Virginia"	"54"	"1-4 years"	"1-4"	73705
	"2020"	"2020"	"West Virginia"	"54"	"5-9 years"	"5-9"	99916
	"2020"	"2020"	"West Virginia"	"54"	"10-14 years"	"10-14"	102462
	"2020"	"2020"	"West Virginia"	"54"	"15-19 years"	"15-19"	105098
	"2020"	"2020"	"West Virginia"	"54"	"20-24 years"	"20-24"	110872
	"2020"	"2020"	"West Virginia"	"54"	"25-29 years"	"25-29"	110042
	"2020"	"2020"	"West Virginia"	"54"	"30-34 years"	"30-34"	104679
	"2020"	"2020"	"West Virginia"	"54"	"35-39 years"	"35-39"	103226
	"2020"	"2020"	"West Virginia"	"54"	"40-44 years"	"40-44"	108263
	"2020"	"2020"	"West Virginia"	"54"	"45-49 years"	"45-49"	111427
	"2020"	"2020"	"West Virginia"	"54"	"50-54 years"	"50-54"	113789
	"2020"	"2020"	"West Virginia"	"54"	"55-59 years"	"55-59"	122345
	"2020"	"2020"	"West Virginia"	"54"	"60-64 years "	"60-64"	127947
	"2020"	"2020"	"West Virginia"	"54"	"65-69 years"	"65-69"	119480
	"2020"	"2020"	"West Virginia"	"54"	"70-74 years"	"70-74"	102696
	"2020"	"2020"	"West Virginia"	"54"	"75-79 years"	"75-79"	67009
	"2020"	"2020"	"West Virginia"	"54"	"80-84 years"	"80-84"	44074
	"2020"	"2020"	"West Virginia"	"54"	"85+ years"	"85+"	40310
"Total"	"2020"	"2020"	"West Virginia"	"54"			1784787
	"2020"	"2020"	"Wisconsin"	"55"	"< 1 year"	"1"	62759
	"2020"	"2020"	"Wisconsin"	"55"	"1-4 years"	"1-4"	263520
	"2020"	"2020"	"Wisconsin"	"55"	"5-9 years"	"5-9"	344504
	"2020"	"2020"	"Wisconsin"	"55"	"10-14 years"	"10-14"	365405
	"2020"	"2020"	"Wisconsin"	"55"	"15-19 years"	"15-19"	375588
	"2020"	"2020"	"Wisconsin"	"55"	"20-24 years"	"20-24"	391233
	"2020"	"2020"	"Wisconsin"	"55"	"25-29 years"	"25-29"	379942
	"2020"	"2020"	"Wisconsin"	"55"	"30-34 years"	"30-34"	361035
	"2020"	"2020"	"Wisconsin"	"55"	"35-39 years"	"35-39"	373429
	"2020"	"2020"	"Wisconsin"	"55"	"40-44 years"	"40-44"	348592
	"2020"	"2020"	"Wisconsin"	"55"	"45-49 years"	"45-49"	334405
	"2020"	"2020"	"Wisconsin"	"55"	"50-54 years"	"50-54"	364455
	"2020"	"2020"	"Wisconsin"	"55"	"55-59 years"	"55-59"	414047
	"2020"	"2020"	"Wisconsin"	"55"	"60-64 years "	"60-64"	405806
	"2020"	"2020"	"Wisconsin"	"55"	"65-69 years"	"65-69"	348757
	"2020"	"2020"	"Wisconsin"	"55"	"70-74 years"	"70-74"	271667
	"2020"	"2020"	"Wisconsin"	"55"	"75-79 years"	"75-79"	181013
	"2020"	"2020"	"Wisconsin"	"55"	"80-84 years"	"80-84"	119829
	"2020"	"2020"	"Wisconsin"	"55"	"85+ years"	"85+"	126669
"Total"	"2020"	"2020"	"Wisconsin"	"55"			5832655
	"2020"	"2020"	"Wyoming"	"56"	"< 1 year"	"1"	6323
	"2020"	"2020"	"Wyoming"	"56"	"1-4 years"	"1-4"	27462
	"2020"	"2020"	"Wyoming"	"56"	"5-9 years"	"5-9"	36987
	"2020"	"2020"	"Wyoming"	"56"	"10-14 years"	"10-14"	39600
	"2020"	"2020"	"Wyoming"	"56"	"15-19 years"	"15-19"	37004
	"2020"	"2020"	"Wyoming"	"56"	"20-24 years"	"20-24"	38293
	"2020"	"2020"	"Wyoming"	"56"	"25-29 years"	"25-29"	37451
	"2020"	"2020"	"Wyoming"	"56"	"30-34 years"	"30-34"	38655
	"2020"	"2020"	"Wyoming"	"56"	"35-39 years"	"35-39"	39547
	"2020"	"2020"	"Wyoming"	"56"	"40-44 years"	"40-44"	35979
	"2020"	"2020"	"Wyoming"	"56"	"45-49 years"	"45-49"	32353
	"2020"	"2020"	"Wyoming"	"56"	"50-54 years"	"50-54"	31584
	"2020"	"2020"	"Wyoming"	"56"	"55-59 years"	"55-59"	36743
	"2020"	"2020"	"Wyoming"	"56"	"60-64 years "	"60-64"	40571
	"2020"	"2020"	"Wyoming"	"56"	"65-69 years"	"65-69"	36081
	"2020"	"2020"	"Wyoming"	"56"	"70-74 years"	"70-74"	27733
	"2020"	"2020"	"Wyoming"	"56"	"75-79 years"	"75-79"	17823
	"2020"	"2020"	"Wyoming"	"56"	"80-84 years"	"80-84"	11125
	"2020"	"2020"	"Wyoming"	"56"	"85+ years"	"85+"	11014
"Total"	"2020"	"2020"	"Wyoming"	"56"			582328
"Total"	"2020"	"2020"					329484123
"Total"							3522819714
"---"
"Dataset: Single-Race Population Estimates 2010-2020 by State and Single-Year Age"
"Query Parameters:"
"Group By: Yearly July 1st Estimates; States; Five-Year Age Groups"
"Show Totals: True"
"Show Zero Values: True"
"---"
"Help: See http://wonder.cdc.gov/wonder/help/single-race.html for more information."
"---"
"Query Date: May 9, 2026 3:45:44 PM"
"---"
"Suggested Citation: Single-race Population Estimates, United States, 2010-2020. July 1st resident population by state, age, sex,"
"single-race, and Hispanic origin, on CDC WONDER Online Database. Vintage 2020 estimates released by U.S. Census Bureau on July"
"27, 2021. Accessed at http://wonder.cdc.gov/single-race-single-year-v2020.html on May 9, 2026 3:45:44 PM"
"---"
Footnotes:
"1. Estimates for 2010-2020 are single-race Vintage 2020 postcensal estimates of the July 1 resident population. These estimates"
"were prepared and released by the U.S. Census Bureau on July 27, 2021."
"---"
Caveats: